timestamp,l_shoulder,r_shoulder,l_elbow,r_elbow
1747092047.5844448,"-87.0,0.0,0.0","-83.0,0.0,0.0","-2.0,0.0,0.0","-3.0,0.0,0.0"
1747092047.6349251,"-87.0,0.0,0.0","-83.0,0.0,0.0","-2.0,0.0,0.0","-3.0,0.0,0.0"
1747092047.6849887,"-87.0,0.0,0.0","-83.0,0.0,0.0","-2.0,0.0,0.0","-3.0,0.0,0.0"
1747092047.7350867,"-87.0,0.0,0.0","-83.0,0.0,0.0","-2.0,0.0,0.0","-3.0,0.0,0.0"
1747092047.78509,"-87.0,0.0,0.0","-83.0,0.0,0.0","-2.0,0.0,0.0","-3.0,0.0,0.0"
1747092047.8353646,"-87.0,0.0,0.0","-83.0,0.0,0.0","-2.0,0.0,0.0","-3.0,0.0,0.0"
1747092047.8860083,"-87.0,0.0,0.0","-83.0,0.0,0.0","-2.0,0.0,0.0","-3.0,0.0,0.0"
1747092047.9360306,"-87.0,0.0,0.0","-83.0,0.0,0.0","-2.0,0.0,0.0","-3.0,0.0,0.0"
1747092047.9870002,"-87.0,0.0,0.0","-83.0,0.0,0.0","-2.0,0.0,0.0","-3.0,0.0,0.0"
1747092048.0375268,"-87.0,0.0,0.0","-83.0,0.0,0.0","-2.0,0.0,0.0","-3.0,0.0,0.0"
1747092048.0878778,"-87.0,0.0,0.0","-83.0,0.0,0.0","-2.0,0.0,0.0","-3.0,0.0,0.0"
1747092048.1386647,"-87.0,0.0,0.0","-83.0,0.0,0.0","-2.0,0.0,0.0","-3.0,0.0,0.0"
1747092048.1893086,"-87.0,0.0,0.0","-83.0,0.0,0.0","-2.0,0.0,0.0","-3.0,0.0,0.0"
1747092048.239915,"-87.0,0.0,0.0","-83.0,0.0,0.0","-2.0,0.0,0.0","-3.0,0.0,0.0"
1747092048.289924,"-87.0,0.0,0.0","-83.0,0.0,0.0","-2.0,0.0,0.0","-3.0,0.0,0.0"
1747092048.339954,"-87.0,0.0,0.0","-83.0,0.0,0.0","-1.0,0.0,0.0","-3.0,0.0,0.0"
1747092048.3899539,"-88.0,0.0,0.0","-83.0,0.0,0.0","-1.0,0.0,0.0","-3.0,0.0,0.0"
1747092048.440479,"-88.0,0.0,0.0","-83.0,0.0,0.0","-1.0,0.0,0.0","-3.0,0.0,0.0"
1747092048.4904807,"-88.0,0.0,0.0","-83.0,0.0,0.0","-1.0,0.0,0.0","-3.0,0.0,0.0"
1747092048.5410078,"-88.0,0.0,0.0","-83.0,0.0,0.0","-1.0,0.0,0.0","-3.0,0.0,0.0"
1747092048.5910175,"-88.0,0.0,0.0","-83.0,0.0,0.0","-1.0,0.0,0.0","-3.0,0.0,0.0"
1747092048.641093,"-88.0,0.0,0.0","-83.0,0.0,0.0","-1.0,0.0,0.0","-3.0,0.0,0.0"
1747092048.6921034,"-88.0,0.0,0.0","-83.0,0.0,0.0","-1.0,0.0,0.0","-3.0,0.0,0.0"
1747092048.742637,"-88.0,0.0,0.0","-83.0,0.0,0.0","-1.0,0.0,0.0","-3.0,0.0,0.0"
1747092048.7926404,"-88.0,0.0,0.0","-83.0,0.0,0.0","-1.0,0.0,0.0","-3.0,0.0,0.0"
1747092048.8432891,"-88.0,0.0,0.0","-83.0,0.0,0.0","-1.0,0.0,0.0","-3.0,0.0,0.0"
1747092048.893301,"-88.0,0.0,0.0","-83.0,0.0,0.0","-1.0,0.0,0.0","-3.0,0.0,0.0"
1747092048.9433427,"-88.0,0.0,0.0","-83.0,0.0,0.0","-1.0,0.0,0.0","-3.0,0.0,0.0"
1747092048.9933596,"-88.0,0.0,0.0","-83.0,0.0,0.0","-1.0,0.0,0.0","-3.0,0.0,0.0"
1747092049.0438743,"-88.0,0.0,0.0","-83.0,0.0,0.0","-1.0,0.0,0.0","-3.0,0.0,0.0"
1747092049.0938773,"-88.0,0.0,0.0","-83.0,0.0,0.0","-1.0,0.0,0.0","-3.0,0.0,0.0"
1747092049.1443946,"-88.0,0.0,0.0","-83.0,0.0,0.0","-1.0,0.0,0.0","-3.0,0.0,0.0"
1747092049.1944087,"-88.0,0.0,0.0","-83.0,0.0,0.0","-1.0,0.0,0.0","-3.0,0.0,0.0"
1747092049.2449317,"-88.0,0.0,0.0","-83.0,0.0,0.0","-1.0,0.0,0.0","-3.0,0.0,0.0"
1747092049.2949412,"-88.0,0.0,0.0","-83.0,0.0,0.0","-1.0,0.0,0.0","-3.0,0.0,0.0"
1747092049.3455107,"-88.0,0.0,0.0","-83.0,0.0,0.0","-1.0,0.0,0.0","-3.0,0.0,0.0"
1747092049.3955176,"-88.0,0.0,0.0","-83.0,0.0,0.0","-1.0,0.0,0.0","-3.0,0.0,0.0"
1747092049.4460392,"-88.0,0.0,0.0","-83.0,0.0,0.0","-1.0,0.0,0.0","-3.0,0.0,0.0"
1747092049.4960537,"-88.0,0.0,0.0","-83.0,0.0,0.0","-1.0,0.0,0.0","-3.0,0.0,0.0"
1747092049.5465739,"-88.0,0.0,0.0","-83.0,0.0,0.0","-1.0,0.0,0.0","-3.0,0.0,0.0"
1747092049.59658,"-88.0,0.0,0.0","-83.0,0.0,0.0","-1.0,0.0,0.0","-3.0,0.0,0.0"
1747092049.646644,"-88.0,0.0,0.0","-83.0,0.0,0.0","-1.0,0.0,0.0","-3.0,0.0,0.0"
1747092049.6966476,"-88.0,0.0,0.0","-83.0,0.0,0.0","-1.0,0.0,0.0","-3.0,0.0,0.0"
1747092049.7471771,"-88.0,0.0,0.0","-83.0,0.0,0.0","-1.0,0.0,0.0","-3.0,0.0,0.0"
1747092049.7977068,"-87.0,0.0,0.0","-83.0,0.0,0.0","-1.0,0.0,0.0","-3.0,0.0,0.0"
1747092049.8482234,"-87.0,0.0,0.0","-83.0,0.0,0.0","-1.0,0.0,0.0","-3.0,0.0,0.0"
1747092049.898238,"-87.0,0.0,0.0","-83.0,0.0,0.0","-1.0,0.0,0.0","-3.0,0.0,0.0"
1747092049.9487548,"-87.0,0.0,0.0","-83.0,0.0,0.0","-1.0,0.0,0.0","-3.0,0.0,0.0"
1747092049.9987597,"-87.0,0.0,0.0","-83.0,0.0,0.0","-1.0,0.0,0.0","-3.0,0.0,0.0"
1747092050.0492823,"-87.0,0.0,0.0","-83.0,0.0,0.0","-1.0,0.0,0.0","-3.0,0.0,0.0"
1747092050.0998008,"-87.0,0.0,0.0","-83.0,0.0,0.0","-1.0,0.0,0.0","-3.0,0.0,0.0"
1747092050.1505823,"-87.0,0.0,0.0","-83.0,0.0,0.0","-1.0,0.0,0.0","-3.0,0.0,0.0"
1747092050.2008536,"-87.0,0.0,0.0","-83.0,0.0,0.0","-1.0,0.0,0.0","-3.0,0.0,0.0"
1747092050.2512968,"-87.0,0.0,0.0","-83.0,0.0,0.0","-1.0,0.0,0.0","-3.0,0.0,0.0"
1747092050.3013208,"-87.0,0.0,0.0","-83.0,0.0,0.0","-1.0,0.0,0.0","-3.0,0.0,0.0"
1747092050.352187,"-87.0,0.0,0.0","-83.0,0.0,0.0","-1.0,0.0,0.0","-3.0,0.0,0.0"
1747092050.4025283,"-87.0,0.0,0.0","-83.0,0.0,0.0","-1.0,0.0,0.0","-3.0,0.0,0.0"
1747092050.4531431,"-87.0,0.0,0.0","-83.0,0.0,0.0","-1.0,0.0,0.0","-3.0,0.0,0.0"
1747092050.5037415,"-87.0,0.0,0.0","-83.0,0.0,0.0","-1.0,0.0,0.0","-3.0,0.0,0.0"
1747092050.5546596,"-87.0,0.0,0.0","-83.0,0.0,0.0","-1.0,0.0,0.0","-3.0,0.0,0.0"
1747092050.6046646,"-87.0,0.0,0.0","-83.0,0.0,0.0","-1.0,0.0,0.0","-3.0,0.0,0.0"
1747092050.654784,"-87.0,0.0,0.0","-83.0,0.0,0.0","-1.0,0.0,0.0","-3.0,0.0,0.0"
1747092050.7047942,"-87.0,0.0,0.0","-83.0,0.0,0.0","-1.0,0.0,0.0","-3.0,0.0,0.0"
1747092050.7549293,"-87.0,0.0,0.0","-83.0,0.0,0.0","-1.0,0.0,0.0","-3.0,0.0,0.0"
1747092050.8050826,"-87.0,0.0,0.0","-83.0,0.0,0.0","-1.0,0.0,0.0","-3.0,0.0,0.0"
1747092050.8556166,"-87.0,0.0,0.0","-83.0,0.0,0.0","-1.0,0.0,0.0","-3.0,0.0,0.0"
1747092050.9056268,"-87.0,0.0,0.0","-83.0,0.0,0.0","-1.0,0.0,0.0","-3.0,0.0,0.0"
1747092050.9561455,"-87.0,0.0,0.0","-83.0,0.0,0.0","-1.0,0.0,0.0","-3.0,0.0,0.0"
1747092051.006158,"-88.0,0.0,0.0","-83.0,0.0,0.0","-1.0,0.0,0.0","-3.0,0.0,0.0"
1747092051.0566728,"-88.0,0.0,0.0","-82.0,0.0,0.0","-1.0,0.0,0.0","-4.0,0.0,0.0"
1747092051.1066833,"-88.0,0.0,0.0","-82.0,0.0,0.0","-1.0,0.0,0.0","-3.0,0.0,0.0"
1747092051.1572075,"-88.0,0.0,0.0","-82.0,0.0,0.0","-1.0,0.0,0.0","-3.0,0.0,0.0"
1747092051.20722,"-88.0,0.0,0.0","-83.0,0.0,0.0","-1.0,0.0,0.0","-3.0,0.0,0.0"
1747092051.2578337,"-88.0,0.0,0.0","-83.0,0.0,0.0","-1.0,0.0,0.0","-3.0,0.0,0.0"
1747092051.3085504,"-88.0,0.0,0.0","-83.0,0.0,0.0","-1.0,0.0,0.0","-3.0,0.0,0.0"
1747092051.3595078,"-88.0,0.0,0.0","-83.0,0.0,0.0","-1.0,0.0,0.0","-3.0,0.0,0.0"
1747092051.4099877,"-88.0,0.0,0.0","-83.0,0.0,0.0","-1.0,0.0,0.0","-3.0,0.0,0.0"
1747092051.4608235,"-88.0,0.0,0.0","-83.0,0.0,0.0","-1.0,0.0,0.0","-3.0,0.0,0.0"
1747092051.5112598,"-88.0,0.0,0.0","-83.0,0.0,0.0","-1.0,0.0,0.0","-3.0,0.0,0.0"
1747092051.5617616,"-88.0,0.0,0.0","-83.0,0.0,0.0","-1.0,0.0,0.0","-3.0,0.0,0.0"
1747092051.6122968,"-88.0,0.0,0.0","-83.0,0.0,0.0","-1.0,0.0,0.0","-3.0,0.0,0.0"
1747092051.6622982,"-89.0,0.0,0.0","-83.0,0.0,0.0","-1.0,0.0,0.0","-3.0,0.0,0.0"
1747092051.7128239,"-87.0,0.0,0.0","-82.0,0.0,0.0","-1.0,0.0,0.0","-7.0,0.0,0.0"
1747092051.763821,"-87.0,0.0,0.0","-83.0,0.0,0.0","0.0,0.0,0.0","-7.0,0.0,0.0"
1747092051.8147514,"-87.0,0.0,0.0","-82.0,0.0,0.0","-1.0,0.0,0.0","-7.0,0.0,0.0"
1747092051.8647535,"-86.0,0.0,0.0","-82.0,0.0,0.0","-2.0,0.0,0.0","-7.0,0.0,0.0"
1747092051.9148,"-86.0,0.0,0.0","-83.0,0.0,0.0","-3.0,0.0,0.0","-7.0,0.0,0.0"
1747092051.9657993,"-86.0,0.0,0.0","-82.0,0.0,0.0","-3.0,0.0,0.0","-8.0,0.0,0.0"
1747092052.0163236,"-86.0,0.0,0.0","-83.0,0.0,0.0","-3.0,0.0,0.0","-7.0,0.0,0.0"
1747092052.0663245,"-86.0,0.0,0.0","-83.0,0.0,0.0","-3.0,0.0,0.0","-6.0,0.0,0.0"
1747092052.1168585,"-86.0,0.0,0.0","-83.0,0.0,0.0","-2.0,0.0,0.0","-7.0,0.0,0.0"
1747092052.166954,"-86.0,0.0,0.0","-83.0,0.0,0.0","-2.0,0.0,0.0","-7.0,0.0,0.0"
1747092052.2184896,"-86.0,0.0,0.0","-83.0,0.0,0.0","-2.0,0.0,0.0","-7.0,0.0,0.0"
1747092052.2694848,"-86.0,0.0,0.0","-82.0,0.0,0.0","-2.0,0.0,0.0","-7.0,0.0,0.0"
1747092052.319531,"-86.0,0.0,0.0","-82.0,0.0,0.0","-2.0,0.0,0.0","-7.0,0.0,0.0"
1747092052.3695314,"-86.0,0.0,0.0","-82.0,0.0,0.0","-3.0,0.0,0.0","-7.0,0.0,0.0"
1747092052.4198012,"-87.0,0.0,0.0","-82.0,0.0,0.0","-2.0,0.0,0.0","-8.0,0.0,0.0"
1747092052.4707968,"-87.0,0.0,0.0","-81.0,0.0,0.0","-1.0,0.0,0.0","-8.0,0.0,0.0"
1747092052.5213225,"-87.0,0.0,0.0","-81.0,0.0,0.0","-2.0,0.0,0.0","-8.0,0.0,0.0"
1747092052.5713432,"-87.0,0.0,0.0","-82.0,0.0,0.0","-1.0,0.0,0.0","-7.0,0.0,0.0"
1747092052.628025,"-87.0,0.0,0.0","-82.0,0.0,0.0","-1.0,0.0,0.0","-7.0,0.0,0.0"
1747092052.6782713,"-87.0,0.0,0.0","-82.0,0.0,0.0","-1.0,0.0,0.0","-7.0,0.0,0.0"
1747092052.7288058,"-87.0,0.0,0.0","-82.0,0.0,0.0","-1.0,0.0,0.0","-7.0,0.0,0.0"
1747092052.7795117,"-87.0,0.0,0.0","-82.0,0.0,0.0","-1.0,0.0,0.0","-7.0,0.0,0.0"
1747092052.8295457,"-87.0,0.0,0.0","-82.0,0.0,0.0","-1.0,0.0,0.0","-7.0,0.0,0.0"
1747092052.8804588,"-87.0,0.0,0.0","-82.0,0.0,0.0","-1.0,0.0,0.0","-7.0,0.0,0.0"
1747092052.9309807,"-87.0,0.0,0.0","-82.0,0.0,0.0","-1.0,0.0,0.0","-7.0,0.0,0.0"
1747092052.9815397,"-87.0,0.0,0.0","-82.0,0.0,0.0","-1.0,0.0,0.0","-7.0,0.0,0.0"
1747092053.032354,"-87.0,0.0,0.0","-82.0,0.0,0.0","-1.0,0.0,0.0","-7.0,0.0,0.0"
1747092053.0829108,"-87.0,0.0,0.0","-82.0,0.0,0.0","-1.0,0.0,0.0","-7.0,0.0,0.0"
1747092053.1336308,"-87.0,0.0,0.0","-82.0,0.0,0.0","-1.0,0.0,0.0","-7.0,0.0,0.0"
1747092053.1845717,"-87.0,0.0,0.0","-82.0,0.0,0.0","-1.0,0.0,0.0","-7.0,0.0,0.0"
1747092053.234698,"-87.0,0.0,0.0","-82.0,0.0,0.0","-1.0,0.0,0.0","-7.0,0.0,0.0"
1747092053.284711,"-87.0,0.0,0.0","-82.0,0.0,0.0","-1.0,0.0,0.0","-7.0,0.0,0.0"
1747092053.3352664,"-80.0,0.0,0.0","-79.0,0.0,0.0","0.0,0.0,0.0","0.0,0.0,0.0"
1747092053.3852718,"-77.0,0.0,0.0","-76.0,0.0,0.0","1.0,0.0,0.0","2.0,0.0,0.0"
1747092053.4357884,"-74.0,0.0,0.0","-75.0,0.0,0.0","0.0,0.0,0.0","5.0,0.0,0.0"
1747092053.4867866,"-70.0,0.0,0.0","-70.0,0.0,0.0","2.0,0.0,0.0","12.0,0.0,0.0"
1747092053.5371134,"-68.0,0.0,0.0","-67.0,0.0,0.0","4.0,0.0,0.0","14.0,0.0,0.0"
1747092053.5881116,"-64.0,0.0,0.0","-59.0,0.0,0.0","11.0,0.0,0.0","14.0,0.0,0.0"
1747092053.6386323,"-60.0,0.0,0.0","-55.0,0.0,0.0","11.0,0.0,0.0","17.0,0.0,0.0"
1747092053.688636,"-52.0,0.0,0.0","-47.0,0.0,0.0","13.0,0.0,0.0","21.0,0.0,0.0"
1747092053.739163,"-48.0,0.0,0.0","-43.0,0.0,0.0","13.0,0.0,0.0","26.0,0.0,0.0"
1747092053.789178,"-45.0,0.0,0.0","-38.0,0.0,0.0","12.0,0.0,0.0","25.0,0.0,0.0"
1747092053.8392148,"-32.0,0.0,0.0","-19.0,0.0,0.0","17.0,0.0,0.0","21.0,0.0,0.0"
1747092053.8902078,"-28.0,0.0,0.0","-13.0,0.0,0.0","15.0,0.0,0.0","20.0,0.0,0.0"
1747092053.9407265,"-24.0,0.0,0.0","-12.0,0.0,0.0","16.0,0.0,0.0","23.0,0.0,0.0"
1747092053.9907303,"-20.0,0.0,0.0","-9.0,0.0,0.0","19.0,0.0,0.0","27.0,0.0,0.0"
1747092054.041118,"-16.0,0.0,0.0","-7.0,0.0,0.0","17.0,0.0,0.0","28.0,0.0,0.0"
1747092054.0921223,"-15.0,0.0,0.0","-3.0,0.0,0.0","21.0,0.0,0.0","26.0,0.0,0.0"
1747092054.142648,"-13.0,0.0,0.0","0.0,0.0,0.0","21.0,0.0,0.0","24.0,0.0,0.0"
1747092054.1926556,"-12.0,0.0,0.0","0.0,0.0,0.0","22.0,0.0,0.0","24.0,0.0,0.0"
1747092054.2431865,"-12.0,0.0,0.0","0.0,0.0,0.0","22.0,0.0,0.0","24.0,0.0,0.0"
1747092054.2931912,"-12.0,0.0,0.0","0.0,0.0,0.0","21.0,0.0,0.0","23.0,0.0,0.0"
1747092054.3432214,"-12.0,0.0,0.0","-1.0,0.0,0.0","20.0,0.0,0.0","23.0,0.0,0.0"
1747092054.3952136,"-12.0,0.0,0.0","-2.0,0.0,0.0","19.0,0.0,0.0","23.0,0.0,0.0"
1747092054.4457529,"-12.0,0.0,0.0","-2.0,0.0,0.0","19.0,0.0,0.0","22.0,0.0,0.0"
1747092054.4967506,"-13.0,0.0,0.0","-3.0,0.0,0.0","19.0,0.0,0.0","23.0,0.0,0.0"
1747092054.5469368,"-12.0,0.0,0.0","-3.0,0.0,0.0","19.0,0.0,0.0","23.0,0.0,0.0"
1747092054.5979364,"-12.0,0.0,0.0","-4.0,0.0,0.0","18.0,0.0,0.0","24.0,0.0,0.0"
1747092054.6479745,"-12.0,0.0,0.0","-4.0,0.0,0.0","18.0,0.0,0.0","25.0,0.0,0.0"
1747092054.697988,"-12.0,0.0,0.0","-5.0,0.0,0.0","18.0,0.0,0.0","25.0,0.0,0.0"
1747092054.7482996,"-12.0,0.0,0.0","-5.0,0.0,0.0","18.0,0.0,0.0","25.0,0.0,0.0"
1747092054.7988229,"-12.0,0.0,0.0","-5.0,0.0,0.0","18.0,0.0,0.0","25.0,0.0,0.0"
1747092054.849351,"-12.0,0.0,0.0","-5.0,0.0,0.0","18.0,0.0,0.0","25.0,0.0,0.0"
1747092054.8993623,"-12.0,0.0,0.0","-5.0,0.0,0.0","18.0,0.0,0.0","26.0,0.0,0.0"
1747092054.9494014,"-12.0,0.0,0.0","-5.0,0.0,0.0","18.0,0.0,0.0","26.0,0.0,0.0"
1747092054.9994075,"-12.0,0.0,0.0","-5.0,0.0,0.0","18.0,0.0,0.0","26.0,0.0,0.0"
1747092055.049935,"-12.0,0.0,0.0","-5.0,0.0,0.0","18.0,0.0,0.0","26.0,0.0,0.0"
1747092055.0999486,"-12.0,0.0,0.0","-5.0,0.0,0.0","18.0,0.0,0.0","26.0,0.0,0.0"
1747092055.1499963,"-12.0,0.0,0.0","-6.0,0.0,0.0","18.0,0.0,0.0","27.0,0.0,0.0"
1747092055.2000048,"-12.0,0.0,0.0","-6.0,0.0,0.0","17.0,0.0,0.0","27.0,0.0,0.0"
1747092055.250056,"-12.0,0.0,0.0","-6.0,0.0,0.0","17.0,0.0,0.0","27.0,0.0,0.0"
1747092055.3005238,"-12.0,0.0,0.0","-6.0,0.0,0.0","17.0,0.0,0.0","27.0,0.0,0.0"
1747092055.3510416,"-13.0,0.0,0.0","-6.0,0.0,0.0","17.0,0.0,0.0","27.0,0.0,0.0"
1747092055.4010553,"-13.0,0.0,0.0","-6.0,0.0,0.0","17.0,0.0,0.0","28.0,0.0,0.0"
1747092055.4515815,"-13.0,0.0,0.0","-7.0,0.0,0.0","16.0,0.0,0.0","28.0,0.0,0.0"
1747092055.501593,"-13.0,0.0,0.0","-7.0,0.0,0.0","16.0,0.0,0.0","28.0,0.0,0.0"
1747092055.552112,"-13.0,0.0,0.0","-7.0,0.0,0.0","16.0,0.0,0.0","28.0,0.0,0.0"
1747092055.602115,"-14.0,0.0,0.0","-7.0,0.0,0.0","15.0,0.0,0.0","28.0,0.0,0.0"
1747092055.652639,"-14.0,0.0,0.0","-7.0,0.0,0.0","15.0,0.0,0.0","28.0,0.0,0.0"
1747092055.7026393,"-14.0,0.0,0.0","-7.0,0.0,0.0","15.0,0.0,0.0","29.0,0.0,0.0"
1747092055.753157,"-14.0,0.0,0.0","-7.0,0.0,0.0","15.0,0.0,0.0","28.0,0.0,0.0"
1747092055.803691,"-14.0,0.0,0.0","-7.0,0.0,0.0","14.0,0.0,0.0","28.0,0.0,0.0"
1747092055.8542068,"-14.0,0.0,0.0","-7.0,0.0,0.0","14.0,0.0,0.0","28.0,0.0,0.0"
1747092055.9042132,"-14.0,0.0,0.0","-7.0,0.0,0.0","14.0,0.0,0.0","28.0,0.0,0.0"
1747092055.9547381,"-14.0,0.0,0.0","-7.0,0.0,0.0","14.0,0.0,0.0","28.0,0.0,0.0"
1747092056.005269,"-14.0,0.0,0.0","-7.0,0.0,0.0","14.0,0.0,0.0","28.0,0.0,0.0"
1747092056.0556018,"-14.0,0.0,0.0","-7.0,0.0,0.0","14.0,0.0,0.0","28.0,0.0,0.0"
1747092056.1056128,"-13.0,0.0,0.0","-7.0,0.0,0.0","15.0,0.0,0.0","28.0,0.0,0.0"
1747092056.1561296,"-12.0,0.0,0.0","-4.0,0.0,0.0","20.0,0.0,0.0","28.0,0.0,0.0"
1747092056.206139,"-10.0,0.0,0.0","-1.0,0.0,0.0","24.0,0.0,0.0","27.0,0.0,0.0"
1747092056.2566538,"-8.0,0.0,0.0","3.0,0.0,0.0","24.0,0.0,0.0","21.0,0.0,0.0"
1747092056.307186,"-1.0,0.0,0.0","15.0,0.0,0.0","19.0,0.0,0.0","8.0,0.0,0.0"
1747092056.3577006,"3.0,0.0,0.0","19.0,0.0,0.0","17.0,0.0,0.0","6.0,0.0,0.0"
1747092056.4077163,"16.0,0.0,0.0","26.0,0.0,0.0","17.0,0.0,0.0","12.0,0.0,0.0"
1747092056.4583492,"19.0,0.0,0.0","29.0,0.0,0.0","20.0,0.0,0.0","12.0,0.0,0.0"
1747092056.508361,"22.0,0.0,0.0","33.0,0.0,0.0","22.0,0.0,0.0","12.0,0.0,0.0"
1747092056.5588875,"27.0,0.0,0.0","39.0,0.0,0.0","25.0,0.0,0.0","13.0,0.0,0.0"
1747092056.6088955,"31.0,0.0,0.0","41.0,0.0,0.0","23.0,0.0,0.0","12.0,0.0,0.0"
1747092056.6594784,"33.0,0.0,0.0","44.0,0.0,0.0","22.0,0.0,0.0","11.0,0.0,0.0"
1747092056.7096825,"33.0,0.0,0.0","44.0,0.0,0.0","22.0,0.0,0.0","11.0,0.0,0.0"
1747092056.7596877,"33.0,0.0,0.0","44.0,0.0,0.0","22.0,0.0,0.0","11.0,0.0,0.0"
1747092056.8101516,"33.0,0.0,0.0","44.0,0.0,0.0","22.0,0.0,0.0","11.0,0.0,0.0"
1747092056.8608754,"33.0,0.0,0.0","44.0,0.0,0.0","22.0,0.0,0.0","11.0,0.0,0.0"
1747092056.9118505,"33.0,0.0,0.0","44.0,0.0,0.0","22.0,0.0,0.0","11.0,0.0,0.0"
1747092056.9624512,"33.0,0.0,0.0","44.0,0.0,0.0","22.0,0.0,0.0","11.0,0.0,0.0"
1747092057.0130472,"33.0,0.0,0.0","44.0,0.0,0.0","22.0,0.0,0.0","11.0,0.0,0.0"
1747092057.0648174,"33.0,0.0,0.0","44.0,0.0,0.0","22.0,0.0,0.0","11.0,0.0,0.0"
1747092057.1150002,"33.0,0.0,0.0","44.0,0.0,0.0","22.0,0.0,0.0","11.0,0.0,0.0"
1747092057.1655843,"33.0,0.0,0.0","44.0,0.0,0.0","22.0,0.0,0.0","11.0,0.0,0.0"
1747092057.2161808,"33.0,0.0,0.0","44.0,0.0,0.0","22.0,0.0,0.0","11.0,0.0,0.0"
1747092057.266551,"33.0,0.0,0.0","44.0,0.0,0.0","22.0,0.0,0.0","11.0,0.0,0.0"
1747092057.3174644,"33.0,0.0,0.0","44.0,0.0,0.0","22.0,0.0,0.0","11.0,0.0,0.0"
1747092057.3685613,"33.0,0.0,0.0","44.0,0.0,0.0","22.0,0.0,0.0","11.0,0.0,0.0"
1747092057.4190843,"36.0,0.0,0.0","46.0,0.0,0.0","21.0,0.0,0.0","11.0,0.0,0.0"
1747092057.4700801,"77.0,0.0,0.0","89.0,0.0,0.0","12.0,0.0,0.0","2.0,0.0,0.0"
1747092057.5206108,"78.0,0.0,0.0","89.0,0.0,0.0","12.0,0.0,0.0","1.0,0.0,0.0"
1747092057.5716069,"79.0,0.0,0.0","88.0,0.0,0.0","11.0,0.0,0.0","4.0,0.0,0.0"
1747092057.6221414,"79.0,0.0,0.0","76.0,0.0,0.0","11.0,0.0,0.0","17.0,0.0,0.0"
1747092057.6811402,"79.0,0.0,0.0","90.0,0.0,0.0","11.0,0.0,0.0","0.0,0.0,0.0"
1747092057.7316637,"80.0,0.0,0.0","89.0,0.0,0.0","9.0,0.0,0.0","1.0,0.0,0.0"
1747092057.78266,"80.0,0.0,0.0","89.0,0.0,0.0","9.0,0.0,0.0","1.0,0.0,0.0"
1747092057.833717,"80.0,0.0,0.0","88.0,0.0,0.0","10.0,0.0,0.0","3.0,0.0,0.0"
1747092057.8847136,"80.0,0.0,0.0","88.0,0.0,0.0","10.0,0.0,0.0","3.0,0.0,0.0"
1747092057.9350505,"79.0,0.0,0.0","88.0,0.0,0.0","10.0,0.0,0.0","3.0,0.0,0.0"
1747092057.986049,"79.0,0.0,0.0","88.0,0.0,0.0","11.0,0.0,0.0","4.0,0.0,0.0"
1747092058.036583,"79.0,0.0,0.0","89.0,0.0,0.0","11.0,0.0,0.0","4.0,0.0,0.0"
1747092058.0865834,"79.0,0.0,0.0","89.0,0.0,0.0","11.0,0.0,0.0","3.0,0.0,0.0"
1747092058.1371067,"79.0,0.0,0.0","89.0,0.0,0.0","11.0,0.0,0.0","3.0,0.0,0.0"
1747092058.188106,"79.0,0.0,0.0","89.0,0.0,0.0","11.0,0.0,0.0","3.0,0.0,0.0"
1747092058.23865,"79.0,0.0,0.0","88.0,0.0,0.0","11.0,0.0,0.0","3.0,0.0,0.0"
1747092058.2886574,"79.0,0.0,0.0","88.0,0.0,0.0","11.0,0.0,0.0","4.0,0.0,0.0"
1747092058.3386948,"79.0,0.0,0.0","88.0,0.0,0.0","11.0,0.0,0.0","4.0,0.0,0.0"
1747092058.3886967,"78.0,0.0,0.0","87.0,0.0,0.0","10.0,0.0,0.0","2.0,0.0,0.0"
1747092058.4392264,"78.0,0.0,0.0","87.0,0.0,0.0","10.0,0.0,0.0","2.0,0.0,0.0"
1747092058.4902267,"77.0,0.0,0.0","85.0,0.0,0.0","9.0,0.0,0.0","3.0,0.0,0.0"
1747092058.540496,"76.0,0.0,0.0","84.0,0.0,0.0","10.0,0.0,0.0","4.0,0.0,0.0"
1747092058.59149,"75.0,0.0,0.0","82.0,0.0,0.0","10.0,0.0,0.0","4.0,0.0,0.0"
1747092058.6420279,"73.0,0.0,0.0","82.0,0.0,0.0","10.0,0.0,0.0","2.0,0.0,0.0"
1747092058.6920314,"73.0,0.0,0.0","80.0,0.0,0.0","8.0,0.0,0.0","3.0,0.0,0.0"
1747092058.7425601,"69.0,0.0,0.0","77.0,0.0,0.0","9.0,0.0,0.0","1.0,0.0,0.0"
1747092058.7931013,"68.0,0.0,0.0","75.0,0.0,0.0","10.0,0.0,0.0","2.0,0.0,0.0"
1747092058.8437037,"63.0,0.0,0.0","71.0,0.0,0.0","11.0,0.0,0.0","3.0,0.0,0.0"
1747092058.8946974,"57.0,0.0,0.0","61.0,0.0,0.0","12.0,0.0,0.0","11.0,0.0,0.0"
1747092058.9452264,"54.0,0.0,0.0","58.0,0.0,0.0","14.0,0.0,0.0","10.0,0.0,0.0"
1747092058.9962204,"49.0,0.0,0.0","53.0,0.0,0.0","16.0,0.0,0.0","13.0,0.0,0.0"
1747092059.0477686,"40.0,0.0,0.0","48.0,0.0,0.0","20.0,0.0,0.0","11.0,0.0,0.0"
1747092059.0987678,"31.0,0.0,0.0","41.0,0.0,0.0","24.0,0.0,0.0","11.0,0.0,0.0"
1747092059.1492956,"21.0,0.0,0.0","30.0,0.0,0.0","29.0,0.0,0.0","16.0,0.0,0.0"
1747092059.1993005,"15.0,0.0,0.0","23.0,0.0,0.0","27.0,0.0,0.0","20.0,0.0,0.0"
1747092059.249825,"10.0,0.0,0.0","21.0,0.0,0.0","23.0,0.0,0.0","16.0,0.0,0.0"
1747092059.2998302,"-4.0,0.0,0.0","6.0,0.0,0.0","25.0,0.0,0.0","23.0,0.0,0.0"
1747092059.3498762,"-10.0,0.0,0.0","2.0,0.0,0.0","27.0,0.0,0.0","20.0,0.0,0.0"
1747092059.4003985,"-16.0,0.0,0.0","-3.0,0.0,0.0","20.0,0.0,0.0","15.0,0.0,0.0"
1747092059.4509232,"-18.0,0.0,0.0","-6.0,0.0,0.0","18.0,0.0,0.0","16.0,0.0,0.0"
1747092059.500932,"-20.0,0.0,0.0","-8.0,0.0,0.0","17.0,0.0,0.0","17.0,0.0,0.0"
1747092059.5514524,"-23.0,0.0,0.0","-9.0,0.0,0.0","13.0,0.0,0.0","17.0,0.0,0.0"
1747092059.601464,"-24.0,0.0,0.0","-10.0,0.0,0.0","13.0,0.0,0.0","19.0,0.0,0.0"
1747092059.6519864,"-24.0,0.0,0.0","-11.0,0.0,0.0","13.0,0.0,0.0","21.0,0.0,0.0"
1747092059.7020023,"-23.0,0.0,0.0","-9.0,0.0,0.0","13.0,0.0,0.0","20.0,0.0,0.0"
1747092059.7525282,"-23.0,0.0,0.0","-8.0,0.0,0.0","16.0,0.0,0.0","20.0,0.0,0.0"
1747092059.8027372,"-22.0,0.0,0.0","-7.0,0.0,0.0","18.0,0.0,0.0","20.0,0.0,0.0"
1747092059.853257,"-21.0,0.0,0.0","-7.0,0.0,0.0","18.0,0.0,0.0","21.0,0.0,0.0"
1747092059.9032662,"-21.0,0.0,0.0","-7.0,0.0,0.0","18.0,0.0,0.0","23.0,0.0,0.0"
1747092059.9532924,"-19.0,0.0,0.0","-2.0,0.0,0.0","17.0,0.0,0.0","20.0,0.0,0.0"
1747092060.003301,"-18.0,0.0,0.0","0.0,0.0,0.0","17.0,0.0,0.0","19.0,0.0,0.0"
1747092060.0538192,"-18.0,0.0,0.0","0.0,0.0,0.0","17.0,0.0,0.0","19.0,0.0,0.0"
1747092060.1038284,"-17.0,0.0,0.0","0.0,0.0,0.0","16.0,0.0,0.0","20.0,0.0,0.0"
1747092060.1543498,"-16.0,0.0,0.0","0.0,0.0,0.0","16.0,0.0,0.0","19.0,0.0,0.0"
1747092060.2043567,"-16.0,0.0,0.0","0.0,0.0,0.0","16.0,0.0,0.0","19.0,0.0,0.0"
1747092060.2543898,"-15.0,0.0,0.0","0.0,0.0,0.0","15.0,0.0,0.0","19.0,0.0,0.0"
1747092060.304925,"-15.0,0.0,0.0","0.0,0.0,0.0","14.0,0.0,0.0","19.0,0.0,0.0"
1747092060.3554492,"-14.0,0.0,0.0","0.0,0.0,0.0","14.0,0.0,0.0","18.0,0.0,0.0"
1747092060.4054523,"-14.0,0.0,0.0","-1.0,0.0,0.0","14.0,0.0,0.0","19.0,0.0,0.0"
1747092060.4571874,"-14.0,0.0,0.0","-2.0,0.0,0.0","14.0,0.0,0.0","19.0,0.0,0.0"
1747092060.5071971,"-15.0,0.0,0.0","-4.0,0.0,0.0","14.0,0.0,0.0","22.0,0.0,0.0"
1747092060.5577247,"-16.0,0.0,0.0","-5.0,0.0,0.0","16.0,0.0,0.0","21.0,0.0,0.0"
1747092060.6097298,"-17.0,0.0,0.0","-6.0,0.0,0.0","16.0,0.0,0.0","20.0,0.0,0.0"
1747092060.6602476,"-19.0,0.0,0.0","-10.0,0.0,0.0","11.0,0.0,0.0","17.0,0.0,0.0"
1747092060.7112622,"-21.0,0.0,0.0","-12.0,0.0,0.0","10.0,0.0,0.0","15.0,0.0,0.0"
1747092060.7617798,"-25.0,0.0,0.0","-17.0,0.0,0.0","3.0,0.0,0.0","15.0,0.0,0.0"
1747092060.8123088,"-28.0,0.0,0.0","-21.0,0.0,0.0","2.0,0.0,0.0","15.0,0.0,0.0"
1747092060.8623612,"-31.0,0.0,0.0","-27.0,0.0,0.0","2.0,0.0,0.0","17.0,0.0,0.0"
1747092060.9133658,"-38.0,0.0,0.0","-36.0,0.0,0.0","6.0,0.0,0.0","19.0,0.0,0.0"
1747092060.9638865,"-43.0,0.0,0.0","-41.0,0.0,0.0","8.0,0.0,0.0","22.0,0.0,0.0"
1747092061.0138958,"-46.0,0.0,0.0","-45.0,0.0,0.0","8.0,0.0,0.0","21.0,0.0,0.0"
1747092061.0639558,"-56.0,0.0,0.0","-55.0,0.0,0.0","7.0,0.0,0.0","14.0,0.0,0.0"
1747092061.1139615,"-60.0,0.0,0.0","-58.0,0.0,0.0","10.0,0.0,0.0","11.0,0.0,0.0"
1747092061.1644974,"-65.0,0.0,0.0","-63.0,0.0,0.0","6.0,0.0,0.0","9.0,0.0,0.0"
1747092061.214512,"-67.0,0.0,0.0","-66.0,0.0,0.0","4.0,0.0,0.0","9.0,0.0,0.0"
1747092061.2650352,"-69.0,0.0,0.0","-68.0,0.0,0.0","3.0,0.0,0.0","8.0,0.0,0.0"
1747092061.3160691,"-73.0,0.0,0.0","-73.0,0.0,0.0","2.0,0.0,0.0","5.0,0.0,0.0"
1747092061.3660793,"-77.0,0.0,0.0","-76.0,0.0,0.0","1.0,0.0,0.0","2.0,0.0,0.0"
1747092061.416594,"-79.0,0.0,0.0","-78.0,0.0,0.0","1.0,0.0,0.0","1.0,0.0,0.0"
1747092061.4674208,"-82.0,0.0,0.0","-79.0,0.0,0.0","1.0,0.0,0.0","-1.0,0.0,0.0"
1747092061.5179698,"-84.0,0.0,0.0","-79.0,0.0,0.0","1.0,0.0,0.0","-3.0,0.0,0.0"
1747092061.568959,"-86.0,0.0,0.0","-80.0,0.0,0.0","0.0,0.0,0.0","-5.0,0.0,0.0"
1747092061.623499,"-86.0,0.0,0.0","-81.0,0.0,0.0","0.0,0.0,0.0","-4.0,0.0,0.0"
1747092061.6735022,"-87.0,0.0,0.0","-82.0,0.0,0.0","0.0,0.0,0.0","-4.0,0.0,0.0"
1747092061.724033,"-87.0,0.0,0.0","-83.0,0.0,0.0","0.0,0.0,0.0","-4.0,0.0,0.0"
1747092061.7740333,"-87.0,0.0,0.0","-84.0,0.0,0.0","-2.0,0.0,0.0","-4.0,0.0,0.0"
1747092061.82408,"-88.0,0.0,0.0","-84.0,0.0,0.0","-3.0,0.0,0.0","-4.0,0.0,0.0"
1747092061.8750825,"-88.0,0.0,0.0","-84.0,0.0,0.0","-3.0,0.0,0.0","-4.0,0.0,0.0"
1747092061.9256191,"-88.0,0.0,0.0","-83.0,0.0,0.0","-3.0,0.0,0.0","-4.0,0.0,0.0"
1747092061.97762,"-88.0,0.0,0.0","-83.0,0.0,0.0","-3.0,0.0,0.0","-4.0,0.0,0.0"
1747092062.0281346,"-88.0,0.0,0.0","-83.0,0.0,0.0","-3.0,0.0,0.0","-4.0,0.0,0.0"
1747092062.0791323,"-88.0,0.0,0.0","-83.0,0.0,0.0","-3.0,0.0,0.0","-4.0,0.0,0.0"
1747092062.13167,"-87.0,0.0,0.0","-83.0,0.0,0.0","-3.0,0.0,0.0","-4.0,0.0,0.0"
1747092062.1816719,"-87.0,0.0,0.0","-83.0,0.0,0.0","-3.0,0.0,0.0","-4.0,0.0,0.0"
1747092062.23174,"-87.0,0.0,0.0","-83.0,0.0,0.0","-3.0,0.0,0.0","-4.0,0.0,0.0"
1747092062.2817419,"-88.0,0.0,0.0","-83.0,0.0,0.0","-3.0,0.0,0.0","-4.0,0.0,0.0"
1747092062.3317873,"-87.0,0.0,0.0","-83.0,0.0,0.0","-3.0,0.0,0.0","-4.0,0.0,0.0"
1747092062.3817887,"-87.0,0.0,0.0","-83.0,0.0,0.0","-3.0,0.0,0.0","-4.0,0.0,0.0"
1747092062.432307,"-87.0,0.0,0.0","-83.0,0.0,0.0","-2.0,0.0,0.0","-4.0,0.0,0.0"
1747092062.4823081,"-87.0,0.0,0.0","-83.0,0.0,0.0","-2.0,0.0,0.0","-4.0,0.0,0.0"
1747092062.5338433,"-87.0,0.0,0.0","-83.0,0.0,0.0","-1.0,0.0,0.0","-5.0,0.0,0.0"
1747092062.58385,"-87.0,0.0,0.0","-82.0,0.0,0.0","0.0,0.0,0.0","-5.0,0.0,0.0"
1747092062.6343718,"-87.0,0.0,0.0","-82.0,0.0,0.0","0.0,0.0,0.0","-5.0,0.0,0.0"
1747092062.6843727,"-87.0,0.0,0.0","-80.0,0.0,0.0","0.0,0.0,0.0","-6.0,0.0,0.0"
1747092062.7409124,"-87.0,0.0,0.0","-79.0,0.0,0.0","0.0,0.0,0.0","-6.0,0.0,0.0"
1747092062.7909155,"-87.0,0.0,0.0","-79.0,0.0,0.0","2.0,0.0,0.0","-5.0,0.0,0.0"
1747092062.8409567,"-83.0,0.0,0.0","-78.0,0.0,0.0","0.0,0.0,0.0","-2.0,0.0,0.0"
1747092062.8919551,"-82.0,0.0,0.0","-78.0,0.0,0.0","1.0,0.0,0.0","-1.0,0.0,0.0"
1747092062.9424856,"-77.0,0.0,0.0","-75.0,0.0,0.0","3.0,0.0,0.0","5.0,0.0,0.0"
1747092062.9934826,"-73.0,0.0,0.0","-73.0,0.0,0.0","1.0,0.0,0.0","8.0,0.0,0.0"
1747092063.043844,"-71.0,0.0,0.0","-70.0,0.0,0.0","2.0,0.0,0.0","13.0,0.0,0.0"
1747092063.0948408,"-66.0,0.0,0.0","-64.0,0.0,0.0","5.0,0.0,0.0","13.0,0.0,0.0"
1747092063.145376,"-60.0,0.0,0.0","-57.0,0.0,0.0","8.0,0.0,0.0","18.0,0.0,0.0"
1747092063.1953773,"-54.0,0.0,0.0","-52.0,0.0,0.0","6.0,0.0,0.0","21.0,0.0,0.0"
1747092063.2459042,"-47.0,0.0,0.0","-43.0,0.0,0.0","7.0,0.0,0.0","25.0,0.0,0.0"
1747092063.2959232,"-41.0,0.0,0.0","-35.0,0.0,0.0","7.0,0.0,0.0","21.0,0.0,0.0"
1747092063.3459492,"-30.0,0.0,0.0","-17.0,0.0,0.0","4.0,0.0,0.0","18.0,0.0,0.0"
1747092063.395953,"-26.0,0.0,0.0","-12.0,0.0,0.0","10.0,0.0,0.0","18.0,0.0,0.0"
1747092063.4464738,"-23.0,0.0,0.0","-6.0,0.0,0.0","17.0,0.0,0.0","21.0,0.0,0.0"
1747092063.496474,"-14.0,0.0,0.0","9.0,0.0,0.0","15.0,0.0,0.0","13.0,0.0,0.0"
1747092063.5470161,"-6.0,0.0,0.0","16.0,0.0,0.0","16.0,0.0,0.0","10.0,0.0,0.0"
1747092063.5975385,"-3.0,0.0,0.0","20.0,0.0,0.0","16.0,0.0,0.0","8.0,0.0,0.0"
1747092063.6480594,"-1.0,0.0,0.0","21.0,0.0,0.0","17.0,0.0,0.0","10.0,0.0,0.0"
1747092063.6990628,"4.0,0.0,0.0","22.0,0.0,0.0","14.0,0.0,0.0","11.0,0.0,0.0"
1747092063.749584,"8.0,0.0,0.0","21.0,0.0,0.0","10.0,0.0,0.0","12.0,0.0,0.0"
1747092063.7995896,"10.0,0.0,0.0","22.0,0.0,0.0","8.0,0.0,0.0","9.0,0.0,0.0"
1747092063.8496354,"10.0,0.0,0.0","21.0,0.0,0.0","8.0,0.0,0.0","8.0,0.0,0.0"
1747092063.900634,"10.0,0.0,0.0","21.0,0.0,0.0","8.0,0.0,0.0","7.0,0.0,0.0"
1747092063.9506931,"10.0,0.0,0.0","19.0,0.0,0.0","8.0,0.0,0.0","8.0,0.0,0.0"
1747092064.0016866,"9.0,0.0,0.0","19.0,0.0,0.0","7.0,0.0,0.0","8.0,0.0,0.0"
1747092064.0522077,"8.0,0.0,0.0","18.0,0.0,0.0","8.0,0.0,0.0","8.0,0.0,0.0"
1747092064.1022093,"8.0,0.0,0.0","18.0,0.0,0.0","8.0,0.0,0.0","8.0,0.0,0.0"
1747092064.1527498,"7.0,0.0,0.0","18.0,0.0,0.0","8.0,0.0,0.0","6.0,0.0,0.0"
1747092064.2028859,"7.0,0.0,0.0","18.0,0.0,0.0","8.0,0.0,0.0","6.0,0.0,0.0"
1747092064.2530873,"7.0,0.0,0.0","18.0,0.0,0.0","8.0,0.0,0.0","5.0,0.0,0.0"
1747092064.3030999,"6.0,0.0,0.0","18.0,0.0,0.0","9.0,0.0,0.0","5.0,0.0,0.0"
1747092064.3531382,"5.0,0.0,0.0","18.0,0.0,0.0","10.0,0.0,0.0","5.0,0.0,0.0"
1747092064.403668,"4.0,0.0,0.0","18.0,0.0,0.0","11.0,0.0,0.0","5.0,0.0,0.0"
1747092064.4541934,"4.0,0.0,0.0","17.0,0.0,0.0","11.0,0.0,0.0","6.0,0.0,0.0"
1747092064.5041962,"5.0,0.0,0.0","18.0,0.0,0.0","10.0,0.0,0.0","7.0,0.0,0.0"
1747092064.5547266,"7.0,0.0,0.0","19.0,0.0,0.0","9.0,0.0,0.0","7.0,0.0,0.0"
1747092064.6047342,"11.0,0.0,0.0","22.0,0.0,0.0","8.0,0.0,0.0","11.0,0.0,0.0"
1747092064.6552522,"14.0,0.0,0.0","25.0,0.0,0.0","10.0,0.0,0.0","10.0,0.0,0.0"
1747092064.705261,"19.0,0.0,0.0","33.0,0.0,0.0","17.0,0.0,0.0","6.0,0.0,0.0"
1747092064.756472,"20.0,0.0,0.0","38.0,0.0,0.0","19.0,0.0,0.0","5.0,0.0,0.0"
1747092064.8080304,"23.0,0.0,0.0","41.0,0.0,0.0","21.0,0.0,0.0","5.0,0.0,0.0"
1747092064.8585577,"31.0,0.0,0.0","46.0,0.0,0.0","18.0,0.0,0.0","4.0,0.0,0.0"
1747092064.9095652,"33.0,0.0,0.0","47.0,0.0,0.0","17.0,0.0,0.0","5.0,0.0,0.0"
1747092064.9600074,"39.0,0.0,0.0","51.0,0.0,0.0","16.0,0.0,0.0","6.0,0.0,0.0"
1747092065.0100112,"46.0,0.0,0.0","57.0,0.0,0.0","13.0,0.0,0.0","6.0,0.0,0.0"
1747092065.060198,"48.0,0.0,0.0","61.0,0.0,0.0","14.0,0.0,0.0","4.0,0.0,0.0"
1747092065.1102054,"51.0,0.0,0.0","62.0,0.0,0.0","13.0,0.0,0.0","5.0,0.0,0.0"
1747092065.1604617,"53.0,0.0,0.0","65.0,0.0,0.0","14.0,0.0,0.0","7.0,0.0,0.0"
1747092065.2104733,"56.0,0.0,0.0","68.0,0.0,0.0","14.0,0.0,0.0","6.0,0.0,0.0"
1747092065.2609982,"61.0,0.0,0.0","75.0,0.0,0.0","11.0,0.0,0.0","0.0,0.0,0.0"
1747092065.3115258,"63.0,0.0,0.0","77.0,0.0,0.0","10.0,0.0,0.0","-1.0,0.0,0.0"
1747092065.3620393,"68.0,0.0,0.0","79.0,0.0,0.0","6.0,0.0,0.0","-1.0,0.0,0.0"
1747092065.4120436,"71.0,0.0,0.0","83.0,0.0,0.0","5.0,0.0,0.0","-1.0,0.0,0.0"
1747092065.4635608,"73.0,0.0,0.0","84.0,0.0,0.0","3.0,0.0,0.0","-1.0,0.0,0.0"
1747092065.5135703,"75.0,0.0,0.0","83.0,0.0,0.0","4.0,0.0,0.0","3.0,0.0,0.0"
1747092065.5636156,"75.0,0.0,0.0","84.0,0.0,0.0","6.0,0.0,0.0","2.0,0.0,0.0"
1747092065.613624,"75.0,0.0,0.0","85.0,0.0,0.0","8.0,0.0,0.0","3.0,0.0,0.0"
1747092065.6641378,"77.0,0.0,0.0","85.0,0.0,0.0","10.0,0.0,0.0","4.0,0.0,0.0"
1747092065.7141516,"77.0,0.0,0.0","86.0,0.0,0.0","10.0,0.0,0.0","3.0,0.0,0.0"
1747092065.7646692,"78.0,0.0,0.0","87.0,0.0,0.0","10.0,0.0,0.0","4.0,0.0,0.0"
1747092065.814795,"79.0,0.0,0.0","87.0,0.0,0.0","10.0,0.0,0.0","4.0,0.0,0.0"
1747092065.8652012,"79.0,0.0,0.0","87.0,0.0,0.0","10.0,0.0,0.0","4.0,0.0,0.0"
1747092065.9152112,"80.0,0.0,0.0","87.0,0.0,0.0","10.0,0.0,0.0","4.0,0.0,0.0"
1747092065.965732,"80.0,0.0,0.0","88.0,0.0,0.0","10.0,0.0,0.0","4.0,0.0,0.0"
1747092066.0157406,"80.0,0.0,0.0","88.0,0.0,0.0","10.0,0.0,0.0","3.0,0.0,0.0"
1747092066.0658495,"80.0,0.0,0.0","88.0,0.0,0.0","10.0,0.0,0.0","3.0,0.0,0.0"
1747092066.1243944,"80.0,0.0,0.0","88.0,0.0,0.0","9.0,0.0,0.0","3.0,0.0,0.0"
1747092066.1753862,"80.0,0.0,0.0","88.0,0.0,0.0","9.0,0.0,0.0","3.0,0.0,0.0"
1747092066.225915,"80.0,0.0,0.0","88.0,0.0,0.0","9.0,0.0,0.0","3.0,0.0,0.0"
1747092066.2769163,"80.0,0.0,0.0","88.0,0.0,0.0","8.0,0.0,0.0","3.0,0.0,0.0"
1747092066.3279188,"80.0,0.0,0.0","88.0,0.0,0.0","8.0,0.0,0.0","3.0,0.0,0.0"
1747092066.3789172,"80.0,0.0,0.0","88.0,0.0,0.0","7.0,0.0,0.0","2.0,0.0,0.0"
1747092066.429606,"80.0,0.0,0.0","87.0,0.0,0.0","7.0,0.0,0.0","2.0,0.0,0.0"
1747092066.4796076,"79.0,0.0,0.0","87.0,0.0,0.0","8.0,0.0,0.0","2.0,0.0,0.0"
1747092066.5301244,"78.0,0.0,0.0","86.0,0.0,0.0","7.0,0.0,0.0","2.0,0.0,0.0"
1747092066.5811248,"77.0,0.0,0.0","85.0,0.0,0.0","7.0,0.0,0.0","1.0,0.0,0.0"
1747092066.6316462,"77.0,0.0,0.0","84.0,0.0,0.0","6.0,0.0,0.0","1.0,0.0,0.0"
1747092066.6818242,"75.0,0.0,0.0","83.0,0.0,0.0","6.0,0.0,0.0","2.0,0.0,0.0"
1747092066.732355,"74.0,0.0,0.0","83.0,0.0,0.0","5.0,0.0,0.0","1.0,0.0,0.0"
1747092066.783359,"73.0,0.0,0.0","83.0,0.0,0.0","6.0,0.0,0.0","0.0,0.0,0.0"
1747092066.8344085,"69.0,0.0,0.0","80.0,0.0,0.0","8.0,0.0,0.0","0.0,0.0,0.0"
1747092066.8884048,"68.0,0.0,0.0","79.0,0.0,0.0","9.0,0.0,0.0","-1.0,0.0,0.0"
1747092066.938455,"65.0,0.0,0.0","76.0,0.0,0.0","9.0,0.0,0.0","-1.0,0.0,0.0"
1747092066.988455,"59.0,0.0,0.0","73.0,0.0,0.0","10.0,0.0,0.0","0.0,0.0,0.0"
1747092067.0385494,"57.0,0.0,0.0","69.0,0.0,0.0","11.0,0.0,0.0","2.0,0.0,0.0"
1747092067.0885508,"53.0,0.0,0.0","67.0,0.0,0.0","13.0,0.0,0.0","3.0,0.0,0.0"
1747092067.1390748,"47.0,0.0,0.0","59.0,0.0,0.0","14.0,0.0,0.0","7.0,0.0,0.0"
1747092067.1900718,"39.0,0.0,0.0","53.0,0.0,0.0","16.0,0.0,0.0","7.0,0.0,0.0"
1747092067.2401323,"35.0,0.0,0.0","49.0,0.0,0.0","16.0,0.0,0.0","9.0,0.0,0.0"
1747092067.291137,"29.0,0.0,0.0","45.0,0.0,0.0","22.0,0.0,0.0","9.0,0.0,0.0"
1747092067.3421836,"20.0,0.0,0.0","38.0,0.0,0.0","22.0,0.0,0.0","8.0,0.0,0.0"
1747092067.39271,"9.0,0.0,0.0","25.0,0.0,0.0","10.0,0.0,0.0","10.0,0.0,0.0"
1747092067.4428623,"0.0,0.0,0.0","19.0,0.0,0.0","16.0,0.0,0.0","11.0,0.0,0.0"
1747092067.4938588,"-13.0,0.0,0.0","5.0,0.0,0.0","16.0,0.0,0.0","14.0,0.0,0.0"
1747092067.5441008,"-21.0,0.0,0.0","0.0,0.0,0.0","17.0,0.0,0.0","9.0,0.0,0.0"
1747092067.5951004,"-22.0,0.0,0.0","-3.0,0.0,0.0","12.0,0.0,0.0","10.0,0.0,0.0"
1747092067.6461494,"-23.0,0.0,0.0","-5.0,0.0,0.0","11.0,0.0,0.0","12.0,0.0,0.0"
1747092067.697148,"-23.0,0.0,0.0","-5.0,0.0,0.0","13.0,0.0,0.0","12.0,0.0,0.0"
1747092067.7474446,"-23.0,0.0,0.0","-7.0,0.0,0.0","14.0,0.0,0.0","16.0,0.0,0.0"
1747092067.804453,"-19.0,0.0,0.0","-6.0,0.0,0.0","11.0,0.0,0.0","18.0,0.0,0.0"
1747092067.854492,"-18.0,0.0,0.0","-4.0,0.0,0.0","12.0,0.0,0.0","17.0,0.0,0.0"
1747092067.905495,"-17.0,0.0,0.0","-3.0,0.0,0.0","13.0,0.0,0.0","17.0,0.0,0.0"
1747092067.956014,"-17.0,0.0,0.0","-1.0,0.0,0.0","14.0,0.0,0.0","16.0,0.0,0.0"
1747092068.0070195,"-17.0,0.0,0.0","-1.0,0.0,0.0","15.0,0.0,0.0","15.0,0.0,0.0"
1747092068.0579882,"-17.0,0.0,0.0","0.0,0.0,0.0","16.0,0.0,0.0","15.0,0.0,0.0"
1747092068.1079986,"-16.0,0.0,0.0","0.0,0.0,0.0","16.0,0.0,0.0","13.0,0.0,0.0"
1747092068.1585443,"-15.0,0.0,0.0","0.0,0.0,0.0","16.0,0.0,0.0","12.0,0.0,0.0"
1747092068.208561,"-15.0,0.0,0.0","0.0,0.0,0.0","15.0,0.0,0.0","13.0,0.0,0.0"
1747092068.2590692,"-15.0,0.0,0.0","0.0,0.0,0.0","14.0,0.0,0.0","13.0,0.0,0.0"
1747092068.3091304,"-13.0,0.0,0.0","0.0,0.0,0.0","13.0,0.0,0.0","13.0,0.0,0.0"
1747092068.3596458,"-13.0,0.0,0.0","0.0,0.0,0.0","12.0,0.0,0.0","12.0,0.0,0.0"
1747092068.4096568,"-13.0,0.0,0.0","0.0,0.0,0.0","12.0,0.0,0.0","12.0,0.0,0.0"
1747092068.460176,"-13.0,0.0,0.0","0.0,0.0,0.0","12.0,0.0,0.0","13.0,0.0,0.0"
1747092068.5101867,"-13.0,0.0,0.0","-3.0,0.0,0.0","12.0,0.0,0.0","15.0,0.0,0.0"
1747092068.5607035,"-14.0,0.0,0.0","-5.0,0.0,0.0","11.0,0.0,0.0","12.0,0.0,0.0"
1747092068.6107118,"-15.0,0.0,0.0","-7.0,0.0,0.0","9.0,0.0,0.0","12.0,0.0,0.0"
1747092068.6609886,"-21.0,0.0,0.0","-13.0,0.0,0.0","12.0,0.0,0.0","12.0,0.0,0.0"
1747092068.711513,"-25.0,0.0,0.0","-16.0,0.0,0.0","11.0,0.0,0.0","14.0,0.0,0.0"
1747092068.76203,"-27.0,0.0,0.0","-18.0,0.0,0.0","8.0,0.0,0.0","11.0,0.0,0.0"
1747092068.8135598,"-33.0,0.0,0.0","-26.0,0.0,0.0","4.0,0.0,0.0","10.0,0.0,0.0"
1747092068.864084,"-37.0,0.0,0.0","-30.0,0.0,0.0","4.0,0.0,0.0","10.0,0.0,0.0"
1747092068.9140906,"-43.0,0.0,0.0","-38.0,0.0,0.0","4.0,0.0,0.0","15.0,0.0,0.0"
1747092068.9643345,"-47.0,0.0,0.0","-44.0,0.0,0.0","6.0,0.0,0.0","17.0,0.0,0.0"
1747092069.014342,"-51.0,0.0,0.0","-47.0,0.0,0.0","5.0,0.0,0.0","14.0,0.0,0.0"
1747092069.064415,"-62.0,0.0,0.0","-59.0,0.0,0.0","7.0,0.0,0.0","11.0,0.0,0.0"
1747092069.1144264,"-66.0,0.0,0.0","-62.0,0.0,0.0","6.0,0.0,0.0","9.0,0.0,0.0"
1747092069.1649454,"-68.0,0.0,0.0","-66.0,0.0,0.0","5.0,0.0,0.0","11.0,0.0,0.0"
1747092069.2149532,"-75.0,0.0,0.0","-73.0,0.0,0.0","3.0,0.0,0.0","5.0,0.0,0.0"
1747092069.2654705,"-77.0,0.0,0.0","-75.0,0.0,0.0","3.0,0.0,0.0","3.0,0.0,0.0"
1747092069.3160002,"-79.0,0.0,0.0","-77.0,0.0,0.0","3.0,0.0,0.0","1.0,0.0,0.0"
1747092069.3665192,"-82.0,0.0,0.0","-79.0,0.0,0.0","1.0,0.0,0.0","-1.0,0.0,0.0"
1747092069.416525,"-84.0,0.0,0.0","-79.0,0.0,0.0","1.0,0.0,0.0","-3.0,0.0,0.0"
1747092069.4670455,"-85.0,0.0,0.0","-79.0,0.0,0.0","1.0,0.0,0.0","-4.0,0.0,0.0"
1747092069.5180528,"-87.0,0.0,0.0","-81.0,0.0,0.0","0.0,0.0,0.0","-4.0,0.0,0.0"
1747092069.5685754,"-87.0,0.0,0.0","-82.0,0.0,0.0","0.0,0.0,0.0","-4.0,0.0,0.0"
1747092069.6191056,"-87.0,0.0,0.0","-83.0,0.0,0.0","-2.0,0.0,0.0","-4.0,0.0,0.0"
1747092069.6696174,"-87.0,0.0,0.0","-83.0,0.0,0.0","-3.0,0.0,0.0","-4.0,0.0,0.0"
1747092069.7196314,"-87.0,0.0,0.0","-83.0,0.0,0.0","-4.0,0.0,0.0","-5.0,0.0,0.0"
1747092069.7701457,"-87.0,0.0,0.0","-83.0,0.0,0.0","-4.0,0.0,0.0","-5.0,0.0,0.0"
1747092069.8203328,"-87.0,0.0,0.0","-83.0,0.0,0.0","-3.0,0.0,0.0","-4.0,0.0,0.0"
1747092069.8718545,"-87.0,0.0,0.0","-83.0,0.0,0.0","-3.0,0.0,0.0","-4.0,0.0,0.0"
1747092069.921876,"-87.0,0.0,0.0","-83.0,0.0,0.0","-3.0,0.0,0.0","-4.0,0.0,0.0"
1747092069.9719605,"-87.0,0.0,0.0","-83.0,0.0,0.0","-3.0,0.0,0.0","-4.0,0.0,0.0"
1747092070.0219681,"-87.0,0.0,0.0","-83.0,0.0,0.0","-3.0,0.0,0.0","-4.0,0.0,0.0"
1747092070.0721312,"-87.0,0.0,0.0","-83.0,0.0,0.0","-3.0,0.0,0.0","-4.0,0.0,0.0"
1747092070.1221359,"-87.0,0.0,0.0","-83.0,0.0,0.0","-3.0,0.0,0.0","-4.0,0.0,0.0"
1747092070.1726532,"-87.0,0.0,0.0","-83.0,0.0,0.0","-3.0,0.0,0.0","-4.0,0.0,0.0"
1747092070.2231762,"-87.0,0.0,0.0","-83.0,0.0,0.0","-3.0,0.0,0.0","-4.0,0.0,0.0"
1747092070.2731855,"-87.0,0.0,0.0","-83.0,0.0,0.0","-3.0,0.0,0.0","-4.0,0.0,0.0"
1747092070.323317,"-87.0,0.0,0.0","-83.0,0.0,0.0","-3.0,0.0,0.0","-4.0,0.0,0.0"
1747092070.3738341,"-87.0,0.0,0.0","-83.0,0.0,0.0","-3.0,0.0,0.0","-4.0,0.0,0.0"
1747092070.424369,"-87.0,0.0,0.0","-82.0,0.0,0.0","-2.0,0.0,0.0","-4.0,0.0,0.0"
1747092070.4753654,"-87.0,0.0,0.0","-81.0,0.0,0.0","-1.0,0.0,0.0","-5.0,0.0,0.0"
1747092070.5255337,"-87.0,0.0,0.0","-80.0,0.0,0.0","0.0,0.0,0.0","-4.0,0.0,0.0"
1747092070.5755348,"-86.0,0.0,0.0","-80.0,0.0,0.0","0.0,0.0,0.0","-3.0,0.0,0.0"
1747092070.62607,"-85.0,0.0,0.0","-79.0,0.0,0.0","1.0,0.0,0.0","-2.0,0.0,0.0"
1747092070.6760702,"-82.0,0.0,0.0","-77.0,0.0,0.0","2.0,0.0,0.0","0.0,0.0,0.0"
1747092070.7265966,"-80.0,0.0,0.0","-76.0,0.0,0.0","3.0,0.0,0.0","4.0,0.0,0.0"
1747092070.7775931,"-76.0,0.0,0.0","-72.0,0.0,0.0","4.0,0.0,0.0","8.0,0.0,0.0"
1747092070.827614,"-71.0,0.0,0.0","-67.0,0.0,0.0","4.0,0.0,0.0","14.0,0.0,0.0"
1747092070.8786156,"-68.0,0.0,0.0","-63.0,0.0,0.0","6.0,0.0,0.0","14.0,0.0,0.0"
1747092070.9291408,"-62.0,0.0,0.0","-55.0,0.0,0.0","9.0,0.0,0.0","17.0,0.0,0.0"
1747092070.9796672,"-58.0,0.0,0.0","-51.0,0.0,0.0","7.0,0.0,0.0","23.0,0.0,0.0"
1747092071.0301964,"-53.0,0.0,0.0","-47.0,0.0,0.0","6.0,0.0,0.0","26.0,0.0,0.0"
1747092071.0811985,"-44.0,0.0,0.0","-36.0,0.0,0.0","6.0,0.0,0.0","22.0,0.0,0.0"
1747092071.131725,"-36.0,0.0,0.0","-21.0,0.0,0.0","4.0,0.0,0.0","16.0,0.0,0.0"
1747092071.1827228,"-29.0,0.0,0.0","-15.0,0.0,0.0","0.0,0.0,0.0","16.0,0.0,0.0"
1747092071.2351797,"-22.0,0.0,0.0","-9.0,0.0,0.0","6.0,0.0,0.0","22.0,0.0,0.0"
1747092071.2861817,"-19.0,0.0,0.0","-4.0,0.0,0.0","11.0,0.0,0.0","22.0,0.0,0.0"
1747092071.3382287,"-14.0,0.0,0.0","-2.0,0.0,0.0","7.0,0.0,0.0","26.0,0.0,0.0"
1747092071.3882287,"-8.0,0.0,0.0","7.0,0.0,0.0","10.0,0.0,0.0","15.0,0.0,0.0"
1747092071.4389617,"-2.0,0.0,0.0","15.0,0.0,0.0","9.0,0.0,0.0","9.0,0.0,0.0"
1747092071.4894755,"-1.0,0.0,0.0","17.0,0.0,0.0","10.0,0.0,0.0","8.0,0.0,0.0"
1747092071.5400145,"0.0,0.0,0.0","18.0,0.0,0.0","10.0,0.0,0.0","7.0,0.0,0.0"
1747092071.5910118,"2.0,0.0,0.0","18.0,0.0,0.0","7.0,0.0,0.0","8.0,0.0,0.0"
1747092071.6413176,"2.0,0.0,0.0","18.0,0.0,0.0","7.0,0.0,0.0","9.0,0.0,0.0"
1747092071.6923168,"2.0,0.0,0.0","18.0,0.0,0.0","7.0,0.0,0.0","9.0,0.0,0.0"
1747092071.7438526,"1.0,0.0,0.0","18.0,0.0,0.0","7.0,0.0,0.0","9.0,0.0,0.0"
1747092071.7948616,"0.0,0.0,0.0","17.0,0.0,0.0","9.0,0.0,0.0","9.0,0.0,0.0"
1747092071.8454297,"0.0,0.0,0.0","17.0,0.0,0.0","10.0,0.0,0.0","9.0,0.0,0.0"
1747092071.8964307,"0.0,0.0,0.0","17.0,0.0,0.0","10.0,0.0,0.0","8.0,0.0,0.0"
1747092071.946965,"0.0,0.0,0.0","17.0,0.0,0.0","10.0,0.0,0.0","8.0,0.0,0.0"
1747092071.9969652,"0.0,0.0,0.0","17.0,0.0,0.0","10.0,0.0,0.0","8.0,0.0,0.0"
1747092072.0474966,"0.0,0.0,0.0","17.0,0.0,0.0","10.0,0.0,0.0","8.0,0.0,0.0"
1747092072.0974977,"0.0,0.0,0.0","17.0,0.0,0.0","10.0,0.0,0.0","8.0,0.0,0.0"
1747092072.148031,"0.0,0.0,0.0","17.0,0.0,0.0","10.0,0.0,0.0","8.0,0.0,0.0"
1747092072.1990287,"0.0,0.0,0.0","17.0,0.0,0.0","10.0,0.0,0.0","7.0,0.0,0.0"
1747092072.2495568,"0.0,0.0,0.0","17.0,0.0,0.0","10.0,0.0,0.0","7.0,0.0,0.0"
1747092072.300556,"0.0,0.0,0.0","17.0,0.0,0.0","11.0,0.0,0.0","8.0,0.0,0.0"
1747092072.3511305,"0.0,0.0,0.0","18.0,0.0,0.0","11.0,0.0,0.0","8.0,0.0,0.0"
1747092072.4021294,"2.0,0.0,0.0","19.0,0.0,0.0","10.0,0.0,0.0","8.0,0.0,0.0"
1747092072.4526665,"5.0,0.0,0.0","21.0,0.0,0.0","7.0,0.0,0.0","9.0,0.0,0.0"
1747092072.5036619,"12.0,0.0,0.0","26.0,0.0,0.0","4.0,0.0,0.0","9.0,0.0,0.0"
1747092072.5541863,"19.0,0.0,0.0","36.0,0.0,0.0","14.0,0.0,0.0","4.0,0.0,0.0"
1747092072.6041896,"24.0,0.0,0.0","41.0,0.0,0.0","17.0,0.0,0.0","5.0,0.0,0.0"
1747092072.65472,"29.0,0.0,0.0","45.0,0.0,0.0","16.0,0.0,0.0","5.0,0.0,0.0"
1747092072.7057185,"34.0,0.0,0.0","49.0,0.0,0.0","16.0,0.0,0.0","4.0,0.0,0.0"
1747092072.7562456,"37.0,0.0,0.0","50.0,0.0,0.0","15.0,0.0,0.0","6.0,0.0,0.0"
1747092072.806658,"41.0,0.0,0.0","52.0,0.0,0.0","14.0,0.0,0.0","7.0,0.0,0.0"
1747092072.8642135,"48.0,0.0,0.0","58.0,0.0,0.0","12.0,0.0,0.0","5.0,0.0,0.0"
1747092072.9142241,"52.0,0.0,0.0","65.0,0.0,0.0","12.0,0.0,0.0","1.0,0.0,0.0"
1747092072.964752,"57.0,0.0,0.0","68.0,0.0,0.0","11.0,0.0,0.0","4.0,0.0,0.0"
1747092073.0147548,"60.0,0.0,0.0","70.0,0.0,0.0","10.0,0.0,0.0","2.0,0.0,0.0"
1747092073.0651095,"64.0,0.0,0.0","75.0,0.0,0.0","7.0,0.0,0.0","-1.0,0.0,0.0"
1747092073.1151237,"69.0,0.0,0.0","78.0,0.0,0.0","6.0,0.0,0.0","-1.0,0.0,0.0"
1747092073.1666415,"72.0,0.0,0.0","80.0,0.0,0.0","4.0,0.0,0.0","-3.0,0.0,0.0"
1747092073.217171,"75.0,0.0,0.0","82.0,0.0,0.0","2.0,0.0,0.0","0.0,0.0,0.0"
1747092073.2676864,"76.0,0.0,0.0","84.0,0.0,0.0","6.0,0.0,0.0","-1.0,0.0,0.0"
1747092073.3177843,"77.0,0.0,0.0","85.0,0.0,0.0","7.0,0.0,0.0","-1.0,0.0,0.0"
1747092073.3682563,"77.0,0.0,0.0","85.0,0.0,0.0","8.0,0.0,0.0","0.0,0.0,0.0"
1747092073.4183056,"79.0,0.0,0.0","87.0,0.0,0.0","8.0,0.0,0.0","1.0,0.0,0.0"
1747092073.4683416,"80.0,0.0,0.0","87.0,0.0,0.0","8.0,0.0,0.0","1.0,0.0,0.0"
1747092073.5184867,"80.0,0.0,0.0","88.0,0.0,0.0","8.0,0.0,0.0","1.0,0.0,0.0"
1747092073.569494,"81.0,0.0,0.0","89.0,0.0,0.0","7.0,0.0,0.0","0.0,0.0,0.0"
1747092073.6204357,"85.0,0.0,0.0","90.0,0.0,0.0","1.0,0.0,0.0","0.0,0.0,0.0"
1747092073.6715393,"85.0,0.0,0.0","89.0,0.0,0.0","0.0,0.0,0.0","0.0,0.0,0.0"
1747092073.723204,"85.0,0.0,0.0","89.0,0.0,0.0","2.0,0.0,0.0","0.0,0.0,0.0"
1747092073.773807,"89.0,0.0,0.0","89.0,0.0,0.0","-2.0,0.0,0.0","0.0,0.0,0.0"
1747092073.8239453,"94.0,0.0,0.0","89.0,0.0,0.0","5.0,0.0,0.0","0.0,0.0,0.0"
1747092073.8744886,"-151.0,0.0,0.0","89.0,0.0,0.0","-26.0,0.0,0.0","0.0,0.0,0.0"
1747092073.9251041,"82.0,0.0,0.0","89.0,0.0,0.0","6.0,0.0,0.0","0.0,0.0,0.0"
1747092073.9758642,"81.0,0.0,0.0","89.0,0.0,0.0","7.0,0.0,0.0","1.0,0.0,0.0"
1747092074.0265048,"81.0,0.0,0.0","89.0,0.0,0.0","7.0,0.0,0.0","1.0,0.0,0.0"
1747092074.07715,"81.0,0.0,0.0","89.0,0.0,0.0","7.0,0.0,0.0","1.0,0.0,0.0"
1747092074.127328,"80.0,0.0,0.0","89.0,0.0,0.0","7.0,0.0,0.0","1.0,0.0,0.0"
1747092074.1779108,"80.0,0.0,0.0","89.0,0.0,0.0","8.0,0.0,0.0","2.0,0.0,0.0"
1747092074.2281494,"80.0,0.0,0.0","89.0,0.0,0.0","7.0,0.0,0.0","1.0,0.0,0.0"
1747092074.278707,"80.0,0.0,0.0","88.0,0.0,0.0","6.0,0.0,0.0","1.0,0.0,0.0"
1747092074.3288863,"80.0,0.0,0.0","88.0,0.0,0.0","6.0,0.0,0.0","0.0,0.0,0.0"
1747092074.3790128,"79.0,0.0,0.0","86.0,0.0,0.0","5.0,0.0,0.0","0.0,0.0,0.0"
1747092074.4290302,"78.0,0.0,0.0","85.0,0.0,0.0","5.0,0.0,0.0","0.0,0.0,0.0"
1747092074.4805973,"77.0,0.0,0.0","84.0,0.0,0.0","5.0,0.0,0.0","0.0,0.0,0.0"
1747092074.5310771,"74.0,0.0,0.0","81.0,0.0,0.0","2.0,0.0,0.0","0.0,0.0,0.0"
1747092074.5815556,"72.0,0.0,0.0","78.0,0.0,0.0","3.0,0.0,0.0","0.0,0.0,0.0"
1747092074.63181,"70.0,0.0,0.0","77.0,0.0,0.0","4.0,0.0,0.0","0.0,0.0,0.0"
1747092074.6824331,"64.0,0.0,0.0","73.0,0.0,0.0","8.0,0.0,0.0","0.0,0.0,0.0"
1747092074.7346897,"62.0,0.0,0.0","69.0,0.0,0.0","9.0,0.0,0.0","3.0,0.0,0.0"
1747092074.7850516,"57.0,0.0,0.0","61.0,0.0,0.0","12.0,0.0,0.0","7.0,0.0,0.0"
1747092074.8357491,"49.0,0.0,0.0","53.0,0.0,0.0","14.0,0.0,0.0","13.0,0.0,0.0"
1747092074.887019,"45.0,0.0,0.0","51.0,0.0,0.0","16.0,0.0,0.0","10.0,0.0,0.0"
1747092074.9385967,"41.0,0.0,0.0","48.0,0.0,0.0","15.0,0.0,0.0","9.0,0.0,0.0"
1747092074.9888482,"30.0,0.0,0.0","42.0,0.0,0.0","23.0,0.0,0.0","10.0,0.0,0.0"
1747092075.043844,"20.0,0.0,0.0","32.0,0.0,0.0","24.0,0.0,0.0","13.0,0.0,0.0"
1747092075.097003,"13.0,0.0,0.0","26.0,0.0,0.0","19.0,0.0,0.0","13.0,0.0,0.0"
1747092075.1476626,"-2.0,0.0,0.0","17.0,0.0,0.0","24.0,0.0,0.0","11.0,0.0,0.0"
1747092075.1980278,"-7.0,0.0,0.0","12.0,0.0,0.0","26.0,0.0,0.0","12.0,0.0,0.0"
1747092075.2487042,"-12.0,0.0,0.0","5.0,0.0,0.0","24.0,0.0,0.0","18.0,0.0,0.0"
1747092075.298776,"-19.0,0.0,0.0","-3.0,0.0,0.0","18.0,0.0,0.0","15.0,0.0,0.0"
1747092075.3488178,"-21.0,0.0,0.0","-5.0,0.0,0.0","17.0,0.0,0.0","14.0,0.0,0.0"
1747092075.3995934,"-21.0,0.0,0.0","-5.0,0.0,0.0","17.0,0.0,0.0","11.0,0.0,0.0"
1747092075.450276,"-22.0,0.0,0.0","-5.0,0.0,0.0","14.0,0.0,0.0","11.0,0.0,0.0"
1747092075.50087,"-23.0,0.0,0.0","-6.0,0.0,0.0","14.0,0.0,0.0","12.0,0.0,0.0"
1747092075.5514493,"-23.0,0.0,0.0","-5.0,0.0,0.0","14.0,0.0,0.0","11.0,0.0,0.0"
1747092075.6029878,"-22.0,0.0,0.0","-6.0,0.0,0.0","14.0,0.0,0.0","14.0,0.0,0.0"
1747092075.6536012,"-22.0,0.0,0.0","-5.0,0.0,0.0","15.0,0.0,0.0","15.0,0.0,0.0"
1747092075.703666,"-21.0,0.0,0.0","-4.0,0.0,0.0","16.0,0.0,0.0","14.0,0.0,0.0"
1747092075.7537906,"-21.0,0.0,0.0","-4.0,0.0,0.0","16.0,0.0,0.0","14.0,0.0,0.0"
1747092075.803848,"-21.0,0.0,0.0","-3.0,0.0,0.0","16.0,0.0,0.0","13.0,0.0,0.0"
1747092075.8545454,"-21.0,0.0,0.0","-4.0,0.0,0.0","16.0,0.0,0.0","14.0,0.0,0.0"
1747092075.9050705,"-20.0,0.0,0.0","-4.0,0.0,0.0","16.0,0.0,0.0","13.0,0.0,0.0"
1747092075.9558342,"-19.0,0.0,0.0","-4.0,0.0,0.0","15.0,0.0,0.0","12.0,0.0,0.0"
1747092076.0058804,"-19.0,0.0,0.0","-4.0,0.0,0.0","14.0,0.0,0.0","12.0,0.0,0.0"
1747092076.0567756,"-19.0,0.0,0.0","-4.0,0.0,0.0","14.0,0.0,0.0","12.0,0.0,0.0"
1747092076.1068687,"-18.0,0.0,0.0","-5.0,0.0,0.0","14.0,0.0,0.0","14.0,0.0,0.0"
1747092076.1570423,"-18.0,0.0,0.0","-5.0,0.0,0.0","15.0,0.0,0.0","15.0,0.0,0.0"
1747092076.2076366,"-18.0,0.0,0.0","-6.0,0.0,0.0","17.0,0.0,0.0","19.0,0.0,0.0"
1747092076.2582197,"-18.0,0.0,0.0","-6.0,0.0,0.0","24.0,0.0,0.0","29.0,0.0,0.0"
1747092076.308756,"-18.0,0.0,0.0","-6.0,0.0,0.0","31.0,0.0,0.0","34.0,0.0,0.0"
1747092076.3598626,"-17.0,0.0,0.0","-6.0,0.0,0.0","39.0,0.0,0.0","38.0,0.0,0.0"
1747092076.409894,"-17.0,0.0,0.0","-4.0,0.0,0.0","54.0,0.0,0.0","48.0,0.0,0.0"
1747092076.4607604,"-16.0,0.0,0.0","-3.0,0.0,0.0","60.0,0.0,0.0","54.0,0.0,0.0"
1747092076.511593,"-16.0,0.0,0.0","-3.0,0.0,0.0","63.0,0.0,0.0","58.0,0.0,0.0"
1747092076.5621433,"-13.0,0.0,0.0","-1.0,0.0,0.0","70.0,0.0,0.0","65.0,0.0,0.0"
1747092076.6132777,"-12.0,0.0,0.0","-1.0,0.0,0.0","74.0,0.0,0.0","69.0,0.0,0.0"
1747092076.6638522,"-11.0,0.0,0.0","-1.0,0.0,0.0","77.0,0.0,0.0","72.0,0.0,0.0"
1747092076.713921,"-10.0,0.0,0.0","0.0,0.0,0.0","85.0,0.0,0.0","80.0,0.0,0.0"
1747092076.7639844,"-10.0,0.0,0.0","0.0,0.0,0.0","87.0,0.0,0.0","82.0,0.0,0.0"
1747092076.8142965,"-10.0,0.0,0.0","0.0,0.0,0.0","89.0,0.0,0.0","84.0,0.0,0.0"
1747092076.8646488,"-10.0,0.0,0.0","0.0,0.0,0.0","93.0,0.0,0.0","88.0,0.0,0.0"
1747092076.9154851,"-9.0,0.0,0.0","0.0,0.0,0.0","96.0,0.0,0.0","90.0,0.0,0.0"
1747092076.9660645,"-9.0,0.0,0.0","1.0,0.0,0.0","98.0,0.0,0.0","91.0,0.0,0.0"
1747092077.0168467,"-9.0,0.0,0.0","1.0,0.0,0.0","99.0,0.0,0.0","92.0,0.0,0.0"
1747092077.0671644,"-9.0,0.0,0.0","2.0,0.0,0.0","101.0,0.0,0.0","93.0,0.0,0.0"
1747092077.117869,"-10.0,0.0,0.0","2.0,0.0,0.0","102.0,0.0,0.0","94.0,0.0,0.0"
1747092077.169598,"-10.0,0.0,0.0","3.0,0.0,0.0","103.0,0.0,0.0","95.0,0.0,0.0"
1747092077.2199318,"-10.0,0.0,0.0","3.0,0.0,0.0","104.0,0.0,0.0","95.0,0.0,0.0"
1747092077.270771,"-12.0,0.0,0.0","3.0,0.0,0.0","105.0,0.0,0.0","96.0,0.0,0.0"
1747092077.3216283,"-12.0,0.0,0.0","3.0,0.0,0.0","106.0,0.0,0.0","96.0,0.0,0.0"
1747092077.372195,"-14.0,0.0,0.0","3.0,0.0,0.0","107.0,0.0,0.0","97.0,0.0,0.0"
1747092077.422945,"-14.0,0.0,0.0","3.0,0.0,0.0","108.0,0.0,0.0","98.0,0.0,0.0"
1747092077.4737577,"-14.0,0.0,0.0","3.0,0.0,0.0","108.0,0.0,0.0","98.0,0.0,0.0"
1747092077.523877,"-14.0,0.0,0.0","3.0,0.0,0.0","108.0,0.0,0.0","99.0,0.0,0.0"
1747092077.5748465,"-15.0,0.0,0.0","3.0,0.0,0.0","109.0,0.0,0.0","99.0,0.0,0.0"
1747092077.6249418,"-15.0,0.0,0.0","3.0,0.0,0.0","108.0,0.0,0.0","99.0,0.0,0.0"
1747092077.675565,"-15.0,0.0,0.0","2.0,0.0,0.0","108.0,0.0,0.0","99.0,0.0,0.0"
1747092077.7261276,"-15.0,0.0,0.0","2.0,0.0,0.0","108.0,0.0,0.0","99.0,0.0,0.0"
1747092077.7765408,"-15.0,0.0,0.0","2.0,0.0,0.0","108.0,0.0,0.0","99.0,0.0,0.0"
1747092077.8267915,"-15.0,0.0,0.0","2.0,0.0,0.0","108.0,0.0,0.0","100.0,0.0,0.0"
1747092077.8769217,"-15.0,0.0,0.0","1.0,0.0,0.0","108.0,0.0,0.0","100.0,0.0,0.0"
1747092077.937532,"-15.0,0.0,0.0","1.0,0.0,0.0","108.0,0.0,0.0","100.0,0.0,0.0"
1747092077.9877603,"-15.0,0.0,0.0","1.0,0.0,0.0","108.0,0.0,0.0","100.0,0.0,0.0"
1747092078.037832,"-15.0,0.0,0.0","1.0,0.0,0.0","108.0,0.0,0.0","100.0,0.0,0.0"
1747092078.0881512,"-15.0,0.0,0.0","1.0,0.0,0.0","108.0,0.0,0.0","100.0,0.0,0.0"
1747092078.1388824,"-15.0,0.0,0.0","1.0,0.0,0.0","109.0,0.0,0.0","100.0,0.0,0.0"
1747092078.1897209,"-15.0,0.0,0.0","1.0,0.0,0.0","109.0,0.0,0.0","100.0,0.0,0.0"
1747092078.2428317,"-15.0,0.0,0.0","1.0,0.0,0.0","109.0,0.0,0.0","101.0,0.0,0.0"
1747092078.2931535,"-15.0,0.0,0.0","1.0,0.0,0.0","109.0,0.0,0.0","101.0,0.0,0.0"
1747092078.3435712,"-15.0,0.0,0.0","1.0,0.0,0.0","109.0,0.0,0.0","101.0,0.0,0.0"
1747092078.3945704,"-15.0,0.0,0.0","1.0,0.0,0.0","109.0,0.0,0.0","101.0,0.0,0.0"
1747092078.44472,"-15.0,0.0,0.0","1.0,0.0,0.0","109.0,0.0,0.0","101.0,0.0,0.0"
1747092078.4948907,"-15.0,0.0,0.0","1.0,0.0,0.0","109.0,0.0,0.0","101.0,0.0,0.0"
1747092078.546587,"-16.0,0.0,0.0","0.0,0.0,0.0","109.0,0.0,0.0","101.0,0.0,0.0"
1747092078.5969026,"-16.0,0.0,0.0","0.0,0.0,0.0","109.0,0.0,0.0","102.0,0.0,0.0"
1747092078.6519637,"-17.0,0.0,0.0","0.0,0.0,0.0","110.0,0.0,0.0","102.0,0.0,0.0"
1747092078.7024288,"-17.0,0.0,0.0","0.0,0.0,0.0","110.0,0.0,0.0","102.0,0.0,0.0"
1747092078.7530222,"-17.0,0.0,0.0","0.0,0.0,0.0","110.0,0.0,0.0","102.0,0.0,0.0"
1747092078.8036485,"-17.0,0.0,0.0","0.0,0.0,0.0","110.0,0.0,0.0","102.0,0.0,0.0"
1747092078.8546205,"-17.0,0.0,0.0","-1.0,0.0,0.0","110.0,0.0,0.0","102.0,0.0,0.0"
1747092078.9046865,"-17.0,0.0,0.0","-1.0,0.0,0.0","110.0,0.0,0.0","103.0,0.0,0.0"
1747092078.9608762,"-17.0,0.0,0.0","-2.0,0.0,0.0","110.0,0.0,0.0","104.0,0.0,0.0"
1747092079.0110295,"-17.0,0.0,0.0","-3.0,0.0,0.0","110.0,0.0,0.0","104.0,0.0,0.0"
1747092079.0617113,"-18.0,0.0,0.0","-4.0,0.0,0.0","110.0,0.0,0.0","105.0,0.0,0.0"
1747092079.112538,"-18.0,0.0,0.0","-5.0,0.0,0.0","111.0,0.0,0.0","106.0,0.0,0.0"
1747092079.1631277,"-19.0,0.0,0.0","-7.0,0.0,0.0","112.0,0.0,0.0","108.0,0.0,0.0"
1747092079.2132354,"-20.0,0.0,0.0","-8.0,0.0,0.0","113.0,0.0,0.0","109.0,0.0,0.0"
1747092079.2634282,"-21.0,0.0,0.0","-10.0,0.0,0.0","113.0,0.0,0.0","111.0,0.0,0.0"
1747092079.3148012,"-24.0,0.0,0.0","-15.0,0.0,0.0","116.0,0.0,0.0","116.0,0.0,0.0"
1747092079.3663003,"-28.0,0.0,0.0","-18.0,0.0,0.0","119.0,0.0,0.0","118.0,0.0,0.0"
1747092079.4175913,"-31.0,0.0,0.0","-22.0,0.0,0.0","122.0,0.0,0.0","121.0,0.0,0.0"
1747092079.467877,"-41.0,0.0,0.0","-34.0,0.0,0.0","130.0,0.0,0.0","132.0,0.0,0.0"
1747092079.5181866,"-47.0,0.0,0.0","-46.0,0.0,0.0","134.0,0.0,0.0","140.0,0.0,0.0"
1747092079.5684118,"-53.0,0.0,0.0","-53.0,0.0,0.0","138.0,0.0,0.0","145.0,0.0,0.0"
1747092079.61995,"-62.0,0.0,0.0","-60.0,0.0,0.0","143.0,0.0,0.0","148.0,0.0,0.0"
1747092079.6699517,"-65.0,0.0,0.0","-63.0,0.0,0.0","144.0,0.0,0.0","149.0,0.0,0.0"
1747092079.719986,"-67.0,0.0,0.0","-65.0,0.0,0.0","145.0,0.0,0.0","150.0,0.0,0.0"
1747092079.7711024,"-69.0,0.0,0.0","-67.0,0.0,0.0","147.0,0.0,0.0","152.0,0.0,0.0"
1747092079.821738,"-70.0,0.0,0.0","-67.0,0.0,0.0","148.0,0.0,0.0","153.0,0.0,0.0"
1747092079.873829,"-69.0,0.0,0.0","-67.0,0.0,0.0","148.0,0.0,0.0","154.0,0.0,0.0"
1747092079.9239016,"-69.0,0.0,0.0","-67.0,0.0,0.0","147.0,0.0,0.0","155.0,0.0,0.0"
1747092079.973976,"-69.0,0.0,0.0","-67.0,0.0,0.0","147.0,0.0,0.0","155.0,0.0,0.0"
1747092080.0245786,"-69.0,0.0,0.0","-67.0,0.0,0.0","147.0,0.0,0.0","155.0,0.0,0.0"
1747092080.0747142,"-70.0,0.0,0.0","-67.0,0.0,0.0","147.0,0.0,0.0","155.0,0.0,0.0"
1747092080.125254,"-70.0,0.0,0.0","-67.0,0.0,0.0","147.0,0.0,0.0","155.0,0.0,0.0"
1747092080.1757429,"-70.0,0.0,0.0","-67.0,0.0,0.0","147.0,0.0,0.0","155.0,0.0,0.0"
1747092080.226321,"-70.0,0.0,0.0","-67.0,0.0,0.0","147.0,0.0,0.0","155.0,0.0,0.0"
1747092080.2771723,"-69.0,0.0,0.0","-67.0,0.0,0.0","147.0,0.0,0.0","155.0,0.0,0.0"
1747092080.3278062,"-69.0,0.0,0.0","-67.0,0.0,0.0","147.0,0.0,0.0","154.0,0.0,0.0"
1747092080.3787627,"-69.0,0.0,0.0","-67.0,0.0,0.0","147.0,0.0,0.0","154.0,0.0,0.0"
1747092080.4289744,"-69.0,0.0,0.0","-66.0,0.0,0.0","147.0,0.0,0.0","154.0,0.0,0.0"
1747092080.4795558,"-69.0,0.0,0.0","-66.0,0.0,0.0","147.0,0.0,0.0","154.0,0.0,0.0"
1747092080.529857,"-69.0,0.0,0.0","-66.0,0.0,0.0","147.0,0.0,0.0","154.0,0.0,0.0"
1747092080.5798824,"-68.0,0.0,0.0","-66.0,0.0,0.0","147.0,0.0,0.0","154.0,0.0,0.0"
1747092080.6299677,"-68.0,0.0,0.0","-66.0,0.0,0.0","146.0,0.0,0.0","153.0,0.0,0.0"
1747092080.6807616,"-68.0,0.0,0.0","-66.0,0.0,0.0","146.0,0.0,0.0","153.0,0.0,0.0"
1747092080.7308257,"-68.0,0.0,0.0","-66.0,0.0,0.0","146.0,0.0,0.0","153.0,0.0,0.0"
1747092080.780872,"-68.0,0.0,0.0","-66.0,0.0,0.0","146.0,0.0,0.0","152.0,0.0,0.0"
1747092080.8308766,"-68.0,0.0,0.0","-67.0,0.0,0.0","145.0,0.0,0.0","152.0,0.0,0.0"
1747092080.8819351,"-68.0,0.0,0.0","-67.0,0.0,0.0","144.0,0.0,0.0","150.0,0.0,0.0"
1747092080.9334316,"-68.0,0.0,0.0","-67.0,0.0,0.0","143.0,0.0,0.0","149.0,0.0,0.0"
1747092080.9834445,"-68.0,0.0,0.0","-67.0,0.0,0.0","140.0,0.0,0.0","148.0,0.0,0.0"
1747092081.0343368,"-68.0,0.0,0.0","-67.0,0.0,0.0","135.0,0.0,0.0","142.0,0.0,0.0"
1747092081.084464,"-68.0,0.0,0.0","-66.0,0.0,0.0","132.0,0.0,0.0","138.0,0.0,0.0"
1747092081.1350143,"-66.0,0.0,0.0","-65.0,0.0,0.0","119.0,0.0,0.0","120.0,0.0,0.0"
1747092081.1851847,"-64.0,0.0,0.0","-63.0,0.0,0.0","109.0,0.0,0.0","111.0,0.0,0.0"
1747092081.2355335,"-61.0,0.0,0.0","-60.0,0.0,0.0","98.0,0.0,0.0","100.0,0.0,0.0"
1747092081.2857392,"-55.0,0.0,0.0","-52.0,0.0,0.0","72.0,0.0,0.0","73.0,0.0,0.0"
1747092081.335915,"-53.0,0.0,0.0","-49.0,0.0,0.0","62.0,0.0,0.0","61.0,0.0,0.0"
1747092081.3867738,"-51.0,0.0,0.0","-47.0,0.0,0.0","48.0,0.0,0.0","52.0,0.0,0.0"
1747092081.4376585,"-48.0,0.0,0.0","-44.0,0.0,0.0","36.0,0.0,0.0","41.0,0.0,0.0"
1747092081.4880805,"-47.0,0.0,0.0","-44.0,0.0,0.0","32.0,0.0,0.0","39.0,0.0,0.0"
1747092081.5388882,"-46.0,0.0,0.0","-43.0,0.0,0.0","27.0,0.0,0.0","36.0,0.0,0.0"
1747092081.5896792,"-45.0,0.0,0.0","-43.0,0.0,0.0","23.0,0.0,0.0","35.0,0.0,0.0"
1747092081.6409507,"-45.0,0.0,0.0","-43.0,0.0,0.0","21.0,0.0,0.0","35.0,0.0,0.0"
1747092081.6915681,"-45.0,0.0,0.0","-42.0,0.0,0.0","19.0,0.0,0.0","35.0,0.0,0.0"
1747092081.7423968,"-45.0,0.0,0.0","-42.0,0.0,0.0","19.0,0.0,0.0","34.0,0.0,0.0"
1747092081.7924552,"-45.0,0.0,0.0","-42.0,0.0,0.0","20.0,0.0,0.0","34.0,0.0,0.0"
1747092081.842669,"-45.0,0.0,0.0","-43.0,0.0,0.0","20.0,0.0,0.0","34.0,0.0,0.0"
1747092081.8928604,"-45.0,0.0,0.0","-43.0,0.0,0.0","20.0,0.0,0.0","33.0,0.0,0.0"
1747092081.9435928,"-45.0,0.0,0.0","-43.0,0.0,0.0","21.0,0.0,0.0","33.0,0.0,0.0"
1747092081.9940138,"-46.0,0.0,0.0","-44.0,0.0,0.0","21.0,0.0,0.0","34.0,0.0,0.0"
1747092082.0450892,"-46.0,0.0,0.0","-44.0,0.0,0.0","21.0,0.0,0.0","34.0,0.0,0.0"
1747092082.096833,"-46.0,0.0,0.0","-45.0,0.0,0.0","21.0,0.0,0.0","35.0,0.0,0.0"
1747092082.1468897,"-47.0,0.0,0.0","-46.0,0.0,0.0","24.0,0.0,0.0","36.0,0.0,0.0"
1747092082.1977088,"-49.0,0.0,0.0","-47.0,0.0,0.0","27.0,0.0,0.0","35.0,0.0,0.0"
1747092082.2482862,"-51.0,0.0,0.0","-49.0,0.0,0.0","29.0,0.0,0.0","34.0,0.0,0.0"
1747092082.2984147,"-52.0,0.0,0.0","-50.0,0.0,0.0","27.0,0.0,0.0","33.0,0.0,0.0"
1747092082.3486183,"-53.0,0.0,0.0","-52.0,0.0,0.0","25.0,0.0,0.0","34.0,0.0,0.0"
1747092082.4000146,"-56.0,0.0,0.0","-57.0,0.0,0.0","22.0,0.0,0.0","30.0,0.0,0.0"
1747092082.4507253,"-58.0,0.0,0.0","-58.0,0.0,0.0","21.0,0.0,0.0","26.0,0.0,0.0"
1747092082.5008945,"-61.0,0.0,0.0","-59.0,0.0,0.0","20.0,0.0,0.0","22.0,0.0,0.0"
1747092082.5516212,"-66.0,0.0,0.0","-63.0,0.0,0.0","16.0,0.0,0.0","18.0,0.0,0.0"
1747092082.601686,"-68.0,0.0,0.0","-65.0,0.0,0.0","16.0,0.0,0.0","17.0,0.0,0.0"
1747092082.6518228,"-70.0,0.0,0.0","-68.0,0.0,0.0","14.0,0.0,0.0","18.0,0.0,0.0"
1747092082.702878,"-72.0,0.0,0.0","-70.0,0.0,0.0","10.0,0.0,0.0","15.0,0.0,0.0"
1747092082.7535424,"-74.0,0.0,0.0","-72.0,0.0,0.0","9.0,0.0,0.0","12.0,0.0,0.0"
1747092082.8035867,"-76.0,0.0,0.0","-74.0,0.0,0.0","6.0,0.0,0.0","9.0,0.0,0.0"
1747092082.8540106,"-81.0,0.0,0.0","-77.0,0.0,0.0","6.0,0.0,0.0","5.0,0.0,0.0"
1747092082.9045913,"-82.0,0.0,0.0","-78.0,0.0,0.0","4.0,0.0,0.0","2.0,0.0,0.0"
1747092082.9547071,"-84.0,0.0,0.0","-78.0,0.0,0.0","3.0,0.0,0.0","0.0,0.0,0.0"
1747092083.0192623,"-86.0,0.0,0.0","-78.0,0.0,0.0","2.0,0.0,0.0","-5.0,0.0,0.0"
1747092083.0709534,"-87.0,0.0,0.0","-78.0,0.0,0.0","1.0,0.0,0.0","-7.0,0.0,0.0"
1747092083.1230423,"-87.0,0.0,0.0","-79.0,0.0,0.0","0.0,0.0,0.0","-7.0,0.0,0.0"
1747092083.1736512,"-88.0,0.0,0.0","-81.0,0.0,0.0","-2.0,0.0,0.0","-8.0,0.0,0.0"
1747092083.223712,"-88.0,0.0,0.0","-82.0,0.0,0.0","-2.0,0.0,0.0","-8.0,0.0,0.0"
1747092083.2737572,"-88.0,0.0,0.0","-82.0,0.0,0.0","-3.0,0.0,0.0","-7.0,0.0,0.0"
1747092083.3247643,"-88.0,0.0,0.0","-82.0,0.0,0.0","-3.0,0.0,0.0","-6.0,0.0,0.0"
1747092083.3748195,"-88.0,0.0,0.0","-82.0,0.0,0.0","-2.0,0.0,0.0","-6.0,0.0,0.0"
1747092083.4249961,"-88.0,0.0,0.0","-81.0,0.0,0.0","-2.0,0.0,0.0","-6.0,0.0,0.0"
1747092083.4755304,"-87.0,0.0,0.0","-81.0,0.0,0.0","-2.0,0.0,0.0","-6.0,0.0,0.0"
1747092083.52581,"-86.0,0.0,0.0","-79.0,0.0,0.0","-3.0,0.0,0.0","-9.0,0.0,0.0"
1747092083.5786834,"-85.0,0.0,0.0","-79.0,0.0,0.0","-4.0,0.0,0.0","-10.0,0.0,0.0"
1747092083.629722,"-80.0,0.0,0.0","-75.0,0.0,0.0","-8.0,0.0,0.0","-14.0,0.0,0.0"
1747092083.6826797,"-78.0,0.0,0.0","-72.0,0.0,0.0","-10.0,0.0,0.0","-17.0,0.0,0.0"
1747092083.7335403,"-76.0,0.0,0.0","-69.0,0.0,0.0","-12.0,0.0,0.0","-22.0,0.0,0.0"
1747092083.7845082,"-70.0,0.0,0.0","-65.0,0.0,0.0","-19.0,0.0,0.0","-28.0,0.0,0.0"
1747092083.8351557,"-67.0,0.0,0.0","-61.0,0.0,0.0","-24.0,0.0,0.0","-32.0,0.0,0.0"
1747092083.8852928,"-62.0,0.0,0.0","-53.0,0.0,0.0","-33.0,0.0,0.0","-45.0,0.0,0.0"
1747092083.9356709,"-58.0,0.0,0.0","-49.0,0.0,0.0","-40.0,0.0,0.0","-53.0,0.0,0.0"
1747092083.9857671,"-57.0,0.0,0.0","-48.0,0.0,0.0","-42.0,0.0,0.0","-55.0,0.0,0.0"
1747092084.035833,"-57.0,0.0,0.0","-47.0,0.0,0.0","-43.0,0.0,0.0","-56.0,0.0,0.0"
1747092084.0859494,"-57.0,0.0,0.0","-48.0,0.0,0.0","-46.0,0.0,0.0","-58.0,0.0,0.0"
1747092084.1366208,"-58.0,0.0,0.0","-48.0,0.0,0.0","-47.0,0.0,0.0","-59.0,0.0,0.0"
1747092084.1875896,"-58.0,0.0,0.0","-48.0,0.0,0.0","-47.0,0.0,0.0","-59.0,0.0,0.0"
1747092084.2376034,"-59.0,0.0,0.0","-49.0,0.0,0.0","-47.0,0.0,0.0","-59.0,0.0,0.0"
1747092084.2879148,"-59.0,0.0,0.0","-49.0,0.0,0.0","-47.0,0.0,0.0","-59.0,0.0,0.0"
1747092084.338422,"-59.0,0.0,0.0","-49.0,0.0,0.0","-47.0,0.0,0.0","-59.0,0.0,0.0"
1747092084.3888614,"-60.0,0.0,0.0","-49.0,0.0,0.0","-47.0,0.0,0.0","-60.0,0.0,0.0"
1747092084.439723,"-61.0,0.0,0.0","-51.0,0.0,0.0","-46.0,0.0,0.0","-59.0,0.0,0.0"
1747092084.4905145,"-61.0,0.0,0.0","-52.0,0.0,0.0","-46.0,0.0,0.0","-58.0,0.0,0.0"
1747092084.541215,"-63.0,0.0,0.0","-53.0,0.0,0.0","-44.0,0.0,0.0","-56.0,0.0,0.0"
1747092084.5920098,"-63.0,0.0,0.0","-54.0,0.0,0.0","-44.0,0.0,0.0","-56.0,0.0,0.0"
1747092084.6422434,"-64.0,0.0,0.0","-54.0,0.0,0.0","-43.0,0.0,0.0","-55.0,0.0,0.0"
1747092084.692827,"-64.0,0.0,0.0","-54.0,0.0,0.0","-43.0,0.0,0.0","-55.0,0.0,0.0"
1747092084.7428768,"-65.0,0.0,0.0","-55.0,0.0,0.0","-43.0,0.0,0.0","-55.0,0.0,0.0"
1747092084.7929308,"-65.0,0.0,0.0","-55.0,0.0,0.0","-42.0,0.0,0.0","-54.0,0.0,0.0"
1747092084.84356,"-65.0,0.0,0.0","-55.0,0.0,0.0","-42.0,0.0,0.0","-54.0,0.0,0.0"
1747092084.8946733,"-65.0,0.0,0.0","-55.0,0.0,0.0","-42.0,0.0,0.0","-54.0,0.0,0.0"
1747092084.945268,"-66.0,0.0,0.0","-55.0,0.0,0.0","-41.0,0.0,0.0","-54.0,0.0,0.0"
1747092084.9958193,"-66.0,0.0,0.0","-55.0,0.0,0.0","-41.0,0.0,0.0","-54.0,0.0,0.0"
1747092085.045957,"-66.0,0.0,0.0","-55.0,0.0,0.0","-41.0,0.0,0.0","-54.0,0.0,0.0"
1747092085.0977592,"-66.0,0.0,0.0","-55.0,0.0,0.0","-41.0,0.0,0.0","-54.0,0.0,0.0"
1747092085.1509027,"-66.0,0.0,0.0","-55.0,0.0,0.0","-41.0,0.0,0.0","-53.0,0.0,0.0"
1747092085.2011461,"-65.0,0.0,0.0","-55.0,0.0,0.0","-41.0,0.0,0.0","-53.0,0.0,0.0"
1747092085.252141,"-65.0,0.0,0.0","-54.0,0.0,0.0","-41.0,0.0,0.0","-52.0,0.0,0.0"
1747092085.3027303,"-65.0,0.0,0.0","-53.0,0.0,0.0","-40.0,0.0,0.0","-52.0,0.0,0.0"
1747092085.3539374,"-65.0,0.0,0.0","-53.0,0.0,0.0","-39.0,0.0,0.0","-51.0,0.0,0.0"
1747092085.404674,"-64.0,0.0,0.0","-53.0,0.0,0.0","-36.0,0.0,0.0","-49.0,0.0,0.0"
1747092085.454876,"-64.0,0.0,0.0","-53.0,0.0,0.0","-35.0,0.0,0.0","-48.0,0.0,0.0"
1747092085.5050752,"-64.0,0.0,0.0","-54.0,0.0,0.0","-32.0,0.0,0.0","-43.0,0.0,0.0"
1747092085.5552104,"-65.0,0.0,0.0","-55.0,0.0,0.0","-30.0,0.0,0.0","-40.0,0.0,0.0"
1747092085.6088374,"-67.0,0.0,0.0","-57.0,0.0,0.0","-27.0,0.0,0.0","-36.0,0.0,0.0"
1747092085.6598344,"-72.0,0.0,0.0","-65.0,0.0,0.0","-17.0,0.0,0.0","-22.0,0.0,0.0"
1747092085.709848,"-75.0,0.0,0.0","-67.0,0.0,0.0","-13.0,0.0,0.0","-19.0,0.0,0.0"
1747092085.7608285,"-76.0,0.0,0.0","-69.0,0.0,0.0","-10.0,0.0,0.0","-16.0,0.0,0.0"
1747092085.8109071,"-80.0,0.0,0.0","-74.0,0.0,0.0","-4.0,0.0,0.0","-8.0,0.0,0.0"
1747092085.8609781,"-81.0,0.0,0.0","-75.0,0.0,0.0","-2.0,0.0,0.0","-6.0,0.0,0.0"
1747092085.9126775,"-83.0,0.0,0.0","-77.0,0.0,0.0","0.0,0.0,0.0","-4.0,0.0,0.0"
1747092085.9631307,"-85.0,0.0,0.0","-79.0,0.0,0.0","0.0,0.0,0.0","-5.0,0.0,0.0"
1747092086.0132968,"-85.0,0.0,0.0","-79.0,0.0,0.0","0.0,0.0,0.0","-5.0,0.0,0.0"
1747092086.063563,"-86.0,0.0,0.0","-80.0,0.0,0.0","-1.0,0.0,0.0","-5.0,0.0,0.0"
1747092086.1149242,"-86.0,0.0,0.0","-81.0,0.0,0.0","-2.0,0.0,0.0","-6.0,0.0,0.0"
1747092086.1655178,"-86.0,0.0,0.0","-81.0,0.0,0.0","-1.0,0.0,0.0","-7.0,0.0,0.0"
1747092086.2166157,"-87.0,0.0,0.0","-82.0,0.0,0.0","-2.0,0.0,0.0","-7.0,0.0,0.0"
1747092086.2667658,"-87.0,0.0,0.0","-82.0,0.0,0.0","-3.0,0.0,0.0","-7.0,0.0,0.0"
1747092086.3172765,"-87.0,0.0,0.0","-82.0,0.0,0.0","-4.0,0.0,0.0","-6.0,0.0,0.0"
1747092086.3673654,"-88.0,0.0,0.0","-82.0,0.0,0.0","-3.0,0.0,0.0","-6.0,0.0,0.0"
1747092086.418082,"-88.0,0.0,0.0","-82.0,0.0,0.0","-3.0,0.0,0.0","-6.0,0.0,0.0"
1747092086.4687011,"-88.0,0.0,0.0","-82.0,0.0,0.0","-3.0,0.0,0.0","-6.0,0.0,0.0"
1747092086.5197916,"-88.0,0.0,0.0","-82.0,0.0,0.0","-3.0,0.0,0.0","-6.0,0.0,0.0"
1747092086.5698822,"-88.0,0.0,0.0","-82.0,0.0,0.0","-3.0,0.0,0.0","-6.0,0.0,0.0"
1747092086.6231365,"-88.0,0.0,0.0","-82.0,0.0,0.0","-3.0,0.0,0.0","-5.0,0.0,0.0"
1747092086.6736803,"-88.0,0.0,0.0","-81.0,0.0,0.0","-3.0,0.0,0.0","-3.0,0.0,0.0"
1747092086.7238307,"-88.0,0.0,0.0","-80.0,0.0,0.0","-3.0,0.0,0.0","-2.0,0.0,0.0"
1747092086.7740836,"-88.0,0.0,0.0","-77.0,0.0,0.0","-2.0,0.0,0.0","1.0,0.0,0.0"
1747092086.8246467,"-88.0,0.0,0.0","-74.0,0.0,0.0","-2.0,0.0,0.0","5.0,0.0,0.0"
1747092086.8747714,"-88.0,0.0,0.0","-69.0,0.0,0.0","-2.0,0.0,0.0","12.0,0.0,0.0"
1747092086.924872,"-89.0,0.0,0.0","-59.0,0.0,0.0","-1.0,0.0,0.0","14.0,0.0,0.0"
1747092086.9756563,"-89.0,0.0,0.0","-53.0,0.0,0.0","-1.0,0.0,0.0","15.0,0.0,0.0"
1747092087.0262806,"-89.0,0.0,0.0","-48.0,0.0,0.0","-1.0,0.0,0.0","23.0,0.0,0.0"
1747092087.0764854,"-89.0,0.0,0.0","-34.0,0.0,0.0","0.0,0.0,0.0","21.0,0.0,0.0"
1747092087.127099,"-88.0,0.0,0.0","-25.0,0.0,0.0","0.0,0.0,0.0","19.0,0.0,0.0"
1747092087.1772332,"-88.0,0.0,0.0","-19.0,0.0,0.0","-1.0,0.0,0.0","20.0,0.0,0.0"
1747092087.2282038,"-88.0,0.0,0.0","-7.0,0.0,0.0","-1.0,0.0,0.0","25.0,0.0,0.0"
1747092087.278586,"-88.0,0.0,0.0","-5.0,0.0,0.0","-1.0,0.0,0.0","29.0,0.0,0.0"
1747092087.3297677,"-87.0,0.0,0.0","-2.0,0.0,0.0","-2.0,0.0,0.0","27.0,0.0,0.0"
1747092087.3797922,"-87.0,0.0,0.0","4.0,0.0,0.0","-2.0,0.0,0.0","21.0,0.0,0.0"
1747092087.4301605,"-87.0,0.0,0.0","6.0,0.0,0.0","-2.0,0.0,0.0","18.0,0.0,0.0"
1747092087.48083,"-87.0,0.0,0.0","7.0,0.0,0.0","-2.0,0.0,0.0","17.0,0.0,0.0"
1747092087.530966,"-87.0,0.0,0.0","8.0,0.0,0.0","-2.0,0.0,0.0","16.0,0.0,0.0"
1747092087.5817745,"-87.0,0.0,0.0","8.0,0.0,0.0","-2.0,0.0,0.0","16.0,0.0,0.0"
1747092087.632612,"-87.0,0.0,0.0","8.0,0.0,0.0","-2.0,0.0,0.0","16.0,0.0,0.0"
1747092087.6826527,"-87.0,0.0,0.0","8.0,0.0,0.0","-2.0,0.0,0.0","15.0,0.0,0.0"
1747092087.732794,"-87.0,0.0,0.0","8.0,0.0,0.0","-2.0,0.0,0.0","15.0,0.0,0.0"
1747092087.7835515,"-87.0,0.0,0.0","7.0,0.0,0.0","-3.0,0.0,0.0","16.0,0.0,0.0"
1747092087.8338268,"-87.0,0.0,0.0","6.0,0.0,0.0","-3.0,0.0,0.0","16.0,0.0,0.0"
1747092087.883996,"-87.0,0.0,0.0","6.0,0.0,0.0","-3.0,0.0,0.0","17.0,0.0,0.0"
1747092087.9388683,"-87.0,0.0,0.0","3.0,0.0,0.0","-3.0,0.0,0.0","21.0,0.0,0.0"
1747092087.98976,"-87.0,0.0,0.0","2.0,0.0,0.0","-3.0,0.0,0.0","22.0,0.0,0.0"
1747092088.0398664,"-87.0,0.0,0.0","0.0,0.0,0.0","-3.0,0.0,0.0","24.0,0.0,0.0"
1747092088.0969841,"-87.0,0.0,0.0","-3.0,0.0,0.0","-3.0,0.0,0.0","27.0,0.0,0.0"
1747092088.147071,"-87.0,0.0,0.0","-5.0,0.0,0.0","-3.0,0.0,0.0","29.0,0.0,0.0"
1747092088.1972241,"-87.0,0.0,0.0","-6.0,0.0,0.0","-3.0,0.0,0.0","30.0,0.0,0.0"
1747092088.247939,"-87.0,0.0,0.0","-8.0,0.0,0.0","-3.0,0.0,0.0","32.0,0.0,0.0"
1747092088.2988827,"-87.0,0.0,0.0","-8.0,0.0,0.0","-2.0,0.0,0.0","31.0,0.0,0.0"
1747092088.3498235,"-87.0,0.0,0.0","-14.0,0.0,0.0","-2.0,0.0,0.0","31.0,0.0,0.0"
1747092088.4010148,"-88.0,0.0,0.0","-16.0,0.0,0.0","-2.0,0.0,0.0","24.0,0.0,0.0"
1747092088.4517944,"-88.0,0.0,0.0","-21.0,0.0,0.0","-2.0,0.0,0.0","24.0,0.0,0.0"
1747092088.5024054,"-88.0,0.0,0.0","-34.0,0.0,0.0","-2.0,0.0,0.0","18.0,0.0,0.0"
1747092088.5528655,"-88.0,0.0,0.0","-48.0,0.0,0.0","-1.0,0.0,0.0","16.0,0.0,0.0"
1747092088.6029823,"-88.0,0.0,0.0","-58.0,0.0,0.0","-1.0,0.0,0.0","9.0,0.0,0.0"
1747092088.6538718,"-88.0,0.0,0.0","-64.0,0.0,0.0","-1.0,0.0,0.0","7.0,0.0,0.0"
1747092088.7055964,"-88.0,0.0,0.0","-72.0,0.0,0.0","-1.0,0.0,0.0","5.0,0.0,0.0"
1747092088.757689,"-89.0,0.0,0.0","-75.0,0.0,0.0","0.0,0.0,0.0","3.0,0.0,0.0"
1747092088.8077345,"-89.0,0.0,0.0","-78.0,0.0,0.0","-1.0,0.0,0.0","-2.0,0.0,0.0"
1747092088.8599222,"-88.0,0.0,0.0","-79.0,0.0,0.0","-1.0,0.0,0.0","-5.0,0.0,0.0"
1747092088.9105432,"-88.0,0.0,0.0","-80.0,0.0,0.0","-1.0,0.0,0.0","-5.0,0.0,0.0"
1747092088.96088,"-88.0,0.0,0.0","-81.0,0.0,0.0","-1.0,0.0,0.0","-5.0,0.0,0.0"
1747092089.0116813,"-88.0,0.0,0.0","-82.0,0.0,0.0","-1.0,0.0,0.0","-6.0,0.0,0.0"
1747092089.06184,"-88.0,0.0,0.0","-82.0,0.0,0.0","-2.0,0.0,0.0","-5.0,0.0,0.0"
1747092089.11204,"-88.0,0.0,0.0","-81.0,0.0,0.0","-2.0,0.0,0.0","-3.0,0.0,0.0"
1747092089.1638,"-88.0,0.0,0.0","-80.0,0.0,0.0","-2.0,0.0,0.0","-1.0,0.0,0.0"
1747092089.214196,"-88.0,0.0,0.0","-80.0,0.0,0.0","-1.0,0.0,0.0","2.0,0.0,0.0"
1747092089.2648149,"-88.0,0.0,0.0","-77.0,0.0,0.0","-1.0,0.0,0.0","5.0,0.0,0.0"
1747092089.31484,"-88.0,0.0,0.0","-69.0,0.0,0.0","-1.0,0.0,0.0","12.0,0.0,0.0"
1747092089.3655264,"-89.0,0.0,0.0","-61.0,0.0,0.0","-1.0,0.0,0.0","16.0,0.0,0.0"
1747092089.4161565,"-89.0,0.0,0.0","-53.0,0.0,0.0","-1.0,0.0,0.0","16.0,0.0,0.0"
1747092089.4671812,"-89.0,0.0,0.0","-42.0,0.0,0.0","0.0,0.0,0.0","23.0,0.0,0.0"
1747092089.517371,"-88.0,0.0,0.0","-32.0,0.0,0.0","0.0,0.0,0.0","22.0,0.0,0.0"
1747092089.5674973,"-88.0,0.0,0.0","-24.0,0.0,0.0","0.0,0.0,0.0","23.0,0.0,0.0"
1747092089.6181633,"-88.0,0.0,0.0","-12.0,0.0,0.0","0.0,0.0,0.0","30.0,0.0,0.0"
1747092089.668884,"-88.0,0.0,0.0","-8.0,0.0,0.0","0.0,0.0,0.0","33.0,0.0,0.0"
1747092089.7197878,"-87.0,0.0,0.0","8.0,0.0,0.0","0.0,0.0,0.0","21.0,0.0,0.0"
1747092089.7705793,"-87.0,0.0,0.0","13.0,0.0,0.0","0.0,0.0,0.0","19.0,0.0,0.0"
1747092089.8216276,"-87.0,0.0,0.0","15.0,0.0,0.0","0.0,0.0,0.0","20.0,0.0,0.0"
1747092089.8718078,"-87.0,0.0,0.0","13.0,0.0,0.0","0.0,0.0,0.0","19.0,0.0,0.0"
1747092089.9238513,"-88.0,0.0,0.0","11.0,0.0,0.0","0.0,0.0,0.0","19.0,0.0,0.0"
1747092089.9775712,"-88.0,0.0,0.0","9.0,0.0,0.0","0.0,0.0,0.0","19.0,0.0,0.0"
1747092090.0298297,"-88.0,0.0,0.0","-12.0,0.0,0.0","0.0,0.0,0.0","29.0,0.0,0.0"
1747092090.0805337,"-88.0,0.0,0.0","-22.0,0.0,0.0","0.0,0.0,0.0","27.0,0.0,0.0"
1747092090.1306577,"-88.0,0.0,0.0","-27.0,0.0,0.0","0.0,0.0,0.0","23.0,0.0,0.0"
1747092090.1814942,"-88.0,0.0,0.0","-42.0,0.0,0.0","0.0,0.0,0.0","22.0,0.0,0.0"
1747092090.2315934,"-88.0,0.0,0.0","-48.0,0.0,0.0","0.0,0.0,0.0","23.0,0.0,0.0"
1747092090.2826834,"-88.0,0.0,0.0","-53.0,0.0,0.0","0.0,0.0,0.0","19.0,0.0,0.0"
1747092090.3329146,"-89.0,0.0,0.0","-61.0,0.0,0.0","0.0,0.0,0.0","11.0,0.0,0.0"
1747092090.3835351,"-89.0,0.0,0.0","-67.0,0.0,0.0","0.0,0.0,0.0","10.0,0.0,0.0"
1747092090.4336612,"-89.0,0.0,0.0","-71.0,0.0,0.0","0.0,0.0,0.0","7.0,0.0,0.0"
1747092090.48388,"-89.0,0.0,0.0","-75.0,0.0,0.0","0.0,0.0,0.0","2.0,0.0,0.0"
1747092090.5357568,"-89.0,0.0,0.0","-76.0,0.0,0.0","0.0,0.0,0.0","0.0,0.0,0.0"
1747092090.5867567,"-89.0,0.0,0.0","-78.0,0.0,0.0","0.0,0.0,0.0","-4.0,0.0,0.0"
1747092090.638626,"-88.0,0.0,0.0","-79.0,0.0,0.0","0.0,0.0,0.0","-5.0,0.0,0.0"
1747092090.6897452,"-88.0,0.0,0.0","-80.0,0.0,0.0","-1.0,0.0,0.0","-6.0,0.0,0.0"
1747092090.7402267,"-88.0,0.0,0.0","-82.0,0.0,0.0","-1.0,0.0,0.0","-5.0,0.0,0.0"
1747092090.790609,"-88.0,0.0,0.0","-82.0,0.0,0.0","-1.0,0.0,0.0","-4.0,0.0,0.0"
1747092090.841604,"-88.0,0.0,0.0","-81.0,0.0,0.0","-1.0,0.0,0.0","-3.0,0.0,0.0"
1747092090.8916347,"-88.0,0.0,0.0","-81.0,0.0,0.0","-1.0,0.0,0.0","-1.0,0.0,0.0"
1747092090.9425104,"-88.0,0.0,0.0","-78.0,0.0,0.0","-1.0,0.0,0.0","5.0,0.0,0.0"
1747092090.9934967,"-88.0,0.0,0.0","-76.0,0.0,0.0","0.0,0.0,0.0","11.0,0.0,0.0"
1747092091.0437858,"-88.0,0.0,0.0","-71.0,0.0,0.0","0.0,0.0,0.0","13.0,0.0,0.0"
1747092091.0940459,"-88.0,0.0,0.0","-63.0,0.0,0.0","0.0,0.0,0.0","17.0,0.0,0.0"
1747092091.1448638,"-88.0,0.0,0.0","-58.0,0.0,0.0","0.0,0.0,0.0","19.0,0.0,0.0"
1747092091.1949637,"-88.0,0.0,0.0","-52.0,0.0,0.0","0.0,0.0,0.0","25.0,0.0,0.0"
1747092091.245617,"-88.0,0.0,0.0","-28.0,0.0,0.0","0.0,0.0,0.0","23.0,0.0,0.0"
1747092091.2957227,"-88.0,0.0,0.0","-22.0,0.0,0.0","0.0,0.0,0.0","27.0,0.0,0.0"
1747092091.345853,"-88.0,0.0,0.0","-15.0,0.0,0.0","0.0,0.0,0.0","28.0,0.0,0.0"
1747092091.396508,"-88.0,0.0,0.0","0.0,0.0,0.0","0.0,0.0,0.0","27.0,0.0,0.0"
1747092091.44679,"-88.0,0.0,0.0","9.0,0.0,0.0","0.0,0.0,0.0","21.0,0.0,0.0"
1747092091.4978662,"-88.0,0.0,0.0","17.0,0.0,0.0","0.0,0.0,0.0","19.0,0.0,0.0"
1747092091.548591,"-87.0,0.0,0.0","20.0,0.0,0.0","0.0,0.0,0.0","20.0,0.0,0.0"
1747092091.5991764,"-87.0,0.0,0.0","21.0,0.0,0.0","0.0,0.0,0.0","20.0,0.0,0.0"
1747092091.6505919,"-87.0,0.0,0.0","21.0,0.0,0.0","0.0,0.0,0.0","20.0,0.0,0.0"
1747092091.7007685,"-87.0,0.0,0.0","18.0,0.0,0.0","0.0,0.0,0.0","19.0,0.0,0.0"
1747092091.751426,"-87.0,0.0,0.0","15.0,0.0,0.0","-1.0,0.0,0.0","19.0,0.0,0.0"
1747092091.801582,"-87.0,0.0,0.0","15.0,0.0,0.0","-1.0,0.0,0.0","15.0,0.0,0.0"
1747092091.8518395,"-87.0,0.0,0.0","-12.0,0.0,0.0","-1.0,0.0,0.0","34.0,0.0,0.0"
1747092091.9028895,"-87.0,0.0,0.0","-18.0,0.0,0.0","-1.0,0.0,0.0","29.0,0.0,0.0"
1747092091.9555562,"-88.0,0.0,0.0","-21.0,0.0,0.0","-1.0,0.0,0.0","25.0,0.0,0.0"
1747092092.006095,"-88.0,0.0,0.0","-27.0,0.0,0.0","-1.0,0.0,0.0","20.0,0.0,0.0"
1747092092.0567615,"-88.0,0.0,0.0","-49.0,0.0,0.0","-1.0,0.0,0.0","24.0,0.0,0.0"
1747092092.1074357,"-88.0,0.0,0.0","-54.0,0.0,0.0","-1.0,0.0,0.0","17.0,0.0,0.0"
1747092092.157633,"-88.0,0.0,0.0","-57.0,0.0,0.0","-1.0,0.0,0.0","12.0,0.0,0.0"
1747092092.2078247,"-88.0,0.0,0.0","-68.0,0.0,0.0","-1.0,0.0,0.0","8.0,0.0,0.0"
1747092092.2585626,"-88.0,0.0,0.0","-71.0,0.0,0.0","-1.0,0.0,0.0","5.0,0.0,0.0"
1747092092.3087406,"-88.0,0.0,0.0","-73.0,0.0,0.0","0.0,0.0,0.0","2.0,0.0,0.0"
1747092092.3595195,"-88.0,0.0,0.0","-76.0,0.0,0.0","0.0,0.0,0.0","0.0,0.0,0.0"
1747092092.411492,"-88.0,0.0,0.0","-78.0,0.0,0.0","-1.0,0.0,0.0","-3.0,0.0,0.0"
1747092092.4615731,"-88.0,0.0,0.0","-79.0,0.0,0.0","-1.0,0.0,0.0","-6.0,0.0,0.0"
1747092092.5119152,"-87.0,0.0,0.0","-80.0,0.0,0.0","-1.0,0.0,0.0","-7.0,0.0,0.0"
1747092092.5625994,"-87.0,0.0,0.0","-81.0,0.0,0.0","-1.0,0.0,0.0","-6.0,0.0,0.0"
1747092092.6127546,"-87.0,0.0,0.0","-81.0,0.0,0.0","-1.0,0.0,0.0","-5.0,0.0,0.0"
1747092092.6628017,"-87.0,0.0,0.0","-81.0,0.0,0.0","-2.0,0.0,0.0","-5.0,0.0,0.0"
1747092092.7136855,"-87.0,0.0,0.0","-80.0,0.0,0.0","-1.0,0.0,0.0","-2.0,0.0,0.0"
1747092092.7644782,"-87.0,0.0,0.0","-79.0,0.0,0.0","-1.0,0.0,0.0","3.0,0.0,0.0"
1747092092.8149972,"-87.0,0.0,0.0","-77.0,0.0,0.0","-1.0,0.0,0.0","10.0,0.0,0.0"
1747092092.8651052,"-87.0,0.0,0.0","-72.0,0.0,0.0","-1.0,0.0,0.0","16.0,0.0,0.0"
1747092092.9157844,"-87.0,0.0,0.0","-57.0,0.0,0.0","-1.0,0.0,0.0","21.0,0.0,0.0"
1747092092.9665458,"-87.0,0.0,0.0","-50.0,0.0,0.0","-1.0,0.0,0.0","26.0,0.0,0.0"
1747092093.017539,"-87.0,0.0,0.0","-42.0,0.0,0.0","-1.0,0.0,0.0","28.0,0.0,0.0"
1747092093.067574,"-87.0,0.0,0.0","-29.0,0.0,0.0","-1.0,0.0,0.0","24.0,0.0,0.0"
1747092093.1184285,"-87.0,0.0,0.0","-7.0,0.0,0.0","-1.0,0.0,0.0","29.0,0.0,0.0"
1747092093.1776283,"-87.0,0.0,0.0","5.0,0.0,0.0","-1.0,0.0,0.0","21.0,0.0,0.0"
1747092093.2276907,"-87.0,0.0,0.0","16.0,0.0,0.0","-1.0,0.0,0.0","18.0,0.0,0.0"
1747092093.2777693,"-87.0,0.0,0.0","18.0,0.0,0.0","-1.0,0.0,0.0","20.0,0.0,0.0"
1747092093.3288445,"-87.0,0.0,0.0","21.0,0.0,0.0","-1.0,0.0,0.0","19.0,0.0,0.0"
1747092093.3795617,"-87.0,0.0,0.0","21.0,0.0,0.0","-1.0,0.0,0.0","20.0,0.0,0.0"
1747092093.4305289,"-87.0,0.0,0.0","19.0,0.0,0.0","-1.0,0.0,0.0","21.0,0.0,0.0"
1747092093.4807155,"-87.0,0.0,0.0","17.0,0.0,0.0","-1.0,0.0,0.0","21.0,0.0,0.0"
1747092093.531519,"-87.0,0.0,0.0","14.0,0.0,0.0","-1.0,0.0,0.0","17.0,0.0,0.0"
1747092093.5815432,"-87.0,0.0,0.0","-5.0,0.0,0.0","-1.0,0.0,0.0","32.0,0.0,0.0"
1747092093.6316915,"-87.0,0.0,0.0","-16.0,0.0,0.0","-1.0,0.0,0.0","32.0,0.0,0.0"
1747092093.6818862,"-87.0,0.0,0.0","-28.0,0.0,0.0","-1.0,0.0,0.0","24.0,0.0,0.0"
1747092093.7355795,"-88.0,0.0,0.0","-47.0,0.0,0.0","-1.0,0.0,0.0","28.0,0.0,0.0"
1747092093.787882,"-88.0,0.0,0.0","-52.0,0.0,0.0","0.0,0.0,0.0","22.0,0.0,0.0"
1747092093.838531,"-88.0,0.0,0.0","-56.0,0.0,0.0","0.0,0.0,0.0","17.0,0.0,0.0"
1747092093.8886015,"-88.0,0.0,0.0","-68.0,0.0,0.0","0.0,0.0,0.0","12.0,0.0,0.0"
1747092093.9394188,"-88.0,0.0,0.0","-71.0,0.0,0.0","0.0,0.0,0.0","7.0,0.0,0.0"
1747092093.9907563,"-88.0,0.0,0.0","-74.0,0.0,0.0","0.0,0.0,0.0","6.0,0.0,0.0"
1747092094.0414455,"-88.0,0.0,0.0","-75.0,0.0,0.0","0.0,0.0,0.0","1.0,0.0,0.0"
1747092094.0921502,"-88.0,0.0,0.0","-78.0,0.0,0.0","0.0,0.0,0.0","-4.0,0.0,0.0"
1747092094.1422696,"-88.0,0.0,0.0","-79.0,0.0,0.0","0.0,0.0,0.0","-5.0,0.0,0.0"
1747092094.1924198,"-88.0,0.0,0.0","-79.0,0.0,0.0","0.0,0.0,0.0","-5.0,0.0,0.0"
1747092094.2431128,"-87.0,0.0,0.0","-81.0,0.0,0.0","0.0,0.0,0.0","-6.0,0.0,0.0"
1747092094.2936077,"-87.0,0.0,0.0","-82.0,0.0,0.0","-1.0,0.0,0.0","-6.0,0.0,0.0"
1747092094.3437588,"-87.0,0.0,0.0","-83.0,0.0,0.0","-1.0,0.0,0.0","-5.0,0.0,0.0"
1747092094.3946235,"-87.0,0.0,0.0","-83.0,0.0,0.0","-1.0,0.0,0.0","-4.0,0.0,0.0"
1747092094.4448097,"-87.0,0.0,0.0","-82.0,0.0,0.0","-1.0,0.0,0.0","-4.0,0.0,0.0"
1747092094.495458,"-85.0,0.0,0.0","-82.0,0.0,0.0","0.0,0.0,0.0","-4.0,0.0,0.0"
1747092094.546005,"-81.0,0.0,0.0","-83.0,0.0,0.0","1.0,0.0,0.0","-3.0,0.0,0.0"
1747092094.5979886,"-77.0,0.0,0.0","-83.0,0.0,0.0","2.0,0.0,0.0","-3.0,0.0,0.0"
1747092094.6481805,"-74.0,0.0,0.0","-83.0,0.0,0.0","3.0,0.0,0.0","-4.0,0.0,0.0"
1747092094.6987026,"-66.0,0.0,0.0","-81.0,0.0,0.0","6.0,0.0,0.0","-7.0,0.0,0.0"
1747092094.7501025,"-61.0,0.0,0.0","-81.0,0.0,0.0","7.0,0.0,0.0","-8.0,0.0,0.0"
1747092094.8006835,"-51.0,0.0,0.0","-80.0,0.0,0.0","8.0,0.0,0.0","-9.0,0.0,0.0"
1747092094.850772,"-35.0,0.0,0.0","-80.0,0.0,0.0","2.0,0.0,0.0","-9.0,0.0,0.0"
1747092094.9016814,"-28.0,0.0,0.0","-80.0,0.0,0.0","6.0,0.0,0.0","-9.0,0.0,0.0"
1747092094.9517362,"-23.0,0.0,0.0","-80.0,0.0,0.0","11.0,0.0,0.0","-9.0,0.0,0.0"
1747092095.0018125,"-17.0,0.0,0.0","-79.0,0.0,0.0","12.0,0.0,0.0","-10.0,0.0,0.0"
1747092095.0518894,"-1.0,0.0,0.0","-79.0,0.0,0.0","10.0,0.0,0.0","-10.0,0.0,0.0"
1747092095.1030395,"2.0,0.0,0.0","-79.0,0.0,0.0","7.0,0.0,0.0","-10.0,0.0,0.0"
1747092095.1533787,"4.0,0.0,0.0","-79.0,0.0,0.0","5.0,0.0,0.0","-10.0,0.0,0.0"
1747092095.2036405,"4.0,0.0,0.0","-79.0,0.0,0.0","5.0,0.0,0.0","-10.0,0.0,0.0"
1747092095.254624,"2.0,0.0,0.0","-79.0,0.0,0.0","6.0,0.0,0.0","-10.0,0.0,0.0"
1747092095.3047452,"0.0,0.0,0.0","-79.0,0.0,0.0","8.0,0.0,0.0","-10.0,0.0,0.0"
1747092095.3557866,"-3.0,0.0,0.0","-79.0,0.0,0.0","8.0,0.0,0.0","-10.0,0.0,0.0"
1747092095.4064536,"-10.0,0.0,0.0","-80.0,0.0,0.0","6.0,0.0,0.0","-9.0,0.0,0.0"
1747092095.4565063,"-19.0,0.0,0.0","-80.0,0.0,0.0","11.0,0.0,0.0","-9.0,0.0,0.0"
1747092095.5071406,"-26.0,0.0,0.0","-80.0,0.0,0.0","10.0,0.0,0.0","-9.0,0.0,0.0"
1747092095.5579765,"-47.0,0.0,0.0","-80.0,0.0,0.0","7.0,0.0,0.0","-8.0,0.0,0.0"
1747092095.6083188,"-53.0,0.0,0.0","-80.0,0.0,0.0","7.0,0.0,0.0","-8.0,0.0,0.0"
1747092095.658793,"-58.0,0.0,0.0","-81.0,0.0,0.0","8.0,0.0,0.0","-8.0,0.0,0.0"
1747092095.7097657,"-67.0,0.0,0.0","-82.0,0.0,0.0","3.0,0.0,0.0","-6.0,0.0,0.0"
1747092095.7606838,"-69.0,0.0,0.0","-82.0,0.0,0.0","2.0,0.0,0.0","-6.0,0.0,0.0"
1747092095.8108113,"-75.0,0.0,0.0","-83.0,0.0,0.0","1.0,0.0,0.0","-4.0,0.0,0.0"
1747092095.8614466,"-81.0,0.0,0.0","-82.0,0.0,0.0","-1.0,0.0,0.0","-5.0,0.0,0.0"
1747092095.9115827,"-84.0,0.0,0.0","-81.0,0.0,0.0","0.0,0.0,0.0","-6.0,0.0,0.0"
1747092095.9616978,"-86.0,0.0,0.0","-81.0,0.0,0.0","-1.0,0.0,0.0","-6.0,0.0,0.0"
1747092096.0118139,"-87.0,0.0,0.0","-81.0,0.0,0.0","-2.0,0.0,0.0","-6.0,0.0,0.0"
1747092096.0619743,"-88.0,0.0,0.0","-81.0,0.0,0.0","-2.0,0.0,0.0","-6.0,0.0,0.0"
1747092096.1125994,"-87.0,0.0,0.0","-81.0,0.0,0.0","-1.0,0.0,0.0","-6.0,0.0,0.0"
1747092096.1631782,"-87.0,0.0,0.0","-81.0,0.0,0.0","0.0,0.0,0.0","-6.0,0.0,0.0"
1747092096.2138014,"-86.0,0.0,0.0","-81.0,0.0,0.0","1.0,0.0,0.0","-6.0,0.0,0.0"
1747092096.2639046,"-85.0,0.0,0.0","-81.0,0.0,0.0","3.0,0.0,0.0","-5.0,0.0,0.0"
1747092096.3145506,"-76.0,0.0,0.0","-82.0,0.0,0.0","7.0,0.0,0.0","-5.0,0.0,0.0"
1747092096.3646288,"-73.0,0.0,0.0","-82.0,0.0,0.0","10.0,0.0,0.0","-5.0,0.0,0.0"
1747092096.4146872,"-69.0,0.0,0.0","-82.0,0.0,0.0","12.0,0.0,0.0","-5.0,0.0,0.0"
1747092096.4654381,"-63.0,0.0,0.0","-82.0,0.0,0.0","12.0,0.0,0.0","-6.0,0.0,0.0"
1747092096.5154405,"-48.0,0.0,0.0","-81.0,0.0,0.0","7.0,0.0,0.0","-7.0,0.0,0.0"
1747092096.566171,"-35.0,0.0,0.0","-81.0,0.0,0.0","6.0,0.0,0.0","-8.0,0.0,0.0"
1747092096.6168315,"-28.0,0.0,0.0","-80.0,0.0,0.0","7.0,0.0,0.0","-8.0,0.0,0.0"
1747092096.6673949,"-19.0,0.0,0.0","-80.0,0.0,0.0","13.0,0.0,0.0","-8.0,0.0,0.0"
1747092096.7178373,"-14.0,0.0,0.0","-80.0,0.0,0.0","13.0,0.0,0.0","-8.0,0.0,0.0"
1747092096.76855,"-8.0,0.0,0.0","-80.0,0.0,0.0","14.0,0.0,0.0","-8.0,0.0,0.0"
1747092096.818655,"0.0,0.0,0.0","-80.0,0.0,0.0","11.0,0.0,0.0","-8.0,0.0,0.0"
1747092096.8694384,"4.0,0.0,0.0","-80.0,0.0,0.0","10.0,0.0,0.0","-8.0,0.0,0.0"
1747092096.9197233,"5.0,0.0,0.0","-80.0,0.0,0.0","10.0,0.0,0.0","-8.0,0.0,0.0"
1747092096.9704168,"3.0,0.0,0.0","-81.0,0.0,0.0","11.0,0.0,0.0","-8.0,0.0,0.0"
1747092097.0204508,"1.0,0.0,0.0","-81.0,0.0,0.0","11.0,0.0,0.0","-8.0,0.0,0.0"
1747092097.0718224,"-2.0,0.0,0.0","-81.0,0.0,0.0","13.0,0.0,0.0","-8.0,0.0,0.0"
1747092097.121988,"-8.0,0.0,0.0","-81.0,0.0,0.0","12.0,0.0,0.0","-8.0,0.0,0.0"
1747092097.1727586,"-16.0,0.0,0.0","-81.0,0.0,0.0","11.0,0.0,0.0","-8.0,0.0,0.0"
1747092097.2240195,"-40.0,0.0,0.0","-81.0,0.0,0.0","5.0,0.0,0.0","-7.0,0.0,0.0"
1747092097.2746453,"-47.0,0.0,0.0","-81.0,0.0,0.0","8.0,0.0,0.0","-7.0,0.0,0.0"
1747092097.3250835,"-52.0,0.0,0.0","-81.0,0.0,0.0","6.0,0.0,0.0","-7.0,0.0,0.0"
1747092097.3752832,"-66.0,0.0,0.0","-82.0,0.0,0.0","9.0,0.0,0.0","-6.0,0.0,0.0"
1747092097.4253438,"-70.0,0.0,0.0","-82.0,0.0,0.0","7.0,0.0,0.0","-6.0,0.0,0.0"
1747092097.4754791,"-74.0,0.0,0.0","-82.0,0.0,0.0","2.0,0.0,0.0","-5.0,0.0,0.0"
1747092097.5278409,"-81.0,0.0,0.0","-82.0,0.0,0.0","1.0,0.0,0.0","-5.0,0.0,0.0"
1747092097.5781984,"-83.0,0.0,0.0","-82.0,0.0,0.0","1.0,0.0,0.0","-5.0,0.0,0.0"
1747092097.6294754,"-86.0,0.0,0.0","-82.0,0.0,0.0","1.0,0.0,0.0","-5.0,0.0,0.0"
1747092097.6798463,"-87.0,0.0,0.0","-82.0,0.0,0.0","0.0,0.0,0.0","-5.0,0.0,0.0"
1747092097.731256,"-88.0,0.0,0.0","-82.0,0.0,0.0","0.0,0.0,0.0","-5.0,0.0,0.0"
1747092097.7816482,"-88.0,0.0,0.0","-81.0,0.0,0.0","0.0,0.0,0.0","-5.0,0.0,0.0"
1747092097.8318586,"-88.0,0.0,0.0","-81.0,0.0,0.0","0.0,0.0,0.0","-5.0,0.0,0.0"
1747092097.882835,"-87.0,0.0,0.0","-82.0,0.0,0.0","0.0,0.0,0.0","-5.0,0.0,0.0"
1747092097.933646,"-87.0,0.0,0.0","-82.0,0.0,0.0","1.0,0.0,0.0","-4.0,0.0,0.0"
1747092097.9844851,"-85.0,0.0,0.0","-82.0,0.0,0.0","4.0,0.0,0.0","-4.0,0.0,0.0"
1747092098.034535,"-83.0,0.0,0.0","-82.0,0.0,0.0","7.0,0.0,0.0","-4.0,0.0,0.0"
1747092098.0914426,"-76.0,0.0,0.0","-83.0,0.0,0.0","7.0,0.0,0.0","-4.0,0.0,0.0"
1747092098.141652,"-70.0,0.0,0.0","-83.0,0.0,0.0","9.0,0.0,0.0","-4.0,0.0,0.0"
1747092098.1920311,"-64.0,0.0,0.0","-82.0,0.0,0.0","11.0,0.0,0.0","-6.0,0.0,0.0"
1747092098.247661,"-49.0,0.0,0.0","-82.0,0.0,0.0","7.0,0.0,0.0","-7.0,0.0,0.0"
1747092098.2997878,"-43.0,0.0,0.0","-82.0,0.0,0.0","5.0,0.0,0.0","-7.0,0.0,0.0"
1747092098.3504226,"-23.0,0.0,0.0","-81.0,0.0,0.0","10.0,0.0,0.0","-9.0,0.0,0.0"
1747092098.4009948,"-18.0,0.0,0.0","-80.0,0.0,0.0","12.0,0.0,0.0","-9.0,0.0,0.0"
1747092098.451774,"-13.0,0.0,0.0","-80.0,0.0,0.0","11.0,0.0,0.0","-9.0,0.0,0.0"
1747092098.5019896,"-4.0,0.0,0.0","-80.0,0.0,0.0","11.0,0.0,0.0","-8.0,0.0,0.0"
1747092098.552624,"0.0,0.0,0.0","-80.0,0.0,0.0","10.0,0.0,0.0","-8.0,0.0,0.0"
1747092098.6029031,"6.0,0.0,0.0","-80.0,0.0,0.0","7.0,0.0,0.0","-8.0,0.0,0.0"
1747092098.6536982,"8.0,0.0,0.0","-81.0,0.0,0.0","7.0,0.0,0.0","-8.0,0.0,0.0"
1747092098.7056384,"8.0,0.0,0.0","-81.0,0.0,0.0","8.0,0.0,0.0","-8.0,0.0,0.0"
1747092098.7556515,"8.0,0.0,0.0","-81.0,0.0,0.0","6.0,0.0,0.0","-8.0,0.0,0.0"
1747092098.8057737,"6.0,0.0,0.0","-81.0,0.0,0.0","6.0,0.0,0.0","-8.0,0.0,0.0"
1747092098.8565793,"4.0,0.0,0.0","-81.0,0.0,0.0","6.0,0.0,0.0","-8.0,0.0,0.0"
1747092098.9067447,"-3.0,0.0,0.0","-81.0,0.0,0.0","9.0,0.0,0.0","-8.0,0.0,0.0"
1747092098.9567828,"-12.0,0.0,0.0","-81.0,0.0,0.0","10.0,0.0,0.0","-8.0,0.0,0.0"
1747092099.007473,"-21.0,0.0,0.0","-81.0,0.0,0.0","15.0,0.0,0.0","-8.0,0.0,0.0"
1747092099.0582523,"-42.0,0.0,0.0","-82.0,0.0,0.0","9.0,0.0,0.0","-8.0,0.0,0.0"
1747092099.1087067,"-49.0,0.0,0.0","-82.0,0.0,0.0","11.0,0.0,0.0","-8.0,0.0,0.0"
1747092099.1588254,"-55.0,0.0,0.0","-82.0,0.0,0.0","11.0,0.0,0.0","-8.0,0.0,0.0"
1747092099.209575,"-64.0,0.0,0.0","-82.0,0.0,0.0","7.0,0.0,0.0","-8.0,0.0,0.0"
1747092099.2600617,"-68.0,0.0,0.0","-82.0,0.0,0.0","4.0,0.0,0.0","-7.0,0.0,0.0"
1747092099.3104494,"-71.0,0.0,0.0","-83.0,0.0,0.0","2.0,0.0,0.0","-6.0,0.0,0.0"
1747092099.360491,"-80.0,0.0,0.0","-83.0,0.0,0.0","0.0,0.0,0.0","-5.0,0.0,0.0"
1747092099.4114616,"-83.0,0.0,0.0","-82.0,0.0,0.0","0.0,0.0,0.0","-6.0,0.0,0.0"
1747092099.4629247,"-84.0,0.0,0.0","-81.0,0.0,0.0","-1.0,0.0,0.0","-7.0,0.0,0.0"
1747092099.5131633,"-87.0,0.0,0.0","-82.0,0.0,0.0","0.0,0.0,0.0","-6.0,0.0,0.0"
1747092099.563327,"-87.0,0.0,0.0","-81.0,0.0,0.0","-2.0,0.0,0.0","-6.0,0.0,0.0"
1747092099.613698,"-87.0,0.0,0.0","-82.0,0.0,0.0","-1.0,0.0,0.0","-6.0,0.0,0.0"
1747092099.6638238,"-86.0,0.0,0.0","-82.0,0.0,0.0","1.0,0.0,0.0","-5.0,0.0,0.0"
1747092099.7140644,"-86.0,0.0,0.0","-82.0,0.0,0.0","1.0,0.0,0.0","-5.0,0.0,0.0"
1747092099.7648706,"-85.0,0.0,0.0","-82.0,0.0,0.0","4.0,0.0,0.0","-5.0,0.0,0.0"
1747092099.8155649,"-78.0,0.0,0.0","-83.0,0.0,0.0","7.0,0.0,0.0","-4.0,0.0,0.0"
1747092099.865658,"-73.0,0.0,0.0","-83.0,0.0,0.0","7.0,0.0,0.0","-4.0,0.0,0.0"
1747092099.9158156,"-66.0,0.0,0.0","-83.0,0.0,0.0","12.0,0.0,0.0","-4.0,0.0,0.0"
1747092099.9662912,"-51.0,0.0,0.0","-82.0,0.0,0.0","11.0,0.0,0.0","-6.0,0.0,0.0"
1747092100.0164092,"-42.0,0.0,0.0","-82.0,0.0,0.0","4.0,0.0,0.0","-7.0,0.0,0.0"
1747092100.0668461,"-34.0,0.0,0.0","-82.0,0.0,0.0","3.0,0.0,0.0","-7.0,0.0,0.0"
1747092100.116884,"-24.0,0.0,0.0","-81.0,0.0,0.0","13.0,0.0,0.0","-8.0,0.0,0.0"
1747092100.1675212,"-18.0,0.0,0.0","-81.0,0.0,0.0","12.0,0.0,0.0","-8.0,0.0,0.0"
1747092100.2185175,"-7.0,0.0,0.0","-81.0,0.0,0.0","13.0,0.0,0.0","-8.0,0.0,0.0"
1747092100.269482,"2.0,0.0,0.0","-81.0,0.0,0.0","8.0,0.0,0.0","-8.0,0.0,0.0"
1747092100.3197658,"5.0,0.0,0.0","-81.0,0.0,0.0","6.0,0.0,0.0","-8.0,0.0,0.0"
1747092100.370403,"7.0,0.0,0.0","-81.0,0.0,0.0","5.0,0.0,0.0","-8.0,0.0,0.0"
1747092100.4211597,"8.0,0.0,0.0","-81.0,0.0,0.0","6.0,0.0,0.0","-8.0,0.0,0.0"
1747092100.4723482,"7.0,0.0,0.0","-81.0,0.0,0.0","7.0,0.0,0.0","-8.0,0.0,0.0"
1747092100.5226111,"4.0,0.0,0.0","-81.0,0.0,0.0","2.0,0.0,0.0","-8.0,0.0,0.0"
1747092100.5726612,"-5.0,0.0,0.0","-81.0,0.0,0.0","11.0,0.0,0.0","-8.0,0.0,0.0"
1747092100.622718,"-14.0,0.0,0.0","-81.0,0.0,0.0","12.0,0.0,0.0","-8.0,0.0,0.0"
1747092100.672818,"-31.0,0.0,0.0","-81.0,0.0,0.0","8.0,0.0,0.0","-8.0,0.0,0.0"
1747092100.7235029,"-38.0,0.0,0.0","-81.0,0.0,0.0","7.0,0.0,0.0","-8.0,0.0,0.0"
1747092100.7736797,"-45.0,0.0,0.0","-81.0,0.0,0.0","7.0,0.0,0.0","-7.0,0.0,0.0"
1747092100.8243775,"-64.0,0.0,0.0","-82.0,0.0,0.0","9.0,0.0,0.0","-7.0,0.0,0.0"
1747092100.8745282,"-67.0,0.0,0.0","-82.0,0.0,0.0","6.0,0.0,0.0","-7.0,0.0,0.0"
1747092100.9253476,"-70.0,0.0,0.0","-82.0,0.0,0.0","4.0,0.0,0.0","-6.0,0.0,0.0"
1747092100.9759712,"-73.0,0.0,0.0","-82.0,0.0,0.0","2.0,0.0,0.0","-5.0,0.0,0.0"
1747092101.026064,"-79.0,0.0,0.0","-83.0,0.0,0.0","1.0,0.0,0.0","-5.0,0.0,0.0"
1747092101.0766008,"-81.0,0.0,0.0","-82.0,0.0,0.0","0.0,0.0,0.0","-5.0,0.0,0.0"
1747092101.127229,"-86.0,0.0,0.0","-82.0,0.0,0.0","0.0,0.0,0.0","-6.0,0.0,0.0"
1747092101.1776848,"-87.0,0.0,0.0","-81.0,0.0,0.0","1.0,0.0,0.0","-6.0,0.0,0.0"
1747092101.2278907,"-87.0,0.0,0.0","-81.0,0.0,0.0","-1.0,0.0,0.0","-6.0,0.0,0.0"
1747092101.2785387,"-88.0,0.0,0.0","-81.0,0.0,0.0","-2.0,0.0,0.0","-7.0,0.0,0.0"
1747092101.329765,"-88.0,0.0,0.0","-81.0,0.0,0.0","-2.0,0.0,0.0","-7.0,0.0,0.0"
1747092101.3804648,"-88.0,0.0,0.0","-81.0,0.0,0.0","-2.0,0.0,0.0","-7.0,0.0,0.0"
1747092101.4312491,"-88.0,0.0,0.0","-81.0,0.0,0.0","-1.0,0.0,0.0","-7.0,0.0,0.0"
1747092101.4814005,"-87.0,0.0,0.0","-81.0,0.0,0.0","0.0,0.0,0.0","-7.0,0.0,0.0"
1747092101.5332346,"-87.0,0.0,0.0","-81.0,0.0,0.0","0.0,0.0,0.0","-7.0,0.0,0.0"
1747092101.583851,"-87.0,0.0,0.0","-80.0,0.0,0.0","1.0,0.0,0.0","-6.0,0.0,0.0"
1747092101.6344771,"-85.0,0.0,0.0","-79.0,0.0,0.0","3.0,0.0,0.0","-6.0,0.0,0.0"
1747092101.6845374,"-83.0,0.0,0.0","-78.0,0.0,0.0","3.0,0.0,0.0","-4.0,0.0,0.0"
1747092101.7346675,"-72.0,0.0,0.0","-72.0,0.0,0.0","3.0,0.0,0.0","6.0,0.0,0.0"
1747092101.7855113,"-69.0,0.0,0.0","-68.0,0.0,0.0","4.0,0.0,0.0","11.0,0.0,0.0"
1747092101.835594,"-65.0,0.0,0.0","-63.0,0.0,0.0","5.0,0.0,0.0","15.0,0.0,0.0"
1747092101.8856497,"-53.0,0.0,0.0","-51.0,0.0,0.0","4.0,0.0,0.0","20.0,0.0,0.0"
1747092101.935822,"-48.0,0.0,0.0","-44.0,0.0,0.0","6.0,0.0,0.0","21.0,0.0,0.0"
1747092101.9860191,"-36.0,0.0,0.0","-24.0,0.0,0.0","4.0,0.0,0.0","14.0,0.0,0.0"
1747092102.0367227,"-24.0,0.0,0.0","-14.0,0.0,0.0","9.0,0.0,0.0","23.0,0.0,0.0"
1747092102.087618,"-19.0,0.0,0.0","-4.0,0.0,0.0","11.0,0.0,0.0","20.0,0.0,0.0"
1747092102.1386073,"-17.0,0.0,0.0","-2.0,0.0,0.0","15.0,0.0,0.0","26.0,0.0,0.0"
1747092102.1889584,"-7.0,0.0,0.0","12.0,0.0,0.0","11.0,0.0,0.0","12.0,0.0,0.0"
1747092102.2396488,"-4.0,0.0,0.0","13.0,0.0,0.0","11.0,0.0,0.0","14.0,0.0,0.0"
1747092102.2897077,"-1.0,0.0,0.0","14.0,0.0,0.0","11.0,0.0,0.0","15.0,0.0,0.0"
1747092102.3397472,"0.0,0.0,0.0","15.0,0.0,0.0","8.0,0.0,0.0","15.0,0.0,0.0"
1747092102.3903472,"0.0,0.0,0.0","16.0,0.0,0.0","7.0,0.0,0.0","14.0,0.0,0.0"
1747092102.4404323,"0.0,0.0,0.0","15.0,0.0,0.0","5.0,0.0,0.0","14.0,0.0,0.0"
1747092102.4905355,"0.0,0.0,0.0","13.0,0.0,0.0","5.0,0.0,0.0","14.0,0.0,0.0"
1747092102.5414653,"-1.0,0.0,0.0","12.0,0.0,0.0","6.0,0.0,0.0","15.0,0.0,0.0"
1747092102.5924745,"-4.0,0.0,0.0","8.0,0.0,0.0","7.0,0.0,0.0","20.0,0.0,0.0"
1747092102.6428,"-6.0,0.0,0.0","-2.0,0.0,0.0","7.0,0.0,0.0","31.0,0.0,0.0"
1747092102.6935198,"-13.0,0.0,0.0","-10.0,0.0,0.0","7.0,0.0,0.0","31.0,0.0,0.0"
1747092102.7438812,"-23.0,0.0,0.0","-17.0,0.0,0.0","7.0,0.0,0.0","21.0,0.0,0.0"
1747092102.7944624,"-28.0,0.0,0.0","-21.0,0.0,0.0","3.0,0.0,0.0","16.0,0.0,0.0"
1747092102.8454108,"-32.0,0.0,0.0","-28.0,0.0,0.0","2.0,0.0,0.0","14.0,0.0,0.0"
1747092102.8958333,"-48.0,0.0,0.0","-48.0,0.0,0.0","8.0,0.0,0.0","18.0,0.0,0.0"
1747092102.946209,"-54.0,0.0,0.0","-55.0,0.0,0.0","5.0,0.0,0.0","17.0,0.0,0.0"
1747092102.996838,"-59.0,0.0,0.0","-59.0,0.0,0.0","6.0,0.0,0.0","14.0,0.0,0.0"
1747092103.0475166,"-66.0,0.0,0.0","-67.0,0.0,0.0","3.0,0.0,0.0","11.0,0.0,0.0"
1747092103.098123,"-69.0,0.0,0.0","-70.0,0.0,0.0","1.0,0.0,0.0","8.0,0.0,0.0"
1747092103.1482823,"-72.0,0.0,0.0","-72.0,0.0,0.0","2.0,0.0,0.0","5.0,0.0,0.0"
1747092103.1996489,"-80.0,0.0,0.0","-77.0,0.0,0.0","2.0,0.0,0.0","0.0,0.0,0.0"
1747092103.2506373,"-83.0,0.0,0.0","-79.0,0.0,0.0","0.0,0.0,0.0","-3.0,0.0,0.0"
1747092103.305864,"-86.0,0.0,0.0","-80.0,0.0,0.0","0.0,0.0,0.0","-5.0,0.0,0.0"
1747092103.3579478,"-87.0,0.0,0.0","-81.0,0.0,0.0","0.0,0.0,0.0","-5.0,0.0,0.0"
1747092103.4093225,"-87.0,0.0,0.0","-82.0,0.0,0.0","-1.0,0.0,0.0","-6.0,0.0,0.0"
1747092103.459681,"-87.0,0.0,0.0","-82.0,0.0,0.0","-3.0,0.0,0.0","-8.0,0.0,0.0"
1747092103.5106435,"-87.0,0.0,0.0","-82.0,0.0,0.0","-2.0,0.0,0.0","-7.0,0.0,0.0"
1747092103.5607722,"-87.0,0.0,0.0","-81.0,0.0,0.0","-1.0,0.0,0.0","-6.0,0.0,0.0"
1747092103.6117716,"-87.0,0.0,0.0","-81.0,0.0,0.0","0.0,0.0,0.0","-4.0,0.0,0.0"
1747092103.6625547,"-86.0,0.0,0.0","-80.0,0.0,0.0","3.0,0.0,0.0","-1.0,0.0,0.0"
1747092103.7135324,"-82.0,0.0,0.0","-76.0,0.0,0.0","5.0,0.0,0.0","1.0,0.0,0.0"
1747092103.7637928,"-78.0,0.0,0.0","-73.0,0.0,0.0","4.0,0.0,0.0","5.0,0.0,0.0"
1747092103.8144543,"-74.0,0.0,0.0","-70.0,0.0,0.0","5.0,0.0,0.0","13.0,0.0,0.0"
1747092103.864728,"-64.0,0.0,0.0","-56.0,0.0,0.0","10.0,0.0,0.0","11.0,0.0,0.0"
1747092103.9148912,"-59.0,0.0,0.0","-51.0,0.0,0.0","9.0,0.0,0.0","18.0,0.0,0.0"
1747092103.96552,"-53.0,0.0,0.0","-47.0,0.0,0.0","7.0,0.0,0.0","22.0,0.0,0.0"
1747092104.015799,"-42.0,0.0,0.0","-30.0,0.0,0.0","5.0,0.0,0.0","17.0,0.0,0.0"
1747092104.0664446,"-35.0,0.0,0.0","-22.0,0.0,0.0","1.0,0.0,0.0","16.0,0.0,0.0"
1747092104.1172938,"-30.0,0.0,0.0","-16.0,0.0,0.0","1.0,0.0,0.0","20.0,0.0,0.0"
1747092104.167609,"-21.0,0.0,0.0","-1.0,0.0,0.0","7.0,0.0,0.0","19.0,0.0,0.0"
1747092104.21812,"-13.0,0.0,0.0","11.0,0.0,0.0","7.0,0.0,0.0","12.0,0.0,0.0"
1747092104.2693686,"-9.0,0.0,0.0","15.0,0.0,0.0","6.0,0.0,0.0","13.0,0.0,0.0"
1747092104.3196394,"-3.0,0.0,0.0","20.0,0.0,0.0","8.0,0.0,0.0","13.0,0.0,0.0"
1747092104.3697014,"0.0,0.0,0.0","21.0,0.0,0.0","6.0,0.0,0.0","14.0,0.0,0.0"
1747092104.421544,"0.0,0.0,0.0","21.0,0.0,0.0","7.0,0.0,0.0","15.0,0.0,0.0"
1747092104.4718454,"3.0,0.0,0.0","22.0,0.0,0.0","5.0,0.0,0.0","15.0,0.0,0.0"
1747092104.5225198,"4.0,0.0,0.0","21.0,0.0,0.0","5.0,0.0,0.0","16.0,0.0,0.0"
1747092104.5726597,"4.0,0.0,0.0","21.0,0.0,0.0","4.0,0.0,0.0","16.0,0.0,0.0"
1747092104.6226814,"5.0,0.0,0.0","21.0,0.0,0.0","3.0,0.0,0.0","16.0,0.0,0.0"
1747092104.6733184,"5.0,0.0,0.0","21.0,0.0,0.0","2.0,0.0,0.0","16.0,0.0,0.0"
1747092104.72498,"5.0,0.0,0.0","21.0,0.0,0.0","3.0,0.0,0.0","17.0,0.0,0.0"
1747092104.7755413,"3.0,0.0,0.0","21.0,0.0,0.0","5.0,0.0,0.0","16.0,0.0,0.0"
1747092104.8256655,"3.0,0.0,0.0","21.0,0.0,0.0","5.0,0.0,0.0","15.0,0.0,0.0"
1747092104.87578,"3.0,0.0,0.0","21.0,0.0,0.0","5.0,0.0,0.0","15.0,0.0,0.0"
1747092104.9264624,"3.0,0.0,0.0","20.0,0.0,0.0","5.0,0.0,0.0","15.0,0.0,0.0"
1747092104.9764903,"3.0,0.0,0.0","20.0,0.0,0.0","5.0,0.0,0.0","14.0,0.0,0.0"
1747092105.0265706,"2.0,0.0,0.0","20.0,0.0,0.0","5.0,0.0,0.0","13.0,0.0,0.0"
1747092105.076934,"2.0,0.0,0.0","18.0,0.0,0.0","4.0,0.0,0.0","12.0,0.0,0.0"
1747092105.1270864,"1.0,0.0,0.0","16.0,0.0,0.0","6.0,0.0,0.0","11.0,0.0,0.0"
1747092105.1774495,"1.0,0.0,0.0","13.0,0.0,0.0","5.0,0.0,0.0","12.0,0.0,0.0"
1747092105.2282374,"-1.0,0.0,0.0","0.0,0.0,0.0","5.0,0.0,0.0","25.0,0.0,0.0"
1747092105.2796638,"-4.0,0.0,0.0","-2.0,0.0,0.0","6.0,0.0,0.0","26.0,0.0,0.0"
1747092105.3303986,"-8.0,0.0,0.0","-8.0,0.0,0.0","7.0,0.0,0.0","26.0,0.0,0.0"
1747092105.3807206,"-12.0,0.0,0.0","-14.0,0.0,0.0","10.0,0.0,0.0","22.0,0.0,0.0"
1747092105.430842,"-13.0,0.0,0.0","-16.0,0.0,0.0","10.0,0.0,0.0","22.0,0.0,0.0"
1747092105.4827664,"-14.0,0.0,0.0","-16.0,0.0,0.0","10.0,0.0,0.0","20.0,0.0,0.0"
1747092105.533572,"-14.0,0.0,0.0","-18.0,0.0,0.0","10.0,0.0,0.0","18.0,0.0,0.0"
1747092105.584142,"-14.0,0.0,0.0","-19.0,0.0,0.0","9.0,0.0,0.0","18.0,0.0,0.0"
1747092105.6347642,"-14.0,0.0,0.0","-19.0,0.0,0.0","9.0,0.0,0.0","18.0,0.0,0.0"
1747092105.685335,"-15.0,0.0,0.0","-19.0,0.0,0.0","9.0,0.0,0.0","17.0,0.0,0.0"
1747092105.7365723,"-15.0,0.0,0.0","-19.0,0.0,0.0","9.0,0.0,0.0","18.0,0.0,0.0"
1747092105.786638,"-14.0,0.0,0.0","-19.0,0.0,0.0","9.0,0.0,0.0","18.0,0.0,0.0"
1747092105.8367698,"-14.0,0.0,0.0","-19.0,0.0,0.0","10.0,0.0,0.0","18.0,0.0,0.0"
1747092105.8873818,"-14.0,0.0,0.0","-19.0,0.0,0.0","10.0,0.0,0.0","18.0,0.0,0.0"
1747092105.937456,"-14.0,0.0,0.0","-18.0,0.0,0.0","10.0,0.0,0.0","18.0,0.0,0.0"
1747092105.988408,"-14.0,0.0,0.0","-18.0,0.0,0.0","10.0,0.0,0.0","18.0,0.0,0.0"
1747092106.0393403,"-14.0,0.0,0.0","-18.0,0.0,0.0","10.0,0.0,0.0","18.0,0.0,0.0"
1747092106.089424,"-14.0,0.0,0.0","-17.0,0.0,0.0","10.0,0.0,0.0","17.0,0.0,0.0"
1747092106.141513,"-14.0,0.0,0.0","-17.0,0.0,0.0","10.0,0.0,0.0","17.0,0.0,0.0"
1747092106.192203,"-15.0,0.0,0.0","-17.0,0.0,0.0","10.0,0.0,0.0","16.0,0.0,0.0"
1747092106.2422888,"-20.0,0.0,0.0","-20.0,0.0,0.0","8.0,0.0,0.0","14.0,0.0,0.0"
1747092106.2929904,"-28.0,0.0,0.0","-32.0,0.0,0.0","0.0,0.0,0.0","13.0,0.0,0.0"
1747092106.343632,"-45.0,0.0,0.0","-47.0,0.0,0.0","3.0,0.0,0.0","18.0,0.0,0.0"
1747092106.3946483,"-52.0,0.0,0.0","-53.0,0.0,0.0","4.0,0.0,0.0","13.0,0.0,0.0"
1747092106.445599,"-59.0,0.0,0.0","-59.0,0.0,0.0","6.0,0.0,0.0","12.0,0.0,0.0"
1747092106.4956443,"-70.0,0.0,0.0","-69.0,0.0,0.0","5.0,0.0,0.0","8.0,0.0,0.0"
1747092106.546368,"-73.0,0.0,0.0","-72.0,0.0,0.0","4.0,0.0,0.0","4.0,0.0,0.0"
1747092106.5964859,"-77.0,0.0,0.0","-75.0,0.0,0.0","3.0,0.0,0.0","1.0,0.0,0.0"
1747092106.646848,"-85.0,0.0,0.0","-78.0,0.0,0.0","0.0,0.0,0.0","-5.0,0.0,0.0"
1747092106.6972897,"-87.0,0.0,0.0","-81.0,0.0,0.0","0.0,0.0,0.0","-3.0,0.0,0.0"
1747092106.7481627,"-87.0,0.0,0.0","-81.0,0.0,0.0","0.0,0.0,0.0","-5.0,0.0,0.0"
1747092106.799298,"-87.0,0.0,0.0","-81.0,0.0,0.0","-2.0,0.0,0.0","-6.0,0.0,0.0"
1747092106.850614,"-87.0,0.0,0.0","-81.0,0.0,0.0","-2.0,0.0,0.0","-6.0,0.0,0.0"
1747092106.900722,"-88.0,0.0,0.0","-81.0,0.0,0.0","-1.0,0.0,0.0","-6.0,0.0,0.0"
1747092106.9513814,"-88.0,0.0,0.0","-80.0,0.0,0.0","-1.0,0.0,0.0","-5.0,0.0,0.0"
1747092107.002614,"-87.0,0.0,0.0","-80.0,0.0,0.0","-1.0,0.0,0.0","-5.0,0.0,0.0"
1747092107.0535312,"-87.0,0.0,0.0","-80.0,0.0,0.0","0.0,0.0,0.0","-4.0,0.0,0.0"
1747092107.1041574,"-87.0,0.0,0.0","-80.0,0.0,0.0","1.0,0.0,0.0","-3.0,0.0,0.0"
1747092107.1556578,"-86.0,0.0,0.0","-79.0,0.0,0.0","3.0,0.0,0.0","-1.0,0.0,0.0"
1747092107.2056706,"-82.0,0.0,0.0","-76.0,0.0,0.0","7.0,0.0,0.0","3.0,0.0,0.0"
1747092107.2563179,"-78.0,0.0,0.0","-74.0,0.0,0.0","8.0,0.0,0.0","6.0,0.0,0.0"
1747092107.307644,"-73.0,0.0,0.0","-70.0,0.0,0.0","5.0,0.0,0.0","10.0,0.0,0.0"
1747092107.3577292,"-62.0,0.0,0.0","-57.0,0.0,0.0","11.0,0.0,0.0","16.0,0.0,0.0"
1747092107.407821,"-55.0,0.0,0.0","-51.0,0.0,0.0","7.0,0.0,0.0","19.0,0.0,0.0"
1747092107.4584625,"-49.0,0.0,0.0","-46.0,0.0,0.0","8.0,0.0,0.0","24.0,0.0,0.0"
1747092107.508649,"-28.0,0.0,0.0","-20.0,0.0,0.0","3.0,0.0,0.0","15.0,0.0,0.0"
1747092107.5595927,"-24.0,0.0,0.0","-14.0,0.0,0.0","9.0,0.0,0.0","18.0,0.0,0.0"
1747092107.6096854,"-18.0,0.0,0.0","-7.0,0.0,0.0","11.0,0.0,0.0","19.0,0.0,0.0"
1747092107.6603284,"-7.0,0.0,0.0","5.0,0.0,0.0","11.0,0.0,0.0","18.0,0.0,0.0"
1747092107.7105355,"-3.0,0.0,0.0","10.0,0.0,0.0","13.0,0.0,0.0","16.0,0.0,0.0"
1747092107.761287,"2.0,0.0,0.0","15.0,0.0,0.0","8.0,0.0,0.0","15.0,0.0,0.0"
1747092107.8116972,"9.0,0.0,0.0","22.0,0.0,0.0","5.0,0.0,0.0","16.0,0.0,0.0"
1747092107.8622928,"10.0,0.0,0.0","22.0,0.0,0.0","5.0,0.0,0.0","16.0,0.0,0.0"
1747092107.912837,"11.0,0.0,0.0","23.0,0.0,0.0","5.0,0.0,0.0","16.0,0.0,0.0"
1747092107.9634638,"11.0,0.0,0.0","23.0,0.0,0.0","4.0,0.0,0.0","16.0,0.0,0.0"
1747092108.0140266,"10.0,0.0,0.0","22.0,0.0,0.0","4.0,0.0,0.0","17.0,0.0,0.0"
1747092108.0646708,"7.0,0.0,0.0","19.0,0.0,0.0","3.0,0.0,0.0","15.0,0.0,0.0"
1747092108.115141,"7.0,0.0,0.0","18.0,0.0,0.0","3.0,0.0,0.0","13.0,0.0,0.0"
1747092108.165356,"0.0,0.0,0.0","10.0,0.0,0.0","6.0,0.0,0.0","19.0,0.0,0.0"
1747092108.216051,"-13.0,0.0,0.0","-6.0,0.0,0.0","10.0,0.0,0.0","19.0,0.0,0.0"
1747092108.2661622,"-28.0,0.0,0.0","-25.0,0.0,0.0","4.0,0.0,0.0","16.0,0.0,0.0"
1747092108.3171496,"-36.0,0.0,0.0","-36.0,0.0,0.0","7.0,0.0,0.0","19.0,0.0,0.0"
1747092108.3755958,"-57.0,0.0,0.0","-56.0,0.0,0.0","6.0,0.0,0.0","9.0,0.0,0.0"
1747092108.4267664,"-65.0,0.0,0.0","-62.0,0.0,0.0","8.0,0.0,0.0","9.0,0.0,0.0"
1747092108.4775264,"-70.0,0.0,0.0","-67.0,0.0,0.0","8.0,0.0,0.0","9.0,0.0,0.0"
1747092108.527558,"-72.0,0.0,0.0","-71.0,0.0,0.0","6.0,0.0,0.0","6.0,0.0,0.0"
1747092108.5786765,"-82.0,0.0,0.0","-78.0,0.0,0.0","3.0,0.0,0.0","-2.0,0.0,0.0"
1747092108.6296158,"-83.0,0.0,0.0","-78.0,0.0,0.0","1.0,0.0,0.0","-3.0,0.0,0.0"
1747092108.6804554,"-85.0,0.0,0.0","-79.0,0.0,0.0","1.0,0.0,0.0","-5.0,0.0,0.0"
1747092108.7306297,"-86.0,0.0,0.0","-80.0,0.0,0.0","1.0,0.0,0.0","-5.0,0.0,0.0"
1747092108.7823927,"-88.0,0.0,0.0","-81.0,0.0,0.0","1.0,0.0,0.0","-5.0,0.0,0.0"
1747092108.8330445,"-87.0,0.0,0.0","-82.0,0.0,0.0","-1.0,0.0,0.0","-7.0,0.0,0.0"
1747092108.883634,"-87.0,0.0,0.0","-82.0,0.0,0.0","-3.0,0.0,0.0","-7.0,0.0,0.0"
1747092108.9347517,"-87.0,0.0,0.0","-82.0,0.0,0.0","-4.0,0.0,0.0","-6.0,0.0,0.0"
1747092108.9854984,"-87.0,0.0,0.0","-82.0,0.0,0.0","-3.0,0.0,0.0","-5.0,0.0,0.0"
1747092109.0355732,"-87.0,0.0,0.0","-82.0,0.0,0.0","-3.0,0.0,0.0","-5.0,0.0,0.0"
1747092109.0856616,"-87.0,0.0,0.0","-81.0,0.0,0.0","-3.0,0.0,0.0","-4.0,0.0,0.0"
1747092109.1372776,"-87.0,0.0,0.0","-81.0,0.0,0.0","-3.0,0.0,0.0","-3.0,0.0,0.0"
1747092109.1874082,"-88.0,0.0,0.0","-80.0,0.0,0.0","-2.0,0.0,0.0","-1.0,0.0,0.0"
1747092109.2376366,"-88.0,0.0,0.0","-80.0,0.0,0.0","-2.0,0.0,0.0","0.0,0.0,0.0"
1747092109.2883244,"-88.0,0.0,0.0","-73.0,0.0,0.0","-1.0,0.0,0.0","13.0,0.0,0.0"
1747092109.3385768,"-88.0,0.0,0.0","-69.0,0.0,0.0","-1.0,0.0,0.0","14.0,0.0,0.0"
1747092109.3892581,"-88.0,0.0,0.0","-63.0,0.0,0.0","-1.0,0.0,0.0","16.0,0.0,0.0"
1747092109.4402707,"-88.0,0.0,0.0","-52.0,0.0,0.0","-1.0,0.0,0.0","25.0,0.0,0.0"
1747092109.4923234,"-88.0,0.0,0.0","-35.0,0.0,0.0","-1.0,0.0,0.0","26.0,0.0,0.0"
1747092109.5425851,"-88.0,0.0,0.0","-21.0,0.0,0.0","-1.0,0.0,0.0","23.0,0.0,0.0"
1747092109.5926201,"-88.0,0.0,0.0","-12.0,0.0,0.0","-1.0,0.0,0.0","30.0,0.0,0.0"
1747092109.6442583,"-88.0,0.0,0.0","14.0,0.0,0.0","0.0,0.0,0.0","19.0,0.0,0.0"
1747092109.6947992,"-88.0,0.0,0.0","22.0,0.0,0.0","-1.0,0.0,0.0","19.0,0.0,0.0"
1747092109.7454855,"-87.0,0.0,0.0","41.0,0.0,0.0","-1.0,0.0,0.0","8.0,0.0,0.0"
1747092109.7955525,"-87.0,0.0,0.0","44.0,0.0,0.0","-1.0,0.0,0.0","9.0,0.0,0.0"
1747092109.8456109,"-87.0,0.0,0.0","48.0,0.0,0.0","-1.0,0.0,0.0","11.0,0.0,0.0"
1747092109.8957927,"-87.0,0.0,0.0","58.0,0.0,0.0","-2.0,0.0,0.0","6.0,0.0,0.0"
1747092109.9459672,"-86.0,0.0,0.0","60.0,0.0,0.0","-3.0,0.0,0.0","8.0,0.0,0.0"
1747092109.9971561,"-86.0,0.0,0.0","64.0,0.0,0.0","-3.0,0.0,0.0","6.0,0.0,0.0"
1747092110.049576,"-85.0,0.0,0.0","71.0,0.0,0.0","-4.0,0.0,0.0","0.0,0.0,0.0"
1747092110.0996804,"-86.0,0.0,0.0","76.0,0.0,0.0","-4.0,0.0,0.0","-1.0,0.0,0.0"
1747092110.1497142,"-86.0,0.0,0.0","78.0,0.0,0.0","-3.0,0.0,0.0","-2.0,0.0,0.0"
1747092110.2005055,"-85.0,0.0,0.0","83.0,0.0,0.0","-4.0,0.0,0.0","-4.0,0.0,0.0"
1747092110.2505338,"-85.0,0.0,0.0","85.0,0.0,0.0","-4.0,0.0,0.0","-3.0,0.0,0.0"
1747092110.3014128,"-85.0,0.0,0.0","86.0,0.0,0.0","-5.0,0.0,0.0","-2.0,0.0,0.0"
1747092110.3516521,"-85.0,0.0,0.0","89.0,0.0,0.0","-5.0,0.0,0.0","2.0,0.0,0.0"
1747092110.401678,"-85.0,0.0,0.0","-47.0,0.0,0.0","-5.0,0.0,0.0","140.0,0.0,0.0"
1747092110.4519815,"-85.0,0.0,0.0","-73.0,0.0,0.0","-5.0,0.0,0.0","167.0,0.0,0.0"
1747092110.5024228,"-85.0,0.0,0.0","-77.0,0.0,0.0","-5.0,0.0,0.0","174.0,0.0,0.0"
1747092110.5527306,"-85.0,0.0,0.0","94.0,0.0,0.0","-5.0,0.0,0.0","0.0,0.0,0.0"
1747092110.6037135,"-85.0,0.0,0.0","-106.0,0.0,0.0","-5.0,0.0,0.0","-162.0,0.0,0.0"
1747092110.6545105,"-85.0,0.0,0.0","-84.0,0.0,0.0","-5.0,0.0,0.0","-170.0,0.0,0.0"
1747092110.7046673,"-85.0,0.0,0.0","-79.0,0.0,0.0","-6.0,0.0,0.0","-178.0,0.0,0.0"
1747092110.7553296,"-85.0,0.0,0.0","-77.0,0.0,0.0","-5.0,0.0,0.0","176.0,0.0,0.0"
1747092110.805394,"-85.0,0.0,0.0","-79.0,0.0,0.0","-5.0,0.0,0.0","-6.0,0.0,0.0"
1747092110.8556406,"-85.0,0.0,0.0","90.0,0.0,0.0","-5.0,0.0,0.0","1.0,0.0,0.0"
1747092110.9057229,"-86.0,0.0,0.0","90.0,0.0,0.0","-5.0,0.0,0.0","0.0,0.0,0.0"
1747092110.9563599,"-86.0,0.0,0.0","90.0,0.0,0.0","-5.0,0.0,0.0","0.0,0.0,0.0"
1747092111.006436,"-86.0,0.0,0.0","90.0,0.0,0.0","-5.0,0.0,0.0","-2.0,0.0,0.0"
1747092111.057621,"-85.0,0.0,0.0","86.0,0.0,0.0","-5.0,0.0,0.0","-7.0,0.0,0.0"
1747092111.108447,"-85.0,0.0,0.0","83.0,0.0,0.0","-5.0,0.0,0.0","-6.0,0.0,0.0"
1747092111.1585686,"-85.0,0.0,0.0","80.0,0.0,0.0","-5.0,0.0,0.0","-5.0,0.0,0.0"
1747092111.2092943,"-85.0,0.0,0.0","74.0,0.0,0.0","-6.0,0.0,0.0","0.0,0.0,0.0"
1747092111.2595272,"-85.0,0.0,0.0","70.0,0.0,0.0","-6.0,0.0,0.0","0.0,0.0,0.0"
1747092111.3096964,"-85.0,0.0,0.0","65.0,0.0,0.0","-6.0,0.0,0.0","4.0,0.0,0.0"
1747092111.3602738,"-86.0,0.0,0.0","47.0,0.0,0.0","-4.0,0.0,0.0","8.0,0.0,0.0"
1747092111.4102974,"-87.0,0.0,0.0","42.0,0.0,0.0","-3.0,0.0,0.0","11.0,0.0,0.0"
1747092111.4607763,"-87.0,0.0,0.0","35.0,0.0,0.0","-3.0,0.0,0.0","15.0,0.0,0.0"
1747092111.5113664,"-87.0,0.0,0.0","22.0,0.0,0.0","-2.0,0.0,0.0","17.0,0.0,0.0"
1747092111.562288,"-87.0,0.0,0.0","15.0,0.0,0.0","-2.0,0.0,0.0","17.0,0.0,0.0"
1747092111.612391,"-87.0,0.0,0.0","4.0,0.0,0.0","-2.0,0.0,0.0","19.0,0.0,0.0"
1747092111.6640658,"-87.0,0.0,0.0","-28.0,0.0,0.0","-1.0,0.0,0.0","22.0,0.0,0.0"
1747092111.7151897,"-88.0,0.0,0.0","-36.0,0.0,0.0","-1.0,0.0,0.0","21.0,0.0,0.0"
1747092111.7653518,"-88.0,0.0,0.0","-44.0,0.0,0.0","-1.0,0.0,0.0","24.0,0.0,0.0"
1747092111.815979,"-88.0,0.0,0.0","-54.0,0.0,0.0","-1.0,0.0,0.0","17.0,0.0,0.0"
1747092111.8661523,"-88.0,0.0,0.0","-58.0,0.0,0.0","-1.0,0.0,0.0","11.0,0.0,0.0"
1747092111.9162378,"-88.0,0.0,0.0","-64.0,0.0,0.0","-1.0,0.0,0.0","13.0,0.0,0.0"
1747092111.9666479,"-88.0,0.0,0.0","-73.0,0.0,0.0","-1.0,0.0,0.0","1.0,0.0,0.0"
1747092112.016932,"-88.0,0.0,0.0","-75.0,0.0,0.0","-2.0,0.0,0.0","0.0,0.0,0.0"
1747092112.0674062,"-88.0,0.0,0.0","-77.0,0.0,0.0","-2.0,0.0,0.0","0.0,0.0,0.0"
1747092112.1177833,"-88.0,0.0,0.0","-80.0,0.0,0.0","-3.0,0.0,0.0","-1.0,0.0,0.0"
1747092112.1686943,"-87.0,0.0,0.0","-81.0,0.0,0.0","-3.0,0.0,0.0","-3.0,0.0,0.0"
1747092112.2187045,"-87.0,0.0,0.0","-83.0,0.0,0.0","-4.0,0.0,0.0","-3.0,0.0,0.0"
1747092112.269266,"-87.0,0.0,0.0","-83.0,0.0,0.0","-4.0,0.0,0.0","-4.0,0.0,0.0"
1747092112.319538,"-87.0,0.0,0.0","-83.0,0.0,0.0","-4.0,0.0,0.0","-4.0,0.0,0.0"
1747092112.3697217,"-86.0,0.0,0.0","-83.0,0.0,0.0","-4.0,0.0,0.0","-2.0,0.0,0.0"
1747092112.4207175,"-86.0,0.0,0.0","-83.0,0.0,0.0","-4.0,0.0,0.0","-2.0,0.0,0.0"
1747092112.4713295,"-86.0,0.0,0.0","-83.0,0.0,0.0","-5.0,0.0,0.0","-2.0,0.0,0.0"
1747092112.5214598,"-86.0,0.0,0.0","-82.0,0.0,0.0","-4.0,0.0,0.0","-3.0,0.0,0.0"
1747092112.5719259,"-86.0,0.0,0.0","-81.0,0.0,0.0","-4.0,0.0,0.0","-3.0,0.0,0.0"
1747092112.6220188,"-87.0,0.0,0.0","-80.0,0.0,0.0","-4.0,0.0,0.0","-3.0,0.0,0.0"
1747092112.6727898,"-87.0,0.0,0.0","-79.0,0.0,0.0","-3.0,0.0,0.0","0.0,0.0,0.0"
1747092112.7244844,"-87.0,0.0,0.0","-78.0,0.0,0.0","-3.0,0.0,0.0","3.0,0.0,0.0"
1747092112.7745342,"-87.0,0.0,0.0","-77.0,0.0,0.0","-2.0,0.0,0.0","8.0,0.0,0.0"
1747092112.8286533,"-87.0,0.0,0.0","-74.0,0.0,0.0","-2.0,0.0,0.0","12.0,0.0,0.0"
1747092112.8826287,"-88.0,0.0,0.0","-62.0,0.0,0.0","-2.0,0.0,0.0","20.0,0.0,0.0"
1747092112.9340804,"-88.0,0.0,0.0","-55.0,0.0,0.0","-2.0,0.0,0.0","25.0,0.0,0.0"
1747092112.984568,"-88.0,0.0,0.0","-49.0,0.0,0.0","-1.0,0.0,0.0","30.0,0.0,0.0"
1747092113.0352826,"-88.0,0.0,0.0","-20.0,0.0,0.0","-1.0,0.0,0.0","23.0,0.0,0.0"
1747092113.085713,"-88.0,0.0,0.0","-9.0,0.0,0.0","-2.0,0.0,0.0","28.0,0.0,0.0"
1747092113.1358852,"-87.0,0.0,0.0","14.0,0.0,0.0","-2.0,0.0,0.0","17.0,0.0,0.0"
1747092113.1865563,"-87.0,0.0,0.0","21.0,0.0,0.0","-2.0,0.0,0.0","19.0,0.0,0.0"
1747092113.2371457,"-87.0,0.0,0.0","31.0,0.0,0.0","-2.0,0.0,0.0","12.0,0.0,0.0"
1747092113.287641,"-87.0,0.0,0.0","36.0,0.0,0.0","-2.0,0.0,0.0","13.0,0.0,0.0"
1747092113.3379762,"-87.0,0.0,0.0","47.0,0.0,0.0","-2.0,0.0,0.0","12.0,0.0,0.0"
1747092113.3880744,"-87.0,0.0,0.0","52.0,0.0,0.0","-3.0,0.0,0.0","9.0,0.0,0.0"
1747092113.4463563,"-86.0,0.0,0.0","60.0,0.0,0.0","-3.0,0.0,0.0","7.0,0.0,0.0"
1747092113.4964943,"-86.0,0.0,0.0","64.0,0.0,0.0","-3.0,0.0,0.0","5.0,0.0,0.0"
1747092113.5466108,"-86.0,0.0,0.0","67.0,0.0,0.0","-3.0,0.0,0.0","3.0,0.0,0.0"
1747092113.5966988,"-85.0,0.0,0.0","76.0,0.0,0.0","-4.0,0.0,0.0","0.0,0.0,0.0"
1747092113.6473124,"-85.0,0.0,0.0","77.0,0.0,0.0","-4.0,0.0,0.0","0.0,0.0,0.0"
1747092113.6974018,"-85.0,0.0,0.0","79.0,0.0,0.0","-4.0,0.0,0.0","-1.0,0.0,0.0"
1747092113.7483432,"-84.0,0.0,0.0","83.0,0.0,0.0","-6.0,0.0,0.0","-1.0,0.0,0.0"
1747092113.798382,"-84.0,0.0,0.0","85.0,0.0,0.0","-6.0,0.0,0.0","-1.0,0.0,0.0"
1747092113.8485556,"-84.0,0.0,0.0","87.0,0.0,0.0","-6.0,0.0,0.0","-1.0,0.0,0.0"
1747092113.9004169,"-84.0,0.0,0.0","69.0,0.0,0.0","-6.0,0.0,0.0","12.0,0.0,0.0"
1747092113.950546,"-84.0,0.0,0.0","89.0,0.0,0.0","-6.0,0.0,0.0","0.0,0.0,0.0"
1747092114.0014708,"-84.0,0.0,0.0","-88.0,0.0,0.0","-6.0,0.0,0.0","4.0,0.0,0.0"
1747092114.0515969,"-84.0,0.0,0.0","-68.0,0.0,0.0","-6.0,0.0,0.0","-73.0,0.0,0.0"
1747092114.1024542,"-84.0,0.0,0.0","88.0,0.0,0.0","-6.0,0.0,0.0","2.0,0.0,0.0"
1747092114.1531324,"-84.0,0.0,0.0","90.0,0.0,0.0","-6.0,0.0,0.0","0.0,0.0,0.0"
1747092114.2033274,"-84.0,0.0,0.0","90.0,0.0,0.0","-6.0,0.0,0.0","-1.0,0.0,0.0"
1747092114.2540987,"-84.0,0.0,0.0","90.0,0.0,0.0","-6.0,0.0,0.0","-1.0,0.0,0.0"
1747092114.304299,"-84.0,0.0,0.0","90.0,0.0,0.0","-6.0,0.0,0.0","-1.0,0.0,0.0"
1747092114.3552325,"-84.0,0.0,0.0","90.0,0.0,0.0","-7.0,0.0,0.0","0.0,0.0,0.0"
1747092114.4057605,"-84.0,0.0,0.0","89.0,0.0,0.0","-6.0,0.0,0.0","0.0,0.0,0.0"
1747092114.456281,"-84.0,0.0,0.0","89.0,0.0,0.0","-6.0,0.0,0.0","0.0,0.0,0.0"
1747092114.5063841,"-84.0,0.0,0.0","89.0,0.0,0.0","-6.0,0.0,0.0","0.0,0.0,0.0"
1747092114.5565367,"-84.0,0.0,0.0","89.0,0.0,0.0","-6.0,0.0,0.0","0.0,0.0,0.0"
1747092114.6066155,"-84.0,0.0,0.0","89.0,0.0,0.0","-6.0,0.0,0.0","0.0,0.0,0.0"
1747092114.65676,"-84.0,0.0,0.0","89.0,0.0,0.0","-7.0,0.0,0.0","0.0,0.0,0.0"
1747092114.7094052,"-84.0,0.0,0.0","89.0,0.0,0.0","-7.0,0.0,0.0","0.0,0.0,0.0"
1747092114.7605662,"-84.0,0.0,0.0","89.0,0.0,0.0","-7.0,0.0,0.0","0.0,0.0,0.0"
1747092114.810614,"-84.0,0.0,0.0","88.0,0.0,0.0","-7.0,0.0,0.0","0.0,0.0,0.0"
1747092114.8612561,"-84.0,0.0,0.0","88.0,0.0,0.0","-7.0,0.0,0.0","0.0,0.0,0.0"
1747092114.9115613,"-84.0,0.0,0.0","88.0,0.0,0.0","-6.0,0.0,0.0","0.0,0.0,0.0"
1747092114.9625292,"-84.0,0.0,0.0","88.0,0.0,0.0","-6.0,0.0,0.0","0.0,0.0,0.0"
1747092115.012658,"-84.0,0.0,0.0","88.0,0.0,0.0","-6.0,0.0,0.0","0.0,0.0,0.0"
1747092115.0627942,"-84.0,0.0,0.0","87.0,0.0,0.0","-6.0,0.0,0.0","0.0,0.0,0.0"
1747092115.113472,"-84.0,0.0,0.0","86.0,0.0,0.0","-7.0,0.0,0.0","0.0,0.0,0.0"
1747092115.1651523,"-84.0,0.0,0.0","86.0,0.0,0.0","-7.0,0.0,0.0","0.0,0.0,0.0"
1747092115.215589,"-84.0,0.0,0.0","85.0,0.0,0.0","-7.0,0.0,0.0","0.0,0.0,0.0"
1747092115.2664871,"-83.0,0.0,0.0","83.0,0.0,0.0","-9.0,0.0,0.0","-1.0,0.0,0.0"
1747092115.3167863,"-83.0,0.0,0.0","82.0,0.0,0.0","-9.0,0.0,0.0","-2.0,0.0,0.0"
1747092115.3676703,"-83.0,0.0,0.0","81.0,0.0,0.0","-9.0,0.0,0.0","-3.0,0.0,0.0"
1747092115.4190736,"-83.0,0.0,0.0","77.0,0.0,0.0","-9.0,0.0,0.0","-2.0,0.0,0.0"
1747092115.46933,"-83.0,0.0,0.0","74.0,0.0,0.0","-9.0,0.0,0.0","-1.0,0.0,0.0"
1747092115.5202506,"-83.0,0.0,0.0","71.0,0.0,0.0","-9.0,0.0,0.0","0.0,0.0,0.0"
1747092115.5702844,"-84.0,0.0,0.0","55.0,0.0,0.0","-7.0,0.0,0.0","8.0,0.0,0.0"
1747092115.6204991,"-85.0,0.0,0.0","49.0,0.0,0.0","-6.0,0.0,0.0","12.0,0.0,0.0"
1747092115.671436,"-85.0,0.0,0.0","46.0,0.0,0.0","-6.0,0.0,0.0","10.0,0.0,0.0"
1747092115.7220962,"-86.0,0.0,0.0","34.0,0.0,0.0","-4.0,0.0,0.0","14.0,0.0,0.0"
1747092115.7723207,"-86.0,0.0,0.0","27.0,0.0,0.0","-3.0,0.0,0.0","15.0,0.0,0.0"
1747092115.8224943,"-87.0,0.0,0.0","1.0,0.0,0.0","-2.0,0.0,0.0","16.0,0.0,0.0"
1747092115.8729014,"-87.0,0.0,0.0","-11.0,0.0,0.0","-1.0,0.0,0.0","19.0,0.0,0.0"
1747092115.9236312,"-88.0,0.0,0.0","-21.0,0.0,0.0","-1.0,0.0,0.0","22.0,0.0,0.0"
1747092115.9744766,"-88.0,0.0,0.0","-41.0,0.0,0.0","-1.0,0.0,0.0","22.0,0.0,0.0"
1747092116.0264678,"-87.0,0.0,0.0","-49.0,0.0,0.0","-1.0,0.0,0.0","27.0,0.0,0.0"
1747092116.0770788,"-88.0,0.0,0.0","-55.0,0.0,0.0","0.0,0.0,0.0","22.0,0.0,0.0"
1747092116.1272752,"-88.0,0.0,0.0","-63.0,0.0,0.0","0.0,0.0,0.0","15.0,0.0,0.0"
1747092116.1773849,"-87.0,0.0,0.0","-69.0,0.0,0.0","-1.0,0.0,0.0","6.0,0.0,0.0"
1747092116.2285004,"-87.0,0.0,0.0","-72.0,0.0,0.0","-1.0,0.0,0.0","4.0,0.0,0.0"
1747092116.278521,"-87.0,0.0,0.0","-76.0,0.0,0.0","-1.0,0.0,0.0","0.0,0.0,0.0"
1747092116.329226,"-87.0,0.0,0.0","-77.0,0.0,0.0","-2.0,0.0,0.0","-1.0,0.0,0.0"
1747092116.379428,"-87.0,0.0,0.0","-79.0,0.0,0.0","-2.0,0.0,0.0","-1.0,0.0,0.0"
1747092116.4305696,"-87.0,0.0,0.0","-79.0,0.0,0.0","-2.0,0.0,0.0","-3.0,0.0,0.0"
1747092116.481691,"-87.0,0.0,0.0","-79.0,0.0,0.0","-2.0,0.0,0.0","-5.0,0.0,0.0"
1747092116.532459,"-86.0,0.0,0.0","-81.0,0.0,0.0","-3.0,0.0,0.0","-7.0,0.0,0.0"
1747092116.5830917,"-86.0,0.0,0.0","-82.0,0.0,0.0","-4.0,0.0,0.0","-7.0,0.0,0.0"
1747092116.634009,"-86.0,0.0,0.0","-82.0,0.0,0.0","-4.0,0.0,0.0","-6.0,0.0,0.0"
1747092116.6845145,"-86.0,0.0,0.0","-81.0,0.0,0.0","-4.0,0.0,0.0","-5.0,0.0,0.0"
1747092116.7352383,"-86.0,0.0,0.0","-81.0,0.0,0.0","-4.0,0.0,0.0","-5.0,0.0,0.0"
1747092116.7854297,"-86.0,0.0,0.0","-81.0,0.0,0.0","-4.0,0.0,0.0","-5.0,0.0,0.0"
1747092116.835552,"-86.0,0.0,0.0","-81.0,0.0,0.0","-3.0,0.0,0.0","-5.0,0.0,0.0"
1747092116.885706,"-86.0,0.0,0.0","-81.0,0.0,0.0","-3.0,0.0,0.0","-3.0,0.0,0.0"
1747092116.937589,"-86.0,0.0,0.0","-79.0,0.0,0.0","-4.0,0.0,0.0","0.0,0.0,0.0"
1747092116.9877234,"-86.0,0.0,0.0","-78.0,0.0,0.0","-3.0,0.0,0.0","4.0,0.0,0.0"
1747092117.0385113,"-86.0,0.0,0.0","-76.0,0.0,0.0","-3.0,0.0,0.0","10.0,0.0,0.0"
1747092117.0886762,"-87.0,0.0,0.0","-70.0,0.0,0.0","-3.0,0.0,0.0","21.0,0.0,0.0"
1747092117.1395497,"-87.0,0.0,0.0","-64.0,0.0,0.0","-2.0,0.0,0.0","19.0,0.0,0.0"
1747092117.1902702,"-87.0,0.0,0.0","-52.0,0.0,0.0","-2.0,0.0,0.0","30.0,0.0,0.0"
1747092117.2403123,"-87.0,0.0,0.0","-28.0,0.0,0.0","-2.0,0.0,0.0","25.0,0.0,0.0"
1747092117.2912552,"-87.0,0.0,0.0","-20.0,0.0,0.0","-2.0,0.0,0.0","29.0,0.0,0.0"
1747092117.3415685,"-87.0,0.0,0.0","9.0,0.0,0.0","-2.0,0.0,0.0","19.0,0.0,0.0"
1747092117.392017,"-87.0,0.0,0.0","19.0,0.0,0.0","-2.0,0.0,0.0","19.0,0.0,0.0"
1747092117.4424772,"-86.0,0.0,0.0","30.0,0.0,0.0","-2.0,0.0,0.0","14.0,0.0,0.0"
1747092117.4934452,"-86.0,0.0,0.0","42.0,0.0,0.0","-2.0,0.0,0.0","9.0,0.0,0.0"
1747092117.5438602,"-86.0,0.0,0.0","49.0,0.0,0.0","-2.0,0.0,0.0","8.0,0.0,0.0"
1747092117.5953815,"-86.0,0.0,0.0","52.0,0.0,0.0","-2.0,0.0,0.0","8.0,0.0,0.0"
1747092117.6463568,"-86.0,0.0,0.0","67.0,0.0,0.0","-3.0,0.0,0.0","3.0,0.0,0.0"
1747092117.6984088,"-86.0,0.0,0.0","69.0,0.0,0.0","-3.0,0.0,0.0","3.0,0.0,0.0"
1747092117.74875,"-86.0,0.0,0.0","72.0,0.0,0.0","-3.0,0.0,0.0","2.0,0.0,0.0"
1747092117.799202,"-86.0,0.0,0.0","76.0,0.0,0.0","-3.0,0.0,0.0","2.0,0.0,0.0"
1747092117.8495727,"-86.0,0.0,0.0","77.0,0.0,0.0","-3.0,0.0,0.0","3.0,0.0,0.0"
1747092117.900238,"-86.0,0.0,0.0","81.0,0.0,0.0","-3.0,0.0,0.0","2.0,0.0,0.0"
1747092117.950291,"-86.0,0.0,0.0","84.0,0.0,0.0","-4.0,0.0,0.0","2.0,0.0,0.0"
1747092118.0005484,"-85.0,0.0,0.0","85.0,0.0,0.0","-4.0,0.0,0.0","1.0,0.0,0.0"
1747092118.0509067,"-85.0,0.0,0.0","85.0,0.0,0.0","-5.0,0.0,0.0","4.0,0.0,0.0"
1747092118.101416,"-83.0,0.0,0.0","85.0,0.0,0.0","-8.0,0.0,0.0","3.0,0.0,0.0"
1747092118.1522849,"-83.0,0.0,0.0","85.0,0.0,0.0","-8.0,0.0,0.0","3.0,0.0,0.0"
1747092118.203272,"-83.0,0.0,0.0","85.0,0.0,0.0","-9.0,0.0,0.0","3.0,0.0,0.0"
1747092118.254184,"-83.0,0.0,0.0","85.0,0.0,0.0","-8.0,0.0,0.0","3.0,0.0,0.0"
1747092118.3043008,"-83.0,0.0,0.0","84.0,0.0,0.0","-8.0,0.0,0.0","2.0,0.0,0.0"
1747092118.3552144,"-84.0,0.0,0.0","84.0,0.0,0.0","-8.0,0.0,0.0","2.0,0.0,0.0"
1747092118.4057822,"-84.0,0.0,0.0","84.0,0.0,0.0","-8.0,0.0,0.0","1.0,0.0,0.0"
1747092118.4559221,"-84.0,0.0,0.0","82.0,0.0,0.0","-7.0,0.0,0.0","-1.0,0.0,0.0"
1747092118.5129974,"-84.0,0.0,0.0","80.0,0.0,0.0","-7.0,0.0,0.0","-2.0,0.0,0.0"
1747092118.563553,"-84.0,0.0,0.0","78.0,0.0,0.0","-7.0,0.0,0.0","-2.0,0.0,0.0"
1747092118.6136134,"-86.0,0.0,0.0","68.0,0.0,0.0","-5.0,0.0,0.0","3.0,0.0,0.0"
1747092118.664869,"-86.0,0.0,0.0","64.0,0.0,0.0","-5.0,0.0,0.0","6.0,0.0,0.0"
1747092118.715284,"-86.0,0.0,0.0","53.0,0.0,0.0","-5.0,0.0,0.0","12.0,0.0,0.0"
1747092118.765421,"-85.0,0.0,0.0","46.0,0.0,0.0","-5.0,0.0,0.0","16.0,0.0,0.0"
1747092118.8161047,"-86.0,0.0,0.0","42.0,0.0,0.0","-4.0,0.0,0.0","16.0,0.0,0.0"
1747092118.8665886,"-86.0,0.0,0.0","25.0,0.0,0.0","-2.0,0.0,0.0","24.0,0.0,0.0"
1747092118.9175184,"-87.0,0.0,0.0","19.0,0.0,0.0","-2.0,0.0,0.0","24.0,0.0,0.0"
1747092118.9697926,"-87.0,0.0,0.0","10.0,0.0,0.0","-1.0,0.0,0.0","27.0,0.0,0.0"
1747092119.0207286,"-87.0,0.0,0.0","0.0,0.0,0.0","-1.0,0.0,0.0","26.0,0.0,0.0"
1747092119.071409,"-87.0,0.0,0.0","-21.0,0.0,0.0","-1.0,0.0,0.0","26.0,0.0,0.0"
1747092119.1215503,"-87.0,0.0,0.0","-41.0,0.0,0.0","-1.0,0.0,0.0","25.0,0.0,0.0"
1747092119.1722114,"-87.0,0.0,0.0","-52.0,0.0,0.0","-1.0,0.0,0.0","35.0,0.0,0.0"
1747092119.2231503,"-87.0,0.0,0.0","-58.0,0.0,0.0","-1.0,0.0,0.0","15.0,0.0,0.0"
1747092119.273375,"-87.0,0.0,0.0","-63.0,0.0,0.0","-1.0,0.0,0.0","15.0,0.0,0.0"
1747092119.323798,"-87.0,0.0,0.0","-67.0,0.0,0.0","-1.0,0.0,0.0","13.0,0.0,0.0"
1747092119.4020562,"-87.0,0.0,0.0","-75.0,0.0,0.0","-1.0,0.0,0.0","1.0,0.0,0.0"
1747092119.4555137,"-87.0,0.0,0.0","-76.0,0.0,0.0","-2.0,0.0,0.0","0.0,0.0,0.0"
1747092119.5061822,"-87.0,0.0,0.0","-78.0,0.0,0.0","-2.0,0.0,0.0","-1.0,0.0,0.0"
1747092119.556672,"-86.0,0.0,0.0","-79.0,0.0,0.0","-3.0,0.0,0.0","-5.0,0.0,0.0"
1747092119.607355,"-86.0,0.0,0.0","-80.0,0.0,0.0","-3.0,0.0,0.0","-6.0,0.0,0.0"
1747092119.6577036,"-86.0,0.0,0.0","-81.0,0.0,0.0","-3.0,0.0,0.0","-6.0,0.0,0.0"
1747092119.707847,"-85.0,0.0,0.0","-83.0,0.0,0.0","-2.0,0.0,0.0","-5.0,0.0,0.0"
1747092119.7584383,"-83.0,0.0,0.0","-83.0,0.0,0.0","0.0,0.0,0.0","-5.0,0.0,0.0"
1747092119.8094134,"-82.0,0.0,0.0","-82.0,0.0,0.0","1.0,0.0,0.0","-5.0,0.0,0.0"
1747092119.860415,"-76.0,0.0,0.0","-82.0,0.0,0.0","6.0,0.0,0.0","-5.0,0.0,0.0"
1747092119.9105828,"-72.0,0.0,0.0","-82.0,0.0,0.0","7.0,0.0,0.0","-6.0,0.0,0.0"
1747092119.9613256,"-68.0,0.0,0.0","-81.0,0.0,0.0","11.0,0.0,0.0","-7.0,0.0,0.0"
1747092120.0116255,"-57.0,0.0,0.0","-81.0,0.0,0.0","16.0,0.0,0.0","-8.0,0.0,0.0"
1747092120.0621033,"-37.0,0.0,0.0","-81.0,0.0,0.0","11.0,0.0,0.0","-8.0,0.0,0.0"
1747092120.1130698,"-15.0,0.0,0.0","-81.0,0.0,0.0","12.0,0.0,0.0","-8.0,0.0,0.0"
1747092120.1638231,"-5.0,0.0,0.0","-81.0,0.0,0.0","12.0,0.0,0.0","-8.0,0.0,0.0"
1747092120.2139285,"7.0,0.0,0.0","-82.0,0.0,0.0","5.0,0.0,0.0","-8.0,0.0,0.0"
1747092120.264667,"19.0,0.0,0.0","-82.0,0.0,0.0","19.0,0.0,0.0","-8.0,0.0,0.0"
1747092120.314834,"26.0,0.0,0.0","-82.0,0.0,0.0","19.0,0.0,0.0","-8.0,0.0,0.0"
1747092120.3650584,"38.0,0.0,0.0","-82.0,0.0,0.0","15.0,0.0,0.0","-7.0,0.0,0.0"
1747092120.4156387,"47.0,0.0,0.0","-82.0,0.0,0.0","17.0,0.0,0.0","-5.0,0.0,0.0"
1747092120.4662688,"52.0,0.0,0.0","-82.0,0.0,0.0","16.0,0.0,0.0","-6.0,0.0,0.0"
1747092120.5164845,"56.0,0.0,0.0","-81.0,0.0,0.0","14.0,0.0,0.0","-6.0,0.0,0.0"
1747092120.5669658,"62.0,0.0,0.0","-80.0,0.0,0.0","10.0,0.0,0.0","-8.0,0.0,0.0"
1747092120.6177015,"65.0,0.0,0.0","-79.0,0.0,0.0","9.0,0.0,0.0","-9.0,0.0,0.0"
1747092120.6686113,"67.0,0.0,0.0","-79.0,0.0,0.0","7.0,0.0,0.0","-10.0,0.0,0.0"
1747092120.7192564,"72.0,0.0,0.0","-77.0,0.0,0.0","8.0,0.0,0.0","-12.0,0.0,0.0"
1747092120.76943,"73.0,0.0,0.0","-76.0,0.0,0.0","7.0,0.0,0.0","-14.0,0.0,0.0"
1747092120.8208792,"75.0,0.0,0.0","-75.0,0.0,0.0","5.0,0.0,0.0","-15.0,0.0,0.0"
1747092120.8715174,"77.0,0.0,0.0","-74.0,0.0,0.0","5.0,0.0,0.0","-16.0,0.0,0.0"
1747092120.922251,"77.0,0.0,0.0","-74.0,0.0,0.0","6.0,0.0,0.0","-15.0,0.0,0.0"
1747092120.972652,"77.0,0.0,0.0","-75.0,0.0,0.0","6.0,0.0,0.0","-15.0,0.0,0.0"
1747092121.0242906,"78.0,0.0,0.0","-75.0,0.0,0.0","6.0,0.0,0.0","-14.0,0.0,0.0"
1747092121.0744143,"79.0,0.0,0.0","-75.0,0.0,0.0","6.0,0.0,0.0","-14.0,0.0,0.0"
1747092121.125262,"79.0,0.0,0.0","-75.0,0.0,0.0","6.0,0.0,0.0","-14.0,0.0,0.0"
1747092121.17664,"79.0,0.0,0.0","-75.0,0.0,0.0","6.0,0.0,0.0","-14.0,0.0,0.0"
1747092121.227266,"79.0,0.0,0.0","-75.0,0.0,0.0","6.0,0.0,0.0","-14.0,0.0,0.0"
1747092121.2774854,"79.0,0.0,0.0","-75.0,0.0,0.0","6.0,0.0,0.0","-14.0,0.0,0.0"
1747092121.327656,"79.0,0.0,0.0","-75.0,0.0,0.0","6.0,0.0,0.0","-15.0,0.0,0.0"
1747092121.37827,"79.0,0.0,0.0","-75.0,0.0,0.0","6.0,0.0,0.0","-15.0,0.0,0.0"
1747092121.4292486,"79.0,0.0,0.0","-75.0,0.0,0.0","6.0,0.0,0.0","-15.0,0.0,0.0"
1747092121.479919,"78.0,0.0,0.0","-75.0,0.0,0.0","6.0,0.0,0.0","-16.0,0.0,0.0"
1747092121.530172,"77.0,0.0,0.0","-74.0,0.0,0.0","5.0,0.0,0.0","-17.0,0.0,0.0"
1747092121.5803509,"75.0,0.0,0.0","-74.0,0.0,0.0","4.0,0.0,0.0","-17.0,0.0,0.0"
1747092121.6317265,"74.0,0.0,0.0","-74.0,0.0,0.0","4.0,0.0,0.0","-17.0,0.0,0.0"
1747092121.681915,"70.0,0.0,0.0","-74.0,0.0,0.0","6.0,0.0,0.0","-17.0,0.0,0.0"
1747092121.7325082,"65.0,0.0,0.0","-73.0,0.0,0.0","6.0,0.0,0.0","-18.0,0.0,0.0"
1747092121.7826185,"61.0,0.0,0.0","-74.0,0.0,0.0","7.0,0.0,0.0","-18.0,0.0,0.0"
1747092121.8332503,"57.0,0.0,0.0","-75.0,0.0,0.0","9.0,0.0,0.0","-16.0,0.0,0.0"
1747092121.883432,"51.0,0.0,0.0","-76.0,0.0,0.0","12.0,0.0,0.0","-15.0,0.0,0.0"
1747092121.933563,"24.0,0.0,0.0","-78.0,0.0,0.0","28.0,0.0,0.0","-14.0,0.0,0.0"
1747092121.9841897,"17.0,0.0,0.0","-79.0,0.0,0.0","26.0,0.0,0.0","-14.0,0.0,0.0"
1747092122.0356314,"7.0,0.0,0.0","-80.0,0.0,0.0","22.0,0.0,0.0","-12.0,0.0,0.0"
1747092122.0861988,"-24.0,0.0,0.0","-81.0,0.0,0.0","16.0,0.0,0.0","-11.0,0.0,0.0"
1747092122.1366582,"-39.0,0.0,0.0","-81.0,0.0,0.0","16.0,0.0,0.0","-10.0,0.0,0.0"
1747092122.1893165,"-49.0,0.0,0.0","-82.0,0.0,0.0","16.0,0.0,0.0","-10.0,0.0,0.0"
1747092122.2393906,"-66.0,0.0,0.0","-84.0,0.0,0.0","13.0,0.0,0.0","-5.0,0.0,0.0"
1747092122.289867,"-69.0,0.0,0.0","-85.0,0.0,0.0","7.0,0.0,0.0","-3.0,0.0,0.0"
1747092122.3405643,"-76.0,0.0,0.0","-85.0,0.0,0.0","2.0,0.0,0.0","-3.0,0.0,0.0"
1747092122.3911953,"-82.0,0.0,0.0","-84.0,0.0,0.0","0.0,0.0,0.0","-4.0,0.0,0.0"
1747092122.4414847,"-84.0,0.0,0.0","-83.0,0.0,0.0","-1.0,0.0,0.0","-4.0,0.0,0.0"
1747092122.4916246,"-85.0,0.0,0.0","-83.0,0.0,0.0","-1.0,0.0,0.0","-5.0,0.0,0.0"
1747092122.5420554,"-86.0,0.0,0.0","-83.0,0.0,0.0","-2.0,0.0,0.0","-5.0,0.0,0.0"
1747092122.5926638,"-87.0,0.0,0.0","-82.0,0.0,0.0","-2.0,0.0,0.0","-6.0,0.0,0.0"
1747092122.6426654,"-86.0,0.0,0.0","-82.0,0.0,0.0","-2.0,0.0,0.0","-7.0,0.0,0.0"
1747092122.6932125,"-86.0,0.0,0.0","-82.0,0.0,0.0","0.0,0.0,0.0","-6.0,0.0,0.0"
1747092122.7438662,"-86.0,0.0,0.0","-82.0,0.0,0.0","0.0,0.0,0.0","-6.0,0.0,0.0"
1747092122.79407,"-85.0,0.0,0.0","-82.0,0.0,0.0","3.0,0.0,0.0","-5.0,0.0,0.0"
1747092122.844338,"-81.0,0.0,0.0","-83.0,0.0,0.0","7.0,0.0,0.0","-5.0,0.0,0.0"
1747092122.894471,"-76.0,0.0,0.0","-83.0,0.0,0.0","7.0,0.0,0.0","-4.0,0.0,0.0"
1747092122.944611,"-73.0,0.0,0.0","-83.0,0.0,0.0","8.0,0.0,0.0","-5.0,0.0,0.0"
1747092122.9956017,"-56.0,0.0,0.0","-83.0,0.0,0.0","13.0,0.0,0.0","-6.0,0.0,0.0"
1747092123.0461125,"-48.0,0.0,0.0","-83.0,0.0,0.0","8.0,0.0,0.0","-7.0,0.0,0.0"
1747092123.0964067,"-39.0,0.0,0.0","-82.0,0.0,0.0","7.0,0.0,0.0","-7.0,0.0,0.0"
1747092123.1468549,"-22.0,0.0,0.0","-82.0,0.0,0.0","15.0,0.0,0.0","-8.0,0.0,0.0"
1747092123.1975,"-14.0,0.0,0.0","-82.0,0.0,0.0","13.0,0.0,0.0","-8.0,0.0,0.0"
1747092123.2476368,"4.0,0.0,0.0","-82.0,0.0,0.0","7.0,0.0,0.0","-8.0,0.0,0.0"
1747092123.2982597,"16.0,0.0,0.0","-82.0,0.0,0.0","16.0,0.0,0.0","-8.0,0.0,0.0"
1747092123.348522,"22.0,0.0,0.0","-82.0,0.0,0.0","18.0,0.0,0.0","-8.0,0.0,0.0"
1747092123.3992932,"30.0,0.0,0.0","-83.0,0.0,0.0","19.0,0.0,0.0","-7.0,0.0,0.0"
1747092123.449468,"36.0,0.0,0.0","-82.0,0.0,0.0","16.0,0.0,0.0","-7.0,0.0,0.0"
1747092123.5004025,"43.0,0.0,0.0","-82.0,0.0,0.0","11.0,0.0,0.0","-7.0,0.0,0.0"
1747092123.5523136,"53.0,0.0,0.0","-82.0,0.0,0.0","13.0,0.0,0.0","-7.0,0.0,0.0"
1747092123.610451,"56.0,0.0,0.0","-81.0,0.0,0.0","12.0,0.0,0.0","-8.0,0.0,0.0"
1747092123.6612196,"61.0,0.0,0.0","-81.0,0.0,0.0","9.0,0.0,0.0","-8.0,0.0,0.0"
1747092123.7115324,"65.0,0.0,0.0","-80.0,0.0,0.0","7.0,0.0,0.0","-9.0,0.0,0.0"
1747092123.7632837,"66.0,0.0,0.0","-81.0,0.0,0.0","8.0,0.0,0.0","-9.0,0.0,0.0"
1747092123.8143895,"69.0,0.0,0.0","-80.0,0.0,0.0","8.0,0.0,0.0","-9.0,0.0,0.0"
1747092123.8645952,"74.0,0.0,0.0","-79.0,0.0,0.0","10.0,0.0,0.0","-11.0,0.0,0.0"
1747092123.9151456,"75.0,0.0,0.0","-78.0,0.0,0.0","10.0,0.0,0.0","-13.0,0.0,0.0"
1747092123.9654982,"77.0,0.0,0.0","-75.0,0.0,0.0","11.0,0.0,0.0","-16.0,0.0,0.0"
1747092124.0159538,"78.0,0.0,0.0","-74.0,0.0,0.0","10.0,0.0,0.0","-17.0,0.0,0.0"
1747092124.066619,"80.0,0.0,0.0","-73.0,0.0,0.0","8.0,0.0,0.0","-18.0,0.0,0.0"
1747092124.117111,"81.0,0.0,0.0","-73.0,0.0,0.0","7.0,0.0,0.0","-19.0,0.0,0.0"
1747092124.1673138,"81.0,0.0,0.0","-72.0,0.0,0.0","7.0,0.0,0.0","-20.0,0.0,0.0"
1747092124.2174776,"82.0,0.0,0.0","-73.0,0.0,0.0","7.0,0.0,0.0","-20.0,0.0,0.0"
1747092124.2674816,"82.0,0.0,0.0","-73.0,0.0,0.0","8.0,0.0,0.0","-20.0,0.0,0.0"
1747092124.3191845,"81.0,0.0,0.0","-72.0,0.0,0.0","7.0,0.0,0.0","-20.0,0.0,0.0"
1747092124.370181,"81.0,0.0,0.0","-73.0,0.0,0.0","7.0,0.0,0.0","-20.0,0.0,0.0"
1747092124.4216437,"81.0,0.0,0.0","-73.0,0.0,0.0","7.0,0.0,0.0","-20.0,0.0,0.0"
1747092124.4725616,"80.0,0.0,0.0","-73.0,0.0,0.0","8.0,0.0,0.0","-20.0,0.0,0.0"
1747092124.5230885,"79.0,0.0,0.0","-73.0,0.0,0.0","7.0,0.0,0.0","-20.0,0.0,0.0"
1747092124.573255,"78.0,0.0,0.0","-73.0,0.0,0.0","7.0,0.0,0.0","-19.0,0.0,0.0"
1747092124.623604,"75.0,0.0,0.0","-73.0,0.0,0.0","4.0,0.0,0.0","-20.0,0.0,0.0"
1747092124.674317,"71.0,0.0,0.0","-74.0,0.0,0.0","6.0,0.0,0.0","-19.0,0.0,0.0"
1747092124.724953,"69.0,0.0,0.0","-74.0,0.0,0.0","5.0,0.0,0.0","-19.0,0.0,0.0"
1747092124.7751439,"66.0,0.0,0.0","-75.0,0.0,0.0","7.0,0.0,0.0","-18.0,0.0,0.0"
1747092124.825834,"56.0,0.0,0.0","-77.0,0.0,0.0","12.0,0.0,0.0","-15.0,0.0,0.0"
1747092124.8764808,"51.0,0.0,0.0","-77.0,0.0,0.0","14.0,0.0,0.0","-14.0,0.0,0.0"
1747092124.9266279,"29.0,0.0,0.0","-79.0,0.0,0.0","25.0,0.0,0.0","-13.0,0.0,0.0"
1747092124.9771814,"23.0,0.0,0.0","-80.0,0.0,0.0","28.0,0.0,0.0","-12.0,0.0,0.0"
1747092125.027401,"13.0,0.0,0.0","-81.0,0.0,0.0","31.0,0.0,0.0","-12.0,0.0,0.0"
1747092125.077968,"-8.0,0.0,0.0","-81.0,0.0,0.0","26.0,0.0,0.0","-11.0,0.0,0.0"
1747092125.1283166,"-18.0,0.0,0.0","-82.0,0.0,0.0","28.0,0.0,0.0","-10.0,0.0,0.0"
1747092125.1785617,"-26.0,0.0,0.0","-82.0,0.0,0.0","28.0,0.0,0.0","-10.0,0.0,0.0"
1747092125.229284,"-55.0,0.0,0.0","-83.0,0.0,0.0","19.0,0.0,0.0","-9.0,0.0,0.0"
1747092125.2794526,"-61.0,0.0,0.0","-83.0,0.0,0.0","17.0,0.0,0.0","-8.0,0.0,0.0"
1747092125.3301835,"-65.0,0.0,0.0","-83.0,0.0,0.0","11.0,0.0,0.0","-7.0,0.0,0.0"
1747092125.3804724,"-72.0,0.0,0.0","-83.0,0.0,0.0","8.0,0.0,0.0","-6.0,0.0,0.0"
1747092125.4305084,"-77.0,0.0,0.0","-83.0,0.0,0.0","6.0,0.0,0.0","-6.0,0.0,0.0"
1747092125.4809287,"-79.0,0.0,0.0","-83.0,0.0,0.0","4.0,0.0,0.0","-6.0,0.0,0.0"
1747092125.5311186,"-82.0,0.0,0.0","-83.0,0.0,0.0","0.0,0.0,0.0","-5.0,0.0,0.0"
1747092125.581367,"-85.0,0.0,0.0","-83.0,0.0,0.0","0.0,0.0,0.0","-5.0,0.0,0.0"
1747092125.6324532,"-86.0,0.0,0.0","-83.0,0.0,0.0","0.0,0.0,0.0","-5.0,0.0,0.0"
1747092125.68306,"-87.0,0.0,0.0","-83.0,0.0,0.0","-1.0,0.0,0.0","-5.0,0.0,0.0"
1747092125.733368,"-87.0,0.0,0.0","-83.0,0.0,0.0","-1.0,0.0,0.0","-5.0,0.0,0.0"
1747092125.7842658,"-87.0,0.0,0.0","-83.0,0.0,0.0","-2.0,0.0,0.0","-5.0,0.0,0.0"
1747092125.8343139,"-88.0,0.0,0.0","-83.0,0.0,0.0","-2.0,0.0,0.0","-5.0,0.0,0.0"
1747092125.8844533,"-88.0,0.0,0.0","-83.0,0.0,0.0","-2.0,0.0,0.0","-5.0,0.0,0.0"
1747092125.9353971,"-87.0,0.0,0.0","-82.0,0.0,0.0","0.0,0.0,0.0","-5.0,0.0,0.0"
1747092125.9863815,"-87.0,0.0,0.0","-81.0,0.0,0.0","0.0,0.0,0.0","-4.0,0.0,0.0"
1747092126.0369623,"-85.0,0.0,0.0","-78.0,0.0,0.0","4.0,0.0,0.0","-4.0,0.0,0.0"
1747092126.0872664,"-83.0,0.0,0.0","-78.0,0.0,0.0","5.0,0.0,0.0","-2.0,0.0,0.0"
1747092126.1376958,"-80.0,0.0,0.0","-76.0,0.0,0.0","5.0,0.0,0.0","3.0,0.0,0.0"
1747092126.18781,"-71.0,0.0,0.0","-71.0,0.0,0.0","7.0,0.0,0.0","15.0,0.0,0.0"
1747092126.2379687,"-67.0,0.0,0.0","-67.0,0.0,0.0","9.0,0.0,0.0","15.0,0.0,0.0"
1747092126.2881389,"-63.0,0.0,0.0","-62.0,0.0,0.0","11.0,0.0,0.0","19.0,0.0,0.0"
1747092126.3391824,"-40.0,0.0,0.0","-36.0,0.0,0.0","7.0,0.0,0.0","25.0,0.0,0.0"
1747092126.3894334,"-29.0,0.0,0.0","-24.0,0.0,0.0","4.0,0.0,0.0","25.0,0.0,0.0"
1747092126.4402676,"-23.0,0.0,0.0","-15.0,0.0,0.0","13.0,0.0,0.0","27.0,0.0,0.0"
1747092126.4912424,"-10.0,0.0,0.0","13.0,0.0,0.0","20.0,0.0,0.0","15.0,0.0,0.0"
1747092126.5419436,"12.0,0.0,0.0","31.0,0.0,0.0","15.0,0.0,0.0","14.0,0.0,0.0"
1747092126.5923402,"18.0,0.0,0.0","37.0,0.0,0.0","23.0,0.0,0.0","14.0,0.0,0.0"
1747092126.6426134,"30.0,0.0,0.0","47.0,0.0,0.0","21.0,0.0,0.0","12.0,0.0,0.0"
1747092126.6932418,"36.0,0.0,0.0","51.0,0.0,0.0","17.0,0.0,0.0","11.0,0.0,0.0"
1747092126.7439961,"46.0,0.0,0.0","60.0,0.0,0.0","19.0,0.0,0.0","10.0,0.0,0.0"
1747092126.7946105,"50.0,0.0,0.0","62.0,0.0,0.0","18.0,0.0,0.0","12.0,0.0,0.0"
1747092126.8478146,"52.0,0.0,0.0","65.0,0.0,0.0","19.0,0.0,0.0","12.0,0.0,0.0"
1747092126.8985925,"55.0,0.0,0.0","70.0,0.0,0.0","19.0,0.0,0.0","7.0,0.0,0.0"
1747092126.9502788,"60.0,0.0,0.0","74.0,0.0,0.0","16.0,0.0,0.0","4.0,0.0,0.0"
1747092127.0005486,"68.0,0.0,0.0","82.0,0.0,0.0","13.0,0.0,0.0","1.0,0.0,0.0"
1747092127.0525067,"71.0,0.0,0.0","84.0,0.0,0.0","11.0,0.0,0.0","2.0,0.0,0.0"
1747092127.104176,"74.0,0.0,0.0","83.0,0.0,0.0","9.0,0.0,0.0","4.0,0.0,0.0"
1747092127.1551542,"74.0,0.0,0.0","84.0,0.0,0.0","11.0,0.0,0.0","6.0,0.0,0.0"
1747092127.2056966,"74.0,0.0,0.0","84.0,0.0,0.0","12.0,0.0,0.0","7.0,0.0,0.0"
1747092127.2563574,"75.0,0.0,0.0","84.0,0.0,0.0","12.0,0.0,0.0","7.0,0.0,0.0"
1747092127.3066378,"76.0,0.0,0.0","84.0,0.0,0.0","13.0,0.0,0.0","8.0,0.0,0.0"
1747092127.3582387,"76.0,0.0,0.0","84.0,0.0,0.0","13.0,0.0,0.0","8.0,0.0,0.0"
1747092127.409119,"76.0,0.0,0.0","84.0,0.0,0.0","14.0,0.0,0.0","8.0,0.0,0.0"
1747092127.4592528,"76.0,0.0,0.0","84.0,0.0,0.0","13.0,0.0,0.0","8.0,0.0,0.0"
1747092127.5101342,"76.0,0.0,0.0","84.0,0.0,0.0","12.0,0.0,0.0","8.0,0.0,0.0"
1747092127.5602565,"75.0,0.0,0.0","84.0,0.0,0.0","12.0,0.0,0.0","5.0,0.0,0.0"
1747092127.6103253,"73.0,0.0,0.0","82.0,0.0,0.0","9.0,0.0,0.0","2.0,0.0,0.0"
1747092127.6624982,"71.0,0.0,0.0","80.0,0.0,0.0","9.0,0.0,0.0","2.0,0.0,0.0"
1747092127.7125137,"69.0,0.0,0.0","77.0,0.0,0.0","10.0,0.0,0.0","3.0,0.0,0.0"
1747092127.763434,"57.0,0.0,0.0","67.0,0.0,0.0","14.0,0.0,0.0","10.0,0.0,0.0"
1747092127.814414,"54.0,0.0,0.0","63.0,0.0,0.0","15.0,0.0,0.0","12.0,0.0,0.0"
1747092127.8645701,"40.0,0.0,0.0","54.0,0.0,0.0","21.0,0.0,0.0","15.0,0.0,0.0"
1747092127.9154904,"34.0,0.0,0.0","50.0,0.0,0.0","22.0,0.0,0.0","15.0,0.0,0.0"
1747092127.9655669,"26.0,0.0,0.0","45.0,0.0,0.0","26.0,0.0,0.0","14.0,0.0,0.0"
1747092128.0156121,"8.0,0.0,0.0","32.0,0.0,0.0","31.0,0.0,0.0","20.0,0.0,0.0"
1747092128.065634,"-2.0,0.0,0.0","24.0,0.0,0.0","29.0,0.0,0.0","24.0,0.0,0.0"
1747092128.1158683,"-12.0,0.0,0.0","18.0,0.0,0.0","31.0,0.0,0.0","24.0,0.0,0.0"
1747092128.1666474,"-37.0,0.0,0.0","-13.0,0.0,0.0","16.0,0.0,0.0","21.0,0.0,0.0"
1747092128.2173338,"-48.0,0.0,0.0","-23.0,0.0,0.0","20.0,0.0,0.0","27.0,0.0,0.0"
1747092128.2678666,"-52.0,0.0,0.0","-31.0,0.0,0.0","19.0,0.0,0.0","18.0,0.0,0.0"
1747092128.3181958,"-65.0,0.0,0.0","-50.0,0.0,0.0","14.0,0.0,0.0","24.0,0.0,0.0"
1747092128.3704798,"-69.0,0.0,0.0","-56.0,0.0,0.0","10.0,0.0,0.0","14.0,0.0,0.0"
1747092128.4211357,"-72.0,0.0,0.0","-61.0,0.0,0.0","5.0,0.0,0.0","10.0,0.0,0.0"
1747092128.4712846,"-81.0,0.0,0.0","-72.0,0.0,0.0","2.0,0.0,0.0","1.0,0.0,0.0"
1747092128.5216382,"-84.0,0.0,0.0","-75.0,0.0,0.0","2.0,0.0,0.0","-2.0,0.0,0.0"
1747092128.5732443,"-85.0,0.0,0.0","-77.0,0.0,0.0","0.0,0.0,0.0","-3.0,0.0,0.0"
1747092128.6232932,"-88.0,0.0,0.0","-79.0,0.0,0.0","1.0,0.0,0.0","-4.0,0.0,0.0"
1747092128.679457,"-88.0,0.0,0.0","-81.0,0.0,0.0","0.0,0.0,0.0","-3.0,0.0,0.0"
1747092128.7295265,"-87.0,0.0,0.0","-83.0,0.0,0.0","-3.0,0.0,0.0","-4.0,0.0,0.0"
1747092128.779577,"-87.0,0.0,0.0","-83.0,0.0,0.0","-2.0,0.0,0.0","-5.0,0.0,0.0"
1747092128.8302076,"-87.0,0.0,0.0","-83.0,0.0,0.0","-2.0,0.0,0.0","-4.0,0.0,0.0"
1747092128.88021,"-87.0,0.0,0.0","-83.0,0.0,0.0","-1.0,0.0,0.0","-2.0,0.0,0.0"
1747092128.930624,"-87.0,0.0,0.0","-82.0,0.0,0.0","0.0,0.0,0.0","-2.0,0.0,0.0"
1747092128.981834,"-86.0,0.0,0.0","-81.0,0.0,0.0","2.0,0.0,0.0","-3.0,0.0,0.0"
1747092129.0323477,"-85.0,0.0,0.0","-80.0,0.0,0.0","4.0,0.0,0.0","0.0,0.0,0.0"
1747092129.0832117,"-81.0,0.0,0.0","-77.0,0.0,0.0","7.0,0.0,0.0","5.0,0.0,0.0"
1747092129.1340272,"-72.0,0.0,0.0","-71.0,0.0,0.0","6.0,0.0,0.0","13.0,0.0,0.0"
1747092129.1846073,"-69.0,0.0,0.0","-66.0,0.0,0.0","8.0,0.0,0.0","13.0,0.0,0.0"
1747092129.2349572,"-59.0,0.0,0.0","-56.0,0.0,0.0","9.0,0.0,0.0","21.0,0.0,0.0"
1747092129.2855146,"-43.0,0.0,0.0","-41.0,0.0,0.0","7.0,0.0,0.0","24.0,0.0,0.0"
1747092129.3356283,"-33.0,0.0,0.0","-27.0,0.0,0.0","4.0,0.0,0.0","17.0,0.0,0.0"
1747092129.3863435,"-26.0,0.0,0.0","-18.0,0.0,0.0","10.0,0.0,0.0","21.0,0.0,0.0"
1747092129.437304,"1.0,0.0,0.0","16.0,0.0,0.0","12.0,0.0,0.0","14.0,0.0,0.0"
1747092129.4874046,"9.0,0.0,0.0","25.0,0.0,0.0","12.0,0.0,0.0","16.0,0.0,0.0"
1747092129.5380924,"17.0,0.0,0.0","34.0,0.0,0.0","21.0,0.0,0.0","12.0,0.0,0.0"
1747092129.589265,"27.0,0.0,0.0","44.0,0.0,0.0","21.0,0.0,0.0","9.0,0.0,0.0"
1747092129.6393728,"32.0,0.0,0.0","47.0,0.0,0.0","20.0,0.0,0.0","15.0,0.0,0.0"
1747092129.690163,"37.0,0.0,0.0","51.0,0.0,0.0","20.0,0.0,0.0","13.0,0.0,0.0"
1747092129.7411456,"48.0,0.0,0.0","62.0,0.0,0.0","19.0,0.0,0.0","9.0,0.0,0.0"
1747092129.7914906,"55.0,0.0,0.0","68.0,0.0,0.0","19.0,0.0,0.0","8.0,0.0,0.0"
1747092129.8416567,"61.0,0.0,0.0","75.0,0.0,0.0","14.0,0.0,0.0","1.0,0.0,0.0"
1747092129.892252,"67.0,0.0,0.0","80.0,0.0,0.0","12.0,0.0,0.0","-1.0,0.0,0.0"
1747092129.9423249,"72.0,0.0,0.0","81.0,0.0,0.0","8.0,0.0,0.0","0.0,0.0,0.0"
1747092129.992378,"74.0,0.0,0.0","82.0,0.0,0.0","10.0,0.0,0.0","2.0,0.0,0.0"
1747092130.0424652,"75.0,0.0,0.0","84.0,0.0,0.0","10.0,0.0,0.0","4.0,0.0,0.0"
1747092130.093537,"79.0,0.0,0.0","86.0,0.0,0.0","9.0,0.0,0.0","5.0,0.0,0.0"
1747092130.144203,"79.0,0.0,0.0","87.0,0.0,0.0","9.0,0.0,0.0","5.0,0.0,0.0"
1747092130.194523,"80.0,0.0,0.0","88.0,0.0,0.0","9.0,0.0,0.0","5.0,0.0,0.0"
1747092130.244666,"82.0,0.0,0.0","89.0,0.0,0.0","7.0,0.0,0.0","3.0,0.0,0.0"
1747092130.295365,"83.0,0.0,0.0","90.0,0.0,0.0","7.0,0.0,0.0","3.0,0.0,0.0"
1747092130.3458233,"83.0,0.0,0.0","90.0,0.0,0.0","8.0,0.0,0.0","2.0,0.0,0.0"
1747092130.396374,"83.0,0.0,0.0","91.0,0.0,0.0","9.0,0.0,0.0","1.0,0.0,0.0"
1747092130.4464662,"83.0,0.0,0.0","91.0,0.0,0.0","9.0,0.0,0.0","1.0,0.0,0.0"
1747092130.4983544,"83.0,0.0,0.0","91.0,0.0,0.0","9.0,0.0,0.0","1.0,0.0,0.0"
1747092130.549352,"83.0,0.0,0.0","91.0,0.0,0.0","8.0,0.0,0.0","1.0,0.0,0.0"
1747092130.6084688,"82.0,0.0,0.0","90.0,0.0,0.0","8.0,0.0,0.0","2.0,0.0,0.0"
1747092130.6602662,"82.0,0.0,0.0","90.0,0.0,0.0","10.0,0.0,0.0","3.0,0.0,0.0"
1747092130.7104096,"80.0,0.0,0.0","88.0,0.0,0.0","8.0,0.0,0.0","1.0,0.0,0.0"
1747092130.7610157,"78.0,0.0,0.0","87.0,0.0,0.0","8.0,0.0,0.0","1.0,0.0,0.0"
1747092130.8112333,"76.0,0.0,0.0","84.0,0.0,0.0","8.0,0.0,0.0","3.0,0.0,0.0"
1747092130.8613935,"73.0,0.0,0.0","83.0,0.0,0.0","7.0,0.0,0.0","1.0,0.0,0.0"
1747092130.9119196,"71.0,0.0,0.0","81.0,0.0,0.0","8.0,0.0,0.0","2.0,0.0,0.0"
1747092130.9627047,"64.0,0.0,0.0","76.0,0.0,0.0","10.0,0.0,0.0","3.0,0.0,0.0"
1747092131.0137792,"58.0,0.0,0.0","72.0,0.0,0.0","12.0,0.0,0.0","4.0,0.0,0.0"
1747092131.0641646,"50.0,0.0,0.0","60.0,0.0,0.0","16.0,0.0,0.0","13.0,0.0,0.0"
1747092131.1144533,"42.0,0.0,0.0","54.0,0.0,0.0","20.0,0.0,0.0","16.0,0.0,0.0"
1747092131.1646318,"34.0,0.0,0.0","51.0,0.0,0.0","23.0,0.0,0.0","14.0,0.0,0.0"
1747092131.2153482,"12.0,0.0,0.0","30.0,0.0,0.0","25.0,0.0,0.0","21.0,0.0,0.0"
1747092131.2662864,"1.0,0.0,0.0","21.0,0.0,0.0","23.0,0.0,0.0","23.0,0.0,0.0"
1747092131.3170388,"-9.0,0.0,0.0","14.0,0.0,0.0","24.0,0.0,0.0","22.0,0.0,0.0"
1747092131.3678045,"-31.0,0.0,0.0","-14.0,0.0,0.0","9.0,0.0,0.0","18.0,0.0,0.0"
1747092131.4215674,"-41.0,0.0,0.0","-25.0,0.0,0.0","10.0,0.0,0.0","20.0,0.0,0.0"
1747092131.47195,"-49.0,0.0,0.0","-34.0,0.0,0.0","15.0,0.0,0.0","20.0,0.0,0.0"
1747092131.5226152,"-60.0,0.0,0.0","-46.0,0.0,0.0","10.0,0.0,0.0","16.0,0.0,0.0"
1747092131.5738978,"-67.0,0.0,0.0","-55.0,0.0,0.0","11.0,0.0,0.0","16.0,0.0,0.0"
1747092131.6240933,"-70.0,0.0,0.0","-59.0,0.0,0.0","9.0,0.0,0.0","12.0,0.0,0.0"
1747092131.674256,"-78.0,0.0,0.0","-70.0,0.0,0.0","3.0,0.0,0.0","4.0,0.0,0.0"
1747092131.725155,"-81.0,0.0,0.0","-74.0,0.0,0.0","4.0,0.0,0.0","2.0,0.0,0.0"
1747092131.775275,"-83.0,0.0,0.0","-76.0,0.0,0.0","3.0,0.0,0.0","0.0,0.0,0.0"
1747092131.8254924,"-85.0,0.0,0.0","-78.0,0.0,0.0","0.0,0.0,0.0","-2.0,0.0,0.0"
1747092131.87718,"-86.0,0.0,0.0","-79.0,0.0,0.0","0.0,0.0,0.0","-3.0,0.0,0.0"
1747092131.9277213,"-87.0,0.0,0.0","-82.0,0.0,0.0","1.0,0.0,0.0","-2.0,0.0,0.0"
1747092131.977746,"-87.0,0.0,0.0","-83.0,0.0,0.0","0.0,0.0,0.0","-3.0,0.0,0.0"
1747092132.028549,"-86.0,0.0,0.0","-83.0,0.0,0.0","-2.0,0.0,0.0","-4.0,0.0,0.0"
1747092132.0794947,"-87.0,0.0,0.0","-83.0,0.0,0.0","-3.0,0.0,0.0","-6.0,0.0,0.0"
1747092132.129623,"-87.0,0.0,0.0","-83.0,0.0,0.0","-4.0,0.0,0.0","-6.0,0.0,0.0"
1747092132.1804414,"-87.0,0.0,0.0","-83.0,0.0,0.0","-4.0,0.0,0.0","-5.0,0.0,0.0"
1747092132.2311482,"-87.0,0.0,0.0","-83.0,0.0,0.0","-4.0,0.0,0.0","-5.0,0.0,0.0"
1747092132.2812495,"-87.0,0.0,0.0","-83.0,0.0,0.0","-3.0,0.0,0.0","-5.0,0.0,0.0"
1747092132.3324504,"-87.0,0.0,0.0","-83.0,0.0,0.0","-3.0,0.0,0.0","-4.0,0.0,0.0"
1747092132.3825738,"-87.0,0.0,0.0","-83.0,0.0,0.0","-3.0,0.0,0.0","-4.0,0.0,0.0"
1747092132.4326246,"-87.0,0.0,0.0","-83.0,0.0,0.0","-3.0,0.0,0.0","-4.0,0.0,0.0"
1747092132.4834652,"-87.0,0.0,0.0","-83.0,0.0,0.0","-3.0,0.0,0.0","-4.0,0.0,0.0"
1747092132.5341158,"-87.0,0.0,0.0","-81.0,0.0,0.0","0.0,0.0,0.0","-3.0,0.0,0.0"
1747092132.5843403,"-85.0,0.0,0.0","-79.0,0.0,0.0","2.0,0.0,0.0","-2.0,0.0,0.0"
1747092132.635011,"-83.0,0.0,0.0","-77.0,0.0,0.0","4.0,0.0,0.0","-1.0,0.0,0.0"
1747092132.685668,"-75.0,0.0,0.0","-73.0,0.0,0.0","4.0,0.0,0.0","4.0,0.0,0.0"
1747092132.7357924,"-72.0,0.0,0.0","-69.0,0.0,0.0","4.0,0.0,0.0","11.0,0.0,0.0"
1747092132.7861836,"-65.0,0.0,0.0","-61.0,0.0,0.0","9.0,0.0,0.0","13.0,0.0,0.0"
1747092132.8362665,"-61.0,0.0,0.0","-54.0,0.0,0.0","10.0,0.0,0.0","14.0,0.0,0.0"
1747092132.8864012,"-54.0,0.0,0.0","-49.0,0.0,0.0","7.0,0.0,0.0","21.0,0.0,0.0"
1747092132.9370835,"-36.0,0.0,0.0","-25.0,0.0,0.0","2.0,0.0,0.0","19.0,0.0,0.0"
1747092132.9892871,"-30.0,0.0,0.0","-16.0,0.0,0.0","1.0,0.0,0.0","18.0,0.0,0.0"
1747092133.0394032,"-25.0,0.0,0.0","-11.0,0.0,0.0","2.0,0.0,0.0","18.0,0.0,0.0"
1747092133.0902386,"-19.0,0.0,0.0","-1.0,0.0,0.0","9.0,0.0,0.0","21.0,0.0,0.0"
1747092133.1405368,"-17.0,0.0,0.0","4.0,0.0,0.0","9.0,0.0,0.0","19.0,0.0,0.0"
1747092133.1906893,"-14.0,0.0,0.0","12.0,0.0,0.0","11.0,0.0,0.0","12.0,0.0,0.0"
1747092133.241412,"-11.0,0.0,0.0","13.0,0.0,0.0","11.0,0.0,0.0","13.0,0.0,0.0"
1747092133.2935271,"-10.0,0.0,0.0","14.0,0.0,0.0","9.0,0.0,0.0","13.0,0.0,0.0"
1747092133.3437266,"-9.0,0.0,0.0","15.0,0.0,0.0","10.0,0.0,0.0","13.0,0.0,0.0"
1747092133.3943346,"-9.0,0.0,0.0","16.0,0.0,0.0","9.0,0.0,0.0","11.0,0.0,0.0"
1747092133.446771,"-10.0,0.0,0.0","16.0,0.0,0.0","9.0,0.0,0.0","11.0,0.0,0.0"
1747092133.497138,"-11.0,0.0,0.0","16.0,0.0,0.0","9.0,0.0,0.0","11.0,0.0,0.0"
1747092133.5471668,"-11.0,0.0,0.0","16.0,0.0,0.0","9.0,0.0,0.0","11.0,0.0,0.0"
1747092133.5973358,"-11.0,0.0,0.0","17.0,0.0,0.0","8.0,0.0,0.0","11.0,0.0,0.0"
1747092133.648265,"-12.0,0.0,0.0","18.0,0.0,0.0","8.0,0.0,0.0","11.0,0.0,0.0"
1747092133.699819,"-12.0,0.0,0.0","18.0,0.0,0.0","8.0,0.0,0.0","10.0,0.0,0.0"
1747092133.7564921,"-12.0,0.0,0.0","19.0,0.0,0.0","8.0,0.0,0.0","10.0,0.0,0.0"
1747092133.8065867,"-12.0,0.0,0.0","21.0,0.0,0.0","8.0,0.0,0.0","11.0,0.0,0.0"
1747092133.8572464,"-12.0,0.0,0.0","21.0,0.0,0.0","8.0,0.0,0.0","11.0,0.0,0.0"
1747092133.9074688,"-12.0,0.0,0.0","21.0,0.0,0.0","7.0,0.0,0.0","12.0,0.0,0.0"
1747092133.9582832,"-12.0,0.0,0.0","21.0,0.0,0.0","7.0,0.0,0.0","13.0,0.0,0.0"
1747092134.0093763,"-12.0,0.0,0.0","21.0,0.0,0.0","7.0,0.0,0.0","13.0,0.0,0.0"
1747092134.0603347,"-12.0,0.0,0.0","21.0,0.0,0.0","7.0,0.0,0.0","12.0,0.0,0.0"
1747092134.1110556,"-11.0,0.0,0.0","21.0,0.0,0.0","6.0,0.0,0.0","12.0,0.0,0.0"
1747092134.1635354,"-11.0,0.0,0.0","20.0,0.0,0.0","5.0,0.0,0.0","11.0,0.0,0.0"
1747092134.2137053,"-9.0,0.0,0.0","10.0,0.0,0.0","8.0,0.0,0.0","15.0,0.0,0.0"
1747092134.2643933,"-6.0,0.0,0.0","1.0,0.0,0.0","8.0,0.0,0.0","22.0,0.0,0.0"
1747092134.3150494,"-3.0,0.0,0.0","-5.0,0.0,0.0","9.0,0.0,0.0","23.0,0.0,0.0"
1747092134.36511,"2.0,0.0,0.0","-17.0,0.0,0.0","8.0,0.0,0.0","21.0,0.0,0.0"
1747092134.4156857,"7.0,0.0,0.0","-22.0,0.0,0.0","3.0,0.0,0.0","15.0,0.0,0.0"
1747092134.4657066,"11.0,0.0,0.0","-29.0,0.0,0.0","1.0,0.0,0.0","15.0,0.0,0.0"
1747092134.518522,"17.0,0.0,0.0","-48.0,0.0,0.0","11.0,0.0,0.0","14.0,0.0,0.0"
1747092134.5692723,"20.0,0.0,0.0","-54.0,0.0,0.0","14.0,0.0,0.0","10.0,0.0,0.0"
1747092134.62014,"21.0,0.0,0.0","-59.0,0.0,0.0","17.0,0.0,0.0","9.0,0.0,0.0"
1747092134.6704676,"23.0,0.0,0.0","-63.0,0.0,0.0","19.0,0.0,0.0","9.0,0.0,0.0"
1747092134.721299,"29.0,0.0,0.0","-70.0,0.0,0.0","17.0,0.0,0.0","-1.0,0.0,0.0"
1747092134.7726865,"32.0,0.0,0.0","-72.0,0.0,0.0","17.0,0.0,0.0","-3.0,0.0,0.0"
1747092134.823364,"34.0,0.0,0.0","-73.0,0.0,0.0","14.0,0.0,0.0","-6.0,0.0,0.0"
1747092134.874315,"37.0,0.0,0.0","-76.0,0.0,0.0","11.0,0.0,0.0","-9.0,0.0,0.0"
1747092134.9251351,"38.0,0.0,0.0","-76.0,0.0,0.0","10.0,0.0,0.0","-10.0,0.0,0.0"
1747092134.9755752,"39.0,0.0,0.0","-78.0,0.0,0.0","10.0,0.0,0.0","-10.0,0.0,0.0"
1747092135.0264106,"40.0,0.0,0.0","-78.0,0.0,0.0","10.0,0.0,0.0","-11.0,0.0,0.0"
1747092135.0772905,"41.0,0.0,0.0","-79.0,0.0,0.0","10.0,0.0,0.0","-11.0,0.0,0.0"
1747092135.1273706,"41.0,0.0,0.0","-79.0,0.0,0.0","10.0,0.0,0.0","-10.0,0.0,0.0"
1747092135.1779923,"42.0,0.0,0.0","-80.0,0.0,0.0","10.0,0.0,0.0","-10.0,0.0,0.0"
1747092135.2281752,"42.0,0.0,0.0","-80.0,0.0,0.0","11.0,0.0,0.0","-10.0,0.0,0.0"
1747092135.2782395,"42.0,0.0,0.0","-80.0,0.0,0.0","11.0,0.0,0.0","-9.0,0.0,0.0"
1747092135.3291962,"41.0,0.0,0.0","-80.0,0.0,0.0","11.0,0.0,0.0","-9.0,0.0,0.0"
1747092135.380224,"41.0,0.0,0.0","-80.0,0.0,0.0","12.0,0.0,0.0","-9.0,0.0,0.0"
1747092135.4314463,"41.0,0.0,0.0","-80.0,0.0,0.0","13.0,0.0,0.0","-9.0,0.0,0.0"
1747092135.4822688,"40.0,0.0,0.0","-80.0,0.0,0.0","11.0,0.0,0.0","-7.0,0.0,0.0"
1747092135.5325608,"36.0,0.0,0.0","-79.0,0.0,0.0","12.0,0.0,0.0","-4.0,0.0,0.0"
1747092135.5826468,"32.0,0.0,0.0","-78.0,0.0,0.0","15.0,0.0,0.0","-1.0,0.0,0.0"
1747092135.6330023,"24.0,0.0,0.0","-74.0,0.0,0.0","19.0,0.0,0.0","0.0,0.0,0.0"
1747092135.685132,"20.0,0.0,0.0","-71.0,0.0,0.0","17.0,0.0,0.0","4.0,0.0,0.0"
1747092135.735742,"15.0,0.0,0.0","-69.0,0.0,0.0","14.0,0.0,0.0","11.0,0.0,0.0"
1747092135.7867467,"4.0,0.0,0.0","-62.0,0.0,0.0","11.0,0.0,0.0","13.0,0.0,0.0"
1747092135.8369577,"-8.0,0.0,0.0","-51.0,0.0,0.0","12.0,0.0,0.0","18.0,0.0,0.0"
1747092135.8870564,"-14.0,0.0,0.0","-47.0,0.0,0.0","12.0,0.0,0.0","22.0,0.0,0.0"
1747092135.9373276,"-19.0,0.0,0.0","-39.0,0.0,0.0","14.0,0.0,0.0","21.0,0.0,0.0"
1747092135.9894917,"-36.0,0.0,0.0","-16.0,0.0,0.0","6.0,0.0,0.0","17.0,0.0,0.0"
1747092136.0404065,"-42.0,0.0,0.0","-11.0,0.0,0.0","9.0,0.0,0.0","19.0,0.0,0.0"
1747092136.0910995,"-48.0,0.0,0.0","-7.0,0.0,0.0","8.0,0.0,0.0","27.0,0.0,0.0"
1747092136.1421483,"-61.0,0.0,0.0","9.0,0.0,0.0","11.0,0.0,0.0","20.0,0.0,0.0"
1747092136.1930866,"-65.0,0.0,0.0","15.0,0.0,0.0","9.0,0.0,0.0","17.0,0.0,0.0"
1747092136.2434647,"-68.0,0.0,0.0","17.0,0.0,0.0","7.0,0.0,0.0","19.0,0.0,0.0"
1747092136.293675,"-75.0,0.0,0.0","28.0,0.0,0.0","3.0,0.0,0.0","16.0,0.0,0.0"
1747092136.3451545,"-78.0,0.0,0.0","31.0,0.0,0.0","3.0,0.0,0.0","16.0,0.0,0.0"
1747092136.3955548,"-80.0,0.0,0.0","33.0,0.0,0.0","2.0,0.0,0.0","16.0,0.0,0.0"
1747092136.446393,"-83.0,0.0,0.0","39.0,0.0,0.0","0.0,0.0,0.0","14.0,0.0,0.0"
1747092136.4964628,"-84.0,0.0,0.0","41.0,0.0,0.0","0.0,0.0,0.0","12.0,0.0,0.0"
1747092136.5471146,"-85.0,0.0,0.0","41.0,0.0,0.0","1.0,0.0,0.0","15.0,0.0,0.0"
1747092136.5975273,"-86.0,0.0,0.0","40.0,0.0,0.0","0.0,0.0,0.0","18.0,0.0,0.0"
1747092136.6476357,"-85.0,0.0,0.0","40.0,0.0,0.0","1.0,0.0,0.0","18.0,0.0,0.0"
1747092136.6980174,"-85.0,0.0,0.0","39.0,0.0,0.0","1.0,0.0,0.0","17.0,0.0,0.0"
1747092136.7494817,"-84.0,0.0,0.0","37.0,0.0,0.0","3.0,0.0,0.0","17.0,0.0,0.0"
1747092136.8001995,"-83.0,0.0,0.0","36.0,0.0,0.0","6.0,0.0,0.0","16.0,0.0,0.0"
1747092136.8504956,"-77.0,0.0,0.0","28.0,0.0,0.0","8.0,0.0,0.0","16.0,0.0,0.0"
1747092136.9010856,"-70.0,0.0,0.0","19.0,0.0,0.0","7.0,0.0,0.0","16.0,0.0,0.0"
1747092136.951293,"-67.0,0.0,0.0","14.0,0.0,0.0","9.0,0.0,0.0","14.0,0.0,0.0"
1747092137.0018184,"-63.0,0.0,0.0","2.0,0.0,0.0","14.0,0.0,0.0","24.0,0.0,0.0"
1747092137.0523586,"-52.0,0.0,0.0","-10.0,0.0,0.0","12.0,0.0,0.0","20.0,0.0,0.0"
1747092137.1024556,"-40.0,0.0,0.0","-17.0,0.0,0.0","6.0,0.0,0.0","9.0,0.0,0.0"
1747092137.1528275,"-30.0,0.0,0.0","-26.0,0.0,0.0","0.0,0.0,0.0","9.0,0.0,0.0"
1747092137.2030656,"-19.0,0.0,0.0","-39.0,0.0,0.0","8.0,0.0,0.0","16.0,0.0,0.0"
1747092137.2540207,"-14.0,0.0,0.0","-43.0,0.0,0.0","8.0,0.0,0.0","17.0,0.0,0.0"
1747092137.3041677,"-11.0,0.0,0.0","-48.0,0.0,0.0","10.0,0.0,0.0","15.0,0.0,0.0"
1747092137.3542805,"0.0,0.0,0.0","-54.0,0.0,0.0","9.0,0.0,0.0","12.0,0.0,0.0"
1747092137.4044542,"7.0,0.0,0.0","-57.0,0.0,0.0","5.0,0.0,0.0","8.0,0.0,0.0"
1747092137.455147,"9.0,0.0,0.0","-62.0,0.0,0.0","10.0,0.0,0.0","11.0,0.0,0.0"
1747092137.5056581,"9.0,0.0,0.0","-63.0,0.0,0.0","12.0,0.0,0.0","10.0,0.0,0.0"
1747092137.5562558,"9.0,0.0,0.0","-64.0,0.0,0.0","14.0,0.0,0.0","9.0,0.0,0.0"
1747092137.606325,"9.0,0.0,0.0","-65.0,0.0,0.0","14.0,0.0,0.0","10.0,0.0,0.0"
1747092137.6563609,"9.0,0.0,0.0","-64.0,0.0,0.0","13.0,0.0,0.0","10.0,0.0,0.0"
1747092137.7212079,"8.0,0.0,0.0","-64.0,0.0,0.0","11.0,0.0,0.0","11.0,0.0,0.0"
1747092137.771515,"2.0,0.0,0.0","-59.0,0.0,0.0","12.0,0.0,0.0","16.0,0.0,0.0"
1747092137.8222222,"-1.0,0.0,0.0","-55.0,0.0,0.0","11.0,0.0,0.0","18.0,0.0,0.0"
1747092137.8730717,"-8.0,0.0,0.0","-49.0,0.0,0.0","10.0,0.0,0.0","23.0,0.0,0.0"
1747092137.923093,"-23.0,0.0,0.0","-27.0,0.0,0.0","7.0,0.0,0.0","17.0,0.0,0.0"
1747092137.9732573,"-28.0,0.0,0.0","-17.0,0.0,0.0","5.0,0.0,0.0","14.0,0.0,0.0"
1747092138.0238848,"-34.0,0.0,0.0","-13.0,0.0,0.0","5.0,0.0,0.0","18.0,0.0,0.0"
1747092138.0739682,"-43.0,0.0,0.0","0.0,0.0,0.0","7.0,0.0,0.0","23.0,0.0,0.0"
1747092138.1242468,"-48.0,0.0,0.0","12.0,0.0,0.0","8.0,0.0,0.0","14.0,0.0,0.0"
1747092138.1751523,"-56.0,0.0,0.0","19.0,0.0,0.0","9.0,0.0,0.0","18.0,0.0,0.0"
1747092138.2253046,"-59.0,0.0,0.0","22.0,0.0,0.0","9.0,0.0,0.0","18.0,0.0,0.0"
1747092138.2754314,"-63.0,0.0,0.0","26.0,0.0,0.0","8.0,0.0,0.0","18.0,0.0,0.0"
1747092138.3255663,"-66.0,0.0,0.0","29.0,0.0,0.0","7.0,0.0,0.0","18.0,0.0,0.0"
1747092138.3757558,"-66.0,0.0,0.0","30.0,0.0,0.0","8.0,0.0,0.0","17.0,0.0,0.0"
1747092138.4262428,"-66.0,0.0,0.0","30.0,0.0,0.0","8.0,0.0,0.0","17.0,0.0,0.0"
1747092138.4765644,"-65.0,0.0,0.0","28.0,0.0,0.0","10.0,0.0,0.0","16.0,0.0,0.0"
1747092138.5271568,"-65.0,0.0,0.0","27.0,0.0,0.0","10.0,0.0,0.0","15.0,0.0,0.0"
1747092138.577237,"-64.0,0.0,0.0","27.0,0.0,0.0","13.0,0.0,0.0","14.0,0.0,0.0"
1747092138.6277108,"-51.0,0.0,0.0","19.0,0.0,0.0","13.0,0.0,0.0","10.0,0.0,0.0"
1747092138.679332,"-46.0,0.0,0.0","9.0,0.0,0.0","11.0,0.0,0.0","16.0,0.0,0.0"
1747092138.7301364,"-40.0,0.0,0.0","0.0,0.0,0.0","6.0,0.0,0.0","25.0,0.0,0.0"
1747092138.7804532,"-28.0,0.0,0.0","-12.0,0.0,0.0","3.0,0.0,0.0","21.0,0.0,0.0"
1747092138.835272,"-22.0,0.0,0.0","-16.0,0.0,0.0","8.0,0.0,0.0","19.0,0.0,0.0"
1747092138.885341,"-7.0,0.0,0.0","-33.0,0.0,0.0","14.0,0.0,0.0","19.0,0.0,0.0"
1747092138.935638,"-1.0,0.0,0.0","-38.0,0.0,0.0","11.0,0.0,0.0","19.0,0.0,0.0"
1747092138.9862232,"2.0,0.0,0.0","-42.0,0.0,0.0","11.0,0.0,0.0","21.0,0.0,0.0"
1747092139.0367823,"11.0,0.0,0.0","-47.0,0.0,0.0","7.0,0.0,0.0","15.0,0.0,0.0"
1747092139.0873704,"11.0,0.0,0.0","-50.0,0.0,0.0","10.0,0.0,0.0","14.0,0.0,0.0"
1747092139.1380377,"12.0,0.0,0.0","-52.0,0.0,0.0","12.0,0.0,0.0","13.0,0.0,0.0"
1747092139.1886299,"11.0,0.0,0.0","-55.0,0.0,0.0","14.0,0.0,0.0","8.0,0.0,0.0"
1747092139.2386372,"10.0,0.0,0.0","-55.0,0.0,0.0","14.0,0.0,0.0","8.0,0.0,0.0"
1747092139.2894068,"10.0,0.0,0.0","-55.0,0.0,0.0","12.0,0.0,0.0","8.0,0.0,0.0"
1747092139.3412597,"8.0,0.0,0.0","-55.0,0.0,0.0","10.0,0.0,0.0","11.0,0.0,0.0"
1747092139.3919969,"8.0,0.0,0.0","-54.0,0.0,0.0","8.0,0.0,0.0","13.0,0.0,0.0"
1747092139.442625,"5.0,0.0,0.0","-53.0,0.0,0.0","5.0,0.0,0.0","13.0,0.0,0.0"
1747092139.4930327,"-7.0,0.0,0.0","-49.0,0.0,0.0","12.0,0.0,0.0","24.0,0.0,0.0"
1747092139.5437477,"-16.0,0.0,0.0","-40.0,0.0,0.0","12.0,0.0,0.0","25.0,0.0,0.0"
1747092139.5944655,"-21.0,0.0,0.0","-29.0,0.0,0.0","14.0,0.0,0.0","19.0,0.0,0.0"
1747092139.6453466,"-29.0,0.0,0.0","-16.0,0.0,0.0","5.0,0.0,0.0","19.0,0.0,0.0"
1747092139.695532,"-32.0,0.0,0.0","-13.0,0.0,0.0","4.0,0.0,0.0","21.0,0.0,0.0"
1747092139.745772,"-35.0,0.0,0.0","-10.0,0.0,0.0","5.0,0.0,0.0","26.0,0.0,0.0"
1747092139.796856,"-41.0,0.0,0.0","0.0,0.0,0.0","5.0,0.0,0.0","27.0,0.0,0.0"
1747092139.847187,"-42.0,0.0,0.0","0.0,0.0,0.0","4.0,0.0,0.0","26.0,0.0,0.0"
1747092139.8979998,"-43.0,0.0,0.0","0.0,0.0,0.0","4.0,0.0,0.0","28.0,0.0,0.0"
1747092139.9481125,"-43.0,0.0,0.0","0.0,0.0,0.0","5.0,0.0,0.0","28.0,0.0,0.0"
1747092139.9982994,"-42.0,0.0,0.0","0.0,0.0,0.0","6.0,0.0,0.0","28.0,0.0,0.0"
1747092140.048398,"-42.0,0.0,0.0","0.0,0.0,0.0","6.0,0.0,0.0","28.0,0.0,0.0"
1747092140.0985537,"-40.0,0.0,0.0","0.0,0.0,0.0","6.0,0.0,0.0","26.0,0.0,0.0"
1747092140.1492946,"-38.0,0.0,0.0","-1.0,0.0,0.0","7.0,0.0,0.0","26.0,0.0,0.0"
1747092140.1996417,"-36.0,0.0,0.0","-2.0,0.0,0.0","7.0,0.0,0.0","26.0,0.0,0.0"
1747092140.2511733,"-32.0,0.0,0.0","-3.0,0.0,0.0","4.0,0.0,0.0","27.0,0.0,0.0"
1747092140.3012018,"-31.0,0.0,0.0","-4.0,0.0,0.0","5.0,0.0,0.0","26.0,0.0,0.0"
1747092140.3514986,"-30.0,0.0,0.0","-7.0,0.0,0.0","5.0,0.0,0.0","24.0,0.0,0.0"
1747092140.40237,"-30.0,0.0,0.0","-11.0,0.0,0.0","3.0,0.0,0.0","19.0,0.0,0.0"
1747092140.453428,"-29.0,0.0,0.0","-12.0,0.0,0.0","0.0,0.0,0.0","14.0,0.0,0.0"
1747092140.5036514,"-29.0,0.0,0.0","-13.0,0.0,0.0","0.0,0.0,0.0","10.0,0.0,0.0"
1747092140.5538719,"-30.0,0.0,0.0","-16.0,0.0,0.0","-5.0,0.0,0.0","2.0,0.0,0.0"
1747092140.6039653,"-30.0,0.0,0.0","-17.0,0.0,0.0","-10.0,0.0,0.0","0.0,0.0,0.0"
1747092140.6543984,"-30.0,0.0,0.0","-18.0,0.0,0.0","-14.0,0.0,0.0","-6.0,0.0,0.0"
1747092140.7050211,"-30.0,0.0,0.0","-20.0,0.0,0.0","-25.0,0.0,0.0","-25.0,0.0,0.0"
1747092140.75566,"-31.0,0.0,0.0","-21.0,0.0,0.0","-29.0,0.0,0.0","-27.0,0.0,0.0"
1747092140.8062518,"-31.0,0.0,0.0","-24.0,0.0,0.0","-32.0,0.0,0.0","-31.0,0.0,0.0"
1747092140.8563752,"-32.0,0.0,0.0","-28.0,0.0,0.0","-40.0,0.0,0.0","-44.0,0.0,0.0"
1747092140.9073389,"-33.0,0.0,0.0","-30.0,0.0,0.0","-41.0,0.0,0.0","-46.0,0.0,0.0"
1747092140.9574335,"-35.0,0.0,0.0","-30.0,0.0,0.0","-43.0,0.0,0.0","-49.0,0.0,0.0"
1747092141.0074537,"-38.0,0.0,0.0","-32.0,0.0,0.0","-45.0,0.0,0.0","-53.0,0.0,0.0"
1747092141.0582583,"-39.0,0.0,0.0","-33.0,0.0,0.0","-44.0,0.0,0.0","-53.0,0.0,0.0"
1747092141.1082883,"-39.0,0.0,0.0","-34.0,0.0,0.0","-45.0,0.0,0.0","-54.0,0.0,0.0"
1747092141.1583595,"-40.0,0.0,0.0","-34.0,0.0,0.0","-45.0,0.0,0.0","-56.0,0.0,0.0"
1747092141.209295,"-40.0,0.0,0.0","-33.0,0.0,0.0","-45.0,0.0,0.0","-59.0,0.0,0.0"
1747092141.2594748,"-40.0,0.0,0.0","-33.0,0.0,0.0","-45.0,0.0,0.0","-60.0,0.0,0.0"
1747092141.309971,"-40.0,0.0,0.0","-34.0,0.0,0.0","-46.0,0.0,0.0","-60.0,0.0,0.0"
1747092141.3605134,"-40.0,0.0,0.0","-34.0,0.0,0.0","-47.0,0.0,0.0","-60.0,0.0,0.0"
1747092141.4113696,"-40.0,0.0,0.0","-35.0,0.0,0.0","-47.0,0.0,0.0","-59.0,0.0,0.0"
1747092141.4616528,"-40.0,0.0,0.0","-37.0,0.0,0.0","-47.0,0.0,0.0","-58.0,0.0,0.0"
1747092141.512466,"-41.0,0.0,0.0","-37.0,0.0,0.0","-47.0,0.0,0.0","-58.0,0.0,0.0"
1747092141.5631142,"-40.0,0.0,0.0","-38.0,0.0,0.0","-47.0,0.0,0.0","-58.0,0.0,0.0"
1747092141.613316,"-40.0,0.0,0.0","-38.0,0.0,0.0","-48.0,0.0,0.0","-57.0,0.0,0.0"
1747092141.66401,"-40.0,0.0,0.0","-38.0,0.0,0.0","-48.0,0.0,0.0","-56.0,0.0,0.0"
1747092141.7149713,"-40.0,0.0,0.0","-38.0,0.0,0.0","-48.0,0.0,0.0","-56.0,0.0,0.0"
1747092141.7651975,"-40.0,0.0,0.0","-38.0,0.0,0.0","-48.0,0.0,0.0","-56.0,0.0,0.0"
1747092141.8154519,"-40.0,0.0,0.0","-38.0,0.0,0.0","-48.0,0.0,0.0","-56.0,0.0,0.0"
1747092141.8656328,"-40.0,0.0,0.0","-38.0,0.0,0.0","-48.0,0.0,0.0","-56.0,0.0,0.0"
1747092141.9159873,"-40.0,0.0,0.0","-39.0,0.0,0.0","-48.0,0.0,0.0","-57.0,0.0,0.0"
1747092141.9665372,"-40.0,0.0,0.0","-39.0,0.0,0.0","-48.0,0.0,0.0","-57.0,0.0,0.0"
1747092142.0169864,"-40.0,0.0,0.0","-39.0,0.0,0.0","-49.0,0.0,0.0","-57.0,0.0,0.0"
1747092142.0680664,"-40.0,0.0,0.0","-40.0,0.0,0.0","-49.0,0.0,0.0","-57.0,0.0,0.0"
1747092142.1190042,"-40.0,0.0,0.0","-40.0,0.0,0.0","-49.0,0.0,0.0","-57.0,0.0,0.0"
1747092142.169144,"-40.0,0.0,0.0","-40.0,0.0,0.0","-50.0,0.0,0.0","-57.0,0.0,0.0"
1747092142.2192771,"-40.0,0.0,0.0","-40.0,0.0,0.0","-50.0,0.0,0.0","-57.0,0.0,0.0"
1747092142.2701395,"-40.0,0.0,0.0","-40.0,0.0,0.0","-50.0,0.0,0.0","-56.0,0.0,0.0"
1747092142.3201482,"-40.0,0.0,0.0","-40.0,0.0,0.0","-50.0,0.0,0.0","-57.0,0.0,0.0"
1747092142.3710308,"-40.0,0.0,0.0","-40.0,0.0,0.0","-50.0,0.0,0.0","-57.0,0.0,0.0"
1747092142.421328,"-40.0,0.0,0.0","-39.0,0.0,0.0","-49.0,0.0,0.0","-57.0,0.0,0.0"
1747092142.4714756,"-40.0,0.0,0.0","-39.0,0.0,0.0","-49.0,0.0,0.0","-57.0,0.0,0.0"
1747092142.522095,"-40.0,0.0,0.0","-39.0,0.0,0.0","-49.0,0.0,0.0","-57.0,0.0,0.0"
1747092142.5721328,"-40.0,0.0,0.0","-39.0,0.0,0.0","-49.0,0.0,0.0","-57.0,0.0,0.0"
1747092142.6234548,"-40.0,0.0,0.0","-39.0,0.0,0.0","-49.0,0.0,0.0","-57.0,0.0,0.0"
1747092142.6740391,"-41.0,0.0,0.0","-39.0,0.0,0.0","-48.0,0.0,0.0","-57.0,0.0,0.0"
1747092142.7241538,"-41.0,0.0,0.0","-39.0,0.0,0.0","-48.0,0.0,0.0","-57.0,0.0,0.0"
1747092142.7742286,"-41.0,0.0,0.0","-39.0,0.0,0.0","-48.0,0.0,0.0","-57.0,0.0,0.0"
1747092142.824252,"-41.0,0.0,0.0","-39.0,0.0,0.0","-48.0,0.0,0.0","-57.0,0.0,0.0"
1747092142.875019,"-41.0,0.0,0.0","-39.0,0.0,0.0","-48.0,0.0,0.0","-57.0,0.0,0.0"
1747092142.9256113,"-41.0,0.0,0.0","-39.0,0.0,0.0","-48.0,0.0,0.0","-57.0,0.0,0.0"
1747092142.9760113,"-41.0,0.0,0.0","-39.0,0.0,0.0","-48.0,0.0,0.0","-57.0,0.0,0.0"
1747092143.0270312,"-41.0,0.0,0.0","-39.0,0.0,0.0","-48.0,0.0,0.0","-57.0,0.0,0.0"
1747092143.0776134,"-42.0,0.0,0.0","-39.0,0.0,0.0","-48.0,0.0,0.0","-57.0,0.0,0.0"
1747092143.1282794,"-42.0,0.0,0.0","-39.0,0.0,0.0","-49.0,0.0,0.0","-59.0,0.0,0.0"
1747092143.179222,"-42.0,0.0,0.0","-40.0,0.0,0.0","-50.0,0.0,0.0","-60.0,0.0,0.0"
1747092143.2293868,"-43.0,0.0,0.0","-40.0,0.0,0.0","-52.0,0.0,0.0","-62.0,0.0,0.0"
1747092143.2800524,"-45.0,0.0,0.0","-42.0,0.0,0.0","-55.0,0.0,0.0","-64.0,0.0,0.0"
1747092143.330198,"-46.0,0.0,0.0","-42.0,0.0,0.0","-55.0,0.0,0.0","-65.0,0.0,0.0"
1747092143.3810394,"-47.0,0.0,0.0","-43.0,0.0,0.0","-55.0,0.0,0.0","-66.0,0.0,0.0"
1747092143.431093,"-52.0,0.0,0.0","-44.0,0.0,0.0","-54.0,0.0,0.0","-69.0,0.0,0.0"
1747092143.4811172,"-54.0,0.0,0.0","-45.0,0.0,0.0","-53.0,0.0,0.0","-70.0,0.0,0.0"
1747092143.5312977,"-57.0,0.0,0.0","-47.0,0.0,0.0","-53.0,0.0,0.0","-68.0,0.0,0.0"
1747092143.581769,"-60.0,0.0,0.0","-50.0,0.0,0.0","-49.0,0.0,0.0","-66.0,0.0,0.0"
1747092143.6323712,"-61.0,0.0,0.0","-51.0,0.0,0.0","-47.0,0.0,0.0","-66.0,0.0,0.0"
1747092143.6829808,"-61.0,0.0,0.0","-51.0,0.0,0.0","-46.0,0.0,0.0","-65.0,0.0,0.0"
1747092143.7330914,"-62.0,0.0,0.0","-52.0,0.0,0.0","-45.0,0.0,0.0","-65.0,0.0,0.0"
1747092143.78399,"-62.0,0.0,0.0","-52.0,0.0,0.0","-45.0,0.0,0.0","-64.0,0.0,0.0"
1747092143.8344793,"-62.0,0.0,0.0","-53.0,0.0,0.0","-45.0,0.0,0.0","-64.0,0.0,0.0"
1747092143.8932102,"-62.0,0.0,0.0","-53.0,0.0,0.0","-44.0,0.0,0.0","-63.0,0.0,0.0"
1747092143.943353,"-62.0,0.0,0.0","-53.0,0.0,0.0","-45.0,0.0,0.0","-63.0,0.0,0.0"
1747092143.9934142,"-61.0,0.0,0.0","-53.0,0.0,0.0","-45.0,0.0,0.0","-63.0,0.0,0.0"
1747092144.0440931,"-61.0,0.0,0.0","-53.0,0.0,0.0","-46.0,0.0,0.0","-63.0,0.0,0.0"
1747092144.0956404,"-61.0,0.0,0.0","-53.0,0.0,0.0","-46.0,0.0,0.0","-63.0,0.0,0.0"
1747092144.146569,"-61.0,0.0,0.0","-53.0,0.0,0.0","-47.0,0.0,0.0","-63.0,0.0,0.0"
1747092144.197209,"-60.0,0.0,0.0","-52.0,0.0,0.0","-47.0,0.0,0.0","-64.0,0.0,0.0"
1747092144.247512,"-59.0,0.0,0.0","-51.0,0.0,0.0","-49.0,0.0,0.0","-64.0,0.0,0.0"
1747092144.2980428,"-57.0,0.0,0.0","-48.0,0.0,0.0","-49.0,0.0,0.0","-63.0,0.0,0.0"
1747092144.3491552,"-55.0,0.0,0.0","-47.0,0.0,0.0","-48.0,0.0,0.0","-61.0,0.0,0.0"
1747092144.400881,"-51.0,0.0,0.0","-46.0,0.0,0.0","-48.0,0.0,0.0","-56.0,0.0,0.0"
1747092144.4514394,"-50.0,0.0,0.0","-44.0,0.0,0.0","-45.0,0.0,0.0","-53.0,0.0,0.0"
1747092144.5015786,"-48.0,0.0,0.0","-42.0,0.0,0.0","-44.0,0.0,0.0","-49.0,0.0,0.0"
1747092144.552088,"-44.0,0.0,0.0","-40.0,0.0,0.0","-43.0,0.0,0.0","-45.0,0.0,0.0"
1747092144.602947,"-42.0,0.0,0.0","-36.0,0.0,0.0","-41.0,0.0,0.0","-44.0,0.0,0.0"
1747092144.6532083,"-39.0,0.0,0.0","-33.0,0.0,0.0","-42.0,0.0,0.0","-43.0,0.0,0.0"
1747092144.7040055,"-34.0,0.0,0.0","-24.0,0.0,0.0","-44.0,0.0,0.0","-47.0,0.0,0.0"
1747092144.7549264,"-31.0,0.0,0.0","-23.0,0.0,0.0","-45.0,0.0,0.0","-45.0,0.0,0.0"
1747092144.8057506,"-29.0,0.0,0.0","-22.0,0.0,0.0","-45.0,0.0,0.0","-43.0,0.0,0.0"
1747092144.8560028,"-25.0,0.0,0.0","-23.0,0.0,0.0","-44.0,0.0,0.0","-31.0,0.0,0.0"
1747092144.9067574,"-24.0,0.0,0.0","-23.0,0.0,0.0","-43.0,0.0,0.0","-28.0,0.0,0.0"
1747092144.9584017,"-24.0,0.0,0.0","-23.0,0.0,0.0","-43.0,0.0,0.0","-28.0,0.0,0.0"
1747092145.0091903,"-26.0,0.0,0.0","-24.0,0.0,0.0","-42.0,0.0,0.0","-26.0,0.0,0.0"
1747092145.0601282,"-26.0,0.0,0.0","-24.0,0.0,0.0","-41.0,0.0,0.0","-26.0,0.0,0.0"
1747092145.1109674,"-27.0,0.0,0.0","-25.0,0.0,0.0","-41.0,0.0,0.0","-26.0,0.0,0.0"
1747092145.1614203,"-27.0,0.0,0.0","-25.0,0.0,0.0","-42.0,0.0,0.0","-27.0,0.0,0.0"
1747092145.212127,"-28.0,0.0,0.0","-26.0,0.0,0.0","-41.0,0.0,0.0","-27.0,0.0,0.0"
1747092145.2628093,"-29.0,0.0,0.0","-26.0,0.0,0.0","-41.0,0.0,0.0","-27.0,0.0,0.0"
1747092145.3136036,"-31.0,0.0,0.0","-28.0,0.0,0.0","-41.0,0.0,0.0","-29.0,0.0,0.0"
1747092145.363935,"-31.0,0.0,0.0","-28.0,0.0,0.0","-41.0,0.0,0.0","-30.0,0.0,0.0"
1747092145.4143577,"-32.0,0.0,0.0","-29.0,0.0,0.0","-41.0,0.0,0.0","-30.0,0.0,0.0"
1747092145.4643793,"-33.0,0.0,0.0","-29.0,0.0,0.0","-40.0,0.0,0.0","-29.0,0.0,0.0"
1747092145.5149684,"-33.0,0.0,0.0","-29.0,0.0,0.0","-40.0,0.0,0.0","-28.0,0.0,0.0"
1747092145.5676253,"-35.0,0.0,0.0","-30.0,0.0,0.0","-35.0,0.0,0.0","-25.0,0.0,0.0"
1747092145.617797,"-37.0,0.0,0.0","-32.0,0.0,0.0","-27.0,0.0,0.0","-14.0,0.0,0.0"
1747092145.6691084,"-37.0,0.0,0.0","-33.0,0.0,0.0","-23.0,0.0,0.0","-6.0,0.0,0.0"
1747092145.72018,"-37.0,0.0,0.0","-34.0,0.0,0.0","-18.0,0.0,0.0","0.0,0.0,0.0"
1747092145.7703884,"-39.0,0.0,0.0","-34.0,0.0,0.0","-10.0,0.0,0.0","11.0,0.0,0.0"
1747092145.8213637,"-38.0,0.0,0.0","-33.0,0.0,0.0","-6.0,0.0,0.0","15.0,0.0,0.0"
1747092145.8720095,"-37.0,0.0,0.0","-28.0,0.0,0.0","2.0,0.0,0.0","26.0,0.0,0.0"
1747092145.922711,"-36.0,0.0,0.0","-21.0,0.0,0.0","7.0,0.0,0.0","23.0,0.0,0.0"
1747092145.973386,"-34.0,0.0,0.0","-17.0,0.0,0.0","10.0,0.0,0.0","19.0,0.0,0.0"
1747092146.0235643,"-30.0,0.0,0.0","-11.0,0.0,0.0","17.0,0.0,0.0","14.0,0.0,0.0"
1747092146.074855,"-28.0,0.0,0.0","-9.0,0.0,0.0","18.0,0.0,0.0","15.0,0.0,0.0"
1747092146.1250904,"-25.0,0.0,0.0","-7.0,0.0,0.0","16.0,0.0,0.0","14.0,0.0,0.0"
1747092146.1755989,"-20.0,0.0,0.0","-6.0,0.0,0.0","8.0,0.0,0.0","13.0,0.0,0.0"
1747092146.2262218,"-17.0,0.0,0.0","-5.0,0.0,0.0","6.0,0.0,0.0","12.0,0.0,0.0"
1747092146.2769377,"-15.0,0.0,0.0","-5.0,0.0,0.0","4.0,0.0,0.0","12.0,0.0,0.0"
1747092146.3274121,"-13.0,0.0,0.0","-5.0,0.0,0.0","2.0,0.0,0.0","11.0,0.0,0.0"
1747092146.377829,"-13.0,0.0,0.0","-5.0,0.0,0.0","1.0,0.0,0.0","11.0,0.0,0.0"
1747092146.4279032,"-13.0,0.0,0.0","-5.0,0.0,0.0","0.0,0.0,0.0","11.0,0.0,0.0"
1747092146.4792624,"-13.0,0.0,0.0","-5.0,0.0,0.0","0.0,0.0,0.0","11.0,0.0,0.0"
1747092146.5302238,"-13.0,0.0,0.0","-5.0,0.0,0.0","1.0,0.0,0.0","11.0,0.0,0.0"
1747092146.581177,"-13.0,0.0,0.0","-5.0,0.0,0.0","2.0,0.0,0.0","13.0,0.0,0.0"
1747092146.6313047,"-14.0,0.0,0.0","-5.0,0.0,0.0","3.0,0.0,0.0","14.0,0.0,0.0"
1747092146.6822886,"-14.0,0.0,0.0","-5.0,0.0,0.0","4.0,0.0,0.0","16.0,0.0,0.0"
1747092146.7324698,"-17.0,0.0,0.0","-6.0,0.0,0.0","16.0,0.0,0.0","28.0,0.0,0.0"
1747092146.783411,"-20.0,0.0,0.0","-7.0,0.0,0.0","31.0,0.0,0.0","38.0,0.0,0.0"
1747092146.8340845,"-22.0,0.0,0.0","-8.0,0.0,0.0","41.0,0.0,0.0","45.0,0.0,0.0"
1747092146.884394,"-23.0,0.0,0.0","-10.0,0.0,0.0","54.0,0.0,0.0","58.0,0.0,0.0"
1747092146.934519,"-24.0,0.0,0.0","-10.0,0.0,0.0","69.0,0.0,0.0","71.0,0.0,0.0"
1747092146.9851193,"-25.0,0.0,0.0","-10.0,0.0,0.0","74.0,0.0,0.0","75.0,0.0,0.0"
1747092147.035149,"-25.0,0.0,0.0","-10.0,0.0,0.0","82.0,0.0,0.0","83.0,0.0,0.0"
1747092147.0851939,"-24.0,0.0,0.0","-9.0,0.0,0.0","87.0,0.0,0.0","88.0,0.0,0.0"
1747092147.1360512,"-24.0,0.0,0.0","-9.0,0.0,0.0","96.0,0.0,0.0","93.0,0.0,0.0"
1747092147.1864166,"-24.0,0.0,0.0","-9.0,0.0,0.0","98.0,0.0,0.0","96.0,0.0,0.0"
1747092147.2386115,"-24.0,0.0,0.0","-9.0,0.0,0.0","101.0,0.0,0.0","98.0,0.0,0.0"
1747092147.2893457,"-24.0,0.0,0.0","-9.0,0.0,0.0","107.0,0.0,0.0","104.0,0.0,0.0"
1747092147.3394027,"-24.0,0.0,0.0","-9.0,0.0,0.0","109.0,0.0,0.0","106.0,0.0,0.0"
1747092147.390028,"-24.0,0.0,0.0","-9.0,0.0,0.0","111.0,0.0,0.0","108.0,0.0,0.0"
1747092147.4419866,"-26.0,0.0,0.0","-12.0,0.0,0.0","116.0,0.0,0.0","113.0,0.0,0.0"
1747092147.49207,"-27.0,0.0,0.0","-15.0,0.0,0.0","118.0,0.0,0.0","116.0,0.0,0.0"
1747092147.5422537,"-28.0,0.0,0.0","-16.0,0.0,0.0","119.0,0.0,0.0","118.0,0.0,0.0"
1747092147.5924027,"-30.0,0.0,0.0","-19.0,0.0,0.0","121.0,0.0,0.0","121.0,0.0,0.0"
1747092147.6431656,"-31.0,0.0,0.0","-19.0,0.0,0.0","122.0,0.0,0.0","122.0,0.0,0.0"
1747092147.6940544,"-31.0,0.0,0.0","-20.0,0.0,0.0","122.0,0.0,0.0","122.0,0.0,0.0"
1747092147.7444015,"-32.0,0.0,0.0","-20.0,0.0,0.0","123.0,0.0,0.0","123.0,0.0,0.0"
1747092147.794437,"-32.0,0.0,0.0","-21.0,0.0,0.0","123.0,0.0,0.0","123.0,0.0,0.0"
1747092147.844649,"-32.0,0.0,0.0","-21.0,0.0,0.0","123.0,0.0,0.0","123.0,0.0,0.0"
1747092147.895482,"-33.0,0.0,0.0","-21.0,0.0,0.0","123.0,0.0,0.0","123.0,0.0,0.0"
1747092147.945825,"-32.0,0.0,0.0","-21.0,0.0,0.0","122.0,0.0,0.0","123.0,0.0,0.0"
1747092147.9966726,"-30.0,0.0,0.0","-20.0,0.0,0.0","120.0,0.0,0.0","122.0,0.0,0.0"
1747092148.0471833,"-22.0,0.0,0.0","-12.0,0.0,0.0","113.0,0.0,0.0","114.0,0.0,0.0"
1747092148.0981057,"-17.0,0.0,0.0","-3.0,0.0,0.0","109.0,0.0,0.0","106.0,0.0,0.0"
1747092148.1481452,"-7.0,0.0,0.0","11.0,0.0,0.0","99.0,0.0,0.0","93.0,0.0,0.0"
1747092148.1993215,"10.0,0.0,0.0","28.0,0.0,0.0","82.0,0.0,0.0","78.0,0.0,0.0"
1747092148.2493563,"16.0,0.0,0.0","33.0,0.0,0.0","75.0,0.0,0.0","73.0,0.0,0.0"
1747092148.3002844,"20.0,0.0,0.0","38.0,0.0,0.0","71.0,0.0,0.0","67.0,0.0,0.0"
1747092148.3509881,"29.0,0.0,0.0","49.0,0.0,0.0","61.0,0.0,0.0","55.0,0.0,0.0"
1747092148.4015186,"36.0,0.0,0.0","55.0,0.0,0.0","55.0,0.0,0.0","45.0,0.0,0.0"
1747092148.4518704,"41.0,0.0,0.0","60.0,0.0,0.0","50.0,0.0,0.0","38.0,0.0,0.0"
1747092148.5020282,"50.0,0.0,0.0","66.0,0.0,0.0","41.0,0.0,0.0","29.0,0.0,0.0"
1747092148.552687,"54.0,0.0,0.0","68.0,0.0,0.0","36.0,0.0,0.0","26.0,0.0,0.0"
1747092148.6029015,"59.0,0.0,0.0","72.0,0.0,0.0","29.0,0.0,0.0","20.0,0.0,0.0"
1747092148.6534224,"65.0,0.0,0.0","79.0,0.0,0.0","20.0,0.0,0.0","9.0,0.0,0.0"
1747092148.7043462,"70.0,0.0,0.0","82.0,0.0,0.0","14.0,0.0,0.0","5.0,0.0,0.0"
1747092148.7545106,"72.0,0.0,0.0","82.0,0.0,0.0","11.0,0.0,0.0","5.0,0.0,0.0"
1747092148.804772,"75.0,0.0,0.0","81.0,0.0,0.0","8.0,0.0,0.0","5.0,0.0,0.0"
1747092148.8555386,"77.0,0.0,0.0","84.0,0.0,0.0","6.0,0.0,0.0","2.0,0.0,0.0"
1747092148.905874,"78.0,0.0,0.0","84.0,0.0,0.0","5.0,0.0,0.0","2.0,0.0,0.0"
1747092148.9634104,"78.0,0.0,0.0","85.0,0.0,0.0","7.0,0.0,0.0","3.0,0.0,0.0"
1747092149.014379,"79.0,0.0,0.0","86.0,0.0,0.0","6.0,0.0,0.0","2.0,0.0,0.0"
1747092149.0650837,"80.0,0.0,0.0","87.0,0.0,0.0","4.0,0.0,0.0","1.0,0.0,0.0"
1747092149.117356,"80.0,0.0,0.0","88.0,0.0,0.0","4.0,0.0,0.0","1.0,0.0,0.0"
1747092149.1680207,"80.0,0.0,0.0","88.0,0.0,0.0","4.0,0.0,0.0","1.0,0.0,0.0"
1747092149.218194,"80.0,0.0,0.0","88.0,0.0,0.0","5.0,0.0,0.0","1.0,0.0,0.0"
1747092149.26922,"80.0,0.0,0.0","88.0,0.0,0.0","6.0,0.0,0.0","1.0,0.0,0.0"
1747092149.3201911,"80.0,0.0,0.0","88.0,0.0,0.0","6.0,0.0,0.0","1.0,0.0,0.0"
1747092149.3711505,"79.0,0.0,0.0","88.0,0.0,0.0","7.0,0.0,0.0","2.0,0.0,0.0"
1747092149.421646,"79.0,0.0,0.0","87.0,0.0,0.0","7.0,0.0,0.0","3.0,0.0,0.0"
1747092149.4723115,"78.0,0.0,0.0","85.0,0.0,0.0","8.0,0.0,0.0","5.0,0.0,0.0"
1747092149.5231621,"76.0,0.0,0.0","83.0,0.0,0.0","11.0,0.0,0.0","8.0,0.0,0.0"
1747092149.5742207,"71.0,0.0,0.0","80.0,0.0,0.0","17.0,0.0,0.0","11.0,0.0,0.0"
1747092149.6250558,"65.0,0.0,0.0","73.0,0.0,0.0","25.0,0.0,0.0","19.0,0.0,0.0"
1747092149.6750941,"62.0,0.0,0.0","68.0,0.0,0.0","28.0,0.0,0.0","26.0,0.0,0.0"
1747092149.7254038,"58.0,0.0,0.0","65.0,0.0,0.0","32.0,0.0,0.0","32.0,0.0,0.0"
1747092149.7754862,"51.0,0.0,0.0","59.0,0.0,0.0","39.0,0.0,0.0","41.0,0.0,0.0"
1747092149.826255,"46.0,0.0,0.0","56.0,0.0,0.0","44.0,0.0,0.0","42.0,0.0,0.0"
1747092149.8765302,"36.0,0.0,0.0","49.0,0.0,0.0","58.0,0.0,0.0","50.0,0.0,0.0"
1747092149.9271948,"14.0,0.0,0.0","29.0,0.0,0.0","82.0,0.0,0.0","74.0,0.0,0.0"
1747092149.9791842,"7.0,0.0,0.0","21.0,0.0,0.0","90.0,0.0,0.0","83.0,0.0,0.0"
1747092150.0302594,"-2.0,0.0,0.0","14.0,0.0,0.0","101.0,0.0,0.0","91.0,0.0,0.0"
1747092150.0816605,"-9.0,0.0,0.0","6.0,0.0,0.0","108.0,0.0,0.0","100.0,0.0,0.0"
1747092150.1321917,"-24.0,0.0,0.0","-11.0,0.0,0.0","122.0,0.0,0.0","118.0,0.0,0.0"
1747092150.1826088,"-27.0,0.0,0.0","-13.0,0.0,0.0","125.0,0.0,0.0","119.0,0.0,0.0"
1747092150.2329311,"-30.0,0.0,0.0","-14.0,0.0,0.0","127.0,0.0,0.0","120.0,0.0,0.0"
1747092150.283495,"-34.0,0.0,0.0","-20.0,0.0,0.0","130.0,0.0,0.0","124.0,0.0,0.0"
1747092150.334162,"-35.0,0.0,0.0","-21.0,0.0,0.0","131.0,0.0,0.0","125.0,0.0,0.0"
1747092150.3843265,"-38.0,0.0,0.0","-22.0,0.0,0.0","133.0,0.0,0.0","126.0,0.0,0.0"
1747092150.4350977,"-39.0,0.0,0.0","-24.0,0.0,0.0","133.0,0.0,0.0","127.0,0.0,0.0"
1747092150.4857209,"-39.0,0.0,0.0","-25.0,0.0,0.0","133.0,0.0,0.0","128.0,0.0,0.0"
1747092150.5362995,"-39.0,0.0,0.0","-25.0,0.0,0.0","132.0,0.0,0.0","128.0,0.0,0.0"
1747092150.5863473,"-40.0,0.0,0.0","-26.0,0.0,0.0","131.0,0.0,0.0","129.0,0.0,0.0"
1747092150.6369696,"-40.0,0.0,0.0","-25.0,0.0,0.0","131.0,0.0,0.0","128.0,0.0,0.0"
1747092150.6877267,"-39.0,0.0,0.0","-24.0,0.0,0.0","130.0,0.0,0.0","127.0,0.0,0.0"
1747092150.738274,"-35.0,0.0,0.0","-20.0,0.0,0.0","127.0,0.0,0.0","124.0,0.0,0.0"
1747092150.7883153,"-30.0,0.0,0.0","-13.0,0.0,0.0","122.0,0.0,0.0","118.0,0.0,0.0"
1747092150.839152,"-22.0,0.0,0.0","-6.0,0.0,0.0","115.0,0.0,0.0","111.0,0.0,0.0"
1747092150.8892696,"0.0,0.0,0.0","22.0,0.0,0.0","93.0,0.0,0.0","84.0,0.0,0.0"
1747092150.9394758,"7.0,0.0,0.0","29.0,0.0,0.0","85.0,0.0,0.0","78.0,0.0,0.0"
1747092150.990209,"14.0,0.0,0.0","35.0,0.0,0.0","78.0,0.0,0.0","73.0,0.0,0.0"
1747092151.0409415,"28.0,0.0,0.0","48.0,0.0,0.0","64.0,0.0,0.0","59.0,0.0,0.0"
1747092151.0910897,"31.0,0.0,0.0","52.0,0.0,0.0","61.0,0.0,0.0","54.0,0.0,0.0"
1747092151.1416585,"36.0,0.0,0.0","56.0,0.0,0.0","57.0,0.0,0.0","47.0,0.0,0.0"
1747092151.192539,"51.0,0.0,0.0","66.0,0.0,0.0","41.0,0.0,0.0","30.0,0.0,0.0"
1747092151.2431147,"57.0,0.0,0.0","69.0,0.0,0.0","32.0,0.0,0.0","26.0,0.0,0.0"
1747092151.2939343,"62.0,0.0,0.0","74.0,0.0,0.0","26.0,0.0,0.0","18.0,0.0,0.0"
1747092151.3442273,"67.0,0.0,0.0","79.0,0.0,0.0","19.0,0.0,0.0","9.0,0.0,0.0"
1747092151.3949778,"69.0,0.0,0.0","81.0,0.0,0.0","17.0,0.0,0.0","7.0,0.0,0.0"
1747092151.445258,"71.0,0.0,0.0","82.0,0.0,0.0","16.0,0.0,0.0","7.0,0.0,0.0"
1747092151.495748,"74.0,0.0,0.0","83.0,0.0,0.0","12.0,0.0,0.0","5.0,0.0,0.0"
1747092151.5461318,"76.0,0.0,0.0","83.0,0.0,0.0","12.0,0.0,0.0","6.0,0.0,0.0"
1747092151.5964744,"77.0,0.0,0.0","85.0,0.0,0.0","10.0,0.0,0.0","3.0,0.0,0.0"
1747092151.6471908,"77.0,0.0,0.0","86.0,0.0,0.0","10.0,0.0,0.0","3.0,0.0,0.0"
1747092151.6981788,"78.0,0.0,0.0","87.0,0.0,0.0","8.0,0.0,0.0","2.0,0.0,0.0"
1747092151.748714,"78.0,0.0,0.0","87.0,0.0,0.0","8.0,0.0,0.0","2.0,0.0,0.0"
1747092151.7989905,"78.0,0.0,0.0","87.0,0.0,0.0","8.0,0.0,0.0","3.0,0.0,0.0"
1747092151.8494306,"77.0,0.0,0.0","87.0,0.0,0.0","9.0,0.0,0.0","3.0,0.0,0.0"
1747092151.8999279,"77.0,0.0,0.0","87.0,0.0,0.0","9.0,0.0,0.0","3.0,0.0,0.0"
1747092151.9503403,"77.0,0.0,0.0","87.0,0.0,0.0","10.0,0.0,0.0","3.0,0.0,0.0"
1747092152.0010147,"77.0,0.0,0.0","86.0,0.0,0.0","10.0,0.0,0.0","4.0,0.0,0.0"
1747092152.0522614,"77.0,0.0,0.0","85.0,0.0,0.0","11.0,0.0,0.0","7.0,0.0,0.0"
1747092152.1024802,"76.0,0.0,0.0","84.0,0.0,0.0","12.0,0.0,0.0","8.0,0.0,0.0"
1747092152.1531947,"74.0,0.0,0.0","81.0,0.0,0.0","13.0,0.0,0.0","13.0,0.0,0.0"
1747092152.2042453,"73.0,0.0,0.0","79.0,0.0,0.0","15.0,0.0,0.0","16.0,0.0,0.0"
1747092152.2544343,"68.0,0.0,0.0","73.0,0.0,0.0","22.0,0.0,0.0","24.0,0.0,0.0"
1747092152.3051548,"59.0,0.0,0.0","62.0,0.0,0.0","33.0,0.0,0.0","39.0,0.0,0.0"
1747092152.3558345,"56.0,0.0,0.0","59.0,0.0,0.0","37.0,0.0,0.0","44.0,0.0,0.0"
1747092152.4063914,"51.0,0.0,0.0","55.0,0.0,0.0","42.0,0.0,0.0","49.0,0.0,0.0"
1747092152.4570825,"38.0,0.0,0.0","46.0,0.0,0.0","57.0,0.0,0.0","59.0,0.0,0.0"
1747092152.5077841,"33.0,0.0,0.0","42.0,0.0,0.0","63.0,0.0,0.0","64.0,0.0,0.0"
1747092152.5577972,"25.0,0.0,0.0","38.0,0.0,0.0","72.0,0.0,0.0","68.0,0.0,0.0"
1747092152.6083508,"7.0,0.0,0.0","20.0,0.0,0.0","91.0,0.0,0.0","85.0,0.0,0.0"
1747092152.6589475,"-1.0,0.0,0.0","14.0,0.0,0.0","100.0,0.0,0.0","91.0,0.0,0.0"
1747092152.7092373,"-4.0,0.0,0.0","7.0,0.0,0.0","103.0,0.0,0.0","97.0,0.0,0.0"
1747092152.7593434,"-13.0,0.0,0.0","-3.0,0.0,0.0","112.0,0.0,0.0","108.0,0.0,0.0"
1747092152.8102107,"-22.0,0.0,0.0","-9.0,0.0,0.0","120.0,0.0,0.0","114.0,0.0,0.0"
1747092152.8605328,"-27.0,0.0,0.0","-11.0,0.0,0.0","125.0,0.0,0.0","117.0,0.0,0.0"
1747092152.9111679,"-33.0,0.0,0.0","-19.0,0.0,0.0","131.0,0.0,0.0","123.0,0.0,0.0"
1747092152.9617536,"-36.0,0.0,0.0","-22.0,0.0,0.0","133.0,0.0,0.0","126.0,0.0,0.0"
1747092153.012426,"-40.0,0.0,0.0","-25.0,0.0,0.0","135.0,0.0,0.0","129.0,0.0,0.0"
1747092153.0630994,"-46.0,0.0,0.0","-29.0,0.0,0.0","138.0,0.0,0.0","132.0,0.0,0.0"
1747092153.1178007,"-47.0,0.0,0.0","-30.0,0.0,0.0","138.0,0.0,0.0","133.0,0.0,0.0"
1747092153.1689718,"-48.0,0.0,0.0","-30.0,0.0,0.0","138.0,0.0,0.0","132.0,0.0,0.0"
1747092153.2199655,"-48.0,0.0,0.0","-29.0,0.0,0.0","137.0,0.0,0.0","132.0,0.0,0.0"
1747092153.2703598,"-47.0,0.0,0.0","-29.0,0.0,0.0","137.0,0.0,0.0","132.0,0.0,0.0"
1747092153.3211143,"-47.0,0.0,0.0","-30.0,0.0,0.0","137.0,0.0,0.0","132.0,0.0,0.0"
1747092153.371895,"-48.0,0.0,0.0","-32.0,0.0,0.0","137.0,0.0,0.0","134.0,0.0,0.0"
1747092153.4221122,"-48.0,0.0,0.0","-34.0,0.0,0.0","138.0,0.0,0.0","135.0,0.0,0.0"
1747092153.4722717,"-49.0,0.0,0.0","-34.0,0.0,0.0","138.0,0.0,0.0","135.0,0.0,0.0"
1747092153.5249147,"-49.0,0.0,0.0","-35.0,0.0,0.0","138.0,0.0,0.0","136.0,0.0,0.0"
1747092153.582517,"-49.0,0.0,0.0","-34.0,0.0,0.0","138.0,0.0,0.0","135.0,0.0,0.0"
1747092153.6329634,"-49.0,0.0,0.0","-34.0,0.0,0.0","138.0,0.0,0.0","135.0,0.0,0.0"
1747092153.6835284,"-48.0,0.0,0.0","-33.0,0.0,0.0","138.0,0.0,0.0","134.0,0.0,0.0"
1747092153.7340147,"-48.0,0.0,0.0","-30.0,0.0,0.0","137.0,0.0,0.0","132.0,0.0,0.0"
1747092153.7846751,"-35.0,0.0,0.0","-18.0,0.0,0.0","128.0,0.0,0.0","122.0,0.0,0.0"
1747092153.8349547,"-29.0,0.0,0.0","-11.0,0.0,0.0","123.0,0.0,0.0","117.0,0.0,0.0"
1747092153.8851585,"-24.0,0.0,0.0","-3.0,0.0,0.0","118.0,0.0,0.0","110.0,0.0,0.0"
1747092153.9373157,"-8.0,0.0,0.0","19.0,0.0,0.0","102.0,0.0,0.0","89.0,0.0,0.0"
1747092153.9879181,"1.0,0.0,0.0","28.0,0.0,0.0","93.0,0.0,0.0","81.0,0.0,0.0"
1747092154.0453975,"16.0,0.0,0.0","39.0,0.0,0.0","77.0,0.0,0.0","71.0,0.0,0.0"
1747092154.0970397,"23.0,0.0,0.0","44.0,0.0,0.0","71.0,0.0,0.0","64.0,0.0,0.0"
1747092154.1470995,"27.0,0.0,0.0","50.0,0.0,0.0","66.0,0.0,0.0","57.0,0.0,0.0"
1747092154.1972136,"41.0,0.0,0.0","61.0,0.0,0.0","53.0,0.0,0.0","40.0,0.0,0.0"
1747092154.247276,"47.0,0.0,0.0","65.0,0.0,0.0","47.0,0.0,0.0","33.0,0.0,0.0"
1747092154.2979898,"50.0,0.0,0.0","67.0,0.0,0.0","42.0,0.0,0.0","30.0,0.0,0.0"
1747092154.3488233,"59.0,0.0,0.0","73.0,0.0,0.0","29.0,0.0,0.0","20.0,0.0,0.0"
1747092154.3988824,"62.0,0.0,0.0","77.0,0.0,0.0","25.0,0.0,0.0","12.0,0.0,0.0"
1747092154.4489536,"64.0,0.0,0.0","79.0,0.0,0.0","22.0,0.0,0.0","9.0,0.0,0.0"
1747092154.4992337,"68.0,0.0,0.0","82.0,0.0,0.0","17.0,0.0,0.0","5.0,0.0,0.0"
1747092154.549551,"72.0,0.0,0.0","83.0,0.0,0.0","14.0,0.0,0.0","4.0,0.0,0.0"
1747092154.6001618,"74.0,0.0,0.0","82.0,0.0,0.0","12.0,0.0,0.0","5.0,0.0,0.0"
1747092154.650357,"76.0,0.0,0.0","84.0,0.0,0.0","8.0,0.0,0.0","4.0,0.0,0.0"
1747092154.7020345,"77.0,0.0,0.0","84.0,0.0,0.0","8.0,0.0,0.0","4.0,0.0,0.0"
1747092154.752129,"78.0,0.0,0.0","85.0,0.0,0.0","8.0,0.0,0.0","3.0,0.0,0.0"
1747092154.8029382,"78.0,0.0,0.0","87.0,0.0,0.0","7.0,0.0,0.0","0.0,0.0,0.0"
1747092154.8530838,"78.0,0.0,0.0","87.0,0.0,0.0","8.0,0.0,0.0","0.0,0.0,0.0"
1747092154.903305,"78.0,0.0,0.0","87.0,0.0,0.0","8.0,0.0,0.0","0.0,0.0,0.0"
1747092154.953755,"79.0,0.0,0.0","87.0,0.0,0.0","7.0,0.0,0.0","0.0,0.0,0.0"
1747092155.0066903,"78.0,0.0,0.0","87.0,0.0,0.0","7.0,0.0,0.0","0.0,0.0,0.0"
1747092155.0567994,"78.0,0.0,0.0","87.0,0.0,0.0","8.0,0.0,0.0","0.0,0.0,0.0"
1747092155.1076126,"78.0,0.0,0.0","87.0,0.0,0.0","8.0,0.0,0.0","1.0,0.0,0.0"
1747092155.1590126,"77.0,0.0,0.0","85.0,0.0,0.0","10.0,0.0,0.0","4.0,0.0,0.0"
1747092155.209675,"75.0,0.0,0.0","83.0,0.0,0.0","12.0,0.0,0.0","8.0,0.0,0.0"
1747092155.2599523,"73.0,0.0,0.0","81.0,0.0,0.0","14.0,0.0,0.0","12.0,0.0,0.0"
1747092155.3100429,"63.0,0.0,0.0","71.0,0.0,0.0","27.0,0.0,0.0","27.0,0.0,0.0"
1747092155.3601508,"59.0,0.0,0.0","65.0,0.0,0.0","32.0,0.0,0.0","36.0,0.0,0.0"
1747092155.4102037,"57.0,0.0,0.0","61.0,0.0,0.0","35.0,0.0,0.0","43.0,0.0,0.0"
1747092155.4603298,"44.0,0.0,0.0","57.0,0.0,0.0","50.0,0.0,0.0","48.0,0.0,0.0"
1747092155.5104532,"37.0,0.0,0.0","52.0,0.0,0.0","58.0,0.0,0.0","53.0,0.0,0.0"
1747092155.5614157,"33.0,0.0,0.0","48.0,0.0,0.0","63.0,0.0,0.0","59.0,0.0,0.0"
1747092155.6119742,"17.0,0.0,0.0","36.0,0.0,0.0","80.0,0.0,0.0","72.0,0.0,0.0"
1747092155.6621785,"12.0,0.0,0.0","32.0,0.0,0.0","87.0,0.0,0.0","76.0,0.0,0.0"
1747092155.712835,"3.0,0.0,0.0","27.0,0.0,0.0","96.0,0.0,0.0","80.0,0.0,0.0"
1747092155.7640233,"-3.0,0.0,0.0","17.0,0.0,0.0","104.0,0.0,0.0","90.0,0.0,0.0"
1747092155.8155553,"-7.0,0.0,0.0","11.0,0.0,0.0","107.0,0.0,0.0","95.0,0.0,0.0"
1747092155.8661346,"-11.0,0.0,0.0","6.0,0.0,0.0","111.0,0.0,0.0","100.0,0.0,0.0"
1747092155.9162984,"-24.0,0.0,0.0","-9.0,0.0,0.0","122.0,0.0,0.0","115.0,0.0,0.0"
1747092155.9665267,"-28.0,0.0,0.0","-12.0,0.0,0.0","125.0,0.0,0.0","118.0,0.0,0.0"
1747092156.0170827,"-32.0,0.0,0.0","-17.0,0.0,0.0","128.0,0.0,0.0","121.0,0.0,0.0"
1747092156.0680807,"-39.0,0.0,0.0","-24.0,0.0,0.0","133.0,0.0,0.0","127.0,0.0,0.0"
1747092156.1181471,"-43.0,0.0,0.0","-29.0,0.0,0.0","135.0,0.0,0.0","131.0,0.0,0.0"
1747092156.1690485,"-44.0,0.0,0.0","-32.0,0.0,0.0","136.0,0.0,0.0","133.0,0.0,0.0"
1747092156.219111,"-46.0,0.0,0.0","-35.0,0.0,0.0","136.0,0.0,0.0","134.0,0.0,0.0"
1747092156.2691822,"-47.0,0.0,0.0","-36.0,0.0,0.0","136.0,0.0,0.0","134.0,0.0,0.0"
1747092156.3200457,"-47.0,0.0,0.0","-36.0,0.0,0.0","136.0,0.0,0.0","134.0,0.0,0.0"
1747092156.3709006,"-48.0,0.0,0.0","-36.0,0.0,0.0","137.0,0.0,0.0","134.0,0.0,0.0"
1747092156.4210377,"-48.0,0.0,0.0","-36.0,0.0,0.0","136.0,0.0,0.0","134.0,0.0,0.0"
1747092156.4726465,"-48.0,0.0,0.0","-35.0,0.0,0.0","136.0,0.0,0.0","133.0,0.0,0.0"
1747092156.5236464,"-48.0,0.0,0.0","-35.0,0.0,0.0","136.0,0.0,0.0","133.0,0.0,0.0"
1747092156.575388,"-48.0,0.0,0.0","-35.0,0.0,0.0","136.0,0.0,0.0","133.0,0.0,0.0"
1747092156.6262283,"-48.0,0.0,0.0","-34.0,0.0,0.0","136.0,0.0,0.0","133.0,0.0,0.0"
1747092156.676807,"-48.0,0.0,0.0","-34.0,0.0,0.0","136.0,0.0,0.0","132.0,0.0,0.0"
1747092156.727156,"-44.0,0.0,0.0","-29.0,0.0,0.0","134.0,0.0,0.0","129.0,0.0,0.0"
1747092156.7792408,"-40.0,0.0,0.0","-24.0,0.0,0.0","131.0,0.0,0.0","125.0,0.0,0.0"
1747092156.8292773,"-29.0,0.0,0.0","-11.0,0.0,0.0","121.0,0.0,0.0","113.0,0.0,0.0"
1747092156.8799684,"-24.0,0.0,0.0","-2.0,0.0,0.0","116.0,0.0,0.0","106.0,0.0,0.0"
1747092156.9303658,"-13.0,0.0,0.0","10.0,0.0,0.0","106.0,0.0,0.0","94.0,0.0,0.0"
1747092156.9811425,"0.0,0.0,0.0","21.0,0.0,0.0","94.0,0.0,0.0","84.0,0.0,0.0"
1747092157.0321305,"7.0,0.0,0.0","29.0,0.0,0.0","85.0,0.0,0.0","78.0,0.0,0.0"
1747092157.0829482,"13.0,0.0,0.0","34.0,0.0,0.0","79.0,0.0,0.0","73.0,0.0,0.0"
1747092157.1334229,"28.0,0.0,0.0","50.0,0.0,0.0","64.0,0.0,0.0","54.0,0.0,0.0"
1747092157.1843696,"33.0,0.0,0.0","54.0,0.0,0.0","60.0,0.0,0.0","49.0,0.0,0.0"
1747092157.23494,"37.0,0.0,0.0","56.0,0.0,0.0","58.0,0.0,0.0","46.0,0.0,0.0"
1747092157.2853324,"46.0,0.0,0.0","63.0,0.0,0.0","47.0,0.0,0.0","35.0,0.0,0.0"
1747092157.3360746,"51.0,0.0,0.0","65.0,0.0,0.0","42.0,0.0,0.0","33.0,0.0,0.0"
1747092157.3864255,"55.0,0.0,0.0","67.0,0.0,0.0","35.0,0.0,0.0","29.0,0.0,0.0"
1747092157.4367008,"63.0,0.0,0.0","77.0,0.0,0.0","24.0,0.0,0.0","13.0,0.0,0.0"
1747092157.4870257,"66.0,0.0,0.0","79.0,0.0,0.0","21.0,0.0,0.0","9.0,0.0,0.0"
1747092157.5374563,"68.0,0.0,0.0","81.0,0.0,0.0","18.0,0.0,0.0","7.0,0.0,0.0"
1747092157.5876822,"72.0,0.0,0.0","82.0,0.0,0.0","12.0,0.0,0.0","6.0,0.0,0.0"
1747092157.6382408,"74.0,0.0,0.0","82.0,0.0,0.0","11.0,0.0,0.0","6.0,0.0,0.0"
1747092157.6890569,"74.0,0.0,0.0","83.0,0.0,0.0","11.0,0.0,0.0","6.0,0.0,0.0"
1747092157.7399502,"75.0,0.0,0.0","85.0,0.0,0.0","8.0,0.0,0.0","3.0,0.0,0.0"
1747092157.7900379,"76.0,0.0,0.0","86.0,0.0,0.0","8.0,0.0,0.0","2.0,0.0,0.0"
1747092157.8403118,"76.0,0.0,0.0","86.0,0.0,0.0","8.0,0.0,0.0","2.0,0.0,0.0"
1747092157.8909602,"76.0,0.0,0.0","86.0,0.0,0.0","8.0,0.0,0.0","1.0,0.0,0.0"
1747092157.94212,"76.0,0.0,0.0","86.0,0.0,0.0","8.0,0.0,0.0","1.0,0.0,0.0"
1747092157.9922698,"76.0,0.0,0.0","86.0,0.0,0.0","8.0,0.0,0.0","2.0,0.0,0.0"
1747092158.044555,"76.0,0.0,0.0","86.0,0.0,0.0","8.0,0.0,0.0","2.0,0.0,0.0"
1747092158.0950727,"75.0,0.0,0.0","85.0,0.0,0.0","9.0,0.0,0.0","3.0,0.0,0.0"
1747092158.145152,"74.0,0.0,0.0","84.0,0.0,0.0","11.0,0.0,0.0","5.0,0.0,0.0"
1747092158.1960697,"73.0,0.0,0.0","81.0,0.0,0.0","13.0,0.0,0.0","10.0,0.0,0.0"
1747092158.2461808,"62.0,0.0,0.0","69.0,0.0,0.0","28.0,0.0,0.0","27.0,0.0,0.0"
1747092158.2962763,"59.0,0.0,0.0","64.0,0.0,0.0","33.0,0.0,0.0","34.0,0.0,0.0"
1747092158.3470643,"57.0,0.0,0.0","61.0,0.0,0.0","36.0,0.0,0.0","38.0,0.0,0.0"
1747092158.3976398,"48.0,0.0,0.0","55.0,0.0,0.0","46.0,0.0,0.0","43.0,0.0,0.0"
1747092158.4481943,"40.0,0.0,0.0","51.0,0.0,0.0","55.0,0.0,0.0","47.0,0.0,0.0"
1747092158.4982796,"35.0,0.0,0.0","45.0,0.0,0.0","61.0,0.0,0.0","56.0,0.0,0.0"
1747092158.5488389,"18.0,0.0,0.0","28.0,0.0,0.0","81.0,0.0,0.0","71.0,0.0,0.0"
1747092158.599126,"13.0,0.0,0.0","21.0,0.0,0.0","86.0,0.0,0.0","78.0,0.0,0.0"
1747092158.649177,"5.0,0.0,0.0","12.0,0.0,0.0","94.0,0.0,0.0","89.0,0.0,0.0"
1747092158.6993105,"-4.0,0.0,0.0","1.0,0.0,0.0","105.0,0.0,0.0","101.0,0.0,0.0"
1747092158.7498415,"-8.0,0.0,0.0","-3.0,0.0,0.0","108.0,0.0,0.0","105.0,0.0,0.0"
1747092158.7999527,"-11.0,0.0,0.0","-6.0,0.0,0.0","111.0,0.0,0.0","109.0,0.0,0.0"
1747092158.851281,"-20.0,0.0,0.0","-12.0,0.0,0.0","119.0,0.0,0.0","115.0,0.0,0.0"
1747092158.902244,"-28.0,0.0,0.0","-19.0,0.0,0.0","127.0,0.0,0.0","122.0,0.0,0.0"
1747092158.9529276,"-33.0,0.0,0.0","-24.0,0.0,0.0","132.0,0.0,0.0","126.0,0.0,0.0"
1747092159.0031197,"-41.0,0.0,0.0","-32.0,0.0,0.0","137.0,0.0,0.0","133.0,0.0,0.0"
1747092159.0538363,"-44.0,0.0,0.0","-35.0,0.0,0.0","138.0,0.0,0.0","136.0,0.0,0.0"
1747092159.1118655,"-50.0,0.0,0.0","-44.0,0.0,0.0","140.0,0.0,0.0","142.0,0.0,0.0"
1747092159.1623058,"-51.0,0.0,0.0","-44.0,0.0,0.0","140.0,0.0,0.0","143.0,0.0,0.0"
1747092159.2138906,"-51.0,0.0,0.0","-45.0,0.0,0.0","140.0,0.0,0.0","143.0,0.0,0.0"
1747092159.264533,"-51.0,0.0,0.0","-45.0,0.0,0.0","140.0,0.0,0.0","142.0,0.0,0.0"
1747092159.3150673,"-51.0,0.0,0.0","-44.0,0.0,0.0","140.0,0.0,0.0","142.0,0.0,0.0"
1747092159.365232,"-51.0,0.0,0.0","-44.0,0.0,0.0","140.0,0.0,0.0","142.0,0.0,0.0"
1747092159.4157705,"-51.0,0.0,0.0","-43.0,0.0,0.0","139.0,0.0,0.0","141.0,0.0,0.0"
1747092159.465784,"-51.0,0.0,0.0","-43.0,0.0,0.0","139.0,0.0,0.0","141.0,0.0,0.0"
1747092159.516854,"-51.0,0.0,0.0","-42.0,0.0,0.0","139.0,0.0,0.0","141.0,0.0,0.0"
1747092159.567139,"-51.0,0.0,0.0","-42.0,0.0,0.0","139.0,0.0,0.0","141.0,0.0,0.0"
1747092159.6193018,"-51.0,0.0,0.0","-40.0,0.0,0.0","139.0,0.0,0.0","139.0,0.0,0.0"
1747092159.669386,"-46.0,0.0,0.0","-30.0,0.0,0.0","136.0,0.0,0.0","130.0,0.0,0.0"
1747092159.7199693,"-40.0,0.0,0.0","-25.0,0.0,0.0","132.0,0.0,0.0","126.0,0.0,0.0"
1747092159.7712333,"-30.0,0.0,0.0","-12.0,0.0,0.0","123.0,0.0,0.0","114.0,0.0,0.0"
1747092159.821987,"-13.0,0.0,0.0","7.0,0.0,0.0","108.0,0.0,0.0","96.0,0.0,0.0"
1747092159.8728187,"-8.0,0.0,0.0","13.0,0.0,0.0","103.0,0.0,0.0","91.0,0.0,0.0"
1747092159.9230075,"0.0,0.0,0.0","20.0,0.0,0.0","95.0,0.0,0.0","85.0,0.0,0.0"
1747092159.9735863,"13.0,0.0,0.0","34.0,0.0,0.0","81.0,0.0,0.0","74.0,0.0,0.0"
1747092160.0237563,"24.0,0.0,0.0","45.0,0.0,0.0","70.0,0.0,0.0","63.0,0.0,0.0"
1747092160.0745509,"29.0,0.0,0.0","50.0,0.0,0.0","65.0,0.0,0.0","56.0,0.0,0.0"
1747092160.1253316,"36.0,0.0,0.0","56.0,0.0,0.0","60.0,0.0,0.0","45.0,0.0,0.0"
1747092160.178884,"41.0,0.0,0.0","60.0,0.0,0.0","54.0,0.0,0.0","39.0,0.0,0.0"
1747092160.2302094,"46.0,0.0,0.0","64.0,0.0,0.0","48.0,0.0,0.0","35.0,0.0,0.0"
1747092160.2811182,"57.0,0.0,0.0","70.0,0.0,0.0","33.0,0.0,0.0","24.0,0.0,0.0"
1747092160.3313105,"60.0,0.0,0.0","74.0,0.0,0.0","28.0,0.0,0.0","18.0,0.0,0.0"
1747092160.381457,"65.0,0.0,0.0","78.0,0.0,0.0","22.0,0.0,0.0","10.0,0.0,0.0"
1747092160.43201,"69.0,0.0,0.0","82.0,0.0,0.0","15.0,0.0,0.0","6.0,0.0,0.0"
1747092160.482427,"71.0,0.0,0.0","82.0,0.0,0.0","13.0,0.0,0.0","6.0,0.0,0.0"
1747092160.5328646,"73.0,0.0,0.0","83.0,0.0,0.0","12.0,0.0,0.0","5.0,0.0,0.0"
1747092160.5831819,"77.0,0.0,0.0","85.0,0.0,0.0","8.0,0.0,0.0","3.0,0.0,0.0"
1747092160.6332142,"78.0,0.0,0.0","86.0,0.0,0.0","7.0,0.0,0.0","2.0,0.0,0.0"
1747092160.6836407,"78.0,0.0,0.0","85.0,0.0,0.0","8.0,0.0,0.0","3.0,0.0,0.0"
1747092160.7344542,"77.0,0.0,0.0","87.0,0.0,0.0","9.0,0.0,0.0","2.0,0.0,0.0"
1747092160.7846096,"77.0,0.0,0.0","87.0,0.0,0.0","9.0,0.0,0.0","2.0,0.0,0.0"
1747092160.8347363,"77.0,0.0,0.0","87.0,0.0,0.0","9.0,0.0,0.0","3.0,0.0,0.0"
1747092160.8851132,"77.0,0.0,0.0","86.0,0.0,0.0","9.0,0.0,0.0","3.0,0.0,0.0"
1747092160.9357975,"77.0,0.0,0.0","86.0,0.0,0.0","10.0,0.0,0.0","4.0,0.0,0.0"
1747092160.9859545,"77.0,0.0,0.0","86.0,0.0,0.0","10.0,0.0,0.0","4.0,0.0,0.0"
1747092161.0362985,"77.0,0.0,0.0","86.0,0.0,0.0","9.0,0.0,0.0","4.0,0.0,0.0"
1747092161.086468,"77.0,0.0,0.0","84.0,0.0,0.0","10.0,0.0,0.0","6.0,0.0,0.0"
1747092161.136589,"74.0,0.0,0.0","82.0,0.0,0.0","14.0,0.0,0.0","8.0,0.0,0.0"
1747092161.1873064,"72.0,0.0,0.0","80.0,0.0,0.0","17.0,0.0,0.0","11.0,0.0,0.0"
1747092161.2376375,"67.0,0.0,0.0","74.0,0.0,0.0","25.0,0.0,0.0","20.0,0.0,0.0"
1747092161.2881904,"63.0,0.0,0.0","69.0,0.0,0.0","30.0,0.0,0.0","27.0,0.0,0.0"
1747092161.338823,"59.0,0.0,0.0","63.0,0.0,0.0","35.0,0.0,0.0","36.0,0.0,0.0"
1747092161.3892763,"47.0,0.0,0.0","50.0,0.0,0.0","49.0,0.0,0.0","53.0,0.0,0.0"
1747092161.4400933,"40.0,0.0,0.0","45.0,0.0,0.0","57.0,0.0,0.0","59.0,0.0,0.0"
1747092161.4909663,"33.0,0.0,0.0","42.0,0.0,0.0","64.0,0.0,0.0","63.0,0.0,0.0"
1747092161.5412703,"23.0,0.0,0.0","34.0,0.0,0.0","77.0,0.0,0.0","72.0,0.0,0.0"
1747092161.5929186,"14.0,0.0,0.0","28.0,0.0,0.0","85.0,0.0,0.0","77.0,0.0,0.0"
1747092161.6429586,"8.0,0.0,0.0","22.0,0.0,0.0","92.0,0.0,0.0","83.0,0.0,0.0"
1747092161.6934855,"-5.0,0.0,0.0","5.0,0.0,0.0","106.0,0.0,0.0","102.0,0.0,0.0"
1747092161.743853,"-11.0,0.0,0.0","0.0,0.0,0.0","112.0,0.0,0.0","106.0,0.0,0.0"
1747092161.794109,"-16.0,0.0,0.0","-2.0,0.0,0.0","116.0,0.0,0.0","108.0,0.0,0.0"
1747092161.8448124,"-27.0,0.0,0.0","-12.0,0.0,0.0","125.0,0.0,0.0","116.0,0.0,0.0"
1747092161.8950534,"-31.0,0.0,0.0","-17.0,0.0,0.0","128.0,0.0,0.0","120.0,0.0,0.0"
1747092161.9459648,"-39.0,0.0,0.0","-26.0,0.0,0.0","134.0,0.0,0.0","129.0,0.0,0.0"
1747092161.9960654,"-46.0,0.0,0.0","-35.0,0.0,0.0","136.0,0.0,0.0","137.0,0.0,0.0"
1747092162.0469115,"-49.0,0.0,0.0","-39.0,0.0,0.0","137.0,0.0,0.0","139.0,0.0,0.0"
1747092162.097283,"-51.0,0.0,0.0","-44.0,0.0,0.0","139.0,0.0,0.0","142.0,0.0,0.0"
1747092162.148316,"-51.0,0.0,0.0","-44.0,0.0,0.0","139.0,0.0,0.0","141.0,0.0,0.0"
1747092162.1985128,"-51.0,0.0,0.0","-43.0,0.0,0.0","138.0,0.0,0.0","140.0,0.0,0.0"
1747092162.2491064,"-51.0,0.0,0.0","-43.0,0.0,0.0","138.0,0.0,0.0","140.0,0.0,0.0"
1747092162.299182,"-50.0,0.0,0.0","-41.0,0.0,0.0","137.0,0.0,0.0","138.0,0.0,0.0"
1747092162.349373,"-49.0,0.0,0.0","-40.0,0.0,0.0","136.0,0.0,0.0","137.0,0.0,0.0"
1747092162.400181,"-49.0,0.0,0.0","-39.0,0.0,0.0","135.0,0.0,0.0","136.0,0.0,0.0"
1747092162.450222,"-48.0,0.0,0.0","-39.0,0.0,0.0","135.0,0.0,0.0","136.0,0.0,0.0"
1747092162.501374,"-48.0,0.0,0.0","-39.0,0.0,0.0","135.0,0.0,0.0","136.0,0.0,0.0"
1747092162.5523243,"-48.0,0.0,0.0","-38.0,0.0,0.0","135.0,0.0,0.0","136.0,0.0,0.0"
1747092162.602516,"-42.0,0.0,0.0","-29.0,0.0,0.0","131.0,0.0,0.0","128.0,0.0,0.0"
1747092162.6533422,"-35.0,0.0,0.0","-24.0,0.0,0.0","126.0,0.0,0.0","123.0,0.0,0.0"
1747092162.7040303,"-25.0,0.0,0.0","-7.0,0.0,0.0","117.0,0.0,0.0","109.0,0.0,0.0"
1747092162.7554123,"-18.0,0.0,0.0","0.0,0.0,0.0","111.0,0.0,0.0","103.0,0.0,0.0"
1747092162.8059683,"-13.0,0.0,0.0","8.0,0.0,0.0","106.0,0.0,0.0","96.0,0.0,0.0"
1747092162.856501,"4.0,0.0,0.0","31.0,0.0,0.0","89.0,0.0,0.0","78.0,0.0,0.0"
1747092162.907773,"11.0,0.0,0.0","35.0,0.0,0.0","83.0,0.0,0.0","76.0,0.0,0.0"
1747092162.958193,"24.0,0.0,0.0","47.0,0.0,0.0","70.0,0.0,0.0","62.0,0.0,0.0"
1747092163.0089765,"29.0,0.0,0.0","52.0,0.0,0.0","66.0,0.0,0.0","57.0,0.0,0.0"
1747092163.0598783,"33.0,0.0,0.0","55.0,0.0,0.0","62.0,0.0,0.0","52.0,0.0,0.0"
1747092163.1098945,"43.0,0.0,0.0","63.0,0.0,0.0","54.0,0.0,0.0","40.0,0.0,0.0"
1747092163.1600106,"50.0,0.0,0.0","67.0,0.0,0.0","44.0,0.0,0.0","34.0,0.0,0.0"
1747092163.210255,"56.0,0.0,0.0","70.0,0.0,0.0","35.0,0.0,0.0","28.0,0.0,0.0"
1747092163.2618032,"61.0,0.0,0.0","73.0,0.0,0.0","28.0,0.0,0.0","21.0,0.0,0.0"
1747092163.3118856,"65.0,0.0,0.0","79.0,0.0,0.0","22.0,0.0,0.0","12.0,0.0,0.0"
1747092163.3622997,"68.0,0.0,0.0","81.0,0.0,0.0","18.0,0.0,0.0","8.0,0.0,0.0"
1747092163.412858,"70.0,0.0,0.0","82.0,0.0,0.0","15.0,0.0,0.0","8.0,0.0,0.0"
1747092163.4631498,"74.0,0.0,0.0","83.0,0.0,0.0","11.0,0.0,0.0","6.0,0.0,0.0"
1747092163.5132494,"75.0,0.0,0.0","84.0,0.0,0.0","9.0,0.0,0.0","5.0,0.0,0.0"
1747092163.5642164,"77.0,0.0,0.0","85.0,0.0,0.0","9.0,0.0,0.0","4.0,0.0,0.0"
1747092163.6143723,"78.0,0.0,0.0","87.0,0.0,0.0","7.0,0.0,0.0","2.0,0.0,0.0"
1747092163.6648312,"79.0,0.0,0.0","87.0,0.0,0.0","6.0,0.0,0.0","2.0,0.0,0.0"
1747092163.7149255,"80.0,0.0,0.0","88.0,0.0,0.0","6.0,0.0,0.0","1.0,0.0,0.0"
1747092163.765314,"80.0,0.0,0.0","88.0,0.0,0.0","6.0,0.0,0.0","1.0,0.0,0.0"
1747092163.8162034,"81.0,0.0,0.0","88.0,0.0,0.0","6.0,0.0,0.0","1.0,0.0,0.0"
1747092163.8671284,"81.0,0.0,0.0","87.0,0.0,0.0","6.0,0.0,0.0","1.0,0.0,0.0"
1747092163.9174495,"81.0,0.0,0.0","87.0,0.0,0.0","6.0,0.0,0.0","1.0,0.0,0.0"
1747092163.9680889,"81.0,0.0,0.0","87.0,0.0,0.0","6.0,0.0,0.0","1.0,0.0,0.0"
1747092164.0188584,"81.0,0.0,0.0","88.0,0.0,0.0","6.0,0.0,0.0","1.0,0.0,0.0"
1747092164.0700123,"80.0,0.0,0.0","87.0,0.0,0.0","7.0,0.0,0.0","2.0,0.0,0.0"
1747092164.1208448,"79.0,0.0,0.0","86.0,0.0,0.0","8.0,0.0,0.0","5.0,0.0,0.0"
1747092164.1822686,"75.0,0.0,0.0","83.0,0.0,0.0","12.0,0.0,0.0","10.0,0.0,0.0"
1747092164.2324352,"73.0,0.0,0.0","81.0,0.0,0.0","16.0,0.0,0.0","13.0,0.0,0.0"
1747092164.2830415,"67.0,0.0,0.0","77.0,0.0,0.0","23.0,0.0,0.0","19.0,0.0,0.0"
1747092164.3338811,"58.0,0.0,0.0","67.0,0.0,0.0","34.0,0.0,0.0","33.0,0.0,0.0"
1747092164.3851287,"53.0,0.0,0.0","62.0,0.0,0.0","40.0,0.0,0.0","38.0,0.0,0.0"
1747092164.4443843,"48.0,0.0,0.0","61.0,0.0,0.0","46.0,0.0,0.0","41.0,0.0,0.0"
1747092164.4981577,"26.0,0.0,0.0","48.0,0.0,0.0","71.0,0.0,0.0","55.0,0.0,0.0"
1747092164.5488365,"19.0,0.0,0.0","42.0,0.0,0.0","79.0,0.0,0.0","62.0,0.0,0.0"
1747092164.5990617,"15.0,0.0,0.0","37.0,0.0,0.0","84.0,0.0,0.0","68.0,0.0,0.0"
1747092164.649225,"1.0,0.0,0.0","26.0,0.0,0.0","97.0,0.0,0.0","78.0,0.0,0.0"
1747092164.699809,"-3.0,0.0,0.0","19.0,0.0,0.0","102.0,0.0,0.0","85.0,0.0,0.0"
1747092164.7499077,"-5.0,0.0,0.0","13.0,0.0,0.0","104.0,0.0,0.0","91.0,0.0,0.0"
1747092164.8010647,"-19.0,0.0,0.0","-5.0,0.0,0.0","117.0,0.0,0.0","109.0,0.0,0.0"
1747092164.8511598,"-24.0,0.0,0.0","-8.0,0.0,0.0","122.0,0.0,0.0","112.0,0.0,0.0"
1747092164.9018834,"-29.0,0.0,0.0","-11.0,0.0,0.0","126.0,0.0,0.0","114.0,0.0,0.0"
1747092164.952518,"-35.0,0.0,0.0","-22.0,0.0,0.0","131.0,0.0,0.0","123.0,0.0,0.0"
1747092165.0034037,"-39.0,0.0,0.0","-24.0,0.0,0.0","133.0,0.0,0.0","125.0,0.0,0.0"
1747092165.0539958,"-44.0,0.0,0.0","-31.0,0.0,0.0","135.0,0.0,0.0","131.0,0.0,0.0"
1747092165.1049101,"-48.0,0.0,0.0","-36.0,0.0,0.0","137.0,0.0,0.0","135.0,0.0,0.0"
1747092165.1549237,"-49.0,0.0,0.0","-37.0,0.0,0.0","137.0,0.0,0.0","136.0,0.0,0.0"
1747092165.2057803,"-49.0,0.0,0.0","-36.0,0.0,0.0","138.0,0.0,0.0","136.0,0.0,0.0"
1747092165.255872,"-51.0,0.0,0.0","-40.0,0.0,0.0","139.0,0.0,0.0","138.0,0.0,0.0"
1747092165.3060834,"-51.0,0.0,0.0","-40.0,0.0,0.0","139.0,0.0,0.0","139.0,0.0,0.0"
1747092165.3566508,"-52.0,0.0,0.0","-41.0,0.0,0.0","139.0,0.0,0.0","139.0,0.0,0.0"
1747092165.4068918,"-52.0,0.0,0.0","-41.0,0.0,0.0","139.0,0.0,0.0","139.0,0.0,0.0"
1747092165.4576197,"-52.0,0.0,0.0","-41.0,0.0,0.0","139.0,0.0,0.0","139.0,0.0,0.0"
1747092165.507709,"-52.0,0.0,0.0","-41.0,0.0,0.0","139.0,0.0,0.0","139.0,0.0,0.0"
1747092165.5591273,"-52.0,0.0,0.0","-41.0,0.0,0.0","139.0,0.0,0.0","139.0,0.0,0.0"
1747092165.6101143,"-52.0,0.0,0.0","-40.0,0.0,0.0","139.0,0.0,0.0","138.0,0.0,0.0"
1747092165.6610842,"-52.0,0.0,0.0","-38.0,0.0,0.0","139.0,0.0,0.0","136.0,0.0,0.0"
1747092165.7111568,"-48.0,0.0,0.0","-29.0,0.0,0.0","136.0,0.0,0.0","128.0,0.0,0.0"
1747092165.761608,"-43.0,0.0,0.0","-23.0,0.0,0.0","133.0,0.0,0.0","123.0,0.0,0.0"
1747092165.8121426,"-37.0,0.0,0.0","-16.0,0.0,0.0","128.0,0.0,0.0","116.0,0.0,0.0"
1747092165.8624232,"-18.0,0.0,0.0","7.0,0.0,0.0","112.0,0.0,0.0","95.0,0.0,0.0"
1747092165.9134092,"-12.0,0.0,0.0","13.0,0.0,0.0","107.0,0.0,0.0","91.0,0.0,0.0"
1747092165.964215,"-7.0,0.0,0.0","21.0,0.0,0.0","102.0,0.0,0.0","84.0,0.0,0.0"
1747092166.0148618,"8.0,0.0,0.0","34.0,0.0,0.0","86.0,0.0,0.0","73.0,0.0,0.0"
1747092166.0649307,"16.0,0.0,0.0","42.0,0.0,0.0","78.0,0.0,0.0","66.0,0.0,0.0"
1747092166.1161854,"28.0,0.0,0.0","51.0,0.0,0.0","66.0,0.0,0.0","54.0,0.0,0.0"
1747092166.1669436,"33.0,0.0,0.0","56.0,0.0,0.0","61.0,0.0,0.0","48.0,0.0,0.0"
1747092166.2172697,"42.0,0.0,0.0","63.0,0.0,0.0","53.0,0.0,0.0","36.0,0.0,0.0"
1747092166.267626,"47.0,0.0,0.0","65.0,0.0,0.0","46.0,0.0,0.0","33.0,0.0,0.0"
1747092166.3180008,"51.0,0.0,0.0","66.0,0.0,0.0","41.0,0.0,0.0","30.0,0.0,0.0"
1747092166.3691556,"61.0,0.0,0.0","74.0,0.0,0.0","26.0,0.0,0.0","17.0,0.0,0.0"
1747092166.4199831,"64.0,0.0,0.0","78.0,0.0,0.0","22.0,0.0,0.0","12.0,0.0,0.0"
1747092166.4701657,"65.0,0.0,0.0","80.0,0.0,0.0","20.0,0.0,0.0","8.0,0.0,0.0"
1747092166.5210242,"70.0,0.0,0.0","81.0,0.0,0.0","15.0,0.0,0.0","5.0,0.0,0.0"
1747092166.5713744,"71.0,0.0,0.0","82.0,0.0,0.0","14.0,0.0,0.0","6.0,0.0,0.0"
1747092166.6221373,"74.0,0.0,0.0","83.0,0.0,0.0","11.0,0.0,0.0","5.0,0.0,0.0"
1747092166.6726418,"76.0,0.0,0.0","84.0,0.0,0.0","8.0,0.0,0.0","3.0,0.0,0.0"
1747092166.7227771,"78.0,0.0,0.0","86.0,0.0,0.0","8.0,0.0,0.0","2.0,0.0,0.0"
1747092166.7728434,"78.0,0.0,0.0","88.0,0.0,0.0","7.0,0.0,0.0","0.0,0.0,0.0"
1747092166.823081,"80.0,0.0,0.0","88.0,0.0,0.0","6.0,0.0,0.0","0.0,0.0,0.0"
1747092166.8739276,"80.0,0.0,0.0","88.0,0.0,0.0","6.0,0.0,0.0","0.0,0.0,0.0"
1747092166.9244828,"80.0,0.0,0.0","88.0,0.0,0.0","6.0,0.0,0.0","0.0,0.0,0.0"
1747092166.9761965,"80.0,0.0,0.0","88.0,0.0,0.0","6.0,0.0,0.0","0.0,0.0,0.0"
1747092167.0267973,"80.0,0.0,0.0","88.0,0.0,0.0","6.0,0.0,0.0","0.0,0.0,0.0"
1747092167.0771308,"80.0,0.0,0.0","88.0,0.0,0.0","6.0,0.0,0.0","0.0,0.0,0.0"
1747092167.127152,"80.0,0.0,0.0","88.0,0.0,0.0","6.0,0.0,0.0","0.0,0.0,0.0"
1747092167.1777952,"80.0,0.0,0.0","88.0,0.0,0.0","6.0,0.0,0.0","0.0,0.0,0.0"
1747092167.2278953,"80.0,0.0,0.0","85.0,0.0,0.0","6.0,0.0,0.0","4.0,0.0,0.0"
1747092167.2790482,"75.0,0.0,0.0","82.0,0.0,0.0","11.0,0.0,0.0","9.0,0.0,0.0"
1747092167.329947,"73.0,0.0,0.0","81.0,0.0,0.0","13.0,0.0,0.0","11.0,0.0,0.0"
1747092167.380862,"70.0,0.0,0.0","79.0,0.0,0.0","17.0,0.0,0.0","15.0,0.0,0.0"
1747092167.4311452,"64.0,0.0,0.0","72.0,0.0,0.0","25.0,0.0,0.0","23.0,0.0,0.0"
1747092167.4819453,"57.0,0.0,0.0","64.0,0.0,0.0","33.0,0.0,0.0","35.0,0.0,0.0"
1747092167.5320804,"55.0,0.0,0.0","61.0,0.0,0.0","36.0,0.0,0.0","40.0,0.0,0.0"
1747092167.582817,"44.0,0.0,0.0","58.0,0.0,0.0","49.0,0.0,0.0","43.0,0.0,0.0"
1747092167.63299,"38.0,0.0,0.0","54.0,0.0,0.0","57.0,0.0,0.0","48.0,0.0,0.0"
1747092167.6837115,"32.0,0.0,0.0","49.0,0.0,0.0","63.0,0.0,0.0","54.0,0.0,0.0"
1747092167.7352338,"17.0,0.0,0.0","40.0,0.0,0.0","79.0,0.0,0.0","64.0,0.0,0.0"
1747092167.7858944,"13.0,0.0,0.0","35.0,0.0,0.0","83.0,0.0,0.0","70.0,0.0,0.0"
1747092167.8362536,"6.0,0.0,0.0","32.0,0.0,0.0","90.0,0.0,0.0","73.0,0.0,0.0"
1747092167.8864996,"-1.0,0.0,0.0","23.0,0.0,0.0","99.0,0.0,0.0","83.0,0.0,0.0"
1747092167.9370048,"-3.0,0.0,0.0","19.0,0.0,0.0","102.0,0.0,0.0","87.0,0.0,0.0"
1747092167.9879646,"-6.0,0.0,0.0","17.0,0.0,0.0","104.0,0.0,0.0","89.0,0.0,0.0"
1747092168.0390372,"-17.0,0.0,0.0","2.0,0.0,0.0","115.0,0.0,0.0","105.0,0.0,0.0"
1747092168.0891113,"-23.0,0.0,0.0","-3.0,0.0,0.0","121.0,0.0,0.0","110.0,0.0,0.0"
1747092168.1400607,"-29.0,0.0,0.0","-7.0,0.0,0.0","125.0,0.0,0.0","114.0,0.0,0.0"
1747092168.1902287,"-36.0,0.0,0.0","-11.0,0.0,0.0","130.0,0.0,0.0","117.0,0.0,0.0"
1747092168.242062,"-40.0,0.0,0.0","-16.0,0.0,0.0","133.0,0.0,0.0","122.0,0.0,0.0"
1747092168.2922332,"-42.0,0.0,0.0","-20.0,0.0,0.0","134.0,0.0,0.0","125.0,0.0,0.0"
1747092168.342784,"-47.0,0.0,0.0","-23.0,0.0,0.0","136.0,0.0,0.0","127.0,0.0,0.0"
1747092168.3929362,"-47.0,0.0,0.0","-24.0,0.0,0.0","136.0,0.0,0.0","127.0,0.0,0.0"
1747092168.4435987,"-47.0,0.0,0.0","-24.0,0.0,0.0","135.0,0.0,0.0","127.0,0.0,0.0"
1747092168.4944983,"-46.0,0.0,0.0","-24.0,0.0,0.0","134.0,0.0,0.0","127.0,0.0,0.0"
1747092168.5452454,"-46.0,0.0,0.0","-25.0,0.0,0.0","134.0,0.0,0.0","127.0,0.0,0.0"
1747092168.596391,"-47.0,0.0,0.0","-25.0,0.0,0.0","135.0,0.0,0.0","126.0,0.0,0.0"
1747092168.6474001,"-46.0,0.0,0.0","-25.0,0.0,0.0","134.0,0.0,0.0","126.0,0.0,0.0"
1747092168.698331,"-46.0,0.0,0.0","-25.0,0.0,0.0","134.0,0.0,0.0","126.0,0.0,0.0"
1747092168.7489305,"-46.0,0.0,0.0","-25.0,0.0,0.0","134.0,0.0,0.0","126.0,0.0,0.0"
1747092168.799598,"-46.0,0.0,0.0","-26.0,0.0,0.0","133.0,0.0,0.0","126.0,0.0,0.0"
1747092168.8502133,"-46.0,0.0,0.0","-26.0,0.0,0.0","133.0,0.0,0.0","126.0,0.0,0.0"
1747092168.9011693,"-45.0,0.0,0.0","-26.0,0.0,0.0","133.0,0.0,0.0","126.0,0.0,0.0"
1747092168.952065,"-45.0,0.0,0.0","-27.0,0.0,0.0","132.0,0.0,0.0","126.0,0.0,0.0"
1747092169.002684,"-45.0,0.0,0.0","-27.0,0.0,0.0","130.0,0.0,0.0","125.0,0.0,0.0"
1747092169.0529315,"-45.0,0.0,0.0","-27.0,0.0,0.0","129.0,0.0,0.0","122.0,0.0,0.0"
1747092169.1032052,"-44.0,0.0,0.0","-23.0,0.0,0.0","122.0,0.0,0.0","109.0,0.0,0.0"
1747092169.1543517,"-44.0,0.0,0.0","-22.0,0.0,0.0","118.0,0.0,0.0","105.0,0.0,0.0"
1747092169.2050886,"-43.0,0.0,0.0","-21.0,0.0,0.0","115.0,0.0,0.0","101.0,0.0,0.0"
1747092169.2636874,"-38.0,0.0,0.0","-12.0,0.0,0.0","104.0,0.0,0.0","86.0,0.0,0.0"
1747092169.314654,"-34.0,0.0,0.0","-8.0,0.0,0.0","95.0,0.0,0.0","79.0,0.0,0.0"
1747092169.3652136,"-31.0,0.0,0.0","-4.0,0.0,0.0","87.0,0.0,0.0","72.0,0.0,0.0"
1747092169.4161222,"-20.0,0.0,0.0","9.0,0.0,0.0","64.0,0.0,0.0","47.0,0.0,0.0"
1747092169.4666624,"-17.0,0.0,0.0","15.0,0.0,0.0","57.0,0.0,0.0","38.0,0.0,0.0"
1747092169.517321,"-9.0,0.0,0.0","23.0,0.0,0.0","42.0,0.0,0.0","25.0,0.0,0.0"
1747092169.5679975,"-6.0,0.0,0.0","25.0,0.0,0.0","36.0,0.0,0.0","20.0,0.0,0.0"
1747092169.6180131,"-3.0,0.0,0.0","27.0,0.0,0.0","28.0,0.0,0.0","17.0,0.0,0.0"
1747092169.6691945,"4.0,0.0,0.0","30.0,0.0,0.0","8.0,0.0,0.0","7.0,0.0,0.0"
1747092169.7193139,"6.0,0.0,0.0","31.0,0.0,0.0","3.0,0.0,0.0","5.0,0.0,0.0"
1747092169.7710087,"6.0,0.0,0.0","31.0,0.0,0.0","1.0,0.0,0.0","4.0,0.0,0.0"
1747092169.8211343,"6.0,0.0,0.0","32.0,0.0,0.0","-1.0,0.0,0.0","3.0,0.0,0.0"
1747092169.871396,"6.0,0.0,0.0","31.0,0.0,0.0","-5.0,0.0,0.0","3.0,0.0,0.0"
1747092169.9220848,"5.0,0.0,0.0","31.0,0.0,0.0","-6.0,0.0,0.0","3.0,0.0,0.0"
1747092169.9721072,"5.0,0.0,0.0","30.0,0.0,0.0","-6.0,0.0,0.0","2.0,0.0,0.0"
1747092170.022471,"4.0,0.0,0.0","30.0,0.0,0.0","-7.0,0.0,0.0","2.0,0.0,0.0"
1747092170.0746915,"3.0,0.0,0.0","30.0,0.0,0.0","-7.0,0.0,0.0","1.0,0.0,0.0"
1747092170.125298,"3.0,0.0,0.0","30.0,0.0,0.0","-7.0,0.0,0.0","1.0,0.0,0.0"
1747092170.1756716,"0.0,0.0,0.0","29.0,0.0,0.0","-1.0,0.0,0.0","1.0,0.0,0.0"
1747092170.2269325,"-5.0,0.0,0.0","25.0,0.0,0.0","9.0,0.0,0.0","8.0,0.0,0.0"
1747092170.2770557,"-10.0,0.0,0.0","21.0,0.0,0.0","19.0,0.0,0.0","16.0,0.0,0.0"
1747092170.3270752,"-18.0,0.0,0.0","9.0,0.0,0.0","38.0,0.0,0.0","39.0,0.0,0.0"
1747092170.3778203,"-23.0,0.0,0.0","1.0,0.0,0.0","51.0,0.0,0.0","52.0,0.0,0.0"
1747092170.427844,"-28.0,0.0,0.0","-7.0,0.0,0.0","61.0,0.0,0.0","66.0,0.0,0.0"
1747092170.477928,"-43.0,0.0,0.0","-31.0,0.0,0.0","95.0,0.0,0.0","98.0,0.0,0.0"
1747092170.5279899,"-47.0,0.0,0.0","-36.0,0.0,0.0","103.0,0.0,0.0","106.0,0.0,0.0"
1747092170.5789573,"-51.0,0.0,0.0","-45.0,0.0,0.0","109.0,0.0,0.0","120.0,0.0,0.0"
1747092170.6296034,"-54.0,0.0,0.0","-49.0,0.0,0.0","115.0,0.0,0.0","124.0,0.0,0.0"
1747092170.679822,"-57.0,0.0,0.0","-53.0,0.0,0.0","121.0,0.0,0.0","130.0,0.0,0.0"
1747092170.7307649,"-65.0,0.0,0.0","-60.0,0.0,0.0","132.0,0.0,0.0","139.0,0.0,0.0"
1747092170.7817569,"-68.0,0.0,0.0","-63.0,0.0,0.0","137.0,0.0,0.0","143.0,0.0,0.0"
1747092170.8318434,"-71.0,0.0,0.0","-66.0,0.0,0.0","141.0,0.0,0.0","147.0,0.0,0.0"
1747092170.8880985,"-76.0,0.0,0.0","-72.0,0.0,0.0","146.0,0.0,0.0","156.0,0.0,0.0"
1747092170.939181,"-77.0,0.0,0.0","-73.0,0.0,0.0","147.0,0.0,0.0","157.0,0.0,0.0"
1747092170.989188,"-78.0,0.0,0.0","-75.0,0.0,0.0","148.0,0.0,0.0","158.0,0.0,0.0"
1747092171.0391884,"-79.0,0.0,0.0","-76.0,0.0,0.0","149.0,0.0,0.0","160.0,0.0,0.0"
1747092171.089989,"-80.0,0.0,0.0","-76.0,0.0,0.0","150.0,0.0,0.0","160.0,0.0,0.0"
1747092171.140388,"-80.0,0.0,0.0","-77.0,0.0,0.0","150.0,0.0,0.0","160.0,0.0,0.0"
1747092171.1910322,"-80.0,0.0,0.0","-77.0,0.0,0.0","150.0,0.0,0.0","160.0,0.0,0.0"
1747092171.2419372,"-80.0,0.0,0.0","-76.0,0.0,0.0","149.0,0.0,0.0","159.0,0.0,0.0"
1747092171.2920463,"-79.0,0.0,0.0","-76.0,0.0,0.0","148.0,0.0,0.0","157.0,0.0,0.0"
1747092171.3427765,"-78.0,0.0,0.0","-76.0,0.0,0.0","146.0,0.0,0.0","153.0,0.0,0.0"
1747092171.3930836,"-76.0,0.0,0.0","-74.0,0.0,0.0","142.0,0.0,0.0","149.0,0.0,0.0"
1747092171.4438348,"-68.0,0.0,0.0","-62.0,0.0,0.0","126.0,0.0,0.0","128.0,0.0,0.0"
1747092171.493903,"-64.0,0.0,0.0","-57.0,0.0,0.0","118.0,0.0,0.0","119.0,0.0,0.0"
1747092171.5439787,"-58.0,0.0,0.0","-50.0,0.0,0.0","109.0,0.0,0.0","109.0,0.0,0.0"
1747092171.5941336,"-49.0,0.0,0.0","-40.0,0.0,0.0","91.0,0.0,0.0","90.0,0.0,0.0"
1747092171.644198,"-45.0,0.0,0.0","-32.0,0.0,0.0","84.0,0.0,0.0","80.0,0.0,0.0"
1747092171.694385,"-40.0,0.0,0.0","-24.0,0.0,0.0","73.0,0.0,0.0","65.0,0.0,0.0"
1747092171.7450752,"-24.0,0.0,0.0","-3.0,0.0,0.0","38.0,0.0,0.0","34.0,0.0,0.0"
1747092171.7951584,"-20.0,0.0,0.0","0.0,0.0,0.0","31.0,0.0,0.0","29.0,0.0,0.0"
1747092171.8452086,"-19.0,0.0,0.0","5.0,0.0,0.0","26.0,0.0,0.0","19.0,0.0,0.0"
1747092171.8959775,"-15.0,0.0,0.0","12.0,0.0,0.0","18.0,0.0,0.0","6.0,0.0,0.0"
1747092171.947978,"-13.0,0.0,0.0","12.0,0.0,0.0","13.0,0.0,0.0","5.0,0.0,0.0"
1747092171.998477,"-10.0,0.0,0.0","14.0,0.0,0.0","6.0,0.0,0.0","0.0,0.0,0.0"
1747092172.0491014,"-9.0,0.0,0.0","13.0,0.0,0.0","3.0,0.0,0.0","0.0,0.0,0.0"
1747092172.099343,"-10.0,0.0,0.0","12.0,0.0,0.0","3.0,0.0,0.0","1.0,0.0,0.0"
1747092172.1518772,"-11.0,0.0,0.0","11.0,0.0,0.0","2.0,0.0,0.0","2.0,0.0,0.0"
1747092172.2020004,"-12.0,0.0,0.0","10.0,0.0,0.0","1.0,0.0,0.0","2.0,0.0,0.0"
1747092172.2521372,"-13.0,0.0,0.0","10.0,0.0,0.0","1.0,0.0,0.0","1.0,0.0,0.0"
1747092172.3028398,"-13.0,0.0,0.0","9.0,0.0,0.0","1.0,0.0,0.0","1.0,0.0,0.0"
1747092172.3533828,"-13.0,0.0,0.0","6.0,0.0,0.0","2.0,0.0,0.0","5.0,0.0,0.0"
1747092172.4036543,"-14.0,0.0,0.0","3.0,0.0,0.0","3.0,0.0,0.0","10.0,0.0,0.0"
1747092172.4537194,"-15.0,0.0,0.0","2.0,0.0,0.0","6.0,0.0,0.0","12.0,0.0,0.0"
1747092172.5043182,"-19.0,0.0,0.0","-4.0,0.0,0.0","13.0,0.0,0.0","23.0,0.0,0.0"
1747092172.554933,"-24.0,0.0,0.0","-7.0,0.0,0.0","23.0,0.0,0.0","28.0,0.0,0.0"
1747092172.605802,"-37.0,0.0,0.0","-19.0,0.0,0.0","55.0,0.0,0.0","48.0,0.0,0.0"
1747092172.6558888,"-43.0,0.0,0.0","-29.0,0.0,0.0","66.0,0.0,0.0","65.0,0.0,0.0"
1747092172.706273,"-49.0,0.0,0.0","-38.0,0.0,0.0","77.0,0.0,0.0","78.0,0.0,0.0"
1747092172.7569752,"-61.0,0.0,0.0","-50.0,0.0,0.0","98.0,0.0,0.0","102.0,0.0,0.0"
1747092172.8077562,"-65.0,0.0,0.0","-57.0,0.0,0.0","107.0,0.0,0.0","113.0,0.0,0.0"
1747092172.857979,"-69.0,0.0,0.0","-61.0,0.0,0.0","111.0,0.0,0.0","121.0,0.0,0.0"
1747092172.9080412,"-71.0,0.0,0.0","-65.0,0.0,0.0","114.0,0.0,0.0","128.0,0.0,0.0"
1747092172.9599864,"-76.0,0.0,0.0","-74.0,0.0,0.0","125.0,0.0,0.0","141.0,0.0,0.0"
1747092173.0103488,"-77.0,0.0,0.0","-76.0,0.0,0.0","128.0,0.0,0.0","145.0,0.0,0.0"
1747092173.0610943,"-78.0,0.0,0.0","-78.0,0.0,0.0","130.0,0.0,0.0","148.0,0.0,0.0"
1747092173.1115658,"-80.0,0.0,0.0","-79.0,0.0,0.0","134.0,0.0,0.0","151.0,0.0,0.0"
1747092173.1617692,"-82.0,0.0,0.0","-80.0,0.0,0.0","134.0,0.0,0.0","153.0,0.0,0.0"
1747092173.2124412,"-83.0,0.0,0.0","-81.0,0.0,0.0","136.0,0.0,0.0","154.0,0.0,0.0"
1747092173.2665758,"-83.0,0.0,0.0","-81.0,0.0,0.0","135.0,0.0,0.0","154.0,0.0,0.0"
1747092173.3269088,"-83.0,0.0,0.0","-81.0,0.0,0.0","135.0,0.0,0.0","154.0,0.0,0.0"
1747092173.3774009,"-83.0,0.0,0.0","-81.0,0.0,0.0","135.0,0.0,0.0","154.0,0.0,0.0"
1747092173.4275255,"-83.0,0.0,0.0","-81.0,0.0,0.0","135.0,0.0,0.0","154.0,0.0,0.0"
1747092173.4776363,"-82.0,0.0,0.0","-80.0,0.0,0.0","134.0,0.0,0.0","153.0,0.0,0.0"
1747092173.5280447,"-79.0,0.0,0.0","-79.0,0.0,0.0","130.0,0.0,0.0","151.0,0.0,0.0"
1747092173.5788429,"-77.0,0.0,0.0","-76.0,0.0,0.0","128.0,0.0,0.0","147.0,0.0,0.0"
1747092173.6291356,"-74.0,0.0,0.0","-71.0,0.0,0.0","125.0,0.0,0.0","142.0,0.0,0.0"
1747092173.6797185,"-65.0,0.0,0.0","-57.0,0.0,0.0","107.0,0.0,0.0","123.0,0.0,0.0"
1747092173.72987,"-59.0,0.0,0.0","-50.0,0.0,0.0","97.0,0.0,0.0","113.0,0.0,0.0"
1747092173.7807205,"-54.0,0.0,0.0","-46.0,0.0,0.0","87.0,0.0,0.0","106.0,0.0,0.0"
1747092173.8312516,"-44.0,0.0,0.0","-30.0,0.0,0.0","68.0,0.0,0.0","80.0,0.0,0.0"
1747092173.8819118,"-38.0,0.0,0.0","-22.0,0.0,0.0","53.0,0.0,0.0","69.0,0.0,0.0"
1747092173.9320042,"-31.0,0.0,0.0","-14.0,0.0,0.0","41.0,0.0,0.0","57.0,0.0,0.0"
1747092173.9828968,"-28.0,0.0,0.0","-5.0,0.0,0.0","33.0,0.0,0.0","44.0,0.0,0.0"
1747092174.032943,"-18.0,0.0,0.0","15.0,0.0,0.0","12.0,0.0,0.0","12.0,0.0,0.0"
1747092174.083099,"-16.0,0.0,0.0","20.0,0.0,0.0","9.0,0.0,0.0","5.0,0.0,0.0"
1747092174.1340628,"-14.0,0.0,0.0","22.0,0.0,0.0","5.0,0.0,0.0","2.0,0.0,0.0"
1747092174.1852596,"-13.0,0.0,0.0","22.0,0.0,0.0","2.0,0.0,0.0","2.0,0.0,0.0"
1747092174.2354636,"-13.0,0.0,0.0","23.0,0.0,0.0","2.0,0.0,0.0","1.0,0.0,0.0"
1747092174.2862313,"-14.0,0.0,0.0","23.0,0.0,0.0","1.0,0.0,0.0","0.0,0.0,0.0"
1747092174.3454437,"-15.0,0.0,0.0","22.0,0.0,0.0","0.0,0.0,0.0","0.0,0.0,0.0"
1747092174.3962238,"-16.0,0.0,0.0","22.0,0.0,0.0","-3.0,0.0,0.0","0.0,0.0,0.0"
1747092174.4467897,"-15.0,0.0,0.0","22.0,0.0,0.0","-12.0,0.0,0.0","0.0,0.0,0.0"
1747092174.4971433,"-17.0,0.0,0.0","21.0,0.0,0.0","-14.0,0.0,0.0","0.0,0.0,0.0"
1747092174.547828,"-18.0,0.0,0.0","21.0,0.0,0.0","-13.0,0.0,0.0","0.0,0.0,0.0"
1747092174.597872,"-19.0,0.0,0.0","21.0,0.0,0.0","-12.0,0.0,0.0","0.0,0.0,0.0"
1747092174.6491902,"-20.0,0.0,0.0","21.0,0.0,0.0","-10.0,0.0,0.0","-3.0,0.0,0.0"
1747092174.6997943,"-20.0,0.0,0.0","20.0,0.0,0.0","-9.0,0.0,0.0","-4.0,0.0,0.0"
1747092174.7500958,"-20.0,0.0,0.0","19.0,0.0,0.0","-9.0,0.0,0.0","-4.0,0.0,0.0"
1747092174.8012657,"-21.0,0.0,0.0","11.0,0.0,0.0","-8.0,0.0,0.0","-1.0,0.0,0.0"
1747092174.8514893,"-21.0,0.0,0.0","6.0,0.0,0.0","-8.0,0.0,0.0","4.0,0.0,0.0"
1747092174.9019744,"-21.0,0.0,0.0","3.0,0.0,0.0","-7.0,0.0,0.0","4.0,0.0,0.0"
1747092174.9521897,"-21.0,0.0,0.0","-5.0,0.0,0.0","-5.0,0.0,0.0","7.0,0.0,0.0"
1747092175.0023422,"-19.0,0.0,0.0","-10.0,0.0,0.0","-2.0,0.0,0.0","10.0,0.0,0.0"
1747092175.05332,"-18.0,0.0,0.0","-12.0,0.0,0.0","0.0,0.0,0.0","8.0,0.0,0.0"
1747092175.104038,"-17.0,0.0,0.0","-14.0,0.0,0.0","3.0,0.0,0.0","6.0,0.0,0.0"
1747092175.1543403,"-16.0,0.0,0.0","-14.0,0.0,0.0","4.0,0.0,0.0","4.0,0.0,0.0"
1747092175.205,"-14.0,0.0,0.0","-17.0,0.0,0.0","4.0,0.0,0.0","1.0,0.0,0.0"
1747092175.2557893,"-13.0,0.0,0.0","-18.0,0.0,0.0","4.0,0.0,0.0","1.0,0.0,0.0"
1747092175.3061647,"-12.0,0.0,0.0","-19.0,0.0,0.0","3.0,0.0,0.0","1.0,0.0,0.0"
1747092175.356278,"-11.0,0.0,0.0","-20.0,0.0,0.0","2.0,0.0,0.0","0.0,0.0,0.0"
1747092175.4074936,"-10.0,0.0,0.0","-20.0,0.0,0.0","1.0,0.0,0.0","1.0,0.0,0.0"
1747092175.4578145,"-10.0,0.0,0.0","-21.0,0.0,0.0","1.0,0.0,0.0","1.0,0.0,0.0"
1747092175.5088713,"-10.0,0.0,0.0","-21.0,0.0,0.0","1.0,0.0,0.0","2.0,0.0,0.0"
1747092175.5593588,"-11.0,0.0,0.0","-21.0,0.0,0.0","1.0,0.0,0.0","2.0,0.0,0.0"
1747092175.6097794,"-11.0,0.0,0.0","-21.0,0.0,0.0","1.0,0.0,0.0","2.0,0.0,0.0"
1747092175.6604915,"-11.0,0.0,0.0","-21.0,0.0,0.0","1.0,0.0,0.0","2.0,0.0,0.0"
1747092175.7119038,"-11.0,0.0,0.0","-21.0,0.0,0.0","1.0,0.0,0.0","1.0,0.0,0.0"
1747092175.7619991,"-11.0,0.0,0.0","-21.0,0.0,0.0","2.0,0.0,0.0","2.0,0.0,0.0"
1747092175.8171382,"-12.0,0.0,0.0","-21.0,0.0,0.0","2.0,0.0,0.0","2.0,0.0,0.0"
1747092175.8679457,"-12.0,0.0,0.0","-21.0,0.0,0.0","2.0,0.0,0.0","2.0,0.0,0.0"
1747092175.9191782,"-15.0,0.0,0.0","-22.0,0.0,0.0","5.0,0.0,0.0","3.0,0.0,0.0"
1747092175.9697855,"-22.0,0.0,0.0","-23.0,0.0,0.0","18.0,0.0,0.0","8.0,0.0,0.0"
1747092176.0198786,"-27.0,0.0,0.0","-28.0,0.0,0.0","30.0,0.0,0.0","21.0,0.0,0.0"
1747092176.0699646,"-38.0,0.0,0.0","-41.0,0.0,0.0","54.0,0.0,0.0","53.0,0.0,0.0"
1747092176.1199749,"-44.0,0.0,0.0","-47.0,0.0,0.0","65.0,0.0,0.0","69.0,0.0,0.0"
1747092176.1700015,"-52.0,0.0,0.0","-55.0,0.0,0.0","77.0,0.0,0.0","90.0,0.0,0.0"
1747092176.2201586,"-72.0,0.0,0.0","-69.0,0.0,0.0","110.0,0.0,0.0","124.0,0.0,0.0"
1747092176.2708464,"-75.0,0.0,0.0","-74.0,0.0,0.0","115.0,0.0,0.0","130.0,0.0,0.0"
1747092176.3210976,"-78.0,0.0,0.0","-79.0,0.0,0.0","117.0,0.0,0.0","132.0,0.0,0.0"
1747092176.3718412,"-84.0,0.0,0.0","-81.0,0.0,0.0","120.0,0.0,0.0","137.0,0.0,0.0"
1747092176.4223506,"-86.0,0.0,0.0","-82.0,0.0,0.0","120.0,0.0,0.0","140.0,0.0,0.0"
1747092176.472891,"-86.0,0.0,0.0","-83.0,0.0,0.0","120.0,0.0,0.0","141.0,0.0,0.0"
1747092176.5228982,"-86.0,0.0,0.0","-82.0,0.0,0.0","118.0,0.0,0.0","142.0,0.0,0.0"
1747092176.5734086,"-85.0,0.0,0.0","-82.0,0.0,0.0","117.0,0.0,0.0","137.0,0.0,0.0"
1747092176.6243339,"-79.0,0.0,0.0","-79.0,0.0,0.0","112.0,0.0,0.0","135.0,0.0,0.0"
1747092176.674376,"-76.0,0.0,0.0","-74.0,0.0,0.0","109.0,0.0,0.0","127.0,0.0,0.0"
1747092176.7247658,"-73.0,0.0,0.0","-68.0,0.0,0.0","105.0,0.0,0.0","118.0,0.0,0.0"
1747092176.7750719,"-64.0,0.0,0.0","-52.0,0.0,0.0","86.0,0.0,0.0","87.0,0.0,0.0"
1747092176.8250988,"-57.0,0.0,0.0","-44.0,0.0,0.0","75.0,0.0,0.0","72.0,0.0,0.0"
1747092176.8759577,"-50.0,0.0,0.0","-33.0,0.0,0.0","61.0,0.0,0.0","55.0,0.0,0.0"
1747092176.926014,"-35.0,0.0,0.0","-17.0,0.0,0.0","30.0,0.0,0.0","31.0,0.0,0.0"
1747092176.977159,"-25.0,0.0,0.0","-8.0,0.0,0.0","17.0,0.0,0.0","23.0,0.0,0.0"
1747092177.0279398,"-22.0,0.0,0.0","-4.0,0.0,0.0","14.0,0.0,0.0","15.0,0.0,0.0"
1747092177.078721,"-18.0,0.0,0.0","0.0,0.0,0.0","8.0,0.0,0.0","7.0,0.0,0.0"
1747092177.1298811,"-18.0,0.0,0.0","0.0,0.0,0.0","8.0,0.0,0.0","6.0,0.0,0.0"
1747092177.1800797,"-17.0,0.0,0.0","0.0,0.0,0.0","6.0,0.0,0.0","7.0,0.0,0.0"
1747092177.2301068,"-18.0,0.0,0.0","-3.0,0.0,0.0","6.0,0.0,0.0","9.0,0.0,0.0"
1747092177.281975,"-19.0,0.0,0.0","-4.0,0.0,0.0","8.0,0.0,0.0","11.0,0.0,0.0"
1747092177.3336256,"-19.0,0.0,0.0","-5.0,0.0,0.0","8.0,0.0,0.0","11.0,0.0,0.0"
1747092177.3837008,"-19.0,0.0,0.0","-6.0,0.0,0.0","7.0,0.0,0.0","9.0,0.0,0.0"
1747092177.4337718,"-19.0,0.0,0.0","-6.0,0.0,0.0","7.0,0.0,0.0","8.0,0.0,0.0"
1747092177.4838576,"-19.0,0.0,0.0","-7.0,0.0,0.0","7.0,0.0,0.0","7.0,0.0,0.0"
1747092177.5338776,"-20.0,0.0,0.0","-8.0,0.0,0.0","9.0,0.0,0.0","7.0,0.0,0.0"
1747092177.5855038,"-22.0,0.0,0.0","-10.0,0.0,0.0","11.0,0.0,0.0","9.0,0.0,0.0"
1747092177.6359756,"-25.0,0.0,0.0","-12.0,0.0,0.0","15.0,0.0,0.0","13.0,0.0,0.0"
1747092177.686887,"-34.0,0.0,0.0","-22.0,0.0,0.0","30.0,0.0,0.0","27.0,0.0,0.0"
1747092177.7379422,"-39.0,0.0,0.0","-29.0,0.0,0.0","41.0,0.0,0.0","37.0,0.0,0.0"
1747092177.7892172,"-47.0,0.0,0.0","-43.0,0.0,0.0","59.0,0.0,0.0","60.0,0.0,0.0"
1747092177.839968,"-60.0,0.0,0.0","-57.0,0.0,0.0","79.0,0.0,0.0","90.0,0.0,0.0"
1747092177.8908653,"-65.0,0.0,0.0","-61.0,0.0,0.0","87.0,0.0,0.0","100.0,0.0,0.0"
1747092177.941153,"-69.0,0.0,0.0","-65.0,0.0,0.0","93.0,0.0,0.0","106.0,0.0,0.0"
1747092177.9928274,"-75.0,0.0,0.0","-74.0,0.0,0.0","107.0,0.0,0.0","121.0,0.0,0.0"
1747092178.0434556,"-78.0,0.0,0.0","-76.0,0.0,0.0","112.0,0.0,0.0","126.0,0.0,0.0"
1747092178.093568,"-82.0,0.0,0.0","-78.0,0.0,0.0","117.0,0.0,0.0","128.0,0.0,0.0"
1747092178.1445966,"-83.0,0.0,0.0","-80.0,0.0,0.0","119.0,0.0,0.0","131.0,0.0,0.0"
1747092178.1948042,"-83.0,0.0,0.0","-81.0,0.0,0.0","120.0,0.0,0.0","132.0,0.0,0.0"
1747092178.244861,"-82.0,0.0,0.0","-81.0,0.0,0.0","120.0,0.0,0.0","132.0,0.0,0.0"
1747092178.2960215,"-82.0,0.0,0.0","-80.0,0.0,0.0","120.0,0.0,0.0","133.0,0.0,0.0"
1747092178.347762,"-82.0,0.0,0.0","-80.0,0.0,0.0","120.0,0.0,0.0","132.0,0.0,0.0"
1747092178.3978462,"-83.0,0.0,0.0","-80.0,0.0,0.0","120.0,0.0,0.0","132.0,0.0,0.0"
1747092178.4490683,"-83.0,0.0,0.0","-80.0,0.0,0.0","120.0,0.0,0.0","132.0,0.0,0.0"
1747092178.4999282,"-83.0,0.0,0.0","-80.0,0.0,0.0","120.0,0.0,0.0","131.0,0.0,0.0"
1747092178.5518105,"-83.0,0.0,0.0","-80.0,0.0,0.0","121.0,0.0,0.0","131.0,0.0,0.0"
1747092178.602008,"-82.0,0.0,0.0","-80.0,0.0,0.0","122.0,0.0,0.0","131.0,0.0,0.0"
1747092178.6521292,"-82.0,0.0,0.0","-80.0,0.0,0.0","121.0,0.0,0.0","131.0,0.0,0.0"
1747092178.7033284,"-80.0,0.0,0.0","-80.0,0.0,0.0","119.0,0.0,0.0","130.0,0.0,0.0"
1747092178.7537124,"-79.0,0.0,0.0","-79.0,0.0,0.0","118.0,0.0,0.0","129.0,0.0,0.0"
1747092178.803912,"-79.0,0.0,0.0","-79.0,0.0,0.0","117.0,0.0,0.0","129.0,0.0,0.0"
1747092178.854252,"-78.0,0.0,0.0","-79.0,0.0,0.0","118.0,0.0,0.0","130.0,0.0,0.0"
1747092178.9043894,"-79.0,0.0,0.0","-79.0,0.0,0.0","117.0,0.0,0.0","128.0,0.0,0.0"
1747092178.9547868,"-80.0,0.0,0.0","-80.0,0.0,0.0","115.0,0.0,0.0","127.0,0.0,0.0"
1747092179.005725,"-82.0,0.0,0.0","-81.0,0.0,0.0","113.0,0.0,0.0","126.0,0.0,0.0"
1747092179.0563474,"-85.0,0.0,0.0","-82.0,0.0,0.0","110.0,0.0,0.0","125.0,0.0,0.0"
1747092179.107274,"-85.0,0.0,0.0","-82.0,0.0,0.0","107.0,0.0,0.0","123.0,0.0,0.0"
1747092179.1579106,"-88.0,0.0,0.0","-84.0,0.0,0.0","107.0,0.0,0.0","115.0,0.0,0.0"
1747092179.2093441,"-89.0,0.0,0.0","-85.0,0.0,0.0","103.0,0.0,0.0","114.0,0.0,0.0"
1747092179.2609084,"-90.0,0.0,0.0","-85.0,0.0,0.0","100.0,0.0,0.0","109.0,0.0,0.0"
1747092179.3110592,"-90.0,0.0,0.0","-85.0,0.0,0.0","98.0,0.0,0.0","104.0,0.0,0.0"
1747092179.3611224,"-90.0,0.0,0.0","-85.0,0.0,0.0","98.0,0.0,0.0","100.0,0.0,0.0"
1747092179.4158204,"-90.0,0.0,0.0","-85.0,0.0,0.0","98.0,0.0,0.0","98.0,0.0,0.0"
1747092179.4672577,"-89.0,0.0,0.0","-86.0,0.0,0.0","97.0,0.0,0.0","96.0,0.0,0.0"
1747092179.51781,"-89.0,0.0,0.0","-86.0,0.0,0.0","94.0,0.0,0.0","91.0,0.0,0.0"
1747092179.5678496,"-89.0,0.0,0.0","-86.0,0.0,0.0","90.0,0.0,0.0","85.0,0.0,0.0"
1747092179.6180034,"-89.0,0.0,0.0","-86.0,0.0,0.0","83.0,0.0,0.0","80.0,0.0,0.0"
1747092179.6683488,"-88.0,0.0,0.0","-85.0,0.0,0.0","73.0,0.0,0.0","75.0,0.0,0.0"
1747092179.7189777,"-88.0,0.0,0.0","-85.0,0.0,0.0","65.0,0.0,0.0","69.0,0.0,0.0"
1747092179.7696998,"-87.0,0.0,0.0","-85.0,0.0,0.0","57.0,0.0,0.0","64.0,0.0,0.0"
1747092179.819917,"-87.0,0.0,0.0","-85.0,0.0,0.0","54.0,0.0,0.0","62.0,0.0,0.0"
1747092179.8702128,"-87.0,0.0,0.0","-85.0,0.0,0.0","53.0,0.0,0.0","61.0,0.0,0.0"
1747092179.921069,"-87.0,0.0,0.0","-85.0,0.0,0.0","52.0,0.0,0.0","59.0,0.0,0.0"
1747092179.97169,"-87.0,0.0,0.0","-84.0,0.0,0.0","52.0,0.0,0.0","58.0,0.0,0.0"
1747092180.0217957,"-87.0,0.0,0.0","-84.0,0.0,0.0","53.0,0.0,0.0","59.0,0.0,0.0"
1747092180.0729408,"-87.0,0.0,0.0","-84.0,0.0,0.0","54.0,0.0,0.0","60.0,0.0,0.0"
1747092180.123978,"-87.0,0.0,0.0","-84.0,0.0,0.0","55.0,0.0,0.0","60.0,0.0,0.0"
1747092180.1746786,"-87.0,0.0,0.0","-84.0,0.0,0.0","55.0,0.0,0.0","60.0,0.0,0.0"
1747092180.2248573,"-87.0,0.0,0.0","-84.0,0.0,0.0","56.0,0.0,0.0","61.0,0.0,0.0"
1747092180.2756038,"-87.0,0.0,0.0","-84.0,0.0,0.0","56.0,0.0,0.0","61.0,0.0,0.0"
1747092180.3258452,"-87.0,0.0,0.0","-84.0,0.0,0.0","56.0,0.0,0.0","61.0,0.0,0.0"
1747092180.3764215,"-86.0,0.0,0.0","-84.0,0.0,0.0","58.0,0.0,0.0","62.0,0.0,0.0"
1747092180.4264467,"-85.0,0.0,0.0","-83.0,0.0,0.0","60.0,0.0,0.0","62.0,0.0,0.0"
1747092180.4766994,"-84.0,0.0,0.0","-82.0,0.0,0.0","61.0,0.0,0.0","63.0,0.0,0.0"
1747092180.526723,"-82.0,0.0,0.0","-79.0,0.0,0.0","68.0,0.0,0.0","67.0,0.0,0.0"
1747092180.5777006,"-80.0,0.0,0.0","-77.0,0.0,0.0","68.0,0.0,0.0","66.0,0.0,0.0"
1747092180.6288643,"-76.0,0.0,0.0","-72.0,0.0,0.0","65.0,0.0,0.0","64.0,0.0,0.0"
1747092180.6797512,"-71.0,0.0,0.0","-65.0,0.0,0.0","61.0,0.0,0.0","66.0,0.0,0.0"
1747092180.7297692,"-68.0,0.0,0.0","-62.0,0.0,0.0","58.0,0.0,0.0","67.0,0.0,0.0"
1747092180.7799087,"-64.0,0.0,0.0","-56.0,0.0,0.0","52.0,0.0,0.0","64.0,0.0,0.0"
1747092180.8300157,"-56.0,0.0,0.0","-46.0,0.0,0.0","47.0,0.0,0.0","57.0,0.0,0.0"
1747092180.8802688,"-46.0,0.0,0.0","-33.0,0.0,0.0","31.0,0.0,0.0","44.0,0.0,0.0"
1747092180.9307704,"-41.0,0.0,0.0","-23.0,0.0,0.0","26.0,0.0,0.0","30.0,0.0,0.0"
1747092180.9810867,"-31.0,0.0,0.0","-16.0,0.0,0.0","17.0,0.0,0.0","26.0,0.0,0.0"
1747092181.0317852,"-28.0,0.0,0.0","-12.0,0.0,0.0","13.0,0.0,0.0","21.0,0.0,0.0"
1747092181.0819974,"-25.0,0.0,0.0","-8.0,0.0,0.0","8.0,0.0,0.0","18.0,0.0,0.0"
1747092181.1328871,"-24.0,0.0,0.0","-6.0,0.0,0.0","5.0,0.0,0.0","14.0,0.0,0.0"
1747092181.1829867,"-23.0,0.0,0.0","-5.0,0.0,0.0","2.0,0.0,0.0","12.0,0.0,0.0"
1747092181.233094,"-22.0,0.0,0.0","-5.0,0.0,0.0","-3.0,0.0,0.0","6.0,0.0,0.0"
1747092181.2831008,"-22.0,0.0,0.0","-6.0,0.0,0.0","-4.0,0.0,0.0","6.0,0.0,0.0"
1747092181.3332663,"-23.0,0.0,0.0","-7.0,0.0,0.0","-8.0,0.0,0.0","7.0,0.0,0.0"
1747092181.3839478,"-23.0,0.0,0.0","-8.0,0.0,0.0","-10.0,0.0,0.0","7.0,0.0,0.0"
1747092181.4347074,"-23.0,0.0,0.0","-8.0,0.0,0.0","-10.0,0.0,0.0","8.0,0.0,0.0"
1747092181.4852273,"-23.0,0.0,0.0","-8.0,0.0,0.0","-11.0,0.0,0.0","8.0,0.0,0.0"
1747092181.5356078,"-23.0,0.0,0.0","-8.0,0.0,0.0","-11.0,0.0,0.0","8.0,0.0,0.0"
1747092181.5860276,"-23.0,0.0,0.0","-9.0,0.0,0.0","-11.0,0.0,0.0","8.0,0.0,0.0"
1747092181.6371596,"-23.0,0.0,0.0","-8.0,0.0,0.0","-11.0,0.0,0.0","8.0,0.0,0.0"
1747092181.6872323,"-23.0,0.0,0.0","-8.0,0.0,0.0","-10.0,0.0,0.0","7.0,0.0,0.0"
1747092181.7377362,"-24.0,0.0,0.0","-8.0,0.0,0.0","-8.0,0.0,0.0","8.0,0.0,0.0"
1747092181.7887013,"-24.0,0.0,0.0","-9.0,0.0,0.0","-5.0,0.0,0.0","9.0,0.0,0.0"
1747092181.8389616,"-24.0,0.0,0.0","-8.0,0.0,0.0","12.0,0.0,0.0","23.0,0.0,0.0"
1747092181.8898358,"-24.0,0.0,0.0","-7.0,0.0,0.0","22.0,0.0,0.0","30.0,0.0,0.0"
1747092181.9411461,"-22.0,0.0,0.0","0.0,0.0,0.0","31.0,0.0,0.0","29.0,0.0,0.0"
1747092181.9919553,"-17.0,0.0,0.0","6.0,0.0,0.0","31.0,0.0,0.0","24.0,0.0,0.0"
1747092182.0420022,"-12.0,0.0,0.0","14.0,0.0,0.0","30.0,0.0,0.0","20.0,0.0,0.0"
1747092182.0920973,"1.0,0.0,0.0","24.0,0.0,0.0","21.0,0.0,0.0","19.0,0.0,0.0"
1747092182.1429946,"13.0,0.0,0.0","34.0,0.0,0.0","24.0,0.0,0.0","16.0,0.0,0.0"
1747092182.1935785,"19.0,0.0,0.0","41.0,0.0,0.0","23.0,0.0,0.0","12.0,0.0,0.0"
1747092182.2436554,"26.0,0.0,0.0","46.0,0.0,0.0","23.0,0.0,0.0","11.0,0.0,0.0"
1747092182.2942562,"29.0,0.0,0.0","47.0,0.0,0.0","23.0,0.0,0.0","14.0,0.0,0.0"
1747092182.3448212,"33.0,0.0,0.0","51.0,0.0,0.0","23.0,0.0,0.0","12.0,0.0,0.0"
1747092182.3954835,"41.0,0.0,0.0","58.0,0.0,0.0","20.0,0.0,0.0","9.0,0.0,0.0"
1747092182.445658,"44.0,0.0,0.0","61.0,0.0,0.0","18.0,0.0,0.0","7.0,0.0,0.0"
1747092182.495758,"50.0,0.0,0.0","65.0,0.0,0.0","14.0,0.0,0.0","6.0,0.0,0.0"
1747092182.546681,"56.0,0.0,0.0","69.0,0.0,0.0","11.0,0.0,0.0","7.0,0.0,0.0"
1747092182.5969534,"59.0,0.0,0.0","74.0,0.0,0.0","10.0,0.0,0.0","0.0,0.0,0.0"
1747092182.6477294,"61.0,0.0,0.0","75.0,0.0,0.0","8.0,0.0,0.0","0.0,0.0,0.0"
1747092182.6986527,"67.0,0.0,0.0","79.0,0.0,0.0","6.0,0.0,0.0","-1.0,0.0,0.0"
1747092182.7490945,"68.0,0.0,0.0","81.0,0.0,0.0","6.0,0.0,0.0","-3.0,0.0,0.0"
1747092182.7998521,"73.0,0.0,0.0","83.0,0.0,0.0","5.0,0.0,0.0","-1.0,0.0,0.0"
1747092182.8507006,"74.0,0.0,0.0","84.0,0.0,0.0","7.0,0.0,0.0","0.0,0.0,0.0"
1747092182.9008763,"75.0,0.0,0.0","79.0,0.0,0.0","8.0,0.0,0.0","9.0,0.0,0.0"
1747092182.9518092,"77.0,0.0,0.0","86.0,0.0,0.0","7.0,0.0,0.0","0.0,0.0,0.0"
1747092183.0019639,"79.0,0.0,0.0","88.0,0.0,0.0","7.0,0.0,0.0","0.0,0.0,0.0"
1747092183.0519922,"80.0,0.0,0.0","89.0,0.0,0.0","7.0,0.0,0.0","0.0,0.0,0.0"
1747092183.1025407,"80.0,0.0,0.0","89.0,0.0,0.0","7.0,0.0,0.0","0.0,0.0,0.0"
1747092183.1532958,"83.0,0.0,0.0","90.0,0.0,0.0","0.0,0.0,0.0","0.0,0.0,0.0"
1747092183.203926,"90.0,0.0,0.0","90.0,0.0,0.0","0.0,0.0,0.0","0.0,0.0,0.0"
1747092183.2542012,"87.0,0.0,0.0","90.0,0.0,0.0","0.0,0.0,0.0","0.0,0.0,0.0"
1747092183.3042696,"87.0,0.0,0.0","90.0,0.0,0.0","-2.0,0.0,0.0","0.0,0.0,0.0"
1747092183.3543825,"82.0,0.0,0.0","90.0,0.0,0.0","6.0,0.0,0.0","0.0,0.0,0.0"
1747092183.4063814,"81.0,0.0,0.0","89.0,0.0,0.0","8.0,0.0,0.0","1.0,0.0,0.0"
1747092183.4576657,"81.0,0.0,0.0","89.0,0.0,0.0","7.0,0.0,0.0","0.0,0.0,0.0"
1747092183.5120893,"80.0,0.0,0.0","87.0,0.0,0.0","8.0,0.0,0.0","1.0,0.0,0.0"
1747092183.5627947,"78.0,0.0,0.0","85.0,0.0,0.0","7.0,0.0,0.0","0.0,0.0,0.0"
1747092183.6138482,"75.0,0.0,0.0","81.0,0.0,0.0","6.0,0.0,0.0","5.0,0.0,0.0"
1747092183.6648495,"71.0,0.0,0.0","79.0,0.0,0.0","10.0,0.0,0.0","6.0,0.0,0.0"
1747092183.7153075,"59.0,0.0,0.0","66.0,0.0,0.0","22.0,0.0,0.0","21.0,0.0,0.0"
1747092183.7655199,"56.0,0.0,0.0","61.0,0.0,0.0","27.0,0.0,0.0","26.0,0.0,0.0"
1747092183.8161528,"48.0,0.0,0.0","57.0,0.0,0.0","34.0,0.0,0.0","31.0,0.0,0.0"
1747092183.866292,"34.0,0.0,0.0","53.0,0.0,0.0","50.0,0.0,0.0","37.0,0.0,0.0"
1747092183.9168458,"27.0,0.0,0.0","46.0,0.0,0.0","55.0,0.0,0.0","43.0,0.0,0.0"
1747092183.9672215,"17.0,0.0,0.0","31.0,0.0,0.0","67.0,0.0,0.0","58.0,0.0,0.0"
1747092184.0172417,"3.0,0.0,0.0","17.0,0.0,0.0","79.0,0.0,0.0","70.0,0.0,0.0"
1747092184.0687196,"-2.0,0.0,0.0","8.0,0.0,0.0","85.0,0.0,0.0","79.0,0.0,0.0"
1747092184.1189215,"-10.0,0.0,0.0","-1.0,0.0,0.0","93.0,0.0,0.0","87.0,0.0,0.0"
1747092184.170781,"-26.0,0.0,0.0","-12.0,0.0,0.0","109.0,0.0,0.0","99.0,0.0,0.0"
1747092184.221471,"-31.0,0.0,0.0","-17.0,0.0,0.0","114.0,0.0,0.0","104.0,0.0,0.0"
1747092184.2716312,"-41.0,0.0,0.0","-29.0,0.0,0.0","121.0,0.0,0.0","116.0,0.0,0.0"
1747092184.3216639,"-48.0,0.0,0.0","-36.0,0.0,0.0","128.0,0.0,0.0","124.0,0.0,0.0"
1747092184.3726346,"-50.0,0.0,0.0","-39.0,0.0,0.0","129.0,0.0,0.0","127.0,0.0,0.0"
1747092184.423365,"-51.0,0.0,0.0","-39.0,0.0,0.0","131.0,0.0,0.0","128.0,0.0,0.0"
1747092184.4799883,"-52.0,0.0,0.0","-37.0,0.0,0.0","132.0,0.0,0.0","127.0,0.0,0.0"
1747092184.5308864,"-52.0,0.0,0.0","-37.0,0.0,0.0","132.0,0.0,0.0","126.0,0.0,0.0"
1747092184.5810518,"-52.0,0.0,0.0","-35.0,0.0,0.0","132.0,0.0,0.0","125.0,0.0,0.0"
1747092184.6318147,"-51.0,0.0,0.0","-34.0,0.0,0.0","131.0,0.0,0.0","123.0,0.0,0.0"
1747092184.6832464,"-51.0,0.0,0.0","-33.0,0.0,0.0","131.0,0.0,0.0","123.0,0.0,0.0"
1747092184.734037,"-50.0,0.0,0.0","-32.0,0.0,0.0","130.0,0.0,0.0","122.0,0.0,0.0"
1747092184.784425,"-50.0,0.0,0.0","-32.0,0.0,0.0","130.0,0.0,0.0","121.0,0.0,0.0"
1747092184.8347752,"-50.0,0.0,0.0","-32.0,0.0,0.0","129.0,0.0,0.0","121.0,0.0,0.0"
1747092184.8851724,"-50.0,0.0,0.0","-32.0,0.0,0.0","129.0,0.0,0.0","121.0,0.0,0.0"
1747092184.9355817,"-50.0,0.0,0.0","-35.0,0.0,0.0","123.0,0.0,0.0","121.0,0.0,0.0"
1747092184.985767,"-51.0,0.0,0.0","-39.0,0.0,0.0","116.0,0.0,0.0","119.0,0.0,0.0"
1747092185.03633,"-51.0,0.0,0.0","-44.0,0.0,0.0","110.0,0.0,0.0","118.0,0.0,0.0"
1747092185.0866077,"-52.0,0.0,0.0","-46.0,0.0,0.0","104.0,0.0,0.0","113.0,0.0,0.0"
1747092185.1374474,"-55.0,0.0,0.0","-51.0,0.0,0.0","93.0,0.0,0.0","99.0,0.0,0.0"
1747092185.1877832,"-57.0,0.0,0.0","-53.0,0.0,0.0","81.0,0.0,0.0","92.0,0.0,0.0"
1747092185.237946,"-60.0,0.0,0.0","-53.0,0.0,0.0","62.0,0.0,0.0","82.0,0.0,0.0"
1747092185.2888772,"-64.0,0.0,0.0","-57.0,0.0,0.0","34.0,0.0,0.0","40.0,0.0,0.0"
1747092185.3397024,"-65.0,0.0,0.0","-58.0,0.0,0.0","29.0,0.0,0.0","33.0,0.0,0.0"
1747092185.3924286,"-68.0,0.0,0.0","-61.0,0.0,0.0","19.0,0.0,0.0","22.0,0.0,0.0"
1747092185.4430006,"-69.0,0.0,0.0","-64.0,0.0,0.0","14.0,0.0,0.0","17.0,0.0,0.0"
1747092185.4938169,"-70.0,0.0,0.0","-67.0,0.0,0.0","9.0,0.0,0.0","13.0,0.0,0.0"
1747092185.5449095,"-73.0,0.0,0.0","-70.0,0.0,0.0","4.0,0.0,0.0","7.0,0.0,0.0"
1747092185.5957851,"-77.0,0.0,0.0","-75.0,0.0,0.0","2.0,0.0,0.0","6.0,0.0,0.0"
1747092185.646669,"-79.0,0.0,0.0","-76.0,0.0,0.0","2.0,0.0,0.0","2.0,0.0,0.0"
1747092185.6972919,"-83.0,0.0,0.0","-78.0,0.0,0.0","2.0,0.0,0.0","-1.0,0.0,0.0"
1747092185.7478552,"-87.0,0.0,0.0","-78.0,0.0,0.0","2.0,0.0,0.0","-4.0,0.0,0.0"
1747092185.7988167,"-88.0,0.0,0.0","-79.0,0.0,0.0","2.0,0.0,0.0","-5.0,0.0,0.0"
1747092185.8488204,"-87.0,0.0,0.0","-80.0,0.0,0.0","0.0,0.0,0.0","-5.0,0.0,0.0"
1747092185.8998084,"-88.0,0.0,0.0","-81.0,0.0,0.0","0.0,0.0,0.0","-7.0,0.0,0.0"
1747092185.9499552,"-87.0,0.0,0.0","-81.0,0.0,0.0","-2.0,0.0,0.0","-7.0,0.0,0.0"
1747092186.0007472,"-87.0,0.0,0.0","-82.0,0.0,0.0","-3.0,0.0,0.0","-8.0,0.0,0.0"
1747092186.0507896,"-88.0,0.0,0.0","-82.0,0.0,0.0","-2.0,0.0,0.0","-8.0,0.0,0.0"
1747092186.1009228,"-87.0,0.0,0.0","-82.0,0.0,0.0","-2.0,0.0,0.0","-7.0,0.0,0.0"
1747092186.150928,"-87.0,0.0,0.0","-82.0,0.0,0.0","-2.0,0.0,0.0","-7.0,0.0,0.0"
1747092186.2010486,"-87.0,0.0,0.0","-82.0,0.0,0.0","-2.0,0.0,0.0","-6.0,0.0,0.0"
1747092186.2516658,"-87.0,0.0,0.0","-82.0,0.0,0.0","-2.0,0.0,0.0","-6.0,0.0,0.0"
1747092186.3017533,"-88.0,0.0,0.0","-82.0,0.0,0.0","-3.0,0.0,0.0","-6.0,0.0,0.0"
1747092186.3526866,"-87.0,0.0,0.0","-82.0,0.0,0.0","-2.0,0.0,0.0","-6.0,0.0,0.0"
1747092186.4037561,"-87.0,0.0,0.0","-82.0,0.0,0.0","-2.0,0.0,0.0","-6.0,0.0,0.0"
1747092186.453876,"-87.0,0.0,0.0","-82.0,0.0,0.0","-2.0,0.0,0.0","-6.0,0.0,0.0"
1747092186.5038853,"-87.0,0.0,0.0","-82.0,0.0,0.0","-2.0,0.0,0.0","-6.0,0.0,0.0"
1747092186.5540617,"-87.0,0.0,0.0","-82.0,0.0,0.0","-2.0,0.0,0.0","-6.0,0.0,0.0"
1747092186.6055605,"-87.0,0.0,0.0","-82.0,0.0,0.0","-2.0,0.0,0.0","-6.0,0.0,0.0"
1747092186.6560612,"-87.0,0.0,0.0","-82.0,0.0,0.0","-2.0,0.0,0.0","-6.0,0.0,0.0"
1747092186.7060752,"-87.0,0.0,0.0","-82.0,0.0,0.0","-2.0,0.0,0.0","-6.0,0.0,0.0"
1747092186.756206,"-87.0,0.0,0.0","-82.0,0.0,0.0","-2.0,0.0,0.0","-6.0,0.0,0.0"
1747092186.8067877,"-87.0,0.0,0.0","-82.0,0.0,0.0","-2.0,0.0,0.0","-6.0,0.0,0.0"
1747092186.8594327,"-87.0,0.0,0.0","-82.0,0.0,0.0","-2.0,0.0,0.0","-5.0,0.0,0.0"
1747092186.9110327,"-87.0,0.0,0.0","-82.0,0.0,0.0","-1.0,0.0,0.0","-5.0,0.0,0.0"
1747092186.961055,"-87.0,0.0,0.0","-81.0,0.0,0.0","-1.0,0.0,0.0","-5.0,0.0,0.0"
1747092187.0116506,"-87.0,0.0,0.0","-80.0,0.0,0.0","0.0,0.0,0.0","-6.0,0.0,0.0"
1747092187.06177,"-86.0,0.0,0.0","-79.0,0.0,0.0","0.0,0.0,0.0","-7.0,0.0,0.0"
1747092187.1127205,"-85.0,0.0,0.0","-78.0,0.0,0.0","1.0,0.0,0.0","-7.0,0.0,0.0"
1747092187.163605,"-83.0,0.0,0.0","-77.0,0.0,0.0","2.0,0.0,0.0","-3.0,0.0,0.0"
1747092187.2145326,"-81.0,0.0,0.0","-77.0,0.0,0.0","3.0,0.0,0.0","0.0,0.0,0.0"
1747092187.264796,"-76.0,0.0,0.0","-73.0,0.0,0.0","3.0,0.0,0.0","6.0,0.0,0.0"
1747092187.33211,"-76.0,0.0,0.0","-73.0,0.0,0.0","3.0,0.0,0.0","6.0,0.0,0.0"
1747092187.3828683,"-72.0,0.0,0.0","-67.0,0.0,0.0","4.0,0.0,0.0","14.0,0.0,0.0"
1747092187.433439,"-67.0,0.0,0.0","-61.0,0.0,0.0","8.0,0.0,0.0","20.0,0.0,0.0"
1747092187.483525,"-58.0,0.0,0.0","-50.0,0.0,0.0","10.0,0.0,0.0","24.0,0.0,0.0"
1747092187.5335944,"-46.0,0.0,0.0","-38.0,0.0,0.0","7.0,0.0,0.0","21.0,0.0,0.0"
1747092187.5842402,"-40.0,0.0,0.0","-28.0,0.0,0.0","5.0,0.0,0.0","16.0,0.0,0.0"
1747092187.634869,"-34.0,0.0,0.0","-20.0,0.0,0.0","4.0,0.0,0.0","15.0,0.0,0.0"
1747092187.6853821,"-26.0,0.0,0.0","-12.0,0.0,0.0","11.0,0.0,0.0","18.0,0.0,0.0"
1747092187.7355456,"-18.0,0.0,0.0","-3.0,0.0,0.0","13.0,0.0,0.0","18.0,0.0,0.0"
1747092187.7869532,"-13.0,0.0,0.0","0.0,0.0,0.0","10.0,0.0,0.0","23.0,0.0,0.0"
1747092187.8378685,"-11.0,0.0,0.0","1.0,0.0,0.0","10.0,0.0,0.0","20.0,0.0,0.0"
1747092187.888764,"-11.0,0.0,0.0","6.0,0.0,0.0","12.0,0.0,0.0","13.0,0.0,0.0"
1747092187.9397864,"-9.0,0.0,0.0","10.0,0.0,0.0","10.0,0.0,0.0","10.0,0.0,0.0"
1747092187.989803,"-9.0,0.0,0.0","11.0,0.0,0.0","9.0,0.0,0.0","10.0,0.0,0.0"
1747092188.0399444,"-9.0,0.0,0.0","12.0,0.0,0.0","9.0,0.0,0.0","10.0,0.0,0.0"
1747092188.0903223,"-9.0,0.0,0.0","15.0,0.0,0.0","9.0,0.0,0.0","7.0,0.0,0.0"
1747092188.1414337,"-9.0,0.0,0.0","16.0,0.0,0.0","9.0,0.0,0.0","5.0,0.0,0.0"
1747092188.191513,"-9.0,0.0,0.0","17.0,0.0,0.0","8.0,0.0,0.0","5.0,0.0,0.0"
1747092188.2426465,"-10.0,0.0,0.0","17.0,0.0,0.0","7.0,0.0,0.0","4.0,0.0,0.0"
1747092188.2926488,"-10.0,0.0,0.0","17.0,0.0,0.0","7.0,0.0,0.0","5.0,0.0,0.0"
1747092188.3431063,"-11.0,0.0,0.0","16.0,0.0,0.0","7.0,0.0,0.0","5.0,0.0,0.0"
1747092188.3943672,"-11.0,0.0,0.0","15.0,0.0,0.0","8.0,0.0,0.0","8.0,0.0,0.0"
1747092188.4462183,"-11.0,0.0,0.0","2.0,0.0,0.0","8.0,0.0,0.0","21.0,0.0,0.0"
1747092188.4968767,"-11.0,0.0,0.0","-12.0,0.0,0.0","8.0,0.0,0.0","20.0,0.0,0.0"
1747092188.5470233,"-11.0,0.0,0.0","-19.0,0.0,0.0","7.0,0.0,0.0","19.0,0.0,0.0"
1747092188.5976896,"-12.0,0.0,0.0","-37.0,0.0,0.0","8.0,0.0,0.0","20.0,0.0,0.0"
1747092188.6486757,"-12.0,0.0,0.0","-44.0,0.0,0.0","9.0,0.0,0.0","21.0,0.0,0.0"
1747092188.6990354,"-12.0,0.0,0.0","-50.0,0.0,0.0","9.0,0.0,0.0","20.0,0.0,0.0"
1747092188.749972,"-12.0,0.0,0.0","-59.0,0.0,0.0","9.0,0.0,0.0","9.0,0.0,0.0"
1747092188.8006947,"-13.0,0.0,0.0","-67.0,0.0,0.0","10.0,0.0,0.0","6.0,0.0,0.0"
1747092188.8518646,"-13.0,0.0,0.0","-70.0,0.0,0.0","10.0,0.0,0.0","3.0,0.0,0.0"
1747092188.9020393,"-13.0,0.0,0.0","-71.0,0.0,0.0","11.0,0.0,0.0","0.0,0.0,0.0"
1747092188.9527354,"-13.0,0.0,0.0","-75.0,0.0,0.0","10.0,0.0,0.0","-4.0,0.0,0.0"
1747092189.0036533,"-13.0,0.0,0.0","-77.0,0.0,0.0","10.0,0.0,0.0","-7.0,0.0,0.0"
1747092189.0537188,"-14.0,0.0,0.0","-78.0,0.0,0.0","10.0,0.0,0.0","-8.0,0.0,0.0"
1747092189.1038208,"-13.0,0.0,0.0","-80.0,0.0,0.0","9.0,0.0,0.0","-8.0,0.0,0.0"
1747092189.1540334,"-12.0,0.0,0.0","-80.0,0.0,0.0","8.0,0.0,0.0","-9.0,0.0,0.0"
1747092189.204549,"-11.0,0.0,0.0","-80.0,0.0,0.0","9.0,0.0,0.0","-9.0,0.0,0.0"
1747092189.2545993,"-11.0,0.0,0.0","-80.0,0.0,0.0","9.0,0.0,0.0","-9.0,0.0,0.0"
1747092189.305133,"-9.0,0.0,0.0","-80.0,0.0,0.0","8.0,0.0,0.0","-9.0,0.0,0.0"
1747092189.3557165,"-9.0,0.0,0.0","-80.0,0.0,0.0","8.0,0.0,0.0","-10.0,0.0,0.0"
1747092189.4058826,"-8.0,0.0,0.0","-80.0,0.0,0.0","8.0,0.0,0.0","-10.0,0.0,0.0"
1747092189.4561741,"-8.0,0.0,0.0","-80.0,0.0,0.0","9.0,0.0,0.0","-10.0,0.0,0.0"
1747092189.5068128,"-8.0,0.0,0.0","-80.0,0.0,0.0","9.0,0.0,0.0","-10.0,0.0,0.0"
1747092189.5673747,"-8.0,0.0,0.0","-80.0,0.0,0.0","9.0,0.0,0.0","-10.0,0.0,0.0"
1747092189.6180236,"-9.0,0.0,0.0","-80.0,0.0,0.0","8.0,0.0,0.0","-10.0,0.0,0.0"
1747092189.6700134,"-10.0,0.0,0.0","-80.0,0.0,0.0","8.0,0.0,0.0","-10.0,0.0,0.0"
1747092189.720308,"-11.0,0.0,0.0","-80.0,0.0,0.0","7.0,0.0,0.0","-9.0,0.0,0.0"
1747092189.7706645,"-16.0,0.0,0.0","-80.0,0.0,0.0","8.0,0.0,0.0","-8.0,0.0,0.0"
1747092189.8216872,"-20.0,0.0,0.0","-80.0,0.0,0.0","11.0,0.0,0.0","-7.0,0.0,0.0"
1747092189.871738,"-27.0,0.0,0.0","-79.0,0.0,0.0","7.0,0.0,0.0","-6.0,0.0,0.0"
1747092189.9220023,"-32.0,0.0,0.0","-78.0,0.0,0.0","6.0,0.0,0.0","-5.0,0.0,0.0"
1747092189.9737797,"-37.0,0.0,0.0","-78.0,0.0,0.0","6.0,0.0,0.0","-3.0,0.0,0.0"
1747092190.024292,"-42.0,0.0,0.0","-77.0,0.0,0.0","6.0,0.0,0.0","-1.0,0.0,0.0"
1747092190.0752842,"-57.0,0.0,0.0","-73.0,0.0,0.0","8.0,0.0,0.0","6.0,0.0,0.0"
1747092190.1256127,"-62.0,0.0,0.0","-71.0,0.0,0.0","9.0,0.0,0.0","11.0,0.0,0.0"
1747092190.1758826,"-66.0,0.0,0.0","-69.0,0.0,0.0","9.0,0.0,0.0","15.0,0.0,0.0"
1747092190.2259603,"-72.0,0.0,0.0","-61.0,0.0,0.0","5.0,0.0,0.0","17.0,0.0,0.0"
1747092190.2768414,"-73.0,0.0,0.0","-56.0,0.0,0.0","3.0,0.0,0.0","19.0,0.0,0.0"
1747092190.3291886,"-78.0,0.0,0.0","-49.0,0.0,0.0","2.0,0.0,0.0","28.0,0.0,0.0"
1747092190.3811264,"-84.0,0.0,0.0","-34.0,0.0,0.0","2.0,0.0,0.0","24.0,0.0,0.0"
1747092190.4318008,"-86.0,0.0,0.0","-26.0,0.0,0.0","3.0,0.0,0.0","22.0,0.0,0.0"
1747092190.4822361,"-87.0,0.0,0.0","-21.0,0.0,0.0","2.0,0.0,0.0","22.0,0.0,0.0"
1747092190.533086,"-87.0,0.0,0.0","-8.0,0.0,0.0","-1.0,0.0,0.0","28.0,0.0,0.0"
1747092190.5836558,"-88.0,0.0,0.0","-4.0,0.0,0.0","-1.0,0.0,0.0","29.0,0.0,0.0"
1747092190.633762,"-88.0,0.0,0.0","2.0,0.0,0.0","-1.0,0.0,0.0","24.0,0.0,0.0"
1747092190.68431,"-88.0,0.0,0.0","10.0,0.0,0.0","-1.0,0.0,0.0","19.0,0.0,0.0"
1747092190.7347763,"-88.0,0.0,0.0","12.0,0.0,0.0","-1.0,0.0,0.0","18.0,0.0,0.0"
1747092190.7856293,"-88.0,0.0,0.0","13.0,0.0,0.0","-1.0,0.0,0.0","19.0,0.0,0.0"
1747092190.8360374,"-87.0,0.0,0.0","14.0,0.0,0.0","-1.0,0.0,0.0","17.0,0.0,0.0"
1747092190.8866773,"-87.0,0.0,0.0","14.0,0.0,0.0","-1.0,0.0,0.0","16.0,0.0,0.0"
1747092190.9368083,"-87.0,0.0,0.0","14.0,0.0,0.0","-1.0,0.0,0.0","17.0,0.0,0.0"
1747092190.9874396,"-87.0,0.0,0.0","13.0,0.0,0.0","-2.0,0.0,0.0","16.0,0.0,0.0"
1747092191.0376759,"-87.0,0.0,0.0","13.0,0.0,0.0","-1.0,0.0,0.0","16.0,0.0,0.0"
1747092191.0886843,"-87.0,0.0,0.0","12.0,0.0,0.0","-1.0,0.0,0.0","16.0,0.0,0.0"
1747092191.1390352,"-87.0,0.0,0.0","12.0,0.0,0.0","-1.0,0.0,0.0","16.0,0.0,0.0"
1747092191.1896217,"-87.0,0.0,0.0","11.0,0.0,0.0","-1.0,0.0,0.0","14.0,0.0,0.0"
1747092191.2396872,"-87.0,0.0,0.0","7.0,0.0,0.0","-2.0,0.0,0.0","16.0,0.0,0.0"
1747092191.2897623,"-87.0,0.0,0.0","2.0,0.0,0.0","-1.0,0.0,0.0","21.0,0.0,0.0"
1747092191.3412223,"-87.0,0.0,0.0","-2.0,0.0,0.0","-1.0,0.0,0.0","26.0,0.0,0.0"
1747092191.392471,"-87.0,0.0,0.0","-5.0,0.0,0.0","-1.0,0.0,0.0","25.0,0.0,0.0"
1747092191.4433258,"-87.0,0.0,0.0","-19.0,0.0,0.0","-1.0,0.0,0.0","27.0,0.0,0.0"
1747092191.4937365,"-87.0,0.0,0.0","-22.0,0.0,0.0","-1.0,0.0,0.0","22.0,0.0,0.0"
1747092191.5456686,"-87.0,0.0,0.0","-37.0,0.0,0.0","-1.0,0.0,0.0","25.0,0.0,0.0"
1747092191.597496,"-87.0,0.0,0.0","-43.0,0.0,0.0","0.0,0.0,0.0","27.0,0.0,0.0"
1747092191.6479597,"-87.0,0.0,0.0","-49.0,0.0,0.0","0.0,0.0,0.0","26.0,0.0,0.0"
1747092191.6989195,"-87.0,0.0,0.0","-60.0,0.0,0.0","0.0,0.0,0.0","10.0,0.0,0.0"
1747092191.7497652,"-87.0,0.0,0.0","-65.0,0.0,0.0","0.0,0.0,0.0","10.0,0.0,0.0"
1747092191.8000202,"-87.0,0.0,0.0","-68.0,0.0,0.0","0.0,0.0,0.0","10.0,0.0,0.0"
1747092191.8508294,"-87.0,0.0,0.0","-73.0,0.0,0.0","-1.0,0.0,0.0","3.0,0.0,0.0"
1747092191.9009552,"-87.0,0.0,0.0","-75.0,0.0,0.0","-1.0,0.0,0.0","0.0,0.0,0.0"
1747092191.9510033,"-87.0,0.0,0.0","-76.0,0.0,0.0","-1.0,0.0,0.0","-1.0,0.0,0.0"
1747092192.0010357,"-87.0,0.0,0.0","-78.0,0.0,0.0","-1.0,0.0,0.0","-5.0,0.0,0.0"
1747092192.0517702,"-87.0,0.0,0.0","-78.0,0.0,0.0","-2.0,0.0,0.0","-7.0,0.0,0.0"
1747092192.1020324,"-87.0,0.0,0.0","-80.0,0.0,0.0","-2.0,0.0,0.0","-7.0,0.0,0.0"
1747092192.1524868,"-87.0,0.0,0.0","-82.0,0.0,0.0","-2.0,0.0,0.0","-6.0,0.0,0.0"
1747092192.202965,"-87.0,0.0,0.0","-82.0,0.0,0.0","-2.0,0.0,0.0","-7.0,0.0,0.0"
1747092192.2532108,"-87.0,0.0,0.0","-83.0,0.0,0.0","-2.0,0.0,0.0","-6.0,0.0,0.0"
1747092192.304053,"-87.0,0.0,0.0","-83.0,0.0,0.0","-2.0,0.0,0.0","-5.0,0.0,0.0"
1747092192.35484,"-87.0,0.0,0.0","-83.0,0.0,0.0","-2.0,0.0,0.0","-5.0,0.0,0.0"
1747092192.4056458,"-87.0,0.0,0.0","-82.0,0.0,0.0","-2.0,0.0,0.0","-5.0,0.0,0.0"
1747092192.4557083,"-87.0,0.0,0.0","-82.0,0.0,0.0","-2.0,0.0,0.0","-5.0,0.0,0.0"
1747092192.5059254,"-87.0,0.0,0.0","-82.0,0.0,0.0","-2.0,0.0,0.0","-5.0,0.0,0.0"
1747092192.5563726,"-87.0,0.0,0.0","-82.0,0.0,0.0","-2.0,0.0,0.0","-5.0,0.0,0.0"
1747092192.6069806,"-87.0,0.0,0.0","-82.0,0.0,0.0","-2.0,0.0,0.0","-5.0,0.0,0.0"
1747092192.6570747,"-87.0,0.0,0.0","-82.0,0.0,0.0","-2.0,0.0,0.0","-5.0,0.0,0.0"
1747092192.707478,"-87.0,0.0,0.0","-82.0,0.0,0.0","-2.0,0.0,0.0","-6.0,0.0,0.0"
1747092192.7596111,"-87.0,0.0,0.0","-82.0,0.0,0.0","-1.0,0.0,0.0","-6.0,0.0,0.0"
1747092192.81103,"-87.0,0.0,0.0","-81.0,0.0,0.0","-1.0,0.0,0.0","-7.0,0.0,0.0"
1747092192.8611228,"-87.0,0.0,0.0","-81.0,0.0,0.0","0.0,0.0,0.0","-7.0,0.0,0.0"
1747092192.911911,"-87.0,0.0,0.0","-79.0,0.0,0.0","0.0,0.0,0.0","-8.0,0.0,0.0"
1747092192.961982,"-87.0,0.0,0.0","-78.0,0.0,0.0","1.0,0.0,0.0","-8.0,0.0,0.0"
1747092193.0127068,"-85.0,0.0,0.0","-78.0,0.0,0.0","2.0,0.0,0.0","-6.0,0.0,0.0"
1747092193.0628357,"-84.0,0.0,0.0","-78.0,0.0,0.0","2.0,0.0,0.0","-4.0,0.0,0.0"
1747092193.1142626,"-83.0,0.0,0.0","-77.0,0.0,0.0","4.0,0.0,0.0","-2.0,0.0,0.0"
1747092193.1645596,"-77.0,0.0,0.0","-73.0,0.0,0.0","5.0,0.0,0.0","8.0,0.0,0.0"
1747092193.2154624,"-74.0,0.0,0.0","-70.0,0.0,0.0","5.0,0.0,0.0","13.0,0.0,0.0"
1747092193.2660577,"-72.0,0.0,0.0","-66.0,0.0,0.0","6.0,0.0,0.0","15.0,0.0,0.0"
1747092193.3169298,"-67.0,0.0,0.0","-58.0,0.0,0.0","8.0,0.0,0.0","20.0,0.0,0.0"
1747092193.3678002,"-65.0,0.0,0.0","-52.0,0.0,0.0","11.0,0.0,0.0","21.0,0.0,0.0"
1747092193.4186263,"-61.0,0.0,0.0","-47.0,0.0,0.0","11.0,0.0,0.0","23.0,0.0,0.0"
1747092193.4688978,"-49.0,0.0,0.0","-26.0,0.0,0.0","8.0,0.0,0.0","16.0,0.0,0.0"
1747092193.520783,"-44.0,0.0,0.0","-19.0,0.0,0.0","7.0,0.0,0.0","16.0,0.0,0.0"
1747092193.5710382,"-41.0,0.0,0.0","-15.0,0.0,0.0","6.0,0.0,0.0","17.0,0.0,0.0"
1747092193.6210897,"-34.0,0.0,0.0","-10.0,0.0,0.0","4.0,0.0,0.0","26.0,0.0,0.0"
1747092193.6713333,"-30.0,0.0,0.0","-4.0,0.0,0.0","3.0,0.0,0.0","22.0,0.0,0.0"
1747092193.7219682,"-29.0,0.0,0.0","-3.0,0.0,0.0","5.0,0.0,0.0","25.0,0.0,0.0"
1747092193.7729588,"-26.0,0.0,0.0","6.0,0.0,0.0","11.0,0.0,0.0","15.0,0.0,0.0"
1747092193.8238258,"-24.0,0.0,0.0","8.0,0.0,0.0","10.0,0.0,0.0","13.0,0.0,0.0"
1747092193.8738506,"-23.0,0.0,0.0","10.0,0.0,0.0","10.0,0.0,0.0","13.0,0.0,0.0"
1747092193.9247813,"-22.0,0.0,0.0","12.0,0.0,0.0","11.0,0.0,0.0","9.0,0.0,0.0"
1747092193.9755182,"-22.0,0.0,0.0","14.0,0.0,0.0","11.0,0.0,0.0","8.0,0.0,0.0"
1747092194.0260139,"-22.0,0.0,0.0","15.0,0.0,0.0","11.0,0.0,0.0","6.0,0.0,0.0"
1747092194.0760255,"-22.0,0.0,0.0","17.0,0.0,0.0","11.0,0.0,0.0","5.0,0.0,0.0"
1747092194.1261797,"-22.0,0.0,0.0","18.0,0.0,0.0","11.0,0.0,0.0","5.0,0.0,0.0"
1747092194.1770332,"-21.0,0.0,0.0","21.0,0.0,0.0","10.0,0.0,0.0","3.0,0.0,0.0"
1747092194.2270453,"-21.0,0.0,0.0","21.0,0.0,0.0","9.0,0.0,0.0","3.0,0.0,0.0"
1747092194.2786825,"-21.0,0.0,0.0","22.0,0.0,0.0","9.0,0.0,0.0","4.0,0.0,0.0"
1747092194.3287628,"-21.0,0.0,0.0","21.0,0.0,0.0","9.0,0.0,0.0","6.0,0.0,0.0"
1747092194.3792017,"-20.0,0.0,0.0","23.0,0.0,0.0","9.0,0.0,0.0","9.0,0.0,0.0"
1747092194.4296913,"-20.0,0.0,0.0","23.0,0.0,0.0","9.0,0.0,0.0","10.0,0.0,0.0"
1747092194.4797392,"-20.0,0.0,0.0","24.0,0.0,0.0","9.0,0.0,0.0","11.0,0.0,0.0"
1747092194.5306408,"-18.0,0.0,0.0","25.0,0.0,0.0","8.0,0.0,0.0","12.0,0.0,0.0"
1747092194.5809627,"-18.0,0.0,0.0","25.0,0.0,0.0","8.0,0.0,0.0","12.0,0.0,0.0"
1747092194.6380532,"-18.0,0.0,0.0","25.0,0.0,0.0","8.0,0.0,0.0","13.0,0.0,0.0"
1747092194.6897116,"-17.0,0.0,0.0","24.0,0.0,0.0","8.0,0.0,0.0","13.0,0.0,0.0"
1747092194.7397976,"-17.0,0.0,0.0","24.0,0.0,0.0","7.0,0.0,0.0","13.0,0.0,0.0"
1747092194.7904963,"-15.0,0.0,0.0","23.0,0.0,0.0","5.0,0.0,0.0","13.0,0.0,0.0"
1747092194.840831,"-15.0,0.0,0.0","22.0,0.0,0.0","5.0,0.0,0.0","12.0,0.0,0.0"
1747092194.891674,"-14.0,0.0,0.0","18.0,0.0,0.0","6.0,0.0,0.0","12.0,0.0,0.0"
1747092194.9420676,"-13.0,0.0,0.0","15.0,0.0,0.0","6.0,0.0,0.0","10.0,0.0,0.0"
1747092194.9936514,"-12.0,0.0,0.0","7.0,0.0,0.0","6.0,0.0,0.0","17.0,0.0,0.0"
1747092195.043783,"-11.0,0.0,0.0","1.0,0.0,0.0","6.0,0.0,0.0","21.0,0.0,0.0"
1747092195.0946865,"-9.0,0.0,0.0","-8.0,0.0,0.0","5.0,0.0,0.0","25.0,0.0,0.0"
1747092195.1448197,"-7.0,0.0,0.0","-11.0,0.0,0.0","5.0,0.0,0.0","22.0,0.0,0.0"
1747092195.1954129,"-5.0,0.0,0.0","-12.0,0.0,0.0","4.0,0.0,0.0","18.0,0.0,0.0"
1747092195.2460768,"-3.0,0.0,0.0","-17.0,0.0,0.0","5.0,0.0,0.0","15.0,0.0,0.0"
1747092195.2966588,"-3.0,0.0,0.0","-18.0,0.0,0.0","6.0,0.0,0.0","13.0,0.0,0.0"
1747092195.3472512,"-2.0,0.0,0.0","-19.0,0.0,0.0","5.0,0.0,0.0","11.0,0.0,0.0"
1747092195.397398,"-2.0,0.0,0.0","-22.0,0.0,0.0","5.0,0.0,0.0","10.0,0.0,0.0"
1747092195.447983,"-2.0,0.0,0.0","-24.0,0.0,0.0","6.0,0.0,0.0","10.0,0.0,0.0"
1747092195.4987369,"-2.0,0.0,0.0","-26.0,0.0,0.0","7.0,0.0,0.0","9.0,0.0,0.0"
1747092195.5489814,"-2.0,0.0,0.0","-27.0,0.0,0.0","7.0,0.0,0.0","9.0,0.0,0.0"
1747092195.5998864,"-2.0,0.0,0.0","-29.0,0.0,0.0","7.0,0.0,0.0","10.0,0.0,0.0"
1747092195.6499982,"-1.0,0.0,0.0","-29.0,0.0,0.0","7.0,0.0,0.0","9.0,0.0,0.0"
1747092195.7005396,"-1.0,0.0,0.0","-30.0,0.0,0.0","7.0,0.0,0.0","10.0,0.0,0.0"
1747092195.7507555,"-1.0,0.0,0.0","-30.0,0.0,0.0","7.0,0.0,0.0","10.0,0.0,0.0"
1747092195.8016434,"-1.0,0.0,0.0","-30.0,0.0,0.0","7.0,0.0,0.0","10.0,0.0,0.0"
1747092195.8538275,"-1.0,0.0,0.0","-30.0,0.0,0.0","7.0,0.0,0.0","10.0,0.0,0.0"
1747092195.904541,"-1.0,0.0,0.0","-30.0,0.0,0.0","7.0,0.0,0.0","11.0,0.0,0.0"
1747092195.9548562,"-1.0,0.0,0.0","-30.0,0.0,0.0","7.0,0.0,0.0","11.0,0.0,0.0"
1747092196.0050502,"-1.0,0.0,0.0","-29.0,0.0,0.0","7.0,0.0,0.0","11.0,0.0,0.0"
1747092196.0550792,"-2.0,0.0,0.0","-29.0,0.0,0.0","6.0,0.0,0.0","10.0,0.0,0.0"
1747092196.1057374,"-2.0,0.0,0.0","-29.0,0.0,0.0","6.0,0.0,0.0","10.0,0.0,0.0"
1747092196.1558216,"-3.0,0.0,0.0","-29.0,0.0,0.0","6.0,0.0,0.0","10.0,0.0,0.0"
1747092196.206215,"-5.0,0.0,0.0","-28.0,0.0,0.0","8.0,0.0,0.0","10.0,0.0,0.0"
1747092196.256787,"-7.0,0.0,0.0","-28.0,0.0,0.0","8.0,0.0,0.0","10.0,0.0,0.0"
1747092196.3068771,"-12.0,0.0,0.0","-23.0,0.0,0.0","8.0,0.0,0.0","11.0,0.0,0.0"
1747092196.3569083,"-14.0,0.0,0.0","-21.0,0.0,0.0","7.0,0.0,0.0","11.0,0.0,0.0"
1747092196.4077754,"-17.0,0.0,0.0","-17.0,0.0,0.0","7.0,0.0,0.0","13.0,0.0,0.0"
1747092196.4580202,"-20.0,0.0,0.0","-15.0,0.0,0.0","7.0,0.0,0.0","13.0,0.0,0.0"
1747092196.5084782,"-26.0,0.0,0.0","-10.0,0.0,0.0","4.0,0.0,0.0","15.0,0.0,0.0"
1747092196.558697,"-31.0,0.0,0.0","-6.0,0.0,0.0","2.0,0.0,0.0","19.0,0.0,0.0"
1747092196.6090088,"-36.0,0.0,0.0","0.0,0.0,0.0","1.0,0.0,0.0","19.0,0.0,0.0"
1747092196.6596537,"-38.0,0.0,0.0","3.0,0.0,0.0","2.0,0.0,0.0","19.0,0.0,0.0"
1747092196.7096925,"-41.0,0.0,0.0","9.0,0.0,0.0","2.0,0.0,0.0","11.0,0.0,0.0"
1747092196.7597556,"-45.0,0.0,0.0","17.0,0.0,0.0","6.0,0.0,0.0","3.0,0.0,0.0"
1747092196.8097928,"-46.0,0.0,0.0","18.0,0.0,0.0","4.0,0.0,0.0","5.0,0.0,0.0"
1747092196.8599517,"-47.0,0.0,0.0","20.0,0.0,0.0","3.0,0.0,0.0","4.0,0.0,0.0"
1747092196.9105697,"-50.0,0.0,0.0","22.0,0.0,0.0","4.0,0.0,0.0","8.0,0.0,0.0"
1747092196.9607565,"-51.0,0.0,0.0","22.0,0.0,0.0","5.0,0.0,0.0","11.0,0.0,0.0"
1747092197.010949,"-51.0,0.0,0.0","22.0,0.0,0.0","5.0,0.0,0.0","12.0,0.0,0.0"
1747092197.060985,"-51.0,0.0,0.0","22.0,0.0,0.0","6.0,0.0,0.0","12.0,0.0,0.0"
1747092197.111792,"-51.0,0.0,0.0","22.0,0.0,0.0","6.0,0.0,0.0","11.0,0.0,0.0"
1747092197.1622643,"-51.0,0.0,0.0","22.0,0.0,0.0","6.0,0.0,0.0","11.0,0.0,0.0"
1747092197.212614,"-49.0,0.0,0.0","18.0,0.0,0.0","8.0,0.0,0.0","9.0,0.0,0.0"
1747092197.2627127,"-44.0,0.0,0.0","4.0,0.0,0.0","7.0,0.0,0.0","21.0,0.0,0.0"
1747092197.3132088,"-39.0,0.0,0.0","-2.0,0.0,0.0","5.0,0.0,0.0","23.0,0.0,0.0"
1747092197.3634286,"-29.0,0.0,0.0","-11.0,0.0,0.0","3.0,0.0,0.0","18.0,0.0,0.0"
1747092197.4136815,"-25.0,0.0,0.0","-16.0,0.0,0.0","6.0,0.0,0.0","18.0,0.0,0.0"
1747092197.464592,"-19.0,0.0,0.0","-20.0,0.0,0.0","8.0,0.0,0.0","14.0,0.0,0.0"
1747092197.5147207,"-10.0,0.0,0.0","-29.0,0.0,0.0","5.0,0.0,0.0","10.0,0.0,0.0"
1747092197.5652983,"-4.0,0.0,0.0","-37.0,0.0,0.0","8.0,0.0,0.0","14.0,0.0,0.0"
1747092197.6159477,"0.0,0.0,0.0","-43.0,0.0,0.0","7.0,0.0,0.0","13.0,0.0,0.0"
1747092197.666868,"3.0,0.0,0.0","-46.0,0.0,0.0","4.0,0.0,0.0","11.0,0.0,0.0"
1747092197.717314,"5.0,0.0,0.0","-49.0,0.0,0.0","3.0,0.0,0.0","11.0,0.0,0.0"
1747092197.767421,"5.0,0.0,0.0","-53.0,0.0,0.0","3.0,0.0,0.0","10.0,0.0,0.0"
1747092197.8175652,"6.0,0.0,0.0","-55.0,0.0,0.0","3.0,0.0,0.0","10.0,0.0,0.0"
1747092197.868497,"5.0,0.0,0.0","-55.0,0.0,0.0","3.0,0.0,0.0","9.0,0.0,0.0"
1747092197.9188774,"5.0,0.0,0.0","-58.0,0.0,0.0","4.0,0.0,0.0","9.0,0.0,0.0"
1747092197.969424,"5.0,0.0,0.0","-58.0,0.0,0.0","4.0,0.0,0.0","9.0,0.0,0.0"
1747092198.0199158,"4.0,0.0,0.0","-58.0,0.0,0.0","4.0,0.0,0.0","9.0,0.0,0.0"
1747092198.0706306,"4.0,0.0,0.0","-58.0,0.0,0.0","3.0,0.0,0.0","9.0,0.0,0.0"
1747092198.1210053,"2.0,0.0,0.0","-58.0,0.0,0.0","6.0,0.0,0.0","11.0,0.0,0.0"
1747092198.1711726,"0.0,0.0,0.0","-56.0,0.0,0.0","8.0,0.0,0.0","11.0,0.0,0.0"
1747092198.221295,"-6.0,0.0,0.0","-46.0,0.0,0.0","6.0,0.0,0.0","19.0,0.0,0.0"
1747092198.272443,"-11.0,0.0,0.0","-40.0,0.0,0.0","6.0,0.0,0.0","17.0,0.0,0.0"
1747092198.3247347,"-15.0,0.0,0.0","-36.0,0.0,0.0","8.0,0.0,0.0","16.0,0.0,0.0"
1747092198.3761141,"-19.0,0.0,0.0","-27.0,0.0,0.0","10.0,0.0,0.0","12.0,0.0,0.0"
1747092198.426671,"-29.0,0.0,0.0","-13.0,0.0,0.0","4.0,0.0,0.0","16.0,0.0,0.0"
1747092198.4767501,"-33.0,0.0,0.0","-7.0,0.0,0.0","3.0,0.0,0.0","18.0,0.0,0.0"
1747092198.5275335,"-38.0,0.0,0.0","-1.0,0.0,0.0","4.0,0.0,0.0","16.0,0.0,0.0"
1747092198.5785573,"-45.0,0.0,0.0","6.0,0.0,0.0","7.0,0.0,0.0","15.0,0.0,0.0"
1747092198.6287127,"-52.0,0.0,0.0","12.0,0.0,0.0","7.0,0.0,0.0","14.0,0.0,0.0"
1747092198.6798446,"-56.0,0.0,0.0","12.0,0.0,0.0","9.0,0.0,0.0","17.0,0.0,0.0"
1747092198.7306466,"-61.0,0.0,0.0","9.0,0.0,0.0","12.0,0.0,0.0","24.0,0.0,0.0"
1747092198.7808533,"-62.0,0.0,0.0","6.0,0.0,0.0","12.0,0.0,0.0","26.0,0.0,0.0"
1747092198.8318207,"-62.0,0.0,0.0","4.0,0.0,0.0","12.0,0.0,0.0","25.0,0.0,0.0"
1747092198.8826041,"-61.0,0.0,0.0","-9.0,0.0,0.0","12.0,0.0,0.0","37.0,0.0,0.0"
1747092198.9326603,"-60.0,0.0,0.0","-22.0,0.0,0.0","12.0,0.0,0.0","28.0,0.0,0.0"
1747092198.9846826,"-57.0,0.0,0.0","-27.0,0.0,0.0","12.0,0.0,0.0","24.0,0.0,0.0"
1747092199.0348742,"-54.0,0.0,0.0","-35.0,0.0,0.0","14.0,0.0,0.0","25.0,0.0,0.0"
1747092199.0855837,"-41.0,0.0,0.0","-51.0,0.0,0.0","11.0,0.0,0.0","22.0,0.0,0.0"
1747092199.1357462,"-36.0,0.0,0.0","-56.0,0.0,0.0","11.0,0.0,0.0","15.0,0.0,0.0"
1747092199.1858923,"-31.0,0.0,0.0","-59.0,0.0,0.0","9.0,0.0,0.0","11.0,0.0,0.0"
1747092199.2365174,"-22.0,0.0,0.0","-65.0,0.0,0.0","15.0,0.0,0.0","11.0,0.0,0.0"
1747092199.2866108,"-21.0,0.0,0.0","-67.0,0.0,0.0","18.0,0.0,0.0","9.0,0.0,0.0"
1747092199.3372138,"-19.0,0.0,0.0","-69.0,0.0,0.0","19.0,0.0,0.0","5.0,0.0,0.0"
1747092199.3874893,"-12.0,0.0,0.0","-71.0,0.0,0.0","19.0,0.0,0.0","2.0,0.0,0.0"
1747092199.4377992,"-7.0,0.0,0.0","-72.0,0.0,0.0","16.0,0.0,0.0","2.0,0.0,0.0"
1747092199.4878366,"-5.0,0.0,0.0","-72.0,0.0,0.0","18.0,0.0,0.0","1.0,0.0,0.0"
1747092199.5379393,"-6.0,0.0,0.0","-72.0,0.0,0.0","20.0,0.0,0.0","1.0,0.0,0.0"
1747092199.5885901,"-7.0,0.0,0.0","-71.0,0.0,0.0","20.0,0.0,0.0","2.0,0.0,0.0"
1747092199.638659,"-9.0,0.0,0.0","-71.0,0.0,0.0","20.0,0.0,0.0","3.0,0.0,0.0"
1747092199.6940007,"-16.0,0.0,0.0","-69.0,0.0,0.0","25.0,0.0,0.0","3.0,0.0,0.0"
1747092199.744651,"-25.0,0.0,0.0","-65.0,0.0,0.0","22.0,0.0,0.0","6.0,0.0,0.0"
1747092199.7960863,"-39.0,0.0,0.0","-58.0,0.0,0.0","20.0,0.0,0.0","8.0,0.0,0.0"
1747092199.8466263,"-43.0,0.0,0.0","-55.0,0.0,0.0","17.0,0.0,0.0","10.0,0.0,0.0"
1747092199.8967767,"-47.0,0.0,0.0","-51.0,0.0,0.0","16.0,0.0,0.0","14.0,0.0,0.0"
1747092199.9468017,"-52.0,0.0,0.0","-49.0,0.0,0.0","17.0,0.0,0.0","20.0,0.0,0.0"
1747092199.9973578,"-62.0,0.0,0.0","-34.0,0.0,0.0","14.0,0.0,0.0","28.0,0.0,0.0"
1747092200.0485034,"-66.0,0.0,0.0","-29.0,0.0,0.0","13.0,0.0,0.0","30.0,0.0,0.0"
1747092200.0987027,"-69.0,0.0,0.0","-19.0,0.0,0.0","11.0,0.0,0.0","33.0,0.0,0.0"
1747092200.148802,"-70.0,0.0,0.0","-15.0,0.0,0.0","10.0,0.0,0.0","41.0,0.0,0.0"
1747092200.200034,"-71.0,0.0,0.0","-8.0,0.0,0.0","8.0,0.0,0.0","40.0,0.0,0.0"
1747092200.2513478,"-74.0,0.0,0.0","0.0,0.0,0.0","7.0,0.0,0.0","40.0,0.0,0.0"
1747092200.3019023,"-74.0,0.0,0.0","0.0,0.0,0.0","5.0,0.0,0.0","43.0,0.0,0.0"
1747092200.353978,"-74.0,0.0,0.0","-1.0,0.0,0.0","4.0,0.0,0.0","46.0,0.0,0.0"
1747092200.4040709,"-74.0,0.0,0.0","-4.0,0.0,0.0","5.0,0.0,0.0","49.0,0.0,0.0"
1747092200.4549043,"-73.0,0.0,0.0","-12.0,0.0,0.0","5.0,0.0,0.0","57.0,0.0,0.0"
1747092200.5049818,"-71.0,0.0,0.0","-18.0,0.0,0.0","5.0,0.0,0.0","55.0,0.0,0.0"
1747092200.5557473,"-70.0,0.0,0.0","-26.0,0.0,0.0","9.0,0.0,0.0","51.0,0.0,0.0"
1747092200.6065211,"-66.0,0.0,0.0","-39.0,0.0,0.0","16.0,0.0,0.0","49.0,0.0,0.0"
1747092200.6586616,"-62.0,0.0,0.0","-43.0,0.0,0.0","14.0,0.0,0.0","48.0,0.0,0.0"
1747092200.709054,"-58.0,0.0,0.0","-46.0,0.0,0.0","13.0,0.0,0.0","42.0,0.0,0.0"
1747092200.7597523,"-46.0,0.0,0.0","-58.0,0.0,0.0","11.0,0.0,0.0","23.0,0.0,0.0"
1747092200.8119495,"-41.0,0.0,0.0","-61.0,0.0,0.0","9.0,0.0,0.0","18.0,0.0,0.0"
1747092200.8628812,"-36.0,0.0,0.0","-63.0,0.0,0.0","10.0,0.0,0.0","14.0,0.0,0.0"
1747092200.9128819,"-27.0,0.0,0.0","-68.0,0.0,0.0","15.0,0.0,0.0","13.0,0.0,0.0"
1747092200.9628973,"-21.0,0.0,0.0","-69.0,0.0,0.0","15.0,0.0,0.0","8.0,0.0,0.0"
1747092201.013537,"-16.0,0.0,0.0","-71.0,0.0,0.0","24.0,0.0,0.0","1.0,0.0,0.0"
1747092201.0638595,"-8.0,0.0,0.0","-73.0,0.0,0.0","23.0,0.0,0.0","0.0,0.0,0.0"
1747092201.113947,"-4.0,0.0,0.0","-74.0,0.0,0.0","21.0,0.0,0.0","-1.0,0.0,0.0"
1747092201.1646552,"0.0,0.0,0.0","-74.0,0.0,0.0","18.0,0.0,0.0","-1.0,0.0,0.0"
1747092201.215617,"3.0,0.0,0.0","-74.0,0.0,0.0","17.0,0.0,0.0","-3.0,0.0,0.0"
1747092201.2656822,"4.0,0.0,0.0","-75.0,0.0,0.0","19.0,0.0,0.0","-3.0,0.0,0.0"
1747092201.315902,"3.0,0.0,0.0","-75.0,0.0,0.0","23.0,0.0,0.0","-4.0,0.0,0.0"
1747092201.366965,"1.0,0.0,0.0","-75.0,0.0,0.0","24.0,0.0,0.0","-3.0,0.0,0.0"
1747092201.4180255,"-3.0,0.0,0.0","-74.0,0.0,0.0","28.0,0.0,0.0","-3.0,0.0,0.0"
1747092201.4689293,"-17.0,0.0,0.0","-73.0,0.0,0.0","41.0,0.0,0.0","-1.0,0.0,0.0"
1747092201.5195596,"-23.0,0.0,0.0","-71.0,0.0,0.0","39.0,0.0,0.0","0.0,0.0,0.0"
1747092201.5703897,"-28.0,0.0,0.0","-69.0,0.0,0.0","37.0,0.0,0.0","1.0,0.0,0.0"
1747092201.6204777,"-39.0,0.0,0.0","-65.0,0.0,0.0","30.0,0.0,0.0","9.0,0.0,0.0"
1747092201.670698,"-47.0,0.0,0.0","-60.0,0.0,0.0","21.0,0.0,0.0","13.0,0.0,0.0"
1747092201.721226,"-52.0,0.0,0.0","-56.0,0.0,0.0","22.0,0.0,0.0","18.0,0.0,0.0"
1747092201.7720053,"-60.0,0.0,0.0","-49.0,0.0,0.0","20.0,0.0,0.0","26.0,0.0,0.0"
1747092201.8226383,"-62.0,0.0,0.0","-44.0,0.0,0.0","18.0,0.0,0.0","25.0,0.0,0.0"
1747092201.8736987,"-65.0,0.0,0.0","-41.0,0.0,0.0","16.0,0.0,0.0","28.0,0.0,0.0"
1747092201.9240355,"-68.0,0.0,0.0","-27.0,0.0,0.0","11.0,0.0,0.0","29.0,0.0,0.0"
1747092201.9745507,"-69.0,0.0,0.0","-24.0,0.0,0.0","10.0,0.0,0.0","33.0,0.0,0.0"
1747092202.024843,"-71.0,0.0,0.0","-24.0,0.0,0.0","10.0,0.0,0.0","32.0,0.0,0.0"
1747092202.0749178,"-73.0,0.0,0.0","-25.0,0.0,0.0","9.0,0.0,0.0","35.0,0.0,0.0"
1747092202.125614,"-74.0,0.0,0.0","-26.0,0.0,0.0","8.0,0.0,0.0","38.0,0.0,0.0"
1747092202.175995,"-75.0,0.0,0.0","-28.0,0.0,0.0","7.0,0.0,0.0","38.0,0.0,0.0"
1747092202.226455,"-76.0,0.0,0.0","-34.0,0.0,0.0","4.0,0.0,0.0","45.0,0.0,0.0"
1747092202.2774947,"-79.0,0.0,0.0","-46.0,0.0,0.0","5.0,0.0,0.0","43.0,0.0,0.0"
1747092202.3279178,"-80.0,0.0,0.0","-53.0,0.0,0.0","5.0,0.0,0.0","38.0,0.0,0.0"
1747092202.3786519,"-82.0,0.0,0.0","-61.0,0.0,0.0","4.0,0.0,0.0","21.0,0.0,0.0"
1747092202.4289324,"-83.0,0.0,0.0","-64.0,0.0,0.0","3.0,0.0,0.0","16.0,0.0,0.0"
1747092202.479745,"-84.0,0.0,0.0","-68.0,0.0,0.0","2.0,0.0,0.0","15.0,0.0,0.0"
1747092202.5307124,"-86.0,0.0,0.0","-74.0,0.0,0.0","1.0,0.0,0.0","2.0,0.0,0.0"
1747092202.5807452,"-86.0,0.0,0.0","-76.0,0.0,0.0","1.0,0.0,0.0","0.0,0.0,0.0"
1747092202.6313787,"-87.0,0.0,0.0","-77.0,0.0,0.0","1.0,0.0,0.0","-1.0,0.0,0.0"
1747092202.6825933,"-87.0,0.0,0.0","-78.0,0.0,0.0","0.0,0.0,0.0","-6.0,0.0,0.0"
1747092202.73306,"-87.0,0.0,0.0","-79.0,0.0,0.0","0.0,0.0,0.0","-5.0,0.0,0.0"
1747092202.7849526,"-87.0,0.0,0.0","-81.0,0.0,0.0","0.0,0.0,0.0","-6.0,0.0,0.0"
1747092202.8353288,"-87.0,0.0,0.0","-81.0,0.0,0.0","-1.0,0.0,0.0","-7.0,0.0,0.0"
1747092202.8859022,"-87.0,0.0,0.0","-81.0,0.0,0.0","-1.0,0.0,0.0","-7.0,0.0,0.0"
1747092202.9362197,"-87.0,0.0,0.0","-82.0,0.0,0.0","-2.0,0.0,0.0","-6.0,0.0,0.0"
1747092202.9869096,"-87.0,0.0,0.0","-83.0,0.0,0.0","-2.0,0.0,0.0","-4.0,0.0,0.0"
1747092203.037505,"-87.0,0.0,0.0","-82.0,0.0,0.0","-1.0,0.0,0.0","-4.0,0.0,0.0"
1747092203.0875938,"-87.0,0.0,0.0","-82.0,0.0,0.0","-1.0,0.0,0.0","-4.0,0.0,0.0"
1747092203.13872,"-87.0,0.0,0.0","-81.0,0.0,0.0","-1.0,0.0,0.0","-6.0,0.0,0.0"
1747092203.1889057,"-87.0,0.0,0.0","-81.0,0.0,0.0","-1.0,0.0,0.0","-6.0,0.0,0.0"
1747092203.2415094,"-87.0,0.0,0.0","-80.0,0.0,0.0","-1.0,0.0,0.0","-8.0,0.0,0.0"
1747092203.2924855,"-87.0,0.0,0.0","-80.0,0.0,0.0","-1.0,0.0,0.0","-8.0,0.0,0.0"
1747092203.3424942,"-87.0,0.0,0.0","-80.0,0.0,0.0","0.0,0.0,0.0","-8.0,0.0,0.0"
1747092203.3932998,"-87.0,0.0,0.0","-80.0,0.0,0.0","0.0,0.0,0.0","-7.0,0.0,0.0"
1747092203.4438758,"-87.0,0.0,0.0","-80.0,0.0,0.0","0.0,0.0,0.0","-7.0,0.0,0.0"
1747092203.4943957,"-87.0,0.0,0.0","-81.0,0.0,0.0","0.0,0.0,0.0","-7.0,0.0,0.0"
1747092203.5453482,"-87.0,0.0,0.0","-81.0,0.0,0.0","0.0,0.0,0.0","-8.0,0.0,0.0"
1747092203.5956905,"-87.0,0.0,0.0","-81.0,0.0,0.0","-1.0,0.0,0.0","-8.0,0.0,0.0"
1747092203.6459231,"-87.0,0.0,0.0","-81.0,0.0,0.0","-1.0,0.0,0.0","-8.0,0.0,0.0"
1747092203.696841,"-87.0,0.0,0.0","-81.0,0.0,0.0","-1.0,0.0,0.0","-10.0,0.0,0.0"
1747092203.747636,"-87.0,0.0,0.0","-81.0,0.0,0.0","-1.0,0.0,0.0","-10.0,0.0,0.0"
1747092203.7982948,"-87.0,0.0,0.0","-80.0,0.0,0.0","-1.0,0.0,0.0","-10.0,0.0,0.0"
1747092203.8490896,"-87.0,0.0,0.0","-80.0,0.0,0.0","-1.0,0.0,0.0","-10.0,0.0,0.0"
1747092203.8997445,"-87.0,0.0,0.0","-80.0,0.0,0.0","-1.0,0.0,0.0","-10.0,0.0,0.0"
1747092203.950332,"-87.0,0.0,0.0","-80.0,0.0,0.0","-1.0,0.0,0.0","-9.0,0.0,0.0"
1747092204.0008526,"-87.0,0.0,0.0","-80.0,0.0,0.0","0.0,0.0,0.0","-7.0,0.0,0.0"
1747092204.0515604,"-87.0,0.0,0.0","-80.0,0.0,0.0","0.0,0.0,0.0","-7.0,0.0,0.0"
1747092204.1016388,"-87.0,0.0,0.0","-79.0,0.0,0.0","0.0,0.0,0.0","-7.0,0.0,0.0"
1747092204.1527348,"-87.0,0.0,0.0","-79.0,0.0,0.0","0.0,0.0,0.0","-7.0,0.0,0.0"
1747092204.2030673,"-85.0,0.0,0.0","-77.0,0.0,0.0","2.0,0.0,0.0","-4.0,0.0,0.0"
1747092204.2539275,"-83.0,0.0,0.0","-76.0,0.0,0.0","3.0,0.0,0.0","-2.0,0.0,0.0"
1747092204.3065886,"-78.0,0.0,0.0","-73.0,0.0,0.0","4.0,0.0,0.0","5.0,0.0,0.0"
1747092204.3566718,"-75.0,0.0,0.0","-70.0,0.0,0.0","4.0,0.0,0.0","9.0,0.0,0.0"
1747092204.406801,"-72.0,0.0,0.0","-67.0,0.0,0.0","5.0,0.0,0.0","15.0,0.0,0.0"
1747092204.4578712,"-70.0,0.0,0.0","-63.0,0.0,0.0","7.0,0.0,0.0","15.0,0.0,0.0"
1747092204.508465,"-59.0,0.0,0.0","-48.0,0.0,0.0","12.0,0.0,0.0","28.0,0.0,0.0"
1747092204.558572,"-51.0,0.0,0.0","-39.0,0.0,0.0","10.0,0.0,0.0","25.0,0.0,0.0"
1747092204.6094978,"-44.0,0.0,0.0","-26.0,0.0,0.0","7.0,0.0,0.0","18.0,0.0,0.0"
1747092204.6617785,"-28.0,0.0,0.0","-9.0,0.0,0.0","5.0,0.0,0.0","21.0,0.0,0.0"
1747092204.7125027,"-18.0,0.0,0.0","12.0,0.0,0.0","12.0,0.0,0.0","12.0,0.0,0.0"
1747092204.7722876,"-1.0,0.0,0.0","27.0,0.0,0.0","10.0,0.0,0.0","11.0,0.0,0.0"
1747092204.8231049,"7.0,0.0,0.0","37.0,0.0,0.0","5.0,0.0,0.0","6.0,0.0,0.0"
1747092204.8736951,"12.0,0.0,0.0","40.0,0.0,0.0","10.0,0.0,0.0","7.0,0.0,0.0"
1747092204.9238756,"21.0,0.0,0.0","47.0,0.0,0.0","22.0,0.0,0.0","10.0,0.0,0.0"
1747092204.9739766,"28.0,0.0,0.0","51.0,0.0,0.0","19.0,0.0,0.0","11.0,0.0,0.0"
1747092205.0244808,"36.0,0.0,0.0","58.0,0.0,0.0","19.0,0.0,0.0","8.0,0.0,0.0"
1747092205.0750623,"46.0,0.0,0.0","67.0,0.0,0.0","16.0,0.0,0.0","4.0,0.0,0.0"
1747092205.126018,"51.0,0.0,0.0","69.0,0.0,0.0","14.0,0.0,0.0","6.0,0.0,0.0"
1747092205.1762588,"58.0,0.0,0.0","76.0,0.0,0.0","13.0,0.0,0.0","0.0,0.0,0.0"
1747092205.227222,"61.0,0.0,0.0","79.0,0.0,0.0","11.0,0.0,0.0","0.0,0.0,0.0"
1747092205.2775545,"64.0,0.0,0.0","81.0,0.0,0.0","10.0,0.0,0.0","-2.0,0.0,0.0"
1747092205.3277516,"68.0,0.0,0.0","84.0,0.0,0.0","10.0,0.0,0.0","-1.0,0.0,0.0"
1747092205.3785248,"71.0,0.0,0.0","84.0,0.0,0.0","11.0,0.0,0.0","3.0,0.0,0.0"
1747092205.428685,"72.0,0.0,0.0","84.0,0.0,0.0","10.0,0.0,0.0","4.0,0.0,0.0"
1747092205.4789877,"73.0,0.0,0.0","86.0,0.0,0.0","11.0,0.0,0.0","3.0,0.0,0.0"
1747092205.5297627,"74.0,0.0,0.0","87.0,0.0,0.0","11.0,0.0,0.0","3.0,0.0,0.0"
1747092205.5805297,"76.0,0.0,0.0","87.0,0.0,0.0","9.0,0.0,0.0","3.0,0.0,0.0"
1747092205.630695,"77.0,0.0,0.0","88.0,0.0,0.0","9.0,0.0,0.0","4.0,0.0,0.0"
1747092205.6816452,"78.0,0.0,0.0","88.0,0.0,0.0","9.0,0.0,0.0","5.0,0.0,0.0"
1747092205.7318845,"78.0,0.0,0.0","88.0,0.0,0.0","10.0,0.0,0.0","5.0,0.0,0.0"
1747092205.782652,"78.0,0.0,0.0","88.0,0.0,0.0","10.0,0.0,0.0","5.0,0.0,0.0"
1747092205.832753,"79.0,0.0,0.0","88.0,0.0,0.0","10.0,0.0,0.0","5.0,0.0,0.0"
1747092205.8828294,"79.0,0.0,0.0","88.0,0.0,0.0","10.0,0.0,0.0","5.0,0.0,0.0"
1747092205.9329116,"79.0,0.0,0.0","88.0,0.0,0.0","9.0,0.0,0.0","5.0,0.0,0.0"
1747092205.9834623,"79.0,0.0,0.0","89.0,0.0,0.0","10.0,0.0,0.0","5.0,0.0,0.0"
1747092206.0336466,"79.0,0.0,0.0","89.0,0.0,0.0","10.0,0.0,0.0","5.0,0.0,0.0"
1747092206.0837355,"78.0,0.0,0.0","89.0,0.0,0.0","10.0,0.0,0.0","5.0,0.0,0.0"
1747092206.1344647,"78.0,0.0,0.0","89.0,0.0,0.0","10.0,0.0,0.0","5.0,0.0,0.0"
1747092206.1845026,"78.0,0.0,0.0","89.0,0.0,0.0","10.0,0.0,0.0","5.0,0.0,0.0"
1747092206.2357264,"78.0,0.0,0.0","89.0,0.0,0.0","10.0,0.0,0.0","5.0,0.0,0.0"
1747092206.286604,"78.0,0.0,0.0","89.0,0.0,0.0","10.0,0.0,0.0","5.0,0.0,0.0"
1747092206.3373504,"77.0,0.0,0.0","89.0,0.0,0.0","10.0,0.0,0.0","4.0,0.0,0.0"
1747092206.389569,"77.0,0.0,0.0","-79.0,0.0,0.0","11.0,0.0,0.0","-2.0,0.0,0.0"
1747092206.4396572,"76.0,0.0,0.0","83.0,0.0,0.0","9.0,0.0,0.0","6.0,0.0,0.0"
1747092206.4898639,"74.0,0.0,0.0","84.0,0.0,0.0","7.0,0.0,0.0","3.0,0.0,0.0"
1747092206.5405238,"71.0,0.0,0.0","82.0,0.0,0.0","6.0,0.0,0.0","0.0,0.0,0.0"
1747092206.590652,"69.0,0.0,0.0","80.0,0.0,0.0","8.0,0.0,0.0","-1.0,0.0,0.0"
1747092206.6427467,"66.0,0.0,0.0","78.0,0.0,0.0","10.0,0.0,0.0","0.0,0.0,0.0"
1747092206.6935446,"63.0,0.0,0.0","75.0,0.0,0.0","12.0,0.0,0.0","2.0,0.0,0.0"
1747092206.7439783,"49.0,0.0,0.0","60.0,0.0,0.0","19.0,0.0,0.0","11.0,0.0,0.0"
1747092206.7944956,"42.0,0.0,0.0","51.0,0.0,0.0","21.0,0.0,0.0","19.0,0.0,0.0"
1747092206.8454766,"37.0,0.0,0.0","47.0,0.0,0.0","24.0,0.0,0.0","20.0,0.0,0.0"
1747092206.895641,"31.0,0.0,0.0","44.0,0.0,0.0","23.0,0.0,0.0","17.0,0.0,0.0"
1747092206.945993,"8.0,0.0,0.0","23.0,0.0,0.0","30.0,0.0,0.0","24.0,0.0,0.0"
1747092206.99657,"-2.0,0.0,0.0","16.0,0.0,0.0","30.0,0.0,0.0","23.0,0.0,0.0"
1747092207.0466537,"-13.0,0.0,0.0","5.0,0.0,0.0","32.0,0.0,0.0","25.0,0.0,0.0"
1747092207.0976539,"-29.0,0.0,0.0","-13.0,0.0,0.0","27.0,0.0,0.0","18.0,0.0,0.0"
1747092207.1477253,"-47.0,0.0,0.0","-33.0,0.0,0.0","23.0,0.0,0.0","20.0,0.0,0.0"
1747092207.1985908,"-53.0,0.0,0.0","-42.0,0.0,0.0","23.0,0.0,0.0","25.0,0.0,0.0"
1747092207.2486203,"-61.0,0.0,0.0","-56.0,0.0,0.0","14.0,0.0,0.0","16.0,0.0,0.0"
1747092207.2987342,"-66.0,0.0,0.0","-60.0,0.0,0.0","12.0,0.0,0.0","12.0,0.0,0.0"
1747092207.3488643,"-69.0,0.0,0.0","-65.0,0.0,0.0","9.0,0.0,0.0","13.0,0.0,0.0"
1747092207.398872,"-76.0,0.0,0.0","-72.0,0.0,0.0","3.0,0.0,0.0","3.0,0.0,0.0"
1747092207.4495232,"-80.0,0.0,0.0","-75.0,0.0,0.0","4.0,0.0,0.0","2.0,0.0,0.0"
1747092207.5011284,"-82.0,0.0,0.0","-78.0,0.0,0.0","3.0,0.0,0.0","2.0,0.0,0.0"
1747092207.551824,"-84.0,0.0,0.0","-80.0,0.0,0.0","0.0,0.0,0.0","-2.0,0.0,0.0"
1747092207.602637,"-86.0,0.0,0.0","-80.0,0.0,0.0","0.0,0.0,0.0","-3.0,0.0,0.0"
1747092207.6526961,"-87.0,0.0,0.0","-81.0,0.0,0.0","0.0,0.0,0.0","-3.0,0.0,0.0"
1747092207.7028177,"-87.0,0.0,0.0","-82.0,0.0,0.0","-1.0,0.0,0.0","-5.0,0.0,0.0"
1747092207.753604,"-87.0,0.0,0.0","-82.0,0.0,0.0","-2.0,0.0,0.0","-7.0,0.0,0.0"
1747092207.8036723,"-87.0,0.0,0.0","-82.0,0.0,0.0","-3.0,0.0,0.0","-8.0,0.0,0.0"
1747092207.8537617,"-87.0,0.0,0.0","-83.0,0.0,0.0","-4.0,0.0,0.0","-6.0,0.0,0.0"
1747092207.9038694,"-87.0,0.0,0.0","-83.0,0.0,0.0","-4.0,0.0,0.0","-5.0,0.0,0.0"
1747092207.9544432,"-87.0,0.0,0.0","-83.0,0.0,0.0","-4.0,0.0,0.0","-4.0,0.0,0.0"
1747092208.0044534,"-87.0,0.0,0.0","-83.0,0.0,0.0","-4.0,0.0,0.0","-4.0,0.0,0.0"
1747092208.055396,"-87.0,0.0,0.0","-83.0,0.0,0.0","-3.0,0.0,0.0","-4.0,0.0,0.0"
1747092208.1060257,"-87.0,0.0,0.0","-83.0,0.0,0.0","-3.0,0.0,0.0","-4.0,0.0,0.0"
1747092208.1565776,"-87.0,0.0,0.0","-83.0,0.0,0.0","-3.0,0.0,0.0","-4.0,0.0,0.0"
1747092208.2071877,"-87.0,0.0,0.0","-83.0,0.0,0.0","-2.0,0.0,0.0","-4.0,0.0,0.0"
1747092208.2574248,"-87.0,0.0,0.0","-83.0,0.0,0.0","-2.0,0.0,0.0","-4.0,0.0,0.0"
1747092208.308456,"-86.0,0.0,0.0","-81.0,0.0,0.0","0.0,0.0,0.0","-5.0,0.0,0.0"
1747092208.3594012,"-86.0,0.0,0.0","-80.0,0.0,0.0","1.0,0.0,0.0","-5.0,0.0,0.0"
1747092208.4097126,"-84.0,0.0,0.0","-79.0,0.0,0.0","3.0,0.0,0.0","-1.0,0.0,0.0"
1747092208.4618206,"-82.0,0.0,0.0","-78.0,0.0,0.0","5.0,0.0,0.0","0.0,0.0,0.0"
1747092208.5126674,"-79.0,0.0,0.0","-76.0,0.0,0.0","6.0,0.0,0.0","4.0,0.0,0.0"
1747092208.5635276,"-72.0,0.0,0.0","-70.0,0.0,0.0","6.0,0.0,0.0","12.0,0.0,0.0"
1747092208.6138778,"-69.0,0.0,0.0","-67.0,0.0,0.0","8.0,0.0,0.0","15.0,0.0,0.0"
1747092208.6645443,"-66.0,0.0,0.0","-62.0,0.0,0.0","12.0,0.0,0.0","17.0,0.0,0.0"
1747092208.7154076,"-47.0,0.0,0.0","-41.0,0.0,0.0","10.0,0.0,0.0","27.0,0.0,0.0"
1747092208.7676322,"-40.0,0.0,0.0","-28.0,0.0,0.0","7.0,0.0,0.0","21.0,0.0,0.0"
1747092208.8187346,"-31.0,0.0,0.0","-19.0,0.0,0.0","4.0,0.0,0.0","23.0,0.0,0.0"
1747092208.869781,"-17.0,0.0,0.0","0.0,0.0,0.0","13.0,0.0,0.0","23.0,0.0,0.0"
1747092208.9245965,"-11.0,0.0,0.0","12.0,0.0,0.0","16.0,0.0,0.0","16.0,0.0,0.0"
1747092208.9765642,"-5.0,0.0,0.0","21.0,0.0,0.0","16.0,0.0,0.0","16.0,0.0,0.0"
1747092209.026664,"16.0,0.0,0.0","42.0,0.0,0.0","18.0,0.0,0.0","8.0,0.0,0.0"
1747092209.0776873,"21.0,0.0,0.0","46.0,0.0,0.0","21.0,0.0,0.0","5.0,0.0,0.0"
1747092209.128292,"30.0,0.0,0.0","49.0,0.0,0.0","19.0,0.0,0.0","14.0,0.0,0.0"
1747092209.1785908,"33.0,0.0,0.0","52.0,0.0,0.0","19.0,0.0,0.0","14.0,0.0,0.0"
1747092209.2294884,"37.0,0.0,0.0","57.0,0.0,0.0","21.0,0.0,0.0","11.0,0.0,0.0"
1747092209.2802465,"46.0,0.0,0.0","66.0,0.0,0.0","19.0,0.0,0.0","6.0,0.0,0.0"
1747092209.3308947,"53.0,0.0,0.0","71.0,0.0,0.0","18.0,0.0,0.0","5.0,0.0,0.0"
1747092209.3817503,"57.0,0.0,0.0","76.0,0.0,0.0","16.0,0.0,0.0","0.0,0.0,0.0"
1747092209.4323866,"61.0,0.0,0.0","78.0,0.0,0.0","15.0,0.0,0.0","0.0,0.0,0.0"
1747092209.4833875,"67.0,0.0,0.0","85.0,0.0,0.0","14.0,0.0,0.0","-1.0,0.0,0.0"
1747092209.5338304,"68.0,0.0,0.0","84.0,0.0,0.0","14.0,0.0,0.0","2.0,0.0,0.0"
1747092209.5839634,"69.0,0.0,0.0","84.0,0.0,0.0","14.0,0.0,0.0","3.0,0.0,0.0"
1747092209.6347497,"72.0,0.0,0.0","87.0,0.0,0.0","13.0,0.0,0.0","1.0,0.0,0.0"
1747092209.6856437,"72.0,0.0,0.0","87.0,0.0,0.0","13.0,0.0,0.0","3.0,0.0,0.0"
1747092209.7372088,"73.0,0.0,0.0","87.0,0.0,0.0","13.0,0.0,0.0","4.0,0.0,0.0"
1747092209.7878573,"74.0,0.0,0.0","87.0,0.0,0.0","14.0,0.0,0.0","6.0,0.0,0.0"
1747092209.8453782,"75.0,0.0,0.0","86.0,0.0,0.0","14.0,0.0,0.0","8.0,0.0,0.0"
1747092209.8958561,"75.0,0.0,0.0","86.0,0.0,0.0","14.0,0.0,0.0","8.0,0.0,0.0"
1747092209.9653115,"75.0,0.0,0.0","87.0,0.0,0.0","14.0,0.0,0.0","6.0,0.0,0.0"
1747092210.0177867,"75.0,0.0,0.0","87.0,0.0,0.0","13.0,0.0,0.0","6.0,0.0,0.0"
1747092210.0683904,"75.0,0.0,0.0","87.0,0.0,0.0","13.0,0.0,0.0","6.0,0.0,0.0"
1747092210.1198602,"75.0,0.0,0.0","87.0,0.0,0.0","13.0,0.0,0.0","4.0,0.0,0.0"
1747092210.1706173,"74.0,0.0,0.0","87.0,0.0,0.0","13.0,0.0,0.0","4.0,0.0,0.0"
1747092210.220906,"73.0,0.0,0.0","84.0,0.0,0.0","12.0,0.0,0.0","2.0,0.0,0.0"
1747092210.2713587,"73.0,0.0,0.0","83.0,0.0,0.0","11.0,0.0,0.0","3.0,0.0,0.0"
1747092210.3214786,"71.0,0.0,0.0","82.0,0.0,0.0","11.0,0.0,0.0","3.0,0.0,0.0"
1747092210.372417,"66.0,0.0,0.0","77.0,0.0,0.0","13.0,0.0,0.0","2.0,0.0,0.0"
1747092210.4226127,"62.0,0.0,0.0","75.0,0.0,0.0","15.0,0.0,0.0","3.0,0.0,0.0"
1747092210.4726913,"58.0,0.0,0.0","70.0,0.0,0.0","17.0,0.0,0.0","6.0,0.0,0.0"
1747092210.523537,"53.0,0.0,0.0","65.0,0.0,0.0","21.0,0.0,0.0","10.0,0.0,0.0"
1747092210.5736508,"50.0,0.0,0.0","61.0,0.0,0.0","22.0,0.0,0.0","12.0,0.0,0.0"
1747092210.6237526,"34.0,0.0,0.0","48.0,0.0,0.0","29.0,0.0,0.0","18.0,0.0,0.0"
1747092210.674635,"27.0,0.0,0.0","43.0,0.0,0.0","30.0,0.0,0.0","17.0,0.0,0.0"
1747092210.7247534,"21.0,0.0,0.0","38.0,0.0,0.0","32.0,0.0,0.0","17.0,0.0,0.0"
1747092210.775978,"1.0,0.0,0.0","23.0,0.0,0.0","35.0,0.0,0.0","23.0,0.0,0.0"
1747092210.826852,"-6.0,0.0,0.0","18.0,0.0,0.0","37.0,0.0,0.0","22.0,0.0,0.0"
1747092210.8778677,"-23.0,0.0,0.0","-4.0,0.0,0.0","31.0,0.0,0.0","23.0,0.0,0.0"
1747092210.9284654,"-40.0,0.0,0.0","-23.0,0.0,0.0","22.0,0.0,0.0","23.0,0.0,0.0"
1747092210.9787698,"-47.0,0.0,0.0","-32.0,0.0,0.0","20.0,0.0,0.0","20.0,0.0,0.0"
1747092211.0295374,"-53.0,0.0,0.0","-40.0,0.0,0.0","22.0,0.0,0.0","20.0,0.0,0.0"
1747092211.0796263,"-65.0,0.0,0.0","-54.0,0.0,0.0","16.0,0.0,0.0","17.0,0.0,0.0"
1747092211.1297364,"-71.0,0.0,0.0","-64.0,0.0,0.0","9.0,0.0,0.0","12.0,0.0,0.0"
1747092211.1816063,"-74.0,0.0,0.0","-68.0,0.0,0.0","7.0,0.0,0.0","10.0,0.0,0.0"
1747092211.231742,"-79.0,0.0,0.0","-72.0,0.0,0.0","5.0,0.0,0.0","1.0,0.0,0.0"
1747092211.2845154,"-81.0,0.0,0.0","-75.0,0.0,0.0","4.0,0.0,0.0","1.0,0.0,0.0"
1747092211.334667,"-83.0,0.0,0.0","-77.0,0.0,0.0","2.0,0.0,0.0","0.0,0.0,0.0"
1747092211.38508,"-86.0,0.0,0.0","-79.0,0.0,0.0","1.0,0.0,0.0","-5.0,0.0,0.0"
1747092211.4352586,"-87.0,0.0,0.0","-81.0,0.0,0.0","1.0,0.0,0.0","-4.0,0.0,0.0"
1747092211.4859166,"-87.0,0.0,0.0","-82.0,0.0,0.0","0.0,0.0,0.0","-3.0,0.0,0.0"
1747092211.5361297,"-87.0,0.0,0.0","-82.0,0.0,0.0","-1.0,0.0,0.0","-5.0,0.0,0.0"
1747092211.586684,"-87.0,0.0,0.0","-82.0,0.0,0.0","-5.0,0.0,0.0","-7.0,0.0,0.0"
1747092211.6369739,"-87.0,0.0,0.0","-82.0,0.0,0.0","-5.0,0.0,0.0","-8.0,0.0,0.0"
1747092211.687391,"-87.0,0.0,0.0","-82.0,0.0,0.0","-4.0,0.0,0.0","-8.0,0.0,0.0"
1747092211.7387886,"-87.0,0.0,0.0","-82.0,0.0,0.0","-3.0,0.0,0.0","-7.0,0.0,0.0"
1747092211.7893813,"-87.0,0.0,0.0","-82.0,0.0,0.0","-3.0,0.0,0.0","-6.0,0.0,0.0"
1747092211.839862,"-87.0,0.0,0.0","-82.0,0.0,0.0","-2.0,0.0,0.0","-6.0,0.0,0.0"
1747092211.8905156,"-87.0,0.0,0.0","-82.0,0.0,0.0","-2.0,0.0,0.0","-6.0,0.0,0.0"
1747092211.9406052,"-87.0,0.0,0.0","-82.0,0.0,0.0","-2.0,0.0,0.0","-5.0,0.0,0.0"
1747092211.9914346,"-87.0,0.0,0.0","-82.0,0.0,0.0","-2.0,0.0,0.0","-5.0,0.0,0.0"
1747092212.0416172,"-87.0,0.0,0.0","-82.0,0.0,0.0","-1.0,0.0,0.0","-5.0,0.0,0.0"
1747092212.0917425,"-87.0,0.0,0.0","-82.0,0.0,0.0","-1.0,0.0,0.0","-5.0,0.0,0.0"
1747092212.1424067,"-86.0,0.0,0.0","-83.0,0.0,0.0","-1.0,0.0,0.0","-5.0,0.0,0.0"
1747092212.1935675,"-86.0,0.0,0.0","-83.0,0.0,0.0","0.0,0.0,0.0","-5.0,0.0,0.0"
1747092212.2436645,"-86.0,0.0,0.0","-83.0,0.0,0.0","0.0,0.0,0.0","-5.0,0.0,0.0"
1747092212.2944403,"-86.0,0.0,0.0","-83.0,0.0,0.0","0.0,0.0,0.0","-5.0,0.0,0.0"
1747092212.3445885,"-86.0,0.0,0.0","-82.0,0.0,0.0","0.0,0.0,0.0","-5.0,0.0,0.0"
1747092212.3947423,"-85.0,0.0,0.0","-82.0,0.0,0.0","1.0,0.0,0.0","-6.0,0.0,0.0"
1747092212.4447947,"-84.0,0.0,0.0","-82.0,0.0,0.0","1.0,0.0,0.0","-6.0,0.0,0.0"
1747092212.495602,"-83.0,0.0,0.0","-82.0,0.0,0.0","2.0,0.0,0.0","-6.0,0.0,0.0"
1747092212.5457625,"-78.0,0.0,0.0","-83.0,0.0,0.0","5.0,0.0,0.0","-5.0,0.0,0.0"
1747092212.5965548,"-72.0,0.0,0.0","-83.0,0.0,0.0","8.0,0.0,0.0","-6.0,0.0,0.0"
1747092212.647254,"-68.0,0.0,0.0","-82.0,0.0,0.0","10.0,0.0,0.0","-7.0,0.0,0.0"
1747092212.6975317,"-58.0,0.0,0.0","-81.0,0.0,0.0","12.0,0.0,0.0","-10.0,0.0,0.0"
1747092212.748758,"-49.0,0.0,0.0","-80.0,0.0,0.0","10.0,0.0,0.0","-11.0,0.0,0.0"
1747092212.7997172,"-42.0,0.0,0.0","-80.0,0.0,0.0","6.0,0.0,0.0","-11.0,0.0,0.0"
1747092212.850358,"-29.0,0.0,0.0","-79.0,0.0,0.0","7.0,0.0,0.0","-11.0,0.0,0.0"
1747092212.901213,"-24.0,0.0,0.0","-80.0,0.0,0.0","10.0,0.0,0.0","-11.0,0.0,0.0"
1747092212.9549663,"-15.0,0.0,0.0","-80.0,0.0,0.0","11.0,0.0,0.0","-10.0,0.0,0.0"
1747092213.005183,"-9.0,0.0,0.0","-80.0,0.0,0.0","13.0,0.0,0.0","-9.0,0.0,0.0"
1747092213.0558138,"-5.0,0.0,0.0","-80.0,0.0,0.0","10.0,0.0,0.0","-9.0,0.0,0.0"
1747092213.1061144,"-2.0,0.0,0.0","-80.0,0.0,0.0","8.0,0.0,0.0","-9.0,0.0,0.0"
1747092213.1562822,"0.0,0.0,0.0","-80.0,0.0,0.0","8.0,0.0,0.0","-9.0,0.0,0.0"
1747092213.2068944,"0.0,0.0,0.0","-81.0,0.0,0.0","7.0,0.0,0.0","-8.0,0.0,0.0"
1747092213.2574482,"2.0,0.0,0.0","-81.0,0.0,0.0","4.0,0.0,0.0","-8.0,0.0,0.0"
1747092213.3087378,"3.0,0.0,0.0","-81.0,0.0,0.0","4.0,0.0,0.0","-7.0,0.0,0.0"
1747092213.359789,"3.0,0.0,0.0","-81.0,0.0,0.0","4.0,0.0,0.0","-7.0,0.0,0.0"
1747092213.409996,"4.0,0.0,0.0","-81.0,0.0,0.0","3.0,0.0,0.0","-7.0,0.0,0.0"
1747092213.4605622,"4.0,0.0,0.0","-81.0,0.0,0.0","3.0,0.0,0.0","-7.0,0.0,0.0"
1747092213.5110283,"4.0,0.0,0.0","-82.0,0.0,0.0","3.0,0.0,0.0","-7.0,0.0,0.0"
1747092213.561951,"4.0,0.0,0.0","-82.0,0.0,0.0","3.0,0.0,0.0","-7.0,0.0,0.0"
1747092213.612516,"3.0,0.0,0.0","-82.0,0.0,0.0","2.0,0.0,0.0","-7.0,0.0,0.0"
1747092213.6631956,"-2.0,0.0,0.0","-82.0,0.0,0.0","9.0,0.0,0.0","-7.0,0.0,0.0"
1747092213.7133796,"-8.0,0.0,0.0","-82.0,0.0,0.0","10.0,0.0,0.0","-7.0,0.0,0.0"
1747092213.7634,"-13.0,0.0,0.0","-82.0,0.0,0.0","12.0,0.0,0.0","-7.0,0.0,0.0"
1747092213.8134832,"-26.0,0.0,0.0","-82.0,0.0,0.0","16.0,0.0,0.0","-7.0,0.0,0.0"
1747092213.8637414,"-31.0,0.0,0.0","-82.0,0.0,0.0","11.0,0.0,0.0","-7.0,0.0,0.0"
1747092213.9140308,"-36.0,0.0,0.0","-82.0,0.0,0.0","8.0,0.0,0.0","-7.0,0.0,0.0"
1747092213.9640965,"-53.0,0.0,0.0","-82.0,0.0,0.0","10.0,0.0,0.0","-7.0,0.0,0.0"
1747092214.0152595,"-59.0,0.0,0.0","-82.0,0.0,0.0","9.0,0.0,0.0","-7.0,0.0,0.0"
1747092214.066007,"-66.0,0.0,0.0","-82.0,0.0,0.0","6.0,0.0,0.0","-7.0,0.0,0.0"
1747092214.1165907,"-69.0,0.0,0.0","-82.0,0.0,0.0","4.0,0.0,0.0","-7.0,0.0,0.0"
1747092214.1673744,"-72.0,0.0,0.0","-82.0,0.0,0.0","3.0,0.0,0.0","-7.0,0.0,0.0"
1747092214.2186034,"-77.0,0.0,0.0","-82.0,0.0,0.0","2.0,0.0,0.0","-7.0,0.0,0.0"
1747092214.269637,"-80.0,0.0,0.0","-81.0,0.0,0.0","2.0,0.0,0.0","-7.0,0.0,0.0"
1747092214.319717,"-83.0,0.0,0.0","-81.0,0.0,0.0","0.0,0.0,0.0","-8.0,0.0,0.0"
1747092214.3704224,"-85.0,0.0,0.0","-81.0,0.0,0.0","0.0,0.0,0.0","-8.0,0.0,0.0"
1747092214.4204469,"-86.0,0.0,0.0","-81.0,0.0,0.0","0.0,0.0,0.0","-8.0,0.0,0.0"
1747092214.4710445,"-87.0,0.0,0.0","-81.0,0.0,0.0","-1.0,0.0,0.0","-8.0,0.0,0.0"
1747092214.5215392,"-86.0,0.0,0.0","-80.0,0.0,0.0","-2.0,0.0,0.0","-9.0,0.0,0.0"
1747092214.5716856,"-87.0,0.0,0.0","-80.0,0.0,0.0","-3.0,0.0,0.0","-9.0,0.0,0.0"
1747092214.6226425,"-88.0,0.0,0.0","-80.0,0.0,0.0","-2.0,0.0,0.0","-9.0,0.0,0.0"
1747092214.673387,"-87.0,0.0,0.0","-80.0,0.0,0.0","-2.0,0.0,0.0","-9.0,0.0,0.0"
1747092214.7240443,"-87.0,0.0,0.0","-80.0,0.0,0.0","-2.0,0.0,0.0","-9.0,0.0,0.0"
1747092214.774632,"-87.0,0.0,0.0","-80.0,0.0,0.0","-2.0,0.0,0.0","-9.0,0.0,0.0"
1747092214.8254478,"-87.0,0.0,0.0","-80.0,0.0,0.0","-2.0,0.0,0.0","-9.0,0.0,0.0"
1747092214.8758442,"-87.0,0.0,0.0","-80.0,0.0,0.0","-2.0,0.0,0.0","-9.0,0.0,0.0"
1747092214.9348686,"-87.0,0.0,0.0","-81.0,0.0,0.0","-2.0,0.0,0.0","-8.0,0.0,0.0"
1747092214.9848828,"-87.0,0.0,0.0","-81.0,0.0,0.0","-2.0,0.0,0.0","-8.0,0.0,0.0"
1747092215.0358477,"-87.0,0.0,0.0","-81.0,0.0,0.0","-2.0,0.0,0.0","-8.0,0.0,0.0"
1747092215.086425,"-87.0,0.0,0.0","-81.0,0.0,0.0","-2.0,0.0,0.0","-7.0,0.0,0.0"
1747092215.1372502,"-87.0,0.0,0.0","-81.0,0.0,0.0","-2.0,0.0,0.0","-7.0,0.0,0.0"
1747092215.1876185,"-87.0,0.0,0.0","-81.0,0.0,0.0","-2.0,0.0,0.0","-7.0,0.0,0.0"
1747092215.2384202,"-87.0,0.0,0.0","-80.0,0.0,0.0","-2.0,0.0,0.0","-6.0,0.0,0.0"
1747092215.2895355,"-87.0,0.0,0.0","-79.0,0.0,0.0","-2.0,0.0,0.0","-6.0,0.0,0.0"
1747092215.3396952,"-87.0,0.0,0.0","-78.0,0.0,0.0","-2.0,0.0,0.0","-5.0,0.0,0.0"
1747092215.3906739,"-88.0,0.0,0.0","-74.0,0.0,0.0","-1.0,0.0,0.0","0.0,0.0,0.0"
1747092215.4407952,"-88.0,0.0,0.0","-72.0,0.0,0.0","-1.0,0.0,0.0","4.0,0.0,0.0"
1747092215.491439,"-88.0,0.0,0.0","-68.0,0.0,0.0","-1.0,0.0,0.0","9.0,0.0,0.0"
1747092215.54161,"-88.0,0.0,0.0","-60.0,0.0,0.0","-1.0,0.0,0.0","12.0,0.0,0.0"
1747092215.5917356,"-88.0,0.0,0.0","-54.0,0.0,0.0","0.0,0.0,0.0","16.0,0.0,0.0"
1747092215.6436129,"-88.0,0.0,0.0","-48.0,0.0,0.0","0.0,0.0,0.0","21.0,0.0,0.0"
1747092215.6944318,"-88.0,0.0,0.0","-21.0,0.0,0.0","0.0,0.0,0.0","22.0,0.0,0.0"
1747092215.7445278,"-88.0,0.0,0.0","-14.0,0.0,0.0","0.0,0.0,0.0","21.0,0.0,0.0"
1747092215.7946043,"-88.0,0.0,0.0","-6.0,0.0,0.0","0.0,0.0,0.0","26.0,0.0,0.0"
1747092215.8448055,"-88.0,0.0,0.0","10.0,0.0,0.0","0.0,0.0,0.0","16.0,0.0,0.0"
1747092215.8952851,"-87.0,0.0,0.0","15.0,0.0,0.0","-1.0,0.0,0.0","16.0,0.0,0.0"
1747092215.9454246,"-87.0,0.0,0.0","19.0,0.0,0.0","-1.0,0.0,0.0","20.0,0.0,0.0"
1747092215.99546,"-87.0,0.0,0.0","28.0,0.0,0.0","-1.0,0.0,0.0","15.0,0.0,0.0"
1747092216.0456085,"-87.0,0.0,0.0","29.0,0.0,0.0","-1.0,0.0,0.0","15.0,0.0,0.0"
1747092216.095681,"-87.0,0.0,0.0","30.0,0.0,0.0","-1.0,0.0,0.0","15.0,0.0,0.0"
1747092216.145749,"-87.0,0.0,0.0","30.0,0.0,0.0","-2.0,0.0,0.0","15.0,0.0,0.0"
1747092216.1960511,"-87.0,0.0,0.0","31.0,0.0,0.0","-2.0,0.0,0.0","15.0,0.0,0.0"
1747092216.2466989,"-87.0,0.0,0.0","31.0,0.0,0.0","-2.0,0.0,0.0","15.0,0.0,0.0"
1747092216.297351,"-87.0,0.0,0.0","30.0,0.0,0.0","-2.0,0.0,0.0","14.0,0.0,0.0"
1747092216.3474405,"-87.0,0.0,0.0","30.0,0.0,0.0","-2.0,0.0,0.0","14.0,0.0,0.0"
1747092216.3985188,"-87.0,0.0,0.0","29.0,0.0,0.0","-2.0,0.0,0.0","14.0,0.0,0.0"
1747092216.449408,"-87.0,0.0,0.0","28.0,0.0,0.0","-2.0,0.0,0.0","14.0,0.0,0.0"
1747092216.4996436,"-87.0,0.0,0.0","28.0,0.0,0.0","-2.0,0.0,0.0","14.0,0.0,0.0"
1747092216.5502415,"-87.0,0.0,0.0","26.0,0.0,0.0","-2.0,0.0,0.0","15.0,0.0,0.0"
1747092216.6004887,"-87.0,0.0,0.0","24.0,0.0,0.0","-2.0,0.0,0.0","16.0,0.0,0.0"
1747092216.6507041,"-87.0,0.0,0.0","22.0,0.0,0.0","-2.0,0.0,0.0","17.0,0.0,0.0"
1747092216.7007961,"-87.0,0.0,0.0","16.0,0.0,0.0","-2.0,0.0,0.0","13.0,0.0,0.0"
1747092216.7513616,"-87.0,0.0,0.0","13.0,0.0,0.0","-2.0,0.0,0.0","14.0,0.0,0.0"
1747092216.8017108,"-86.0,0.0,0.0","8.0,0.0,0.0","-2.0,0.0,0.0","16.0,0.0,0.0"
1747092216.8517222,"-86.0,0.0,0.0","0.0,0.0,0.0","-2.0,0.0,0.0","25.0,0.0,0.0"
1747092216.9026573,"-87.0,0.0,0.0","-15.0,0.0,0.0","-2.0,0.0,0.0","21.0,0.0,0.0"
1747092216.953442,"-87.0,0.0,0.0","-20.0,0.0,0.0","-2.0,0.0,0.0","19.0,0.0,0.0"
1747092217.0040581,"-87.0,0.0,0.0","-36.0,0.0,0.0","-2.0,0.0,0.0","19.0,0.0,0.0"
1747092217.0545962,"-87.0,0.0,0.0","-42.0,0.0,0.0","-1.0,0.0,0.0","20.0,0.0,0.0"
1747092217.1051316,"-87.0,0.0,0.0","-48.0,0.0,0.0","-1.0,0.0,0.0","21.0,0.0,0.0"
1747092217.1559005,"-87.0,0.0,0.0","-63.0,0.0,0.0","0.0,0.0,0.0","10.0,0.0,0.0"
1747092217.2070878,"-87.0,0.0,0.0","-67.0,0.0,0.0","-1.0,0.0,0.0","9.0,0.0,0.0"
1747092217.2576716,"-87.0,0.0,0.0","-69.0,0.0,0.0","-1.0,0.0,0.0","3.0,0.0,0.0"
1747092217.3085413,"-87.0,0.0,0.0","-74.0,0.0,0.0","-1.0,0.0,0.0","0.0,0.0,0.0"
1747092217.3587759,"-87.0,0.0,0.0","-76.0,0.0,0.0","-1.0,0.0,0.0","-3.0,0.0,0.0"
1747092217.41104,"-87.0,0.0,0.0","-77.0,0.0,0.0","-1.0,0.0,0.0","-5.0,0.0,0.0"
1747092217.4616838,"-87.0,0.0,0.0","-78.0,0.0,0.0","-1.0,0.0,0.0","-9.0,0.0,0.0"
1747092217.5117612,"-87.0,0.0,0.0","-79.0,0.0,0.0","-1.0,0.0,0.0","-9.0,0.0,0.0"
1747092217.5627236,"-87.0,0.0,0.0","-82.0,0.0,0.0","-1.0,0.0,0.0","-8.0,0.0,0.0"
1747092217.61365,"-87.0,0.0,0.0","-83.0,0.0,0.0","-1.0,0.0,0.0","-8.0,0.0,0.0"
1747092217.6637366,"-87.0,0.0,0.0","-83.0,0.0,0.0","-1.0,0.0,0.0","-8.0,0.0,0.0"
1747092217.7143402,"-87.0,0.0,0.0","-82.0,0.0,0.0","-2.0,0.0,0.0","-7.0,0.0,0.0"
1747092217.7644987,"-86.0,0.0,0.0","-82.0,0.0,0.0","-2.0,0.0,0.0","-7.0,0.0,0.0"
1747092217.8163033,"-86.0,0.0,0.0","-82.0,0.0,0.0","-2.0,0.0,0.0","-7.0,0.0,0.0"
1747092217.8664343,"-86.0,0.0,0.0","-82.0,0.0,0.0","-2.0,0.0,0.0","-6.0,0.0,0.0"
1747092217.9168394,"-86.0,0.0,0.0","-81.0,0.0,0.0","-2.0,0.0,0.0","-7.0,0.0,0.0"
1747092217.9674284,"-87.0,0.0,0.0","-81.0,0.0,0.0","-2.0,0.0,0.0","-7.0,0.0,0.0"
1747092218.0175285,"-87.0,0.0,0.0","-79.0,0.0,0.0","-1.0,0.0,0.0","-8.0,0.0,0.0"
1747092218.0676434,"-87.0,0.0,0.0","-79.0,0.0,0.0","0.0,0.0,0.0","-7.0,0.0,0.0"
1747092218.1177413,"-87.0,0.0,0.0","-78.0,0.0,0.0","0.0,0.0,0.0","-6.0,0.0,0.0"
1747092218.16841,"-85.0,0.0,0.0","-76.0,0.0,0.0","2.0,0.0,0.0","1.0,0.0,0.0"
1747092218.2184265,"-83.0,0.0,0.0","-74.0,0.0,0.0","3.0,0.0,0.0","6.0,0.0,0.0"
1747092218.2695854,"-81.0,0.0,0.0","-71.0,0.0,0.0","3.0,0.0,0.0","12.0,0.0,0.0"
1747092218.3212726,"-74.0,0.0,0.0","-61.0,0.0,0.0","2.0,0.0,0.0","15.0,0.0,0.0"
1747092218.3724952,"-72.0,0.0,0.0","-56.0,0.0,0.0","2.0,0.0,0.0","18.0,0.0,0.0"
1747092218.4232242,"-69.0,0.0,0.0","-50.0,0.0,0.0","5.0,0.0,0.0","23.0,0.0,0.0"
1747092218.4732287,"-60.0,0.0,0.0","-21.0,0.0,0.0","10.0,0.0,0.0","18.0,0.0,0.0"
1747092218.5233214,"-55.0,0.0,0.0","-14.0,0.0,0.0","9.0,0.0,0.0","20.0,0.0,0.0"
1747092218.57422,"-51.0,0.0,0.0","-10.0,0.0,0.0","8.0,0.0,0.0","26.0,0.0,0.0"
1747092218.6245506,"-44.0,0.0,0.0","5.0,0.0,0.0","7.0,0.0,0.0","18.0,0.0,0.0"
1747092218.6751242,"-40.0,0.0,0.0","12.0,0.0,0.0","5.0,0.0,0.0","12.0,0.0,0.0"
1747092218.7259295,"-37.0,0.0,0.0","14.0,0.0,0.0","4.0,0.0,0.0","11.0,0.0,0.0"
1747092218.7765512,"-33.0,0.0,0.0","15.0,0.0,0.0","5.0,0.0,0.0","12.0,0.0,0.0"
1747092218.8267903,"-28.0,0.0,0.0","16.0,0.0,0.0","3.0,0.0,0.0","12.0,0.0,0.0"
1747092218.8775597,"-27.0,0.0,0.0","15.0,0.0,0.0","4.0,0.0,0.0","11.0,0.0,0.0"
1747092218.9287436,"-25.0,0.0,0.0","15.0,0.0,0.0","7.0,0.0,0.0","9.0,0.0,0.0"
1747092218.979728,"-25.0,0.0,0.0","14.0,0.0,0.0","7.0,0.0,0.0","9.0,0.0,0.0"
1747092219.0298014,"-25.0,0.0,0.0","14.0,0.0,0.0","7.0,0.0,0.0","9.0,0.0,0.0"
1747092219.0805786,"-25.0,0.0,0.0","13.0,0.0,0.0","7.0,0.0,0.0","9.0,0.0,0.0"
1747092219.131416,"-25.0,0.0,0.0","13.0,0.0,0.0","7.0,0.0,0.0","9.0,0.0,0.0"
1747092219.181996,"-26.0,0.0,0.0","13.0,0.0,0.0","7.0,0.0,0.0","9.0,0.0,0.0"
1747092219.2327108,"-26.0,0.0,0.0","13.0,0.0,0.0","7.0,0.0,0.0","9.0,0.0,0.0"
1747092219.2827518,"-26.0,0.0,0.0","14.0,0.0,0.0","8.0,0.0,0.0","9.0,0.0,0.0"
1747092219.333391,"-26.0,0.0,0.0","14.0,0.0,0.0","8.0,0.0,0.0","9.0,0.0,0.0"
1747092219.3836956,"-26.0,0.0,0.0","18.0,0.0,0.0","6.0,0.0,0.0","7.0,0.0,0.0"
1747092219.43424,"-25.0,0.0,0.0","20.0,0.0,0.0","6.0,0.0,0.0","7.0,0.0,0.0"
1747092219.4844954,"-25.0,0.0,0.0","21.0,0.0,0.0","6.0,0.0,0.0","9.0,0.0,0.0"
1747092219.5353553,"-25.0,0.0,0.0","22.0,0.0,0.0","6.0,0.0,0.0","12.0,0.0,0.0"
1747092219.5873141,"-25.0,0.0,0.0","23.0,0.0,0.0","6.0,0.0,0.0","12.0,0.0,0.0"
1747092219.6385827,"-23.0,0.0,0.0","27.0,0.0,0.0","7.0,0.0,0.0","10.0,0.0,0.0"
1747092219.6887555,"-23.0,0.0,0.0","29.0,0.0,0.0","7.0,0.0,0.0","8.0,0.0,0.0"
1747092219.7393756,"-22.0,0.0,0.0","31.0,0.0,0.0","8.0,0.0,0.0","7.0,0.0,0.0"
1747092219.789557,"-21.0,0.0,0.0","33.0,0.0,0.0","8.0,0.0,0.0","6.0,0.0,0.0"
1747092219.8395855,"-21.0,0.0,0.0","34.0,0.0,0.0","7.0,0.0,0.0","7.0,0.0,0.0"
1747092219.8896918,"-20.0,0.0,0.0","34.0,0.0,0.0","7.0,0.0,0.0","8.0,0.0,0.0"
1747092219.9398034,"-20.0,0.0,0.0","33.0,0.0,0.0","7.0,0.0,0.0","7.0,0.0,0.0"
1747092219.9987965,"-20.0,0.0,0.0","33.0,0.0,0.0","7.0,0.0,0.0","7.0,0.0,0.0"
1747092220.0494027,"-20.0,0.0,0.0","32.0,0.0,0.0","7.0,0.0,0.0","9.0,0.0,0.0"
1747092220.1004772,"-18.0,0.0,0.0","29.0,0.0,0.0","8.0,0.0,0.0","12.0,0.0,0.0"
1747092220.1514084,"-17.0,0.0,0.0","27.0,0.0,0.0","9.0,0.0,0.0","11.0,0.0,0.0"
1747092220.2014477,"-15.0,0.0,0.0","26.0,0.0,0.0","7.0,0.0,0.0","11.0,0.0,0.0"
1747092220.2515838,"-11.0,0.0,0.0","22.0,0.0,0.0","7.0,0.0,0.0","8.0,0.0,0.0"
1747092220.302526,"-11.0,0.0,0.0","19.0,0.0,0.0","8.0,0.0,0.0","8.0,0.0,0.0"
1747092220.3527107,"-10.0,0.0,0.0","15.0,0.0,0.0","8.0,0.0,0.0","10.0,0.0,0.0"
1747092220.4039035,"-6.0,0.0,0.0","3.0,0.0,0.0","6.0,0.0,0.0","20.0,0.0,0.0"
1747092220.4546275,"-6.0,0.0,0.0","0.0,0.0,0.0","7.0,0.0,0.0","24.0,0.0,0.0"
1747092220.5047493,"-5.0,0.0,0.0","-3.0,0.0,0.0","7.0,0.0,0.0","26.0,0.0,0.0"
1747092220.5554352,"-4.0,0.0,0.0","-5.0,0.0,0.0","8.0,0.0,0.0","23.0,0.0,0.0"
1747092220.6056693,"-4.0,0.0,0.0","-8.0,0.0,0.0","8.0,0.0,0.0","27.0,0.0,0.0"
1747092220.6557665,"-3.0,0.0,0.0","-9.0,0.0,0.0","9.0,0.0,0.0","27.0,0.0,0.0"
1747092220.7071009,"-3.0,0.0,0.0","-10.0,0.0,0.0","8.0,0.0,0.0","26.0,0.0,0.0"
1747092220.7585697,"-2.0,0.0,0.0","-11.0,0.0,0.0","7.0,0.0,0.0","23.0,0.0,0.0"
1747092220.8093333,"-2.0,0.0,0.0","-11.0,0.0,0.0","7.0,0.0,0.0","23.0,0.0,0.0"
1747092220.859584,"-2.0,0.0,0.0","-12.0,0.0,0.0","7.0,0.0,0.0","24.0,0.0,0.0"
1747092220.9101994,"-2.0,0.0,0.0","-12.0,0.0,0.0","8.0,0.0,0.0","24.0,0.0,0.0"
1747092220.9607785,"-1.0,0.0,0.0","-12.0,0.0,0.0","8.0,0.0,0.0","24.0,0.0,0.0"
1747092221.0113723,"-1.0,0.0,0.0","-11.0,0.0,0.0","7.0,0.0,0.0","23.0,0.0,0.0"
1747092221.0615177,"-1.0,0.0,0.0","-11.0,0.0,0.0","7.0,0.0,0.0","23.0,0.0,0.0"
1747092221.112103,"-1.0,0.0,0.0","-12.0,0.0,0.0","7.0,0.0,0.0","23.0,0.0,0.0"
1747092221.1625757,"-1.0,0.0,0.0","-12.0,0.0,0.0","7.0,0.0,0.0","23.0,0.0,0.0"
1747092221.213375,"-1.0,0.0,0.0","-12.0,0.0,0.0","7.0,0.0,0.0","23.0,0.0,0.0"
1747092221.2705631,"-1.0,0.0,0.0","-12.0,0.0,0.0","7.0,0.0,0.0","22.0,0.0,0.0"
1747092221.3217897,"-2.0,0.0,0.0","-12.0,0.0,0.0","7.0,0.0,0.0","22.0,0.0,0.0"
1747092221.373474,"-2.0,0.0,0.0","-12.0,0.0,0.0","7.0,0.0,0.0","22.0,0.0,0.0"
1747092221.4241183,"-2.0,0.0,0.0","-12.0,0.0,0.0","7.0,0.0,0.0","22.0,0.0,0.0"
1747092221.4750123,"-2.0,0.0,0.0","-12.0,0.0,0.0","7.0,0.0,0.0","22.0,0.0,0.0"
1747092221.5252542,"-2.0,0.0,0.0","-12.0,0.0,0.0","7.0,0.0,0.0","22.0,0.0,0.0"
1747092221.575956,"-2.0,0.0,0.0","-12.0,0.0,0.0","7.0,0.0,0.0","22.0,0.0,0.0"
1747092221.6268246,"-2.0,0.0,0.0","-12.0,0.0,0.0","7.0,0.0,0.0","22.0,0.0,0.0"
1747092221.6775708,"-2.0,0.0,0.0","-12.0,0.0,0.0","6.0,0.0,0.0","22.0,0.0,0.0"
1747092221.727804,"-3.0,0.0,0.0","-12.0,0.0,0.0","6.0,0.0,0.0","22.0,0.0,0.0"
1747092221.7784867,"-3.0,0.0,0.0","-12.0,0.0,0.0","6.0,0.0,0.0","22.0,0.0,0.0"
1747092221.828801,"-4.0,0.0,0.0","-12.0,0.0,0.0","6.0,0.0,0.0","22.0,0.0,0.0"
1747092221.8794982,"-5.0,0.0,0.0","-12.0,0.0,0.0","6.0,0.0,0.0","21.0,0.0,0.0"
1747092221.9296546,"-5.0,0.0,0.0","-12.0,0.0,0.0","6.0,0.0,0.0","21.0,0.0,0.0"
1747092221.9803667,"-5.0,0.0,0.0","-11.0,0.0,0.0","6.0,0.0,0.0","21.0,0.0,0.0"
1747092222.0307117,"-5.0,0.0,0.0","-11.0,0.0,0.0","6.0,0.0,0.0","21.0,0.0,0.0"
1747092222.0807576,"-5.0,0.0,0.0","-11.0,0.0,0.0","6.0,0.0,0.0","21.0,0.0,0.0"
1747092222.1324215,"-5.0,0.0,0.0","-11.0,0.0,0.0","6.0,0.0,0.0","21.0,0.0,0.0"
1747092222.182638,"-5.0,0.0,0.0","-11.0,0.0,0.0","6.0,0.0,0.0","21.0,0.0,0.0"
1747092222.2327127,"-5.0,0.0,0.0","-10.0,0.0,0.0","6.0,0.0,0.0","21.0,0.0,0.0"
1747092222.2836285,"-5.0,0.0,0.0","-10.0,0.0,0.0","6.0,0.0,0.0","21.0,0.0,0.0"
1747092222.3341322,"-6.0,0.0,0.0","-10.0,0.0,0.0","6.0,0.0,0.0","21.0,0.0,0.0"
1747092222.385682,"-6.0,0.0,0.0","-10.0,0.0,0.0","6.0,0.0,0.0","21.0,0.0,0.0"
1747092222.436507,"-6.0,0.0,0.0","-10.0,0.0,0.0","6.0,0.0,0.0","21.0,0.0,0.0"
1747092222.487349,"-6.0,0.0,0.0","-10.0,0.0,0.0","7.0,0.0,0.0","21.0,0.0,0.0"
1747092222.5375986,"-7.0,0.0,0.0","-10.0,0.0,0.0","7.0,0.0,0.0","20.0,0.0,0.0"
1747092222.588186,"-7.0,0.0,0.0","-10.0,0.0,0.0","7.0,0.0,0.0","20.0,0.0,0.0"
1747092222.6384616,"-7.0,0.0,0.0","-10.0,0.0,0.0","7.0,0.0,0.0","19.0,0.0,0.0"
1747092222.6888356,"-7.0,0.0,0.0","-10.0,0.0,0.0","7.0,0.0,0.0","19.0,0.0,0.0"
1747092222.7393754,"-7.0,0.0,0.0","-10.0,0.0,0.0","7.0,0.0,0.0","18.0,0.0,0.0"
1747092222.7894158,"-7.0,0.0,0.0","-11.0,0.0,0.0","7.0,0.0,0.0","18.0,0.0,0.0"
1747092222.839592,"-7.0,0.0,0.0","-11.0,0.0,0.0","7.0,0.0,0.0","18.0,0.0,0.0"
1747092222.889632,"-7.0,0.0,0.0","-12.0,0.0,0.0","7.0,0.0,0.0","19.0,0.0,0.0"
1747092222.9401681,"-7.0,0.0,0.0","-12.0,0.0,0.0","7.0,0.0,0.0","19.0,0.0,0.0"
1747092222.9904332,"-7.0,0.0,0.0","-12.0,0.0,0.0","8.0,0.0,0.0","19.0,0.0,0.0"
1747092223.0411615,"-8.0,0.0,0.0","-12.0,0.0,0.0","8.0,0.0,0.0","19.0,0.0,0.0"
1747092223.0917559,"-8.0,0.0,0.0","-12.0,0.0,0.0","8.0,0.0,0.0","19.0,0.0,0.0"
1747092223.1423872,"-8.0,0.0,0.0","-12.0,0.0,0.0","8.0,0.0,0.0","18.0,0.0,0.0"
1747092223.1928103,"-9.0,0.0,0.0","-12.0,0.0,0.0","8.0,0.0,0.0","18.0,0.0,0.0"
1747092223.2437422,"-9.0,0.0,0.0","-12.0,0.0,0.0","7.0,0.0,0.0","18.0,0.0,0.0"
1747092223.2953982,"-12.0,0.0,0.0","-13.0,0.0,0.0","8.0,0.0,0.0","14.0,0.0,0.0"
1747092223.345588,"-15.0,0.0,0.0","-15.0,0.0,0.0","9.0,0.0,0.0","13.0,0.0,0.0"
1747092223.396262,"-19.0,0.0,0.0","-18.0,0.0,0.0","12.0,0.0,0.0","12.0,0.0,0.0"
1747092223.4467597,"-31.0,0.0,0.0","-36.0,0.0,0.0","3.0,0.0,0.0","17.0,0.0,0.0"
1747092223.497473,"-38.0,0.0,0.0","-43.0,0.0,0.0","5.0,0.0,0.0","22.0,0.0,0.0"
1747092223.5483158,"-44.0,0.0,0.0","-49.0,0.0,0.0","5.0,0.0,0.0","19.0,0.0,0.0"
1747092223.598491,"-58.0,0.0,0.0","-58.0,0.0,0.0","10.0,0.0,0.0","10.0,0.0,0.0"
1747092223.6493828,"-64.0,0.0,0.0","-64.0,0.0,0.0","13.0,0.0,0.0","15.0,0.0,0.0"
1747092223.6995554,"-68.0,0.0,0.0","-68.0,0.0,0.0","9.0,0.0,0.0","12.0,0.0,0.0"
1747092223.7504594,"-73.0,0.0,0.0","-73.0,0.0,0.0","4.0,0.0,0.0","5.0,0.0,0.0"
1747092223.8004982,"-75.0,0.0,0.0","-75.0,0.0,0.0","3.0,0.0,0.0","2.0,0.0,0.0"
1747092223.850921,"-80.0,0.0,0.0","-78.0,0.0,0.0","2.0,0.0,0.0","-1.0,0.0,0.0"
1747092223.901709,"-84.0,0.0,0.0","-79.0,0.0,0.0","2.0,0.0,0.0","-4.0,0.0,0.0"
1747092223.9529715,"-85.0,0.0,0.0","-79.0,0.0,0.0","1.0,0.0,0.0","-5.0,0.0,0.0"
1747092224.0036654,"-86.0,0.0,0.0","-80.0,0.0,0.0","1.0,0.0,0.0","-5.0,0.0,0.0"
1747092224.0539556,"-87.0,0.0,0.0","-82.0,0.0,0.0","0.0,0.0,0.0","-5.0,0.0,0.0"
1747092224.1042402,"-87.0,0.0,0.0","-82.0,0.0,0.0","-1.0,0.0,0.0","-6.0,0.0,0.0"
1747092224.1547456,"-87.0,0.0,0.0","-82.0,0.0,0.0","-2.0,0.0,0.0","-6.0,0.0,0.0"
1747092224.2055268,"-87.0,0.0,0.0","-81.0,0.0,0.0","-4.0,0.0,0.0","-6.0,0.0,0.0"
1747092224.255785,"-87.0,0.0,0.0","-81.0,0.0,0.0","-4.0,0.0,0.0","-6.0,0.0,0.0"
1747092224.3064854,"-87.0,0.0,0.0","-82.0,0.0,0.0","-3.0,0.0,0.0","-6.0,0.0,0.0"
1747092224.356497,"-87.0,0.0,0.0","-82.0,0.0,0.0","-2.0,0.0,0.0","-6.0,0.0,0.0"
1747092224.4066803,"-87.0,0.0,0.0","-82.0,0.0,0.0","-2.0,0.0,0.0","-6.0,0.0,0.0"
1747092224.4567711,"-87.0,0.0,0.0","-82.0,0.0,0.0","-2.0,0.0,0.0","-6.0,0.0,0.0"
1747092224.507346,"-87.0,0.0,0.0","-82.0,0.0,0.0","-2.0,0.0,0.0","-6.0,0.0,0.0"
1747092224.5587583,"-87.0,0.0,0.0","-82.0,0.0,0.0","-2.0,0.0,0.0","-5.0,0.0,0.0"
1747092224.6098833,"-87.0,0.0,0.0","-81.0,0.0,0.0","-1.0,0.0,0.0","-5.0,0.0,0.0"
1747092224.660278,"-87.0,0.0,0.0","-80.0,0.0,0.0","0.0,0.0,0.0","-5.0,0.0,0.0"
1747092224.710332,"-87.0,0.0,0.0","-79.0,0.0,0.0","1.0,0.0,0.0","-5.0,0.0,0.0"
1747092224.761446,"-85.0,0.0,0.0","-77.0,0.0,0.0","4.0,0.0,0.0","-4.0,0.0,0.0"
1747092224.8114908,"-82.0,0.0,0.0","-76.0,0.0,0.0","4.0,0.0,0.0","-1.0,0.0,0.0"
1747092224.8615081,"-76.0,0.0,0.0","-73.0,0.0,0.0","6.0,0.0,0.0","6.0,0.0,0.0"
1747092224.911968,"-73.0,0.0,0.0","-69.0,0.0,0.0","6.0,0.0,0.0","11.0,0.0,0.0"
1747092224.962807,"-70.0,0.0,0.0","-66.0,0.0,0.0","6.0,0.0,0.0","15.0,0.0,0.0"
1747092225.0137599,"-58.0,0.0,0.0","-52.0,0.0,0.0","13.0,0.0,0.0","18.0,0.0,0.0"
1747092225.0723753,"-50.0,0.0,0.0","-46.0,0.0,0.0","11.0,0.0,0.0","22.0,0.0,0.0"
1747092225.1232064,"-38.0,0.0,0.0","-33.0,0.0,0.0","6.0,0.0,0.0","19.0,0.0,0.0"
1747092225.1736398,"-33.0,0.0,0.0","-23.0,0.0,0.0","7.0,0.0,0.0","15.0,0.0,0.0"
1747092225.2237434,"-29.0,0.0,0.0","-17.0,0.0,0.0","9.0,0.0,0.0","16.0,0.0,0.0"
1747092225.2743685,"-22.0,0.0,0.0","-11.0,0.0,0.0","12.0,0.0,0.0","22.0,0.0,0.0"
1747092225.324555,"-17.0,0.0,0.0","-4.0,0.0,0.0","15.0,0.0,0.0","25.0,0.0,0.0"
1747092225.3746648,"-15.0,0.0,0.0","0.0,0.0,0.0","14.0,0.0,0.0","25.0,0.0,0.0"
1747092225.4254282,"-10.0,0.0,0.0","10.0,0.0,0.0","14.0,0.0,0.0","14.0,0.0,0.0"
1747092225.476128,"-8.0,0.0,0.0","14.0,0.0,0.0","14.0,0.0,0.0","9.0,0.0,0.0"
1747092225.5268087,"-6.0,0.0,0.0","16.0,0.0,0.0","12.0,0.0,0.0","8.0,0.0,0.0"
1747092225.5775757,"-4.0,0.0,0.0","16.0,0.0,0.0","11.0,0.0,0.0","12.0,0.0,0.0"
1747092225.627652,"-2.0,0.0,0.0","16.0,0.0,0.0","10.0,0.0,0.0","13.0,0.0,0.0"
1747092225.6777198,"-1.0,0.0,0.0","16.0,0.0,0.0","10.0,0.0,0.0","13.0,0.0,0.0"
1747092225.7285206,"-1.0,0.0,0.0","16.0,0.0,0.0","9.0,0.0,0.0","12.0,0.0,0.0"
1747092225.7790148,"-1.0,0.0,0.0","16.0,0.0,0.0","9.0,0.0,0.0","11.0,0.0,0.0"
1747092225.8292797,"-1.0,0.0,0.0","17.0,0.0,0.0","9.0,0.0,0.0","10.0,0.0,0.0"
1747092225.880058,"-1.0,0.0,0.0","16.0,0.0,0.0","8.0,0.0,0.0","9.0,0.0,0.0"
1747092225.9307413,"-1.0,0.0,0.0","16.0,0.0,0.0","8.0,0.0,0.0","9.0,0.0,0.0"
1747092225.9811232,"-1.0,0.0,0.0","16.0,0.0,0.0","8.0,0.0,0.0","10.0,0.0,0.0"
1747092226.0331008,"-1.0,0.0,0.0","16.0,0.0,0.0","7.0,0.0,0.0","9.0,0.0,0.0"
1747092226.083304,"-1.0,0.0,0.0","15.0,0.0,0.0","7.0,0.0,0.0","8.0,0.0,0.0"
1747092226.1333947,"-2.0,0.0,0.0","15.0,0.0,0.0","7.0,0.0,0.0","7.0,0.0,0.0"
1747092226.1834433,"-2.0,0.0,0.0","10.0,0.0,0.0","4.0,0.0,0.0","14.0,0.0,0.0"
1747092226.2336054,"-5.0,0.0,0.0","3.0,0.0,0.0","5.0,0.0,0.0","23.0,0.0,0.0"
1747092226.2843933,"-9.0,0.0,0.0","-2.0,0.0,0.0","8.0,0.0,0.0","29.0,0.0,0.0"
1747092226.334453,"-15.0,0.0,0.0","-9.0,0.0,0.0","9.0,0.0,0.0","27.0,0.0,0.0"
1747092226.3845277,"-20.0,0.0,0.0","-14.0,0.0,0.0","9.0,0.0,0.0","25.0,0.0,0.0"
1747092226.4362574,"-30.0,0.0,0.0","-22.0,0.0,0.0","5.0,0.0,0.0","16.0,0.0,0.0"
1747092226.4866934,"-36.0,0.0,0.0","-31.0,0.0,0.0","6.0,0.0,0.0","19.0,0.0,0.0"
1747092226.5379834,"-41.0,0.0,0.0","-37.0,0.0,0.0","5.0,0.0,0.0","19.0,0.0,0.0"
1747092226.5890806,"-58.0,0.0,0.0","-55.0,0.0,0.0","10.0,0.0,0.0","16.0,0.0,0.0"
1747092226.6392393,"-64.0,0.0,0.0","-60.0,0.0,0.0","11.0,0.0,0.0","13.0,0.0,0.0"
1747092226.6892712,"-66.0,0.0,0.0","-65.0,0.0,0.0","8.0,0.0,0.0","16.0,0.0,0.0"
1747092226.7404826,"-72.0,0.0,0.0","-71.0,0.0,0.0","4.0,0.0,0.0","11.0,0.0,0.0"
1747092226.7909744,"-75.0,0.0,0.0","-73.0,0.0,0.0","4.0,0.0,0.0","7.0,0.0,0.0"
1747092226.8413684,"-77.0,0.0,0.0","-74.0,0.0,0.0","4.0,0.0,0.0","2.0,0.0,0.0"
1747092226.8920097,"-83.0,0.0,0.0","-78.0,0.0,0.0","2.0,0.0,0.0","-2.0,0.0,0.0"
1747092226.9420452,"-84.0,0.0,0.0","-78.0,0.0,0.0","1.0,0.0,0.0","-5.0,0.0,0.0"
1747092226.9927669,"-85.0,0.0,0.0","-78.0,0.0,0.0","1.0,0.0,0.0","-7.0,0.0,0.0"
1747092227.0432274,"-86.0,0.0,0.0","-81.0,0.0,0.0","0.0,0.0,0.0","-5.0,0.0,0.0"
1747092227.0934756,"-86.0,0.0,0.0","-81.0,0.0,0.0","-1.0,0.0,0.0","-5.0,0.0,0.0"
1747092227.143945,"-86.0,0.0,0.0","-81.0,0.0,0.0","-2.0,0.0,0.0","-6.0,0.0,0.0"
1747092227.1948464,"-86.0,0.0,0.0","-81.0,0.0,0.0","-5.0,0.0,0.0","-9.0,0.0,0.0"
1747092227.246184,"-87.0,0.0,0.0","-81.0,0.0,0.0","-6.0,0.0,0.0","-8.0,0.0,0.0"
1747092227.2964923,"-87.0,0.0,0.0","-82.0,0.0,0.0","-6.0,0.0,0.0","-7.0,0.0,0.0"
1747092227.3468773,"-87.0,0.0,0.0","-82.0,0.0,0.0","-4.0,0.0,0.0","-5.0,0.0,0.0"
1747092227.3970287,"-87.0,0.0,0.0","-82.0,0.0,0.0","-4.0,0.0,0.0","-5.0,0.0,0.0"
1747092227.4475954,"-87.0,0.0,0.0","-82.0,0.0,0.0","-4.0,0.0,0.0","-5.0,0.0,0.0"
1747092227.498352,"-87.0,0.0,0.0","-82.0,0.0,0.0","-3.0,0.0,0.0","-5.0,0.0,0.0"
1747092227.5484517,"-87.0,0.0,0.0","-82.0,0.0,0.0","-1.0,0.0,0.0","-5.0,0.0,0.0"
1747092227.598723,"-86.0,0.0,0.0","-82.0,0.0,0.0","0.0,0.0,0.0","-5.0,0.0,0.0"
1747092227.64956,"-86.0,0.0,0.0","-82.0,0.0,0.0","1.0,0.0,0.0","-5.0,0.0,0.0"
1747092227.6996002,"-85.0,0.0,0.0","-82.0,0.0,0.0","2.0,0.0,0.0","-5.0,0.0,0.0"
1747092227.7497041,"-82.0,0.0,0.0","-82.0,0.0,0.0","3.0,0.0,0.0","-5.0,0.0,0.0"
1747092227.8004289,"-80.0,0.0,0.0","-82.0,0.0,0.0","6.0,0.0,0.0","-4.0,0.0,0.0"
1747092227.8504627,"-77.0,0.0,0.0","-83.0,0.0,0.0","6.0,0.0,0.0","-4.0,0.0,0.0"
1747092227.900778,"-68.0,0.0,0.0","-82.0,0.0,0.0","15.0,0.0,0.0","-5.0,0.0,0.0"
1747092227.9513466,"-62.0,0.0,0.0","-82.0,0.0,0.0","15.0,0.0,0.0","-5.0,0.0,0.0"
1747092228.0014017,"-55.0,0.0,0.0","-82.0,0.0,0.0","15.0,0.0,0.0","-6.0,0.0,0.0"
1747092228.0521195,"-39.0,0.0,0.0","-81.0,0.0,0.0","4.0,0.0,0.0","-7.0,0.0,0.0"
1747092228.1022863,"-29.0,0.0,0.0","-81.0,0.0,0.0","6.0,0.0,0.0","-8.0,0.0,0.0"
1747092228.1527119,"-24.0,0.0,0.0","-81.0,0.0,0.0","8.0,0.0,0.0","-8.0,0.0,0.0"
1747092228.203445,"-16.0,0.0,0.0","-80.0,0.0,0.0","8.0,0.0,0.0","-8.0,0.0,0.0"
1747092228.2535293,"-13.0,0.0,0.0","-80.0,0.0,0.0","8.0,0.0,0.0","-8.0,0.0,0.0"
1747092228.3036997,"-11.0,0.0,0.0","-81.0,0.0,0.0","9.0,0.0,0.0","-7.0,0.0,0.0"
1747092228.3543375,"-7.0,0.0,0.0","-81.0,0.0,0.0","11.0,0.0,0.0","-7.0,0.0,0.0"
1747092228.404913,"-4.0,0.0,0.0","-81.0,0.0,0.0","8.0,0.0,0.0","-7.0,0.0,0.0"
1747092228.4565518,"-4.0,0.0,0.0","-81.0,0.0,0.0","7.0,0.0,0.0","-7.0,0.0,0.0"
1747092228.507264,"-4.0,0.0,0.0","-81.0,0.0,0.0","7.0,0.0,0.0","-7.0,0.0,0.0"
1747092228.5587032,"-6.0,0.0,0.0","-81.0,0.0,0.0","12.0,0.0,0.0","-7.0,0.0,0.0"
1747092228.609316,"-7.0,0.0,0.0","-81.0,0.0,0.0","16.0,0.0,0.0","-7.0,0.0,0.0"
1747092228.66027,"-9.0,0.0,0.0","-81.0,0.0,0.0","21.0,0.0,0.0","-7.0,0.0,0.0"
1747092228.7104204,"-11.0,0.0,0.0","-81.0,0.0,0.0","28.0,0.0,0.0","-7.0,0.0,0.0"
1747092228.760621,"-13.0,0.0,0.0","-81.0,0.0,0.0","36.0,0.0,0.0","-7.0,0.0,0.0"
1747092228.8111258,"-16.0,0.0,0.0","-81.0,0.0,0.0","50.0,0.0,0.0","-7.0,0.0,0.0"
1747092228.8616188,"-16.0,0.0,0.0","-81.0,0.0,0.0","54.0,0.0,0.0","-7.0,0.0,0.0"
1747092228.912284,"-16.0,0.0,0.0","-81.0,0.0,0.0","60.0,0.0,0.0","-7.0,0.0,0.0"
1747092228.963167,"-16.0,0.0,0.0","-81.0,0.0,0.0","72.0,0.0,0.0","-7.0,0.0,0.0"
1747092229.01355,"-16.0,0.0,0.0","-81.0,0.0,0.0","81.0,0.0,0.0","-7.0,0.0,0.0"
1747092229.0635653,"-16.0,0.0,0.0","-81.0,0.0,0.0","89.0,0.0,0.0","-7.0,0.0,0.0"
1747092229.1145818,"-15.0,0.0,0.0","-81.0,0.0,0.0","92.0,0.0,0.0","-7.0,0.0,0.0"
1747092229.1647296,"-15.0,0.0,0.0","-81.0,0.0,0.0","96.0,0.0,0.0","-7.0,0.0,0.0"
1747092229.2155588,"-15.0,0.0,0.0","-81.0,0.0,0.0","102.0,0.0,0.0","-7.0,0.0,0.0"
1747092229.2667048,"-15.0,0.0,0.0","-81.0,0.0,0.0","103.0,0.0,0.0","-7.0,0.0,0.0"
1747092229.3192272,"-15.0,0.0,0.0","-81.0,0.0,0.0","109.0,0.0,0.0","-7.0,0.0,0.0"
1747092229.3692372,"-15.0,0.0,0.0","-81.0,0.0,0.0","111.0,0.0,0.0","-7.0,0.0,0.0"
1747092229.4206264,"-15.0,0.0,0.0","-81.0,0.0,0.0","111.0,0.0,0.0","-7.0,0.0,0.0"
1747092229.4712534,"-14.0,0.0,0.0","-81.0,0.0,0.0","112.0,0.0,0.0","-7.0,0.0,0.0"
1747092229.5218542,"-14.0,0.0,0.0","-81.0,0.0,0.0","111.0,0.0,0.0","-7.0,0.0,0.0"
1747092229.5728278,"-14.0,0.0,0.0","-81.0,0.0,0.0","111.0,0.0,0.0","-7.0,0.0,0.0"
1747092229.622927,"-14.0,0.0,0.0","-81.0,0.0,0.0","111.0,0.0,0.0","-7.0,0.0,0.0"
1747092229.6733518,"-14.0,0.0,0.0","-81.0,0.0,0.0","111.0,0.0,0.0","-7.0,0.0,0.0"
1747092229.7234764,"-14.0,0.0,0.0","-81.0,0.0,0.0","111.0,0.0,0.0","-7.0,0.0,0.0"
1747092229.773706,"-14.0,0.0,0.0","-81.0,0.0,0.0","108.0,0.0,0.0","-8.0,0.0,0.0"
1747092229.8243165,"-14.0,0.0,0.0","-81.0,0.0,0.0","105.0,0.0,0.0","-8.0,0.0,0.0"
1747092229.874363,"-14.0,0.0,0.0","-81.0,0.0,0.0","102.0,0.0,0.0","-8.0,0.0,0.0"
1747092229.924748,"-14.0,0.0,0.0","-81.0,0.0,0.0","94.0,0.0,0.0","-9.0,0.0,0.0"
1747092229.9753473,"-14.0,0.0,0.0","-81.0,0.0,0.0","91.0,0.0,0.0","-9.0,0.0,0.0"
1747092230.0255482,"-12.0,0.0,0.0","-81.0,0.0,0.0","80.0,0.0,0.0","-9.0,0.0,0.0"
1747092230.076197,"-12.0,0.0,0.0","-81.0,0.0,0.0","75.0,0.0,0.0","-9.0,0.0,0.0"
1747092230.1354747,"-11.0,0.0,0.0","-81.0,0.0,0.0","70.0,0.0,0.0","-9.0,0.0,0.0"
1747092230.1856031,"-10.0,0.0,0.0","-81.0,0.0,0.0","60.0,0.0,0.0","-9.0,0.0,0.0"
1747092230.236305,"-9.0,0.0,0.0","-81.0,0.0,0.0","55.0,0.0,0.0","-9.0,0.0,0.0"
1747092230.286752,"-8.0,0.0,0.0","-81.0,0.0,0.0","50.0,0.0,0.0","-9.0,0.0,0.0"
1747092230.3382564,"-3.0,0.0,0.0","-81.0,0.0,0.0","33.0,0.0,0.0","-9.0,0.0,0.0"
1747092230.3895428,"-2.0,0.0,0.0","-81.0,0.0,0.0","26.0,0.0,0.0","-9.0,0.0,0.0"
1747092230.439633,"0.0,0.0,0.0","-81.0,0.0,0.0","18.0,0.0,0.0","-9.0,0.0,0.0"
1747092230.4906168,"0.0,0.0,0.0","-81.0,0.0,0.0","9.0,0.0,0.0","-9.0,0.0,0.0"
1747092230.541523,"0.0,0.0,0.0","-81.0,0.0,0.0","5.0,0.0,0.0","-9.0,0.0,0.0"
1747092230.5916462,"0.0,0.0,0.0","-81.0,0.0,0.0","-1.0,0.0,0.0","-9.0,0.0,0.0"
1747092230.6466038,"0.0,0.0,0.0","-81.0,0.0,0.0","-8.0,0.0,0.0","-9.0,0.0,0.0"
1747092230.6973913,"0.0,0.0,0.0","-81.0,0.0,0.0","-10.0,0.0,0.0","-9.0,0.0,0.0"
1747092230.7474525,"-1.0,0.0,0.0","-82.0,0.0,0.0","-11.0,0.0,0.0","-8.0,0.0,0.0"
1747092230.7982998,"-1.0,0.0,0.0","-82.0,0.0,0.0","-11.0,0.0,0.0","-8.0,0.0,0.0"
1747092230.8483446,"-2.0,0.0,0.0","-82.0,0.0,0.0","-11.0,0.0,0.0","-8.0,0.0,0.0"
1747092230.8987684,"-2.0,0.0,0.0","-82.0,0.0,0.0","-10.0,0.0,0.0","-7.0,0.0,0.0"
1747092230.9492154,"-2.0,0.0,0.0","-82.0,0.0,0.0","-9.0,0.0,0.0","-7.0,0.0,0.0"
1747092230.9992545,"-3.0,0.0,0.0","-82.0,0.0,0.0","-8.0,0.0,0.0","-7.0,0.0,0.0"
1747092231.0495222,"-5.0,0.0,0.0","-82.0,0.0,0.0","0.0,0.0,0.0","-7.0,0.0,0.0"
1747092231.1003458,"-7.0,0.0,0.0","-82.0,0.0,0.0","8.0,0.0,0.0","-7.0,0.0,0.0"
1747092231.1511056,"-9.0,0.0,0.0","-82.0,0.0,0.0","19.0,0.0,0.0","-7.0,0.0,0.0"
1747092231.2012272,"-10.0,0.0,0.0","-82.0,0.0,0.0","30.0,0.0,0.0","-7.0,0.0,0.0"
1747092231.2515035,"-11.0,0.0,0.0","-82.0,0.0,0.0","51.0,0.0,0.0","-7.0,0.0,0.0"
1747092231.3022654,"-11.0,0.0,0.0","-81.0,0.0,0.0","58.0,0.0,0.0","-7.0,0.0,0.0"
1747092231.3525014,"-11.0,0.0,0.0","-81.0,0.0,0.0","64.0,0.0,0.0","-7.0,0.0,0.0"
1747092231.4026377,"-10.0,0.0,0.0","-81.0,0.0,0.0","82.0,0.0,0.0","-8.0,0.0,0.0"
1747092231.4538083,"-11.0,0.0,0.0","-81.0,0.0,0.0","86.0,0.0,0.0","-8.0,0.0,0.0"
1747092231.5043607,"-11.0,0.0,0.0","-81.0,0.0,0.0","90.0,0.0,0.0","-8.0,0.0,0.0"
1747092231.5545185,"-11.0,0.0,0.0","-81.0,0.0,0.0","98.0,0.0,0.0","-8.0,0.0,0.0"
1747092231.6045687,"-11.0,0.0,0.0","-81.0,0.0,0.0","100.0,0.0,0.0","-8.0,0.0,0.0"
1747092231.6547492,"-11.0,0.0,0.0","-81.0,0.0,0.0","103.0,0.0,0.0","-8.0,0.0,0.0"
1747092231.7056057,"-11.0,0.0,0.0","-81.0,0.0,0.0","108.0,0.0,0.0","-8.0,0.0,0.0"
1747092231.756494,"-11.0,0.0,0.0","-81.0,0.0,0.0","108.0,0.0,0.0","-8.0,0.0,0.0"
1747092231.8070686,"-11.0,0.0,0.0","-81.0,0.0,0.0","109.0,0.0,0.0","-8.0,0.0,0.0"
1747092231.857599,"-11.0,0.0,0.0","-81.0,0.0,0.0","109.0,0.0,0.0","-8.0,0.0,0.0"
1747092231.9085999,"-11.0,0.0,0.0","-81.0,0.0,0.0","110.0,0.0,0.0","-8.0,0.0,0.0"
1747092231.959507,"-12.0,0.0,0.0","-81.0,0.0,0.0","111.0,0.0,0.0","-8.0,0.0,0.0"
1747092232.0102286,"-12.0,0.0,0.0","-81.0,0.0,0.0","111.0,0.0,0.0","-8.0,0.0,0.0"
1747092232.060268,"-12.0,0.0,0.0","-81.0,0.0,0.0","111.0,0.0,0.0","-8.0,0.0,0.0"
1747092232.110374,"-12.0,0.0,0.0","-81.0,0.0,0.0","110.0,0.0,0.0","-8.0,0.0,0.0"
1747092232.1612198,"-12.0,0.0,0.0","-81.0,0.0,0.0","109.0,0.0,0.0","-8.0,0.0,0.0"
1747092232.2116735,"-12.0,0.0,0.0","-81.0,0.0,0.0","107.0,0.0,0.0","-8.0,0.0,0.0"
1747092232.2624767,"-12.0,0.0,0.0","-81.0,0.0,0.0","104.0,0.0,0.0","-8.0,0.0,0.0"
1747092232.3125951,"-12.0,0.0,0.0","-81.0,0.0,0.0","101.0,0.0,0.0","-8.0,0.0,0.0"
1747092232.3631825,"-12.0,0.0,0.0","-81.0,0.0,0.0","98.0,0.0,0.0","-7.0,0.0,0.0"
1747092232.413183,"-12.0,0.0,0.0","-81.0,0.0,0.0","88.0,0.0,0.0","-8.0,0.0,0.0"
1747092232.4634156,"-11.0,0.0,0.0","-81.0,0.0,0.0","85.0,0.0,0.0","-8.0,0.0,0.0"
1747092232.5143895,"-11.0,0.0,0.0","-81.0,0.0,0.0","82.0,0.0,0.0","-8.0,0.0,0.0"
1747092232.5649517,"-11.0,0.0,0.0","-82.0,0.0,0.0","73.0,0.0,0.0","-8.0,0.0,0.0"
1747092232.615047,"-11.0,0.0,0.0","-82.0,0.0,0.0","62.0,0.0,0.0","-7.0,0.0,0.0"
1747092232.6662376,"-11.0,0.0,0.0","-82.0,0.0,0.0","56.0,0.0,0.0","-7.0,0.0,0.0"
1747092232.71648,"-11.0,0.0,0.0","-82.0,0.0,0.0","45.0,0.0,0.0","-7.0,0.0,0.0"
1747092232.7673903,"-9.0,0.0,0.0","-82.0,0.0,0.0","38.0,0.0,0.0","-7.0,0.0,0.0"
1747092232.817569,"-8.0,0.0,0.0","-82.0,0.0,0.0","29.0,0.0,0.0","-7.0,0.0,0.0"
1747092232.8683949,"-4.0,0.0,0.0","-82.0,0.0,0.0","12.0,0.0,0.0","-7.0,0.0,0.0"
1747092232.9184325,"-5.0,0.0,0.0","-82.0,0.0,0.0","2.0,0.0,0.0","-7.0,0.0,0.0"
1747092232.9684567,"-5.0,0.0,0.0","-82.0,0.0,0.0","-1.0,0.0,0.0","-7.0,0.0,0.0"
1747092233.0194051,"-5.0,0.0,0.0","-82.0,0.0,0.0","-7.0,0.0,0.0","-7.0,0.0,0.0"
1747092233.069608,"-6.0,0.0,0.0","-82.0,0.0,0.0","-7.0,0.0,0.0","-7.0,0.0,0.0"
1747092233.122337,"-7.0,0.0,0.0","-82.0,0.0,0.0","-7.0,0.0,0.0","-7.0,0.0,0.0"
1747092233.1746144,"-9.0,0.0,0.0","-82.0,0.0,0.0","-5.0,0.0,0.0","-7.0,0.0,0.0"
1747092233.224767,"-9.0,0.0,0.0","-82.0,0.0,0.0","-3.0,0.0,0.0","-7.0,0.0,0.0"
1747092233.2762527,"-10.0,0.0,0.0","-82.0,0.0,0.0","0.0,0.0,0.0","-7.0,0.0,0.0"
1747092233.3272336,"-10.0,0.0,0.0","-82.0,0.0,0.0","0.0,0.0,0.0","-7.0,0.0,0.0"
1747092233.378206,"-11.0,0.0,0.0","-82.0,0.0,0.0","3.0,0.0,0.0","-7.0,0.0,0.0"
1747092233.4283676,"-11.0,0.0,0.0","-82.0,0.0,0.0","9.0,0.0,0.0","-7.0,0.0,0.0"
1747092233.479322,"-12.0,0.0,0.0","-82.0,0.0,0.0","24.0,0.0,0.0","-7.0,0.0,0.0"
1747092233.5302835,"-12.0,0.0,0.0","-82.0,0.0,0.0","37.0,0.0,0.0","-7.0,0.0,0.0"
1747092233.5814376,"-12.0,0.0,0.0","-82.0,0.0,0.0","52.0,0.0,0.0","-7.0,0.0,0.0"
1747092233.6315045,"-12.0,0.0,0.0","-82.0,0.0,0.0","59.0,0.0,0.0","-7.0,0.0,0.0"
1747092233.6815083,"-12.0,0.0,0.0","-81.0,0.0,0.0","66.0,0.0,0.0","-8.0,0.0,0.0"
1747092233.7323322,"-11.0,0.0,0.0","-81.0,0.0,0.0","80.0,0.0,0.0","-8.0,0.0,0.0"
1747092233.7836313,"-11.0,0.0,0.0","-81.0,0.0,0.0","88.0,0.0,0.0","-8.0,0.0,0.0"
1747092233.8341901,"-11.0,0.0,0.0","-81.0,0.0,0.0","92.0,0.0,0.0","-8.0,0.0,0.0"
1747092233.884988,"-11.0,0.0,0.0","-81.0,0.0,0.0","99.0,0.0,0.0","-8.0,0.0,0.0"
1747092233.9355125,"-12.0,0.0,0.0","-81.0,0.0,0.0","102.0,0.0,0.0","-8.0,0.0,0.0"
1747092233.9855266,"-12.0,0.0,0.0","-81.0,0.0,0.0","105.0,0.0,0.0","-8.0,0.0,0.0"
1747092234.0358663,"-13.0,0.0,0.0","-81.0,0.0,0.0","109.0,0.0,0.0","-8.0,0.0,0.0"
1747092234.0864935,"-13.0,0.0,0.0","-81.0,0.0,0.0","111.0,0.0,0.0","-8.0,0.0,0.0"
1747092234.137781,"-14.0,0.0,0.0","-81.0,0.0,0.0","112.0,0.0,0.0","-8.0,0.0,0.0"
1747092234.1890564,"-14.0,0.0,0.0","-81.0,0.0,0.0","113.0,0.0,0.0","-8.0,0.0,0.0"
1747092234.2400014,"-15.0,0.0,0.0","-81.0,0.0,0.0","113.0,0.0,0.0","-8.0,0.0,0.0"
1747092234.290568,"-15.0,0.0,0.0","-81.0,0.0,0.0","113.0,0.0,0.0","-8.0,0.0,0.0"
1747092234.3416786,"-14.0,0.0,0.0","-81.0,0.0,0.0","113.0,0.0,0.0","-8.0,0.0,0.0"
1747092234.3922842,"-14.0,0.0,0.0","-81.0,0.0,0.0","113.0,0.0,0.0","-8.0,0.0,0.0"
1747092234.4432476,"-14.0,0.0,0.0","-81.0,0.0,0.0","112.0,0.0,0.0","-8.0,0.0,0.0"
1747092234.4934986,"-14.0,0.0,0.0","-81.0,0.0,0.0","106.0,0.0,0.0","-7.0,0.0,0.0"
1747092234.5441108,"-14.0,0.0,0.0","-81.0,0.0,0.0","103.0,0.0,0.0","-7.0,0.0,0.0"
1747092234.5949647,"-14.0,0.0,0.0","-82.0,0.0,0.0","96.0,0.0,0.0","-7.0,0.0,0.0"
1747092234.6466713,"-14.0,0.0,0.0","-82.0,0.0,0.0","93.0,0.0,0.0","-7.0,0.0,0.0"
1747092234.6973274,"-13.0,0.0,0.0","-82.0,0.0,0.0","86.0,0.0,0.0","-7.0,0.0,0.0"
1747092234.7476633,"-11.0,0.0,0.0","-82.0,0.0,0.0","78.0,0.0,0.0","-7.0,0.0,0.0"
1747092234.7993014,"-11.0,0.0,0.0","-82.0,0.0,0.0","72.0,0.0,0.0","-7.0,0.0,0.0"
1747092234.8495595,"-11.0,0.0,0.0","-82.0,0.0,0.0","65.0,0.0,0.0","-7.0,0.0,0.0"
1747092234.900272,"-10.0,0.0,0.0","-82.0,0.0,0.0","55.0,0.0,0.0","-8.0,0.0,0.0"
1747092234.9509187,"-9.0,0.0,0.0","-82.0,0.0,0.0","45.0,0.0,0.0","-8.0,0.0,0.0"
1747092235.0010455,"-9.0,0.0,0.0","-82.0,0.0,0.0","38.0,0.0,0.0","-8.0,0.0,0.0"
1747092235.051211,"-8.0,0.0,0.0","-81.0,0.0,0.0","24.0,0.0,0.0","-8.0,0.0,0.0"
1747092235.1019235,"-7.0,0.0,0.0","-81.0,0.0,0.0","19.0,0.0,0.0","-8.0,0.0,0.0"
1747092235.1523159,"-6.0,0.0,0.0","-81.0,0.0,0.0","11.0,0.0,0.0","-8.0,0.0,0.0"
1747092235.213387,"-6.0,0.0,0.0","-81.0,0.0,0.0","-2.0,0.0,0.0","-9.0,0.0,0.0"
1747092235.2635672,"-5.0,0.0,0.0","-81.0,0.0,0.0","-5.0,0.0,0.0","-9.0,0.0,0.0"
1747092235.3136494,"-6.0,0.0,0.0","-81.0,0.0,0.0","-6.0,0.0,0.0","-9.0,0.0,0.0"
1747092235.3642206,"-7.0,0.0,0.0","-81.0,0.0,0.0","-6.0,0.0,0.0","-8.0,0.0,0.0"
1747092235.414444,"-7.0,0.0,0.0","-81.0,0.0,0.0","-5.0,0.0,0.0","-8.0,0.0,0.0"
1747092235.4647481,"-8.0,0.0,0.0","-82.0,0.0,0.0","-4.0,0.0,0.0","-8.0,0.0,0.0"
1747092235.515073,"-8.0,0.0,0.0","-82.0,0.0,0.0","-1.0,0.0,0.0","-7.0,0.0,0.0"
1747092235.5655377,"-9.0,0.0,0.0","-82.0,0.0,0.0","0.0,0.0,0.0","-8.0,0.0,0.0"
1747092235.6167102,"-9.0,0.0,0.0","-82.0,0.0,0.0","1.0,0.0,0.0","-7.0,0.0,0.0"
1747092235.6675706,"-11.0,0.0,0.0","-82.0,0.0,0.0","13.0,0.0,0.0","-7.0,0.0,0.0"
1747092235.718502,"-12.0,0.0,0.0","-82.0,0.0,0.0","22.0,0.0,0.0","-7.0,0.0,0.0"
1747092235.7686546,"-15.0,0.0,0.0","-82.0,0.0,0.0","49.0,0.0,0.0","-8.0,0.0,0.0"
1747092235.8194613,"-17.0,0.0,0.0","-82.0,0.0,0.0","59.0,0.0,0.0","-7.0,0.0,0.0"
1747092235.8707745,"-18.0,0.0,0.0","-82.0,0.0,0.0","67.0,0.0,0.0","-7.0,0.0,0.0"
1747092235.9214184,"-19.0,0.0,0.0","-81.0,0.0,0.0","81.0,0.0,0.0","-8.0,0.0,0.0"
1747092235.9719558,"-18.0,0.0,0.0","-81.0,0.0,0.0","86.0,0.0,0.0","-8.0,0.0,0.0"
1747092236.0223832,"-18.0,0.0,0.0","-81.0,0.0,0.0","91.0,0.0,0.0","-8.0,0.0,0.0"
1747092236.073058,"-17.0,0.0,0.0","-81.0,0.0,0.0","97.0,0.0,0.0","-8.0,0.0,0.0"
1747092236.1241424,"-17.0,0.0,0.0","-81.0,0.0,0.0","100.0,0.0,0.0","-8.0,0.0,0.0"
1747092236.174298,"-17.0,0.0,0.0","-81.0,0.0,0.0","108.0,0.0,0.0","-8.0,0.0,0.0"
1747092236.2253647,"-17.0,0.0,0.0","-81.0,0.0,0.0","111.0,0.0,0.0","-8.0,0.0,0.0"
1747092236.2754717,"-17.0,0.0,0.0","-81.0,0.0,0.0","114.0,0.0,0.0","-8.0,0.0,0.0"
1747092236.325615,"-17.0,0.0,0.0","-81.0,0.0,0.0","116.0,0.0,0.0","-8.0,0.0,0.0"
1747092236.3770313,"-17.0,0.0,0.0","-81.0,0.0,0.0","119.0,0.0,0.0","-8.0,0.0,0.0"
1747092236.4294376,"-17.0,0.0,0.0","-81.0,0.0,0.0","121.0,0.0,0.0","-8.0,0.0,0.0"
1747092236.4805894,"-18.0,0.0,0.0","-81.0,0.0,0.0","122.0,0.0,0.0","-7.0,0.0,0.0"
1747092236.531448,"-18.0,0.0,0.0","-81.0,0.0,0.0","123.0,0.0,0.0","-7.0,0.0,0.0"
1747092236.582318,"-19.0,0.0,0.0","-81.0,0.0,0.0","125.0,0.0,0.0","-7.0,0.0,0.0"
1747092236.6327279,"-19.0,0.0,0.0","-81.0,0.0,0.0","125.0,0.0,0.0","-7.0,0.0,0.0"
1747092236.6832652,"-19.0,0.0,0.0","-81.0,0.0,0.0","125.0,0.0,0.0","-7.0,0.0,0.0"
1747092236.7338212,"-20.0,0.0,0.0","-81.0,0.0,0.0","125.0,0.0,0.0","-7.0,0.0,0.0"
1747092236.7846773,"-20.0,0.0,0.0","-81.0,0.0,0.0","125.0,0.0,0.0","-7.0,0.0,0.0"
1747092236.836017,"-20.0,0.0,0.0","-81.0,0.0,0.0","124.0,0.0,0.0","-7.0,0.0,0.0"
1747092236.8863463,"-20.0,0.0,0.0","-81.0,0.0,0.0","124.0,0.0,0.0","-7.0,0.0,0.0"
1747092236.9364467,"-20.0,0.0,0.0","-81.0,0.0,0.0","124.0,0.0,0.0","-7.0,0.0,0.0"
1747092236.9867475,"-20.0,0.0,0.0","-81.0,0.0,0.0","124.0,0.0,0.0","-7.0,0.0,0.0"
1747092237.0375113,"-21.0,0.0,0.0","-82.0,0.0,0.0","123.0,0.0,0.0","-7.0,0.0,0.0"
1747092237.088115,"-21.0,0.0,0.0","-82.0,0.0,0.0","123.0,0.0,0.0","-7.0,0.0,0.0"
1747092237.1383023,"-21.0,0.0,0.0","-82.0,0.0,0.0","123.0,0.0,0.0","-7.0,0.0,0.0"
1747092237.1890962,"-21.0,0.0,0.0","-82.0,0.0,0.0","123.0,0.0,0.0","-7.0,0.0,0.0"
1747092237.2395873,"-21.0,0.0,0.0","-82.0,0.0,0.0","123.0,0.0,0.0","-7.0,0.0,0.0"
1747092237.2898946,"-21.0,0.0,0.0","-82.0,0.0,0.0","123.0,0.0,0.0","-7.0,0.0,0.0"
1747092237.3405366,"-21.0,0.0,0.0","-82.0,0.0,0.0","122.0,0.0,0.0","-7.0,0.0,0.0"
1747092237.3908157,"-21.0,0.0,0.0","-82.0,0.0,0.0","122.0,0.0,0.0","-7.0,0.0,0.0"
1747092237.440937,"-21.0,0.0,0.0","-82.0,0.0,0.0","121.0,0.0,0.0","-7.0,0.0,0.0"
1747092237.490939,"-20.0,0.0,0.0","-82.0,0.0,0.0","121.0,0.0,0.0","-7.0,0.0,0.0"
1747092237.5418282,"-20.0,0.0,0.0","-82.0,0.0,0.0","120.0,0.0,0.0","-7.0,0.0,0.0"
1747092237.5936353,"-20.0,0.0,0.0","-82.0,0.0,0.0","120.0,0.0,0.0","-7.0,0.0,0.0"
1747092237.6445522,"-20.0,0.0,0.0","-82.0,0.0,0.0","119.0,0.0,0.0","-7.0,0.0,0.0"
1747092237.694628,"-20.0,0.0,0.0","-82.0,0.0,0.0","115.0,0.0,0.0","-7.0,0.0,0.0"
1747092237.7450771,"-20.0,0.0,0.0","-81.0,0.0,0.0","111.0,0.0,0.0","-8.0,0.0,0.0"
1747092237.7960281,"-19.0,0.0,0.0","-81.0,0.0,0.0","104.0,0.0,0.0","-9.0,0.0,0.0"
1747092237.8462725,"-19.0,0.0,0.0","-81.0,0.0,0.0","101.0,0.0,0.0","-9.0,0.0,0.0"
1747092237.8965204,"-19.0,0.0,0.0","-81.0,0.0,0.0","98.0,0.0,0.0","-9.0,0.0,0.0"
1747092237.947481,"-19.0,0.0,0.0","-81.0,0.0,0.0","95.0,0.0,0.0","-9.0,0.0,0.0"
1747092237.9977508,"-19.0,0.0,0.0","-81.0,0.0,0.0","83.0,0.0,0.0","-9.0,0.0,0.0"
1747092238.048363,"-20.0,0.0,0.0","-81.0,0.0,0.0","76.0,0.0,0.0","-9.0,0.0,0.0"
1747092238.0984712,"-20.0,0.0,0.0","-82.0,0.0,0.0","68.0,0.0,0.0","-8.0,0.0,0.0"
1747092238.14916,"-21.0,0.0,0.0","-82.0,0.0,0.0","54.0,0.0,0.0","-8.0,0.0,0.0"
1747092238.1992097,"-22.0,0.0,0.0","-82.0,0.0,0.0","34.0,0.0,0.0","-8.0,0.0,0.0"
1747092238.2493668,"-22.0,0.0,0.0","-82.0,0.0,0.0","26.0,0.0,0.0","-8.0,0.0,0.0"
1747092238.3002365,"-28.0,0.0,0.0","-82.0,0.0,0.0","9.0,0.0,0.0","-8.0,0.0,0.0"
1747092238.3504887,"-32.0,0.0,0.0","-82.0,0.0,0.0","5.0,0.0,0.0","-8.0,0.0,0.0"
1747092238.4005802,"-42.0,0.0,0.0","-82.0,0.0,0.0","3.0,0.0,0.0","-8.0,0.0,0.0"
1747092238.4511538,"-49.0,0.0,0.0","-82.0,0.0,0.0","4.0,0.0,0.0","-8.0,0.0,0.0"
1747092238.5019765,"-54.0,0.0,0.0","-82.0,0.0,0.0","5.0,0.0,0.0","-7.0,0.0,0.0"
1747092238.5524826,"-66.0,0.0,0.0","-83.0,0.0,0.0","4.0,0.0,0.0","-6.0,0.0,0.0"
1747092238.6026647,"-69.0,0.0,0.0","-83.0,0.0,0.0","3.0,0.0,0.0","-5.0,0.0,0.0"
1747092238.654651,"-71.0,0.0,0.0","-84.0,0.0,0.0","2.0,0.0,0.0","-4.0,0.0,0.0"
1747092238.705433,"-76.0,0.0,0.0","-84.0,0.0,0.0","2.0,0.0,0.0","-3.0,0.0,0.0"
1747092238.7562923,"-80.0,0.0,0.0","-83.0,0.0,0.0","3.0,0.0,0.0","-3.0,0.0,0.0"
1747092238.8064156,"-84.0,0.0,0.0","-83.0,0.0,0.0","1.0,0.0,0.0","-4.0,0.0,0.0"
1747092238.8568337,"-85.0,0.0,0.0","-83.0,0.0,0.0","0.0,0.0,0.0","-4.0,0.0,0.0"
1747092238.9069908,"-86.0,0.0,0.0","-82.0,0.0,0.0","0.0,0.0,0.0","-4.0,0.0,0.0"
1747092238.9571931,"-87.0,0.0,0.0","-82.0,0.0,0.0","0.0,0.0,0.0","-3.0,0.0,0.0"
1747092239.0078769,"-87.0,0.0,0.0","-81.0,0.0,0.0","0.0,0.0,0.0","-3.0,0.0,0.0"
1747092239.0585513,"-87.0,0.0,0.0","-80.0,0.0,0.0","-1.0,0.0,0.0","-5.0,0.0,0.0"
1747092239.1092288,"-87.0,0.0,0.0","-79.0,0.0,0.0","-2.0,0.0,0.0","-3.0,0.0,0.0"
1747092239.1596372,"-88.0,0.0,0.0","-76.0,0.0,0.0","0.0,0.0,0.0","5.0,0.0,0.0"
1747092239.2102964,"-88.0,0.0,0.0","-74.0,0.0,0.0","0.0,0.0,0.0","10.0,0.0,0.0"
1747092239.26043,"-88.0,0.0,0.0","-71.0,0.0,0.0","0.0,0.0,0.0","16.0,0.0,0.0"
1747092239.3104978,"-88.0,0.0,0.0","-62.0,0.0,0.0","0.0,0.0,0.0","19.0,0.0,0.0"
1747092239.3612132,"-88.0,0.0,0.0","-57.0,0.0,0.0","1.0,0.0,0.0","27.0,0.0,0.0"
1747092239.4113984,"-88.0,0.0,0.0","-51.0,0.0,0.0","1.0,0.0,0.0","28.0,0.0,0.0"
1747092239.4614,"-88.0,0.0,0.0","-24.0,0.0,0.0","0.0,0.0,0.0","20.0,0.0,0.0"
1747092239.5117826,"-88.0,0.0,0.0","-19.0,0.0,0.0","0.0,0.0,0.0","22.0,0.0,0.0"
1747092239.5624938,"-88.0,0.0,0.0","-16.0,0.0,0.0","0.0,0.0,0.0","27.0,0.0,0.0"
1747092239.6132805,"-88.0,0.0,0.0","-5.0,0.0,0.0","0.0,0.0,0.0","25.0,0.0,0.0"
1747092239.663355,"-88.0,0.0,0.0","1.0,0.0,0.0","0.0,0.0,0.0","16.0,0.0,0.0"
1747092239.713598,"-88.0,0.0,0.0","5.0,0.0,0.0","0.0,0.0,0.0","13.0,0.0,0.0"
1747092239.7638764,"-88.0,0.0,0.0","7.0,0.0,0.0","0.0,0.0,0.0","12.0,0.0,0.0"
1747092239.8143644,"-88.0,0.0,0.0","7.0,0.0,0.0","0.0,0.0,0.0","12.0,0.0,0.0"
1747092239.8644936,"-88.0,0.0,0.0","8.0,0.0,0.0","0.0,0.0,0.0","11.0,0.0,0.0"
1747092239.9151382,"-88.0,0.0,0.0","8.0,0.0,0.0","0.0,0.0,0.0","11.0,0.0,0.0"
1747092239.9654691,"-88.0,0.0,0.0","8.0,0.0,0.0","0.0,0.0,0.0","11.0,0.0,0.0"
1747092240.016705,"-88.0,0.0,0.0","7.0,0.0,0.0","0.0,0.0,0.0","10.0,0.0,0.0"
1747092240.0675118,"-88.0,0.0,0.0","7.0,0.0,0.0","0.0,0.0,0.0","9.0,0.0,0.0"
1747092240.1175773,"-88.0,0.0,0.0","6.0,0.0,0.0","0.0,0.0,0.0","10.0,0.0,0.0"
1747092240.1682303,"-88.0,0.0,0.0","5.0,0.0,0.0","0.0,0.0,0.0","10.0,0.0,0.0"
1747092240.219256,"-88.0,0.0,0.0","3.0,0.0,0.0","0.0,0.0,0.0","15.0,0.0,0.0"
1747092240.2792737,"-88.0,0.0,0.0","-1.0,0.0,0.0","0.0,0.0,0.0","25.0,0.0,0.0"
1747092240.329505,"-88.0,0.0,0.0","-2.0,0.0,0.0","0.0,0.0,0.0","30.0,0.0,0.0"
1747092240.3801472,"-88.0,0.0,0.0","-6.0,0.0,0.0","0.0,0.0,0.0","47.0,0.0,0.0"
1747092240.4305973,"-88.0,0.0,0.0","-10.0,0.0,0.0","1.0,0.0,0.0","66.0,0.0,0.0"
1747092240.481499,"-88.0,0.0,0.0","-11.0,0.0,0.0","1.0,0.0,0.0","73.0,0.0,0.0"
1747092240.53271,"-88.0,0.0,0.0","-12.0,0.0,0.0","1.0,0.0,0.0","78.0,0.0,0.0"
1747092240.583092,"-88.0,0.0,0.0","-12.0,0.0,0.0","1.0,0.0,0.0","87.0,0.0,0.0"
1747092240.6332273,"-88.0,0.0,0.0","-11.0,0.0,0.0","1.0,0.0,0.0","90.0,0.0,0.0"
1747092240.683781,"-88.0,0.0,0.0","-12.0,0.0,0.0","1.0,0.0,0.0","96.0,0.0,0.0"
1747092240.7342145,"-88.0,0.0,0.0","-11.0,0.0,0.0","1.0,0.0,0.0","103.0,0.0,0.0"
1747092240.7842648,"-88.0,0.0,0.0","-11.0,0.0,0.0","1.0,0.0,0.0","105.0,0.0,0.0"
1747092240.8348975,"-88.0,0.0,0.0","-11.0,0.0,0.0","1.0,0.0,0.0","106.0,0.0,0.0"
1747092240.8876143,"-88.0,0.0,0.0","-10.0,0.0,0.0","1.0,0.0,0.0","108.0,0.0,0.0"
1747092240.938328,"-87.0,0.0,0.0","-10.0,0.0,0.0","0.0,0.0,0.0","111.0,0.0,0.0"
1747092240.9884915,"-87.0,0.0,0.0","-11.0,0.0,0.0","0.0,0.0,0.0","114.0,0.0,0.0"
1747092241.0392265,"-87.0,0.0,0.0","-12.0,0.0,0.0","0.0,0.0,0.0","115.0,0.0,0.0"
1747092241.089341,"-87.0,0.0,0.0","-14.0,0.0,0.0","0.0,0.0,0.0","118.0,0.0,0.0"
1747092241.1402073,"-87.0,0.0,0.0","-14.0,0.0,0.0","0.0,0.0,0.0","119.0,0.0,0.0"
1747092241.1903462,"-87.0,0.0,0.0","-14.0,0.0,0.0","0.0,0.0,0.0","120.0,0.0,0.0"
1747092241.2406056,"-87.0,0.0,0.0","-15.0,0.0,0.0","0.0,0.0,0.0","119.0,0.0,0.0"
1747092241.2914035,"-87.0,0.0,0.0","-15.0,0.0,0.0","0.0,0.0,0.0","119.0,0.0,0.0"
1747092241.34144,"-87.0,0.0,0.0","-16.0,0.0,0.0","0.0,0.0,0.0","119.0,0.0,0.0"
1747092241.3915715,"-87.0,0.0,0.0","-16.0,0.0,0.0","0.0,0.0,0.0","109.0,0.0,0.0"
1747092241.442313,"-87.0,0.0,0.0","-16.0,0.0,0.0","0.0,0.0,0.0","104.0,0.0,0.0"
1747092241.4930527,"-87.0,0.0,0.0","-15.0,0.0,0.0","0.0,0.0,0.0","100.0,0.0,0.0"
1747092241.5433517,"-88.0,0.0,0.0","-14.0,0.0,0.0","0.0,0.0,0.0","91.0,0.0,0.0"
1747092241.5937421,"-88.0,0.0,0.0","-12.0,0.0,0.0","0.0,0.0,0.0","84.0,0.0,0.0"
1747092241.644199,"-88.0,0.0,0.0","-10.0,0.0,0.0","0.0,0.0,0.0","78.0,0.0,0.0"
1747092241.6943052,"-88.0,0.0,0.0","2.0,0.0,0.0","0.0,0.0,0.0","47.0,0.0,0.0"
1747092241.7443287,"-88.0,0.0,0.0","4.0,0.0,0.0","0.0,0.0,0.0","38.0,0.0,0.0"
1747092241.794369,"-88.0,0.0,0.0","5.0,0.0,0.0","0.0,0.0,0.0","31.0,0.0,0.0"
1747092241.8443925,"-88.0,0.0,0.0","6.0,0.0,0.0","0.0,0.0,0.0","15.0,0.0,0.0"
1747092241.8950315,"-88.0,0.0,0.0","6.0,0.0,0.0","0.0,0.0,0.0","11.0,0.0,0.0"
1747092241.9453664,"-88.0,0.0,0.0","5.0,0.0,0.0","0.0,0.0,0.0","7.0,0.0,0.0"
1747092241.996076,"-88.0,0.0,0.0","3.0,0.0,0.0","0.0,0.0,0.0","0.0,0.0,0.0"
1747092242.046651,"-88.0,0.0,0.0","1.0,0.0,0.0","1.0,0.0,0.0","0.0,0.0,0.0"
1747092242.0967326,"-88.0,0.0,0.0","1.0,0.0,0.0","1.0,0.0,0.0","-1.0,0.0,0.0"
1747092242.147213,"-88.0,0.0,0.0","1.0,0.0,0.0","1.0,0.0,0.0","-2.0,0.0,0.0"
1747092242.1981845,"-88.0,0.0,0.0","0.0,0.0,0.0","1.0,0.0,0.0","-1.0,0.0,0.0"
1747092242.2491512,"-88.0,0.0,0.0","0.0,0.0,0.0","1.0,0.0,0.0","0.0,0.0,0.0"
1747092242.2994533,"-88.0,0.0,0.0","0.0,0.0,0.0","1.0,0.0,0.0","3.0,0.0,0.0"
1747092242.3494785,"-88.0,0.0,0.0","0.0,0.0,0.0","1.0,0.0,0.0","9.0,0.0,0.0"
1747092242.400245,"-88.0,0.0,0.0","0.0,0.0,0.0","1.0,0.0,0.0","16.0,0.0,0.0"
1747092242.4503868,"-88.0,0.0,0.0","0.0,0.0,0.0","1.0,0.0,0.0","30.0,0.0,0.0"
1747092242.5044637,"-88.0,0.0,0.0","-1.0,0.0,0.0","1.0,0.0,0.0","36.0,0.0,0.0"
1747092242.5546126,"-88.0,0.0,0.0","-2.0,0.0,0.0","1.0,0.0,0.0","50.0,0.0,0.0"
1747092242.605233,"-88.0,0.0,0.0","-5.0,0.0,0.0","1.0,0.0,0.0","65.0,0.0,0.0"
1747092242.6561494,"-88.0,0.0,0.0","-6.0,0.0,0.0","1.0,0.0,0.0","70.0,0.0,0.0"
1747092242.7079535,"-88.0,0.0,0.0","-5.0,0.0,0.0","1.0,0.0,0.0","75.0,0.0,0.0"
1747092242.7584212,"-88.0,0.0,0.0","-6.0,0.0,0.0","1.0,0.0,0.0","82.0,0.0,0.0"
1747092242.8091495,"-88.0,0.0,0.0","-7.0,0.0,0.0","1.0,0.0,0.0","90.0,0.0,0.0"
1747092242.860086,"-88.0,0.0,0.0","-7.0,0.0,0.0","1.0,0.0,0.0","94.0,0.0,0.0"
1747092242.9106693,"-88.0,0.0,0.0","-8.0,0.0,0.0","1.0,0.0,0.0","101.0,0.0,0.0"
1747092242.9614491,"-88.0,0.0,0.0","-9.0,0.0,0.0","1.0,0.0,0.0","103.0,0.0,0.0"
1747092243.0118556,"-88.0,0.0,0.0","-10.0,0.0,0.0","1.0,0.0,0.0","108.0,0.0,0.0"
1747092243.062442,"-88.0,0.0,0.0","-12.0,0.0,0.0","1.0,0.0,0.0","114.0,0.0,0.0"
1747092243.1125112,"-88.0,0.0,0.0","-14.0,0.0,0.0","1.0,0.0,0.0","119.0,0.0,0.0"
1747092243.1625693,"-88.0,0.0,0.0","-15.0,0.0,0.0","1.0,0.0,0.0","122.0,0.0,0.0"
1747092243.2132266,"-88.0,0.0,0.0","-17.0,0.0,0.0","1.0,0.0,0.0","126.0,0.0,0.0"
1747092243.263317,"-88.0,0.0,0.0","-17.0,0.0,0.0","1.0,0.0,0.0","126.0,0.0,0.0"
1747092243.3142347,"-88.0,0.0,0.0","-18.0,0.0,0.0","1.0,0.0,0.0","126.0,0.0,0.0"
1747092243.3646007,"-88.0,0.0,0.0","-18.0,0.0,0.0","1.0,0.0,0.0","126.0,0.0,0.0"
1747092243.4147043,"-88.0,0.0,0.0","-18.0,0.0,0.0","1.0,0.0,0.0","125.0,0.0,0.0"
1747092243.4651136,"-88.0,0.0,0.0","-19.0,0.0,0.0","1.0,0.0,0.0","125.0,0.0,0.0"
1747092243.5173395,"-88.0,0.0,0.0","-19.0,0.0,0.0","1.0,0.0,0.0","122.0,0.0,0.0"
1747092243.567582,"-88.0,0.0,0.0","-19.0,0.0,0.0","1.0,0.0,0.0","120.0,0.0,0.0"
1747092243.6192071,"-88.0,0.0,0.0","-19.0,0.0,0.0","1.0,0.0,0.0","115.0,0.0,0.0"
1747092243.6701515,"-88.0,0.0,0.0","-17.0,0.0,0.0","1.0,0.0,0.0","102.0,0.0,0.0"
1747092243.7203014,"-88.0,0.0,0.0","-14.0,0.0,0.0","1.0,0.0,0.0","95.0,0.0,0.0"
1747092243.7703867,"-88.0,0.0,0.0","-13.0,0.0,0.0","1.0,0.0,0.0","91.0,0.0,0.0"
1747092243.8204947,"-88.0,0.0,0.0","-8.0,0.0,0.0","1.0,0.0,0.0","78.0,0.0,0.0"
1747092243.870555,"-88.0,0.0,0.0","-6.0,0.0,0.0","1.0,0.0,0.0","72.0,0.0,0.0"
1747092243.9216576,"-88.0,0.0,0.0","3.0,0.0,0.0","1.0,0.0,0.0","51.0,0.0,0.0"
1747092243.9721375,"-88.0,0.0,0.0","7.0,0.0,0.0","1.0,0.0,0.0","40.0,0.0,0.0"
1747092244.022743,"-88.0,0.0,0.0","10.0,0.0,0.0","1.0,0.0,0.0","31.0,0.0,0.0"
1747092244.072864,"-88.0,0.0,0.0","11.0,0.0,0.0","1.0,0.0,0.0","17.0,0.0,0.0"
1747092244.1230197,"-88.0,0.0,0.0","12.0,0.0,0.0","1.0,0.0,0.0","8.0,0.0,0.0"
1747092244.173196,"-88.0,0.0,0.0","11.0,0.0,0.0","1.0,0.0,0.0","3.0,0.0,0.0"
1747092244.2237725,"-88.0,0.0,0.0","10.0,0.0,0.0","1.0,0.0,0.0","1.0,0.0,0.0"
1747092244.273921,"-88.0,0.0,0.0","9.0,0.0,0.0","1.0,0.0,0.0","0.0,0.0,0.0"
1747092244.3243902,"-88.0,0.0,0.0","8.0,0.0,0.0","1.0,0.0,0.0","0.0,0.0,0.0"
1747092244.375174,"-88.0,0.0,0.0","8.0,0.0,0.0","1.0,0.0,0.0","1.0,0.0,0.0"
1747092244.425254,"-88.0,0.0,0.0","7.0,0.0,0.0","1.0,0.0,0.0","3.0,0.0,0.0"
1747092244.4756675,"-88.0,0.0,0.0","6.0,0.0,0.0","1.0,0.0,0.0","6.0,0.0,0.0"
1747092244.5258563,"-88.0,0.0,0.0","5.0,0.0,0.0","1.0,0.0,0.0","9.0,0.0,0.0"
1747092244.576252,"-88.0,0.0,0.0","5.0,0.0,0.0","1.0,0.0,0.0","19.0,0.0,0.0"
1747092244.6268096,"-88.0,0.0,0.0","5.0,0.0,0.0","1.0,0.0,0.0","26.0,0.0,0.0"
1747092244.6773648,"-88.0,0.0,0.0","5.0,0.0,0.0","1.0,0.0,0.0","32.0,0.0,0.0"
1747092244.7282925,"-88.0,0.0,0.0","0.0,0.0,0.0","1.0,0.0,0.0","51.0,0.0,0.0"
1747092244.7784722,"-88.0,0.0,0.0","-3.0,0.0,0.0","1.0,0.0,0.0","60.0,0.0,0.0"
1747092244.8291976,"-88.0,0.0,0.0","-5.0,0.0,0.0","1.0,0.0,0.0","71.0,0.0,0.0"
1747092244.8792222,"-88.0,0.0,0.0","-9.0,0.0,0.0","1.0,0.0,0.0","84.0,0.0,0.0"
1747092244.9293458,"-88.0,0.0,0.0","-10.0,0.0,0.0","0.0,0.0,0.0","88.0,0.0,0.0"
1747092244.97951,"-88.0,0.0,0.0","-10.0,0.0,0.0","0.0,0.0,0.0","91.0,0.0,0.0"
1747092245.0301266,"-88.0,0.0,0.0","-10.0,0.0,0.0","0.0,0.0,0.0","98.0,0.0,0.0"
1747092245.0802388,"-88.0,0.0,0.0","-10.0,0.0,0.0","0.0,0.0,0.0","104.0,0.0,0.0"
1747092245.131143,"-88.0,0.0,0.0","-11.0,0.0,0.0","0.0,0.0,0.0","108.0,0.0,0.0"
1747092245.181377,"-88.0,0.0,0.0","-12.0,0.0,0.0","0.0,0.0,0.0","113.0,0.0,0.0"
1747092245.2320664,"-88.0,0.0,0.0","-12.0,0.0,0.0","0.0,0.0,0.0","116.0,0.0,0.0"
1747092245.2821686,"-88.0,0.0,0.0","-12.0,0.0,0.0","0.0,0.0,0.0","118.0,0.0,0.0"
1747092245.3402739,"-88.0,0.0,0.0","-13.0,0.0,0.0","0.0,0.0,0.0","122.0,0.0,0.0"
1747092245.3912117,"-88.0,0.0,0.0","-13.0,0.0,0.0","1.0,0.0,0.0","122.0,0.0,0.0"
1747092245.4421363,"-88.0,0.0,0.0","-13.0,0.0,0.0","1.0,0.0,0.0","122.0,0.0,0.0"
1747092245.492348,"-88.0,0.0,0.0","-13.0,0.0,0.0","1.0,0.0,0.0","121.0,0.0,0.0"
1747092245.5430207,"-88.0,0.0,0.0","-14.0,0.0,0.0","1.0,0.0,0.0","121.0,0.0,0.0"
1747092245.5936515,"-88.0,0.0,0.0","-14.0,0.0,0.0","1.0,0.0,0.0","120.0,0.0,0.0"
1747092245.6444366,"-88.0,0.0,0.0","-16.0,0.0,0.0","1.0,0.0,0.0","115.0,0.0,0.0"
1747092245.694542,"-88.0,0.0,0.0","-16.0,0.0,0.0","1.0,0.0,0.0","111.0,0.0,0.0"
1747092245.7450721,"-88.0,0.0,0.0","-17.0,0.0,0.0","1.0,0.0,0.0","107.0,0.0,0.0"
1747092245.7952926,"-88.0,0.0,0.0","-16.0,0.0,0.0","1.0,0.0,0.0","104.0,0.0,0.0"
1747092245.8453538,"-88.0,0.0,0.0","-16.0,0.0,0.0","1.0,0.0,0.0","96.0,0.0,0.0"
1747092245.8956196,"-88.0,0.0,0.0","-15.0,0.0,0.0","1.0,0.0,0.0","88.0,0.0,0.0"
1747092245.9465754,"-88.0,0.0,0.0","-14.0,0.0,0.0","1.0,0.0,0.0","82.0,0.0,0.0"
1747092245.9971843,"-88.0,0.0,0.0","-13.0,0.0,0.0","1.0,0.0,0.0","72.0,0.0,0.0"
1747092246.0472252,"-88.0,0.0,0.0","-11.0,0.0,0.0","1.0,0.0,0.0","65.0,0.0,0.0"
1747092246.0972872,"-88.0,0.0,0.0","-9.0,0.0,0.0","1.0,0.0,0.0","58.0,0.0,0.0"
1747092246.147558,"-88.0,0.0,0.0","-2.0,0.0,0.0","1.0,0.0,0.0","36.0,0.0,0.0"
1747092246.197637,"-88.0,0.0,0.0","-1.0,0.0,0.0","1.0,0.0,0.0","31.0,0.0,0.0"
1747092246.2482507,"-88.0,0.0,0.0","0.0,0.0,0.0","1.0,0.0,0.0","26.0,0.0,0.0"
1747092246.2992506,"-88.0,0.0,0.0","0.0,0.0,0.0","1.0,0.0,0.0","16.0,0.0,0.0"
1747092246.350038,"-88.0,0.0,0.0","0.0,0.0,0.0","1.0,0.0,0.0","8.0,0.0,0.0"
1747092246.4005685,"-88.0,0.0,0.0","0.0,0.0,0.0","1.0,0.0,0.0","6.0,0.0,0.0"
1747092246.4513514,"-88.0,0.0,0.0","0.0,0.0,0.0","1.0,0.0,0.0","4.0,0.0,0.0"
1747092246.5036488,"-89.0,0.0,0.0","0.0,0.0,0.0","2.0,0.0,0.0","3.0,0.0,0.0"
1747092246.5539565,"-89.0,0.0,0.0","0.0,0.0,0.0","2.0,0.0,0.0","3.0,0.0,0.0"
1747092246.6042593,"-89.0,0.0,0.0","0.0,0.0,0.0","2.0,0.0,0.0","3.0,0.0,0.0"
1747092246.6549168,"-89.0,0.0,0.0","0.0,0.0,0.0","2.0,0.0,0.0","5.0,0.0,0.0"
1747092246.7052338,"-88.0,0.0,0.0","0.0,0.0,0.0","1.0,0.0,0.0","9.0,0.0,0.0"
1747092246.756157,"-88.0,0.0,0.0","-2.0,0.0,0.0","1.0,0.0,0.0","17.0,0.0,0.0"
1747092246.8067975,"-88.0,0.0,0.0","-3.0,0.0,0.0","1.0,0.0,0.0","24.0,0.0,0.0"
1747092246.8574631,"-88.0,0.0,0.0","-5.0,0.0,0.0","1.0,0.0,0.0","40.0,0.0,0.0"
1747092246.9074943,"-88.0,0.0,0.0","-6.0,0.0,0.0","1.0,0.0,0.0","47.0,0.0,0.0"
1747092246.9581952,"-88.0,0.0,0.0","-7.0,0.0,0.0","1.0,0.0,0.0","57.0,0.0,0.0"
1747092247.0091236,"-88.0,0.0,0.0","-7.0,0.0,0.0","1.0,0.0,0.0","63.0,0.0,0.0"
1747092247.0592825,"-88.0,0.0,0.0","-9.0,0.0,0.0","1.0,0.0,0.0","75.0,0.0,0.0"
1747092247.1096516,"-88.0,0.0,0.0","-9.0,0.0,0.0","1.0,0.0,0.0","80.0,0.0,0.0"
1747092247.1602821,"-88.0,0.0,0.0","-10.0,0.0,0.0","1.0,0.0,0.0","85.0,0.0,0.0"
1747092247.210412,"-89.0,0.0,0.0","-11.0,0.0,0.0","2.0,0.0,0.0","96.0,0.0,0.0"
1747092247.2613983,"-89.0,0.0,0.0","-12.0,0.0,0.0","2.0,0.0,0.0","100.0,0.0,0.0"
1747092247.3122547,"-89.0,0.0,0.0","-11.0,0.0,0.0","2.0,0.0,0.0","105.0,0.0,0.0"
1747092247.362419,"-89.0,0.0,0.0","-12.0,0.0,0.0","2.0,0.0,0.0","107.0,0.0,0.0"
1747092247.413266,"-88.0,0.0,0.0","-11.0,0.0,0.0","2.0,0.0,0.0","109.0,0.0,0.0"
1747092247.4633656,"-88.0,0.0,0.0","-11.0,0.0,0.0","2.0,0.0,0.0","114.0,0.0,0.0"
1747092247.5134974,"-88.0,0.0,0.0","-11.0,0.0,0.0","2.0,0.0,0.0","116.0,0.0,0.0"
1747092247.564077,"-88.0,0.0,0.0","-11.0,0.0,0.0","1.0,0.0,0.0","119.0,0.0,0.0"
1747092247.6144052,"-88.0,0.0,0.0","-13.0,0.0,0.0","2.0,0.0,0.0","125.0,0.0,0.0"
1747092247.664456,"-88.0,0.0,0.0","-13.0,0.0,0.0","2.0,0.0,0.0","127.0,0.0,0.0"
1747092247.715393,"-88.0,0.0,0.0","-14.0,0.0,0.0","1.0,0.0,0.0","127.0,0.0,0.0"
1747092247.765444,"-88.0,0.0,0.0","-14.0,0.0,0.0","1.0,0.0,0.0","128.0,0.0,0.0"
1747092247.8160005,"-88.0,0.0,0.0","-14.0,0.0,0.0","1.0,0.0,0.0","127.0,0.0,0.0"
1747092247.8661735,"-88.0,0.0,0.0","-15.0,0.0,0.0","1.0,0.0,0.0","126.0,0.0,0.0"
1747092247.916726,"-88.0,0.0,0.0","-15.0,0.0,0.0","1.0,0.0,0.0","126.0,0.0,0.0"
1747092247.9673762,"-88.0,0.0,0.0","-15.0,0.0,0.0","1.0,0.0,0.0","126.0,0.0,0.0"
1747092248.018148,"-88.0,0.0,0.0","-16.0,0.0,0.0","1.0,0.0,0.0","126.0,0.0,0.0"
1747092248.0681658,"-88.0,0.0,0.0","-16.0,0.0,0.0","1.0,0.0,0.0","124.0,0.0,0.0"
1747092248.1184342,"-88.0,0.0,0.0","-16.0,0.0,0.0","1.0,0.0,0.0","122.0,0.0,0.0"
1747092248.1690474,"-88.0,0.0,0.0","-17.0,0.0,0.0","1.0,0.0,0.0","113.0,0.0,0.0"
1747092248.2190819,"-88.0,0.0,0.0","-17.0,0.0,0.0","2.0,0.0,0.0","109.0,0.0,0.0"
1747092248.2693083,"-88.0,0.0,0.0","-17.0,0.0,0.0","2.0,0.0,0.0","101.0,0.0,0.0"
1747092248.3194802,"-88.0,0.0,0.0","-15.0,0.0,0.0","2.0,0.0,0.0","93.0,0.0,0.0"
1747092248.3695023,"-88.0,0.0,0.0","-12.0,0.0,0.0","2.0,0.0,0.0","87.0,0.0,0.0"
1747092248.4203305,"-88.0,0.0,0.0","-10.0,0.0,0.0","2.0,0.0,0.0","81.0,0.0,0.0"
1747092248.4711382,"-88.0,0.0,0.0","-4.0,0.0,0.0","1.0,0.0,0.0","65.0,0.0,0.0"
1747092248.5214837,"-88.0,0.0,0.0","-1.0,0.0,0.0","1.0,0.0,0.0","57.0,0.0,0.0"
1747092248.572222,"-88.0,0.0,0.0","2.0,0.0,0.0","1.0,0.0,0.0","48.0,0.0,0.0"
1747092248.6228056,"-88.0,0.0,0.0","5.0,0.0,0.0","1.0,0.0,0.0","37.0,0.0,0.0"
1747092248.6734881,"-88.0,0.0,0.0","6.0,0.0,0.0","1.0,0.0,0.0","34.0,0.0,0.0"
1747092248.7239156,"-88.0,0.0,0.0","5.0,0.0,0.0","2.0,0.0,0.0","31.0,0.0,0.0"
1747092248.7750533,"-88.0,0.0,0.0","4.0,0.0,0.0","2.0,0.0,0.0","26.0,0.0,0.0"
1747092248.8258047,"-88.0,0.0,0.0","4.0,0.0,0.0","2.0,0.0,0.0","24.0,0.0,0.0"
1747092248.876594,"-88.0,0.0,0.0","1.0,0.0,0.0","2.0,0.0,0.0","18.0,0.0,0.0"
1747092248.9270132,"-88.0,0.0,0.0","-8.0,0.0,0.0","2.0,0.0,0.0","17.0,0.0,0.0"
1747092248.977188,"-88.0,0.0,0.0","-13.0,0.0,0.0","2.0,0.0,0.0","18.0,0.0,0.0"
1747092249.0273483,"-88.0,0.0,0.0","-17.0,0.0,0.0","2.0,0.0,0.0","17.0,0.0,0.0"
1747092249.0782976,"-88.0,0.0,0.0","-20.0,0.0,0.0","2.0,0.0,0.0","13.0,0.0,0.0"
1747092249.1283176,"-88.0,0.0,0.0","-41.0,0.0,0.0","2.0,0.0,0.0","20.0,0.0,0.0"
1747092249.1785154,"-88.0,0.0,0.0","-47.0,0.0,0.0","2.0,0.0,0.0","23.0,0.0,0.0"
1747092249.2294755,"-88.0,0.0,0.0","-55.0,0.0,0.0","2.0,0.0,0.0","14.0,0.0,0.0"
1747092249.2800834,"-89.0,0.0,0.0","-60.0,0.0,0.0","2.0,0.0,0.0","12.0,0.0,0.0"
1747092249.3320026,"-89.0,0.0,0.0","-63.0,0.0,0.0","2.0,0.0,0.0","11.0,0.0,0.0"
1747092249.3829033,"-88.0,0.0,0.0","-70.0,0.0,0.0","1.0,0.0,0.0","8.0,0.0,0.0"
1747092249.4329202,"-88.0,0.0,0.0","-74.0,0.0,0.0","1.0,0.0,0.0","3.0,0.0,0.0"
1747092249.4832604,"-88.0,0.0,0.0","-76.0,0.0,0.0","1.0,0.0,0.0","1.0,0.0,0.0"
1747092249.5333424,"-88.0,0.0,0.0","-78.0,0.0,0.0","0.0,0.0,0.0","-1.0,0.0,0.0"
1747092249.5834823,"-88.0,0.0,0.0","-79.0,0.0,0.0","0.0,0.0,0.0","-3.0,0.0,0.0"
1747092249.6342309,"-88.0,0.0,0.0","-79.0,0.0,0.0","0.0,0.0,0.0","-6.0,0.0,0.0"
1747092249.6842985,"-88.0,0.0,0.0","-80.0,0.0,0.0","0.0,0.0,0.0","-6.0,0.0,0.0"
1747092249.7346542,"-88.0,0.0,0.0","-84.0,0.0,0.0","0.0,0.0,0.0","-4.0,0.0,0.0"
1747092249.785109,"-88.0,0.0,0.0","-83.0,0.0,0.0","0.0,0.0,0.0","-5.0,0.0,0.0"
1747092249.837423,"-88.0,0.0,0.0","-83.0,0.0,0.0","0.0,0.0,0.0","-6.0,0.0,0.0"
1747092249.8900447,"-88.0,0.0,0.0","-84.0,0.0,0.0","0.0,0.0,0.0","-5.0,0.0,0.0"
1747092249.9441245,"-88.0,0.0,0.0","-83.0,0.0,0.0","-1.0,0.0,0.0","-5.0,0.0,0.0"
1747092249.9943914,"-88.0,0.0,0.0","-83.0,0.0,0.0","-1.0,0.0,0.0","-4.0,0.0,0.0"
1747092250.045277,"-88.0,0.0,0.0","-83.0,0.0,0.0","-1.0,0.0,0.0","-4.0,0.0,0.0"
1747092250.095722,"-87.0,0.0,0.0","-82.0,0.0,0.0","-1.0,0.0,0.0","-4.0,0.0,0.0"
1747092250.1458442,"-87.0,0.0,0.0","-81.0,0.0,0.0","-1.0,0.0,0.0","-5.0,0.0,0.0"
1747092250.1964688,"-87.0,0.0,0.0","-80.0,0.0,0.0","0.0,0.0,0.0","-5.0,0.0,0.0"
1747092250.2473793,"-86.0,0.0,0.0","-78.0,0.0,0.0","1.0,0.0,0.0","-3.0,0.0,0.0"
1747092250.297392,"-84.0,0.0,0.0","-77.0,0.0,0.0","2.0,0.0,0.0","-2.0,0.0,0.0"
1747092250.3475168,"-75.0,0.0,0.0","-69.0,0.0,0.0","6.0,0.0,0.0","11.0,0.0,0.0"
1747092250.4074817,"-71.0,0.0,0.0","-65.0,0.0,0.0","4.0,0.0,0.0","15.0,0.0,0.0"
1747092250.4592993,"-68.0,0.0,0.0","-59.0,0.0,0.0","6.0,0.0,0.0","16.0,0.0,0.0"
1747092250.5101082,"-60.0,0.0,0.0","-46.0,0.0,0.0","7.0,0.0,0.0","25.0,0.0,0.0"
1747092250.5603476,"-53.0,0.0,0.0","-37.0,0.0,0.0","6.0,0.0,0.0","22.0,0.0,0.0"
1747092250.6111455,"-37.0,0.0,0.0","-10.0,0.0,0.0","0.0,0.0,0.0","18.0,0.0,0.0"
1747092250.6612206,"-32.0,0.0,0.0","-4.0,0.0,0.0","0.0,0.0,0.0","22.0,0.0,0.0"
1747092250.7120311,"-30.0,0.0,0.0","-1.0,0.0,0.0","4.0,0.0,0.0","26.0,0.0,0.0"
1747092250.7624521,"-27.0,0.0,0.0","7.0,0.0,0.0","6.0,0.0,0.0","15.0,0.0,0.0"
1747092250.8133898,"-19.0,0.0,0.0","18.0,0.0,0.0","7.0,0.0,0.0","8.0,0.0,0.0"
1747092250.8635554,"-16.0,0.0,0.0","21.0,0.0,0.0","4.0,0.0,0.0","7.0,0.0,0.0"
1747092250.9136806,"-15.0,0.0,0.0","22.0,0.0,0.0","6.0,0.0,0.0","10.0,0.0,0.0"
1747092250.96527,"-8.0,0.0,0.0","27.0,0.0,0.0","4.0,0.0,0.0","12.0,0.0,0.0"
1747092251.0161893,"-7.0,0.0,0.0","28.0,0.0,0.0","5.0,0.0,0.0","12.0,0.0,0.0"
1747092251.0664275,"-7.0,0.0,0.0","30.0,0.0,0.0","5.0,0.0,0.0","11.0,0.0,0.0"
1747092251.1164541,"-5.0,0.0,0.0","31.0,0.0,0.0","2.0,0.0,0.0","10.0,0.0,0.0"
1747092251.167274,"-4.0,0.0,0.0","33.0,0.0,0.0","0.0,0.0,0.0","8.0,0.0,0.0"
1747092251.2181191,"-4.0,0.0,0.0","34.0,0.0,0.0","0.0,0.0,0.0","8.0,0.0,0.0"
1747092251.2683394,"-4.0,0.0,0.0","33.0,0.0,0.0","-2.0,0.0,0.0","10.0,0.0,0.0"
1747092251.3184824,"-3.0,0.0,0.0","32.0,0.0,0.0","-2.0,0.0,0.0","10.0,0.0,0.0"
1747092251.369118,"-4.0,0.0,0.0","31.0,0.0,0.0","-2.0,0.0,0.0","11.0,0.0,0.0"
1747092251.4194567,"-5.0,0.0,0.0","30.0,0.0,0.0","-1.0,0.0,0.0","10.0,0.0,0.0"
1747092251.4702137,"-5.0,0.0,0.0","27.0,0.0,0.0","-1.0,0.0,0.0","12.0,0.0,0.0"
1747092251.520362,"-6.0,0.0,0.0","24.0,0.0,0.0","0.0,0.0,0.0","12.0,0.0,0.0"
1747092251.571422,"-6.0,0.0,0.0","18.0,0.0,0.0","0.0,0.0,0.0","11.0,0.0,0.0"
1747092251.621513,"-6.0,0.0,0.0","14.0,0.0,0.0","0.0,0.0,0.0","11.0,0.0,0.0"
1747092251.6720853,"-6.0,0.0,0.0","7.0,0.0,0.0","1.0,0.0,0.0","19.0,0.0,0.0"
1747092251.7223449,"-6.0,0.0,0.0","-3.0,0.0,0.0","3.0,0.0,0.0","24.0,0.0,0.0"
1747092251.7724347,"-5.0,0.0,0.0","-8.0,0.0,0.0","3.0,0.0,0.0","27.0,0.0,0.0"
1747092251.8225057,"-5.0,0.0,0.0","-10.0,0.0,0.0","4.0,0.0,0.0","26.0,0.0,0.0"
1747092251.8726761,"-3.0,0.0,0.0","-11.0,0.0,0.0","4.0,0.0,0.0","20.0,0.0,0.0"
1747092251.9233756,"-3.0,0.0,0.0","-12.0,0.0,0.0","4.0,0.0,0.0","20.0,0.0,0.0"
1747092251.973397,"-2.0,0.0,0.0","-14.0,0.0,0.0","3.0,0.0,0.0","21.0,0.0,0.0"
1747092252.0270853,"-1.0,0.0,0.0","-14.0,0.0,0.0","3.0,0.0,0.0","22.0,0.0,0.0"
1747092252.0771072,"-1.0,0.0,0.0","-13.0,0.0,0.0","3.0,0.0,0.0","20.0,0.0,0.0"
1747092252.1557362,"-1.0,0.0,0.0","-13.0,0.0,0.0","2.0,0.0,0.0","19.0,0.0,0.0"
1747092252.2071717,"-1.0,0.0,0.0","-12.0,0.0,0.0","2.0,0.0,0.0","18.0,0.0,0.0"
1747092252.2579484,"-1.0,0.0,0.0","-12.0,0.0,0.0","2.0,0.0,0.0","18.0,0.0,0.0"
1747092252.3080857,"-1.0,0.0,0.0","-12.0,0.0,0.0","2.0,0.0,0.0","18.0,0.0,0.0"
1747092252.3582826,"-1.0,0.0,0.0","-12.0,0.0,0.0","1.0,0.0,0.0","18.0,0.0,0.0"
1747092252.4083636,"-1.0,0.0,0.0","-12.0,0.0,0.0","1.0,0.0,0.0","18.0,0.0,0.0"
1747092252.4591255,"-1.0,0.0,0.0","-12.0,0.0,0.0","1.0,0.0,0.0","18.0,0.0,0.0"
1747092252.509293,"-1.0,0.0,0.0","-10.0,0.0,0.0","1.0,0.0,0.0","18.0,0.0,0.0"
1747092252.5600507,"-1.0,0.0,0.0","-8.0,0.0,0.0","1.0,0.0,0.0","21.0,0.0,0.0"
1747092252.6103184,"0.0,0.0,0.0","-3.0,0.0,0.0","0.0,0.0,0.0","20.0,0.0,0.0"
1747092252.6606631,"8.0,0.0,0.0","17.0,0.0,0.0","0.0,0.0,0.0","5.0,0.0,0.0"
1747092252.7126672,"11.0,0.0,0.0","22.0,0.0,0.0","1.0,0.0,0.0","4.0,0.0,0.0"
1747092252.7634077,"14.0,0.0,0.0","27.0,0.0,0.0","5.0,0.0,0.0","6.0,0.0,0.0"
1747092252.8152559,"20.0,0.0,0.0","38.0,0.0,0.0","16.0,0.0,0.0","6.0,0.0,0.0"
1747092252.8655524,"27.0,0.0,0.0","44.0,0.0,0.0","18.0,0.0,0.0","9.0,0.0,0.0"
1747092252.915794,"32.0,0.0,0.0","48.0,0.0,0.0","17.0,0.0,0.0","8.0,0.0,0.0"
1747092252.965952,"43.0,0.0,0.0","57.0,0.0,0.0","11.0,0.0,0.0","2.0,0.0,0.0"
1747092253.0160582,"46.0,0.0,0.0","61.0,0.0,0.0","12.0,0.0,0.0","1.0,0.0,0.0"
1747092253.0660725,"48.0,0.0,0.0","65.0,0.0,0.0","12.0,0.0,0.0","1.0,0.0,0.0"
1747092253.1162007,"55.0,0.0,0.0","71.0,0.0,0.0","11.0,0.0,0.0","0.0,0.0,0.0"
1747092253.1662714,"62.0,0.0,0.0","77.0,0.0,0.0","8.0,0.0,0.0","-2.0,0.0,0.0"
1747092253.2167084,"66.0,0.0,0.0","79.0,0.0,0.0","6.0,0.0,0.0","-2.0,0.0,0.0"
1747092253.26821,"69.0,0.0,0.0","83.0,0.0,0.0","8.0,0.0,0.0","-1.0,0.0,0.0"
1747092253.3185124,"72.0,0.0,0.0","84.0,0.0,0.0","5.0,0.0,0.0","-1.0,0.0,0.0"
1747092253.3693097,"74.0,0.0,0.0","86.0,0.0,0.0","5.0,0.0,0.0","-1.0,0.0,0.0"
1747092253.4202726,"77.0,0.0,0.0","88.0,0.0,0.0","7.0,0.0,0.0","0.0,0.0,0.0"
1747092253.4707928,"79.0,0.0,0.0","88.0,0.0,0.0","7.0,0.0,0.0","2.0,0.0,0.0"
1747092253.521226,"81.0,0.0,0.0","89.0,0.0,0.0","6.0,0.0,0.0","1.0,0.0,0.0"
1747092253.5730422,"84.0,0.0,0.0","89.0,0.0,0.0","2.0,0.0,0.0","1.0,0.0,0.0"
1747092253.6231391,"84.0,0.0,0.0","88.0,0.0,0.0","1.0,0.0,0.0","4.0,0.0,0.0"
1747092253.67344,"92.0,0.0,0.0","90.0,0.0,0.0","-3.0,0.0,0.0","1.0,0.0,0.0"
1747092253.7241602,"88.0,0.0,0.0","90.0,0.0,0.0","-1.0,0.0,0.0","0.0,0.0,0.0"
1747092253.774232,"86.0,0.0,0.0","91.0,0.0,0.0","0.0,0.0,0.0","0.0,0.0,0.0"
1747092253.8242705,"86.0,0.0,0.0","91.0,0.0,0.0","0.0,0.0,0.0","0.0,0.0,0.0"
1747092253.8742888,"85.0,0.0,0.0","91.0,0.0,0.0","1.0,0.0,0.0","0.0,0.0,0.0"
1747092253.9248965,"83.0,0.0,0.0","80.0,0.0,0.0","2.0,0.0,0.0","15.0,0.0,0.0"
1747092253.9749887,"80.0,0.0,0.0","83.0,0.0,0.0","6.0,0.0,0.0","11.0,0.0,0.0"
1747092254.0255618,"80.0,0.0,0.0","84.0,0.0,0.0","7.0,0.0,0.0","9.0,0.0,0.0"
1747092254.076498,"78.0,0.0,0.0","84.0,0.0,0.0","5.0,0.0,0.0","4.0,0.0,0.0"
1747092254.1268024,"76.0,0.0,0.0","84.0,0.0,0.0","7.0,0.0,0.0","2.0,0.0,0.0"
1747092254.1781201,"75.0,0.0,0.0","83.0,0.0,0.0","5.0,0.0,0.0","0.0,0.0,0.0"
1747092254.2284057,"69.0,0.0,0.0","78.0,0.0,0.0","5.0,0.0,0.0","-1.0,0.0,0.0"
1747092254.279242,"66.0,0.0,0.0","76.0,0.0,0.0","7.0,0.0,0.0","0.0,0.0,0.0"
1747092254.3296456,"63.0,0.0,0.0","72.0,0.0,0.0","9.0,0.0,0.0","0.0,0.0,0.0"
1747092254.380256,"55.0,0.0,0.0","60.0,0.0,0.0","12.0,0.0,0.0","9.0,0.0,0.0"
1747092254.4312131,"53.0,0.0,0.0","57.0,0.0,0.0","11.0,0.0,0.0","9.0,0.0,0.0"
1747092254.4813023,"48.0,0.0,0.0","52.0,0.0,0.0","13.0,0.0,0.0","11.0,0.0,0.0"
1747092254.5315661,"37.0,0.0,0.0","44.0,0.0,0.0","14.0,0.0,0.0","9.0,0.0,0.0"
1747092254.58239,"29.0,0.0,0.0","39.0,0.0,0.0","21.0,0.0,0.0","10.0,0.0,0.0"
1747092254.6331391,"21.0,0.0,0.0","29.0,0.0,0.0","21.0,0.0,0.0","15.0,0.0,0.0"
1747092254.683246,"15.0,0.0,0.0","25.0,0.0,0.0","18.0,0.0,0.0","16.0,0.0,0.0"
1747092254.7336345,"11.0,0.0,0.0","23.0,0.0,0.0","11.0,0.0,0.0","10.0,0.0,0.0"
1747092254.7845242,"-1.0,0.0,0.0","10.0,0.0,0.0","19.0,0.0,0.0","16.0,0.0,0.0"
1747092254.8351545,"-10.0,0.0,0.0","0.0,0.0,0.0","12.0,0.0,0.0","17.0,0.0,0.0"
1747092254.8857937,"-15.0,0.0,0.0","-2.0,0.0,0.0","13.0,0.0,0.0","14.0,0.0,0.0"
1747092254.9363108,"-20.0,0.0,0.0","-6.0,0.0,0.0","16.0,0.0,0.0","14.0,0.0,0.0"
1747092254.9872944,"-21.0,0.0,0.0","-9.0,0.0,0.0","8.0,0.0,0.0","14.0,0.0,0.0"
1747092255.0381913,"-23.0,0.0,0.0","-10.0,0.0,0.0","6.0,0.0,0.0","15.0,0.0,0.0"
1747092255.0882044,"-25.0,0.0,0.0","-12.0,0.0,0.0","9.0,0.0,0.0","16.0,0.0,0.0"
1747092255.1391098,"-25.0,0.0,0.0","-11.0,0.0,0.0","8.0,0.0,0.0","17.0,0.0,0.0"
1747092255.1893241,"-23.0,0.0,0.0","-11.0,0.0,0.0","10.0,0.0,0.0","17.0,0.0,0.0"
1747092255.2400353,"-21.0,0.0,0.0","-9.0,0.0,0.0","12.0,0.0,0.0","18.0,0.0,0.0"
1747092255.2902005,"-20.0,0.0,0.0","-9.0,0.0,0.0","13.0,0.0,0.0","19.0,0.0,0.0"
1747092255.34198,"-20.0,0.0,0.0","-9.0,0.0,0.0","13.0,0.0,0.0","19.0,0.0,0.0"
1747092255.392566,"-20.0,0.0,0.0","-8.0,0.0,0.0","13.0,0.0,0.0","21.0,0.0,0.0"
1747092255.443172,"-20.0,0.0,0.0","-8.0,0.0,0.0","15.0,0.0,0.0","24.0,0.0,0.0"
1747092255.5011818,"-21.0,0.0,0.0","-8.0,0.0,0.0","23.0,0.0,0.0","31.0,0.0,0.0"
1747092255.5522573,"-22.0,0.0,0.0","-8.0,0.0,0.0","41.0,0.0,0.0","41.0,0.0,0.0"
1747092255.6023676,"-23.0,0.0,0.0","-8.0,0.0,0.0","47.0,0.0,0.0","46.0,0.0,0.0"
1747092255.6530967,"-23.0,0.0,0.0","-8.0,0.0,0.0","58.0,0.0,0.0","56.0,0.0,0.0"
1747092255.703308,"-22.0,0.0,0.0","-8.0,0.0,0.0","69.0,0.0,0.0","68.0,0.0,0.0"
1747092255.7542202,"-23.0,0.0,0.0","-8.0,0.0,0.0","74.0,0.0,0.0","73.0,0.0,0.0"
1747092255.8042839,"-23.0,0.0,0.0","-8.0,0.0,0.0","78.0,0.0,0.0","77.0,0.0,0.0"
1747092255.8544843,"-22.0,0.0,0.0","-7.0,0.0,0.0","87.0,0.0,0.0","85.0,0.0,0.0"
1747092255.9046876,"-22.0,0.0,0.0","-8.0,0.0,0.0","91.0,0.0,0.0","88.0,0.0,0.0"
1747092255.9554298,"-22.0,0.0,0.0","-8.0,0.0,0.0","99.0,0.0,0.0","93.0,0.0,0.0"
1747092256.006045,"-23.0,0.0,0.0","-8.0,0.0,0.0","103.0,0.0,0.0","97.0,0.0,0.0"
1747092256.0570905,"-23.0,0.0,0.0","-8.0,0.0,0.0","110.0,0.0,0.0","103.0,0.0,0.0"
1747092256.1082582,"-23.0,0.0,0.0","-8.0,0.0,0.0","112.0,0.0,0.0","106.0,0.0,0.0"
1747092256.158304,"-24.0,0.0,0.0","-9.0,0.0,0.0","117.0,0.0,0.0","111.0,0.0,0.0"
1747092256.2083757,"-25.0,0.0,0.0","-11.0,0.0,0.0","121.0,0.0,0.0","116.0,0.0,0.0"
1747092256.2590744,"-26.0,0.0,0.0","-11.0,0.0,0.0","123.0,0.0,0.0","117.0,0.0,0.0"
1747092256.309219,"-26.0,0.0,0.0","-12.0,0.0,0.0","124.0,0.0,0.0","118.0,0.0,0.0"
1747092256.36018,"-27.0,0.0,0.0","-13.0,0.0,0.0","125.0,0.0,0.0","121.0,0.0,0.0"
1747092256.4113774,"-27.0,0.0,0.0","-14.0,0.0,0.0","125.0,0.0,0.0","121.0,0.0,0.0"
1747092256.4620621,"-28.0,0.0,0.0","-14.0,0.0,0.0","125.0,0.0,0.0","122.0,0.0,0.0"
1747092256.512437,"-28.0,0.0,0.0","-14.0,0.0,0.0","125.0,0.0,0.0","121.0,0.0,0.0"
1747092256.5640094,"-29.0,0.0,0.0","-14.0,0.0,0.0","125.0,0.0,0.0","121.0,0.0,0.0"
1747092256.6140468,"-29.0,0.0,0.0","-15.0,0.0,0.0","126.0,0.0,0.0","121.0,0.0,0.0"
1747092256.664515,"-29.0,0.0,0.0","-16.0,0.0,0.0","121.0,0.0,0.0","117.0,0.0,0.0"
1747092256.714979,"-29.0,0.0,0.0","-16.0,0.0,0.0","115.0,0.0,0.0","110.0,0.0,0.0"
1747092256.765971,"-28.0,0.0,0.0","-16.0,0.0,0.0","109.0,0.0,0.0","105.0,0.0,0.0"
1747092256.8161852,"-25.0,0.0,0.0","-15.0,0.0,0.0","99.0,0.0,0.0","97.0,0.0,0.0"
1747092256.8663905,"-25.0,0.0,0.0","-14.0,0.0,0.0","94.0,0.0,0.0","93.0,0.0,0.0"
1747092256.9172094,"-25.0,0.0,0.0","-13.0,0.0,0.0","89.0,0.0,0.0","88.0,0.0,0.0"
1747092256.9673567,"-25.0,0.0,0.0","-10.0,0.0,0.0","79.0,0.0,0.0","75.0,0.0,0.0"
1747092257.0191154,"-24.0,0.0,0.0","-7.0,0.0,0.0","70.0,0.0,0.0","60.0,0.0,0.0"
1747092257.0692105,"-23.0,0.0,0.0","-2.0,0.0,0.0","59.0,0.0,0.0","41.0,0.0,0.0"
1747092257.1193235,"-21.0,0.0,0.0","-1.0,0.0,0.0","51.0,0.0,0.0","34.0,0.0,0.0"
1747092257.1693258,"-20.0,0.0,0.0","0.0,0.0,0.0","44.0,0.0,0.0","28.0,0.0,0.0"
1747092257.2200813,"-19.0,0.0,0.0","0.0,0.0,0.0","37.0,0.0,0.0","24.0,0.0,0.0"
1747092257.2702043,"-17.0,0.0,0.0","2.0,0.0,0.0","21.0,0.0,0.0","14.0,0.0,0.0"
1747092257.3203177,"-17.0,0.0,0.0","2.0,0.0,0.0","14.0,0.0,0.0","7.0,0.0,0.0"
1747092257.3703961,"-16.0,0.0,0.0","0.0,0.0,0.0","4.0,0.0,0.0","1.0,0.0,0.0"
1747092257.4211035,"-16.0,0.0,0.0","0.0,0.0,0.0","-2.0,0.0,0.0","1.0,0.0,0.0"
1747092257.4711707,"-16.0,0.0,0.0","-1.0,0.0,0.0","-5.0,0.0,0.0","0.0,0.0,0.0"
1747092257.5212483,"-16.0,0.0,0.0","-1.0,0.0,0.0","-9.0,0.0,0.0","0.0,0.0,0.0"
1747092257.571289,"-17.0,0.0,0.0","-2.0,0.0,0.0","-12.0,0.0,0.0","0.0,0.0,0.0"
1747092257.6220765,"-18.0,0.0,0.0","-2.0,0.0,0.0","-11.0,0.0,0.0","2.0,0.0,0.0"
1747092257.6721404,"-19.0,0.0,0.0","-3.0,0.0,0.0","-9.0,0.0,0.0","3.0,0.0,0.0"
1747092257.722931,"-19.0,0.0,0.0","-3.0,0.0,0.0","-3.0,0.0,0.0","8.0,0.0,0.0"
1747092257.7731347,"-20.0,0.0,0.0","-3.0,0.0,0.0","2.0,0.0,0.0","13.0,0.0,0.0"
1747092257.8232617,"-21.0,0.0,0.0","-3.0,0.0,0.0","12.0,0.0,0.0","21.0,0.0,0.0"
1747092257.8738277,"-23.0,0.0,0.0","-5.0,0.0,0.0","38.0,0.0,0.0","42.0,0.0,0.0"
1747092257.9239078,"-24.0,0.0,0.0","-6.0,0.0,0.0","48.0,0.0,0.0","51.0,0.0,0.0"
1747092257.9739747,"-25.0,0.0,0.0","-7.0,0.0,0.0","56.0,0.0,0.0","59.0,0.0,0.0"
1747092258.0247388,"-25.0,0.0,0.0","-8.0,0.0,0.0","64.0,0.0,0.0","67.0,0.0,0.0"
1747092258.0754075,"-26.0,0.0,0.0","-10.0,0.0,0.0","84.0,0.0,0.0","82.0,0.0,0.0"
1747092258.1261835,"-26.0,0.0,0.0","-10.0,0.0,0.0","90.0,0.0,0.0","87.0,0.0,0.0"
1747092258.177187,"-26.0,0.0,0.0","-10.0,0.0,0.0","98.0,0.0,0.0","94.0,0.0,0.0"
1747092258.2316813,"-25.0,0.0,0.0","-10.0,0.0,0.0","103.0,0.0,0.0","97.0,0.0,0.0"
1747092258.2825556,"-25.0,0.0,0.0","-10.0,0.0,0.0","107.0,0.0,0.0","101.0,0.0,0.0"
1747092258.3335211,"-25.0,0.0,0.0","-10.0,0.0,0.0","116.0,0.0,0.0","108.0,0.0,0.0"
1747092258.3840702,"-25.0,0.0,0.0","-10.0,0.0,0.0","119.0,0.0,0.0","111.0,0.0,0.0"
1747092258.434148,"-25.0,0.0,0.0","-10.0,0.0,0.0","122.0,0.0,0.0","112.0,0.0,0.0"
1747092258.48509,"-26.0,0.0,0.0","-10.0,0.0,0.0","126.0,0.0,0.0","116.0,0.0,0.0"
1747092258.5353541,"-26.0,0.0,0.0","-11.0,0.0,0.0","128.0,0.0,0.0","118.0,0.0,0.0"
1747092258.5855799,"-26.0,0.0,0.0","-11.0,0.0,0.0","129.0,0.0,0.0","120.0,0.0,0.0"
1747092258.6363254,"-26.0,0.0,0.0","-10.0,0.0,0.0","130.0,0.0,0.0","124.0,0.0,0.0"
1747092258.6874716,"-26.0,0.0,0.0","-10.0,0.0,0.0","130.0,0.0,0.0","125.0,0.0,0.0"
1747092258.7379465,"-26.0,0.0,0.0","-11.0,0.0,0.0","130.0,0.0,0.0","125.0,0.0,0.0"
1747092258.788016,"-26.0,0.0,0.0","-10.0,0.0,0.0","130.0,0.0,0.0","125.0,0.0,0.0"
1747092258.8392777,"-27.0,0.0,0.0","-11.0,0.0,0.0","130.0,0.0,0.0","124.0,0.0,0.0"
1747092258.8893065,"-27.0,0.0,0.0","-11.0,0.0,0.0","130.0,0.0,0.0","124.0,0.0,0.0"
1747092258.940027,"-28.0,0.0,0.0","-12.0,0.0,0.0","130.0,0.0,0.0","124.0,0.0,0.0"
1747092258.990099,"-28.0,0.0,0.0","-13.0,0.0,0.0","131.0,0.0,0.0","124.0,0.0,0.0"
1747092259.040978,"-29.0,0.0,0.0","-15.0,0.0,0.0","128.0,0.0,0.0","119.0,0.0,0.0"
1747092259.0911613,"-30.0,0.0,0.0","-17.0,0.0,0.0","124.0,0.0,0.0","117.0,0.0,0.0"
1747092259.1411862,"-30.0,0.0,0.0","-18.0,0.0,0.0","121.0,0.0,0.0","113.0,0.0,0.0"
1747092259.1913972,"-30.0,0.0,0.0","-18.0,0.0,0.0","113.0,0.0,0.0","104.0,0.0,0.0"
1747092259.2420962,"-30.0,0.0,0.0","-18.0,0.0,0.0","110.0,0.0,0.0","100.0,0.0,0.0"
1747092259.2930548,"-30.0,0.0,0.0","-18.0,0.0,0.0","101.0,0.0,0.0","92.0,0.0,0.0"
1747092259.3434055,"-30.0,0.0,0.0","-16.0,0.0,0.0","90.0,0.0,0.0","79.0,0.0,0.0"
1747092259.3941708,"-30.0,0.0,0.0","-15.0,0.0,0.0","84.0,0.0,0.0","73.0,0.0,0.0"
1747092259.4442406,"-30.0,0.0,0.0","-13.0,0.0,0.0","78.0,0.0,0.0","64.0,0.0,0.0"
1747092259.4942877,"-30.0,0.0,0.0","-9.0,0.0,0.0","63.0,0.0,0.0","47.0,0.0,0.0"
1747092259.545172,"-29.0,0.0,0.0","-7.0,0.0,0.0","58.0,0.0,0.0","38.0,0.0,0.0"
1747092259.5953398,"-29.0,0.0,0.0","-7.0,0.0,0.0","51.0,0.0,0.0","31.0,0.0,0.0"
1747092259.6461535,"-29.0,0.0,0.0","-6.0,0.0,0.0","29.0,0.0,0.0","10.0,0.0,0.0"
1747092259.6980748,"-28.0,0.0,0.0","-6.0,0.0,0.0","21.0,0.0,0.0","7.0,0.0,0.0"
1747092259.755213,"-28.0,0.0,0.0","-6.0,0.0,0.0","13.0,0.0,0.0","4.0,0.0,0.0"
1747092259.8063087,"-28.0,0.0,0.0","-7.0,0.0,0.0","4.0,0.0,0.0","0.0,0.0,0.0"
1747092259.8569932,"-28.0,0.0,0.0","-8.0,0.0,0.0","-3.0,0.0,0.0","-1.0,0.0,0.0"
1747092259.9078755,"-28.0,0.0,0.0","-10.0,0.0,0.0","-6.0,0.0,0.0","-1.0,0.0,0.0"
1747092259.9584277,"-28.0,0.0,0.0","-11.0,0.0,0.0","-7.0,0.0,0.0","0.0,0.0,0.0"
1747092260.009415,"-28.0,0.0,0.0","-11.0,0.0,0.0","-7.0,0.0,0.0","0.0,0.0,0.0"
1747092260.060028,"-28.0,0.0,0.0","-11.0,0.0,0.0","-8.0,0.0,0.0","0.0,0.0,0.0"
1747092260.1107838,"-28.0,0.0,0.0","-11.0,0.0,0.0","-8.0,0.0,0.0","0.0,0.0,0.0"
1747092260.1610081,"-28.0,0.0,0.0","-12.0,0.0,0.0","-8.0,0.0,0.0","0.0,0.0,0.0"
1747092260.2114835,"-28.0,0.0,0.0","-12.0,0.0,0.0","-9.0,0.0,0.0","0.0,0.0,0.0"
1747092260.26234,"-28.0,0.0,0.0","-12.0,0.0,0.0","-8.0,0.0,0.0","1.0,0.0,0.0"
1747092260.3126218,"-28.0,0.0,0.0","-12.0,0.0,0.0","-7.0,0.0,0.0","3.0,0.0,0.0"
1747092260.3631034,"-29.0,0.0,0.0","-12.0,0.0,0.0","4.0,0.0,0.0","15.0,0.0,0.0"
1747092260.4138455,"-30.0,0.0,0.0","-12.0,0.0,0.0","15.0,0.0,0.0","22.0,0.0,0.0"
1747092260.4644105,"-30.0,0.0,0.0","-12.0,0.0,0.0","29.0,0.0,0.0","31.0,0.0,0.0"
1747092260.514545,"-30.0,0.0,0.0","-13.0,0.0,0.0","57.0,0.0,0.0","56.0,0.0,0.0"
1747092260.5741622,"-30.0,0.0,0.0","-14.0,0.0,0.0","66.0,0.0,0.0","66.0,0.0,0.0"
1747092260.6242442,"-30.0,0.0,0.0","-13.0,0.0,0.0","81.0,0.0,0.0","79.0,0.0,0.0"
1747092260.674281,"-30.0,0.0,0.0","-13.0,0.0,0.0","88.0,0.0,0.0","83.0,0.0,0.0"
1747092260.7254264,"-29.0,0.0,0.0","-13.0,0.0,0.0","92.0,0.0,0.0","87.0,0.0,0.0"
1747092260.7760103,"-26.0,0.0,0.0","-10.0,0.0,0.0","102.0,0.0,0.0","94.0,0.0,0.0"
1747092260.8262687,"-26.0,0.0,0.0","-9.0,0.0,0.0","106.0,0.0,0.0","97.0,0.0,0.0"
1747092260.8766859,"-26.0,0.0,0.0","-8.0,0.0,0.0","108.0,0.0,0.0","99.0,0.0,0.0"
1747092260.9269218,"-25.0,0.0,0.0","-6.0,0.0,0.0","113.0,0.0,0.0","102.0,0.0,0.0"
1747092260.9783795,"-24.0,0.0,0.0","-5.0,0.0,0.0","116.0,0.0,0.0","103.0,0.0,0.0"
1747092261.029115,"-24.0,0.0,0.0","-5.0,0.0,0.0","117.0,0.0,0.0","104.0,0.0,0.0"
1747092261.079213,"-24.0,0.0,0.0","-5.0,0.0,0.0","118.0,0.0,0.0","106.0,0.0,0.0"
1747092261.1293569,"-25.0,0.0,0.0","-6.0,0.0,0.0","122.0,0.0,0.0","110.0,0.0,0.0"
1747092261.182442,"-25.0,0.0,0.0","-7.0,0.0,0.0","124.0,0.0,0.0","112.0,0.0,0.0"
1747092261.233593,"-26.0,0.0,0.0","-9.0,0.0,0.0","126.0,0.0,0.0","117.0,0.0,0.0"
1747092261.2840126,"-27.0,0.0,0.0","-10.0,0.0,0.0","127.0,0.0,0.0","119.0,0.0,0.0"
1747092261.3343341,"-28.0,0.0,0.0","-10.0,0.0,0.0","128.0,0.0,0.0","121.0,0.0,0.0"
1747092261.3853052,"-31.0,0.0,0.0","-10.0,0.0,0.0","131.0,0.0,0.0","122.0,0.0,0.0"
1747092261.435649,"-32.0,0.0,0.0","-10.0,0.0,0.0","132.0,0.0,0.0","122.0,0.0,0.0"
1747092261.485981,"-32.0,0.0,0.0","-10.0,0.0,0.0","132.0,0.0,0.0","123.0,0.0,0.0"
1747092261.536086,"-32.0,0.0,0.0","-11.0,0.0,0.0","132.0,0.0,0.0","123.0,0.0,0.0"
1747092261.58674,"-32.0,0.0,0.0","-11.0,0.0,0.0","132.0,0.0,0.0","123.0,0.0,0.0"
1747092261.6369803,"-33.0,0.0,0.0","-12.0,0.0,0.0","132.0,0.0,0.0","123.0,0.0,0.0"
1747092261.687018,"-33.0,0.0,0.0","-12.0,0.0,0.0","132.0,0.0,0.0","123.0,0.0,0.0"
1747092261.7380416,"-33.0,0.0,0.0","-12.0,0.0,0.0","132.0,0.0,0.0","123.0,0.0,0.0"
1747092261.7881408,"-33.0,0.0,0.0","-12.0,0.0,0.0","132.0,0.0,0.0","123.0,0.0,0.0"
1747092261.838419,"-33.0,0.0,0.0","-12.0,0.0,0.0","132.0,0.0,0.0","123.0,0.0,0.0"
1747092261.8890362,"-33.0,0.0,0.0","-12.0,0.0,0.0","132.0,0.0,0.0","123.0,0.0,0.0"
1747092261.9398444,"-33.0,0.0,0.0","-12.0,0.0,0.0","133.0,0.0,0.0","123.0,0.0,0.0"
1747092261.9899461,"-33.0,0.0,0.0","-12.0,0.0,0.0","133.0,0.0,0.0","123.0,0.0,0.0"
1747092262.0400233,"-33.0,0.0,0.0","-12.0,0.0,0.0","133.0,0.0,0.0","123.0,0.0,0.0"
1747092262.0901132,"-33.0,0.0,0.0","-12.0,0.0,0.0","133.0,0.0,0.0","124.0,0.0,0.0"
1747092262.1402292,"-33.0,0.0,0.0","-12.0,0.0,0.0","134.0,0.0,0.0","124.0,0.0,0.0"
1747092262.1910331,"-33.0,0.0,0.0","-13.0,0.0,0.0","134.0,0.0,0.0","126.0,0.0,0.0"
1747092262.2435226,"-33.0,0.0,0.0","-13.0,0.0,0.0","135.0,0.0,0.0","126.0,0.0,0.0"
1747092262.293942,"-33.0,0.0,0.0","-13.0,0.0,0.0","136.0,0.0,0.0","127.0,0.0,0.0"
1747092262.3439586,"-33.0,0.0,0.0","-13.0,0.0,0.0","138.0,0.0,0.0","130.0,0.0,0.0"
1747092262.3948064,"-33.0,0.0,0.0","-13.0,0.0,0.0","139.0,0.0,0.0","131.0,0.0,0.0"
1747092262.4448335,"-33.0,0.0,0.0","-13.0,0.0,0.0","140.0,0.0,0.0","132.0,0.0,0.0"
1747092262.4955866,"-33.0,0.0,0.0","-13.0,0.0,0.0","141.0,0.0,0.0","132.0,0.0,0.0"
1747092262.5457473,"-33.0,0.0,0.0","-12.0,0.0,0.0","142.0,0.0,0.0","133.0,0.0,0.0"
1747092262.596139,"-33.0,0.0,0.0","-12.0,0.0,0.0","142.0,0.0,0.0","132.0,0.0,0.0"
1747092262.6461875,"-32.0,0.0,0.0","-12.0,0.0,0.0","143.0,0.0,0.0","133.0,0.0,0.0"
1747092262.696259,"-32.0,0.0,0.0","-12.0,0.0,0.0","143.0,0.0,0.0","133.0,0.0,0.0"
1747092262.746404,"-32.0,0.0,0.0","-11.0,0.0,0.0","143.0,0.0,0.0","133.0,0.0,0.0"
1747092262.7970119,"-32.0,0.0,0.0","-11.0,0.0,0.0","143.0,0.0,0.0","134.0,0.0,0.0"
1747092262.8472471,"-32.0,0.0,0.0","-11.0,0.0,0.0","144.0,0.0,0.0","135.0,0.0,0.0"
1747092262.898416,"-32.0,0.0,0.0","-10.0,0.0,0.0","144.0,0.0,0.0","135.0,0.0,0.0"
1747092262.949248,"-31.0,0.0,0.0","-10.0,0.0,0.0","144.0,0.0,0.0","135.0,0.0,0.0"
1747092262.9999137,"-30.0,0.0,0.0","-9.0,0.0,0.0","144.0,0.0,0.0","136.0,0.0,0.0"
1747092263.0513349,"-30.0,0.0,0.0","-9.0,0.0,0.0","144.0,0.0,0.0","136.0,0.0,0.0"
1747092263.101896,"-30.0,0.0,0.0","-9.0,0.0,0.0","144.0,0.0,0.0","137.0,0.0,0.0"
1747092263.1628685,"-30.0,0.0,0.0","-9.0,0.0,0.0","144.0,0.0,0.0","137.0,0.0,0.0"
1747092263.213886,"-30.0,0.0,0.0","-8.0,0.0,0.0","145.0,0.0,0.0","137.0,0.0,0.0"
1747092263.2643735,"-30.0,0.0,0.0","-7.0,0.0,0.0","145.0,0.0,0.0","138.0,0.0,0.0"
1747092263.3159442,"-30.0,0.0,0.0","-7.0,0.0,0.0","145.0,0.0,0.0","138.0,0.0,0.0"
1747092263.3659873,"-30.0,0.0,0.0","-6.0,0.0,0.0","145.0,0.0,0.0","138.0,0.0,0.0"
1747092263.4181054,"-30.0,0.0,0.0","-6.0,0.0,0.0","145.0,0.0,0.0","138.0,0.0,0.0"
1747092263.4687352,"-30.0,0.0,0.0","-6.0,0.0,0.0","145.0,0.0,0.0","138.0,0.0,0.0"
1747092263.519002,"-30.0,0.0,0.0","-6.0,0.0,0.0","146.0,0.0,0.0","138.0,0.0,0.0"
1747092263.5691435,"-29.0,0.0,0.0","-6.0,0.0,0.0","146.0,0.0,0.0","138.0,0.0,0.0"
1747092263.620071,"-29.0,0.0,0.0","-6.0,0.0,0.0","146.0,0.0,0.0","138.0,0.0,0.0"
1747092263.6711643,"-29.0,0.0,0.0","-6.0,0.0,0.0","146.0,0.0,0.0","138.0,0.0,0.0"
1747092263.7217212,"-30.0,0.0,0.0","-6.0,0.0,0.0","146.0,0.0,0.0","138.0,0.0,0.0"
1747092263.771987,"-30.0,0.0,0.0","-5.0,0.0,0.0","146.0,0.0,0.0","138.0,0.0,0.0"
1747092263.822688,"-30.0,0.0,0.0","-5.0,0.0,0.0","146.0,0.0,0.0","138.0,0.0,0.0"
1747092263.8732333,"-30.0,0.0,0.0","-5.0,0.0,0.0","146.0,0.0,0.0","138.0,0.0,0.0"
1747092263.9234252,"-30.0,0.0,0.0","-5.0,0.0,0.0","146.0,0.0,0.0","138.0,0.0,0.0"
1747092263.974,"-30.0,0.0,0.0","-5.0,0.0,0.0","146.0,0.0,0.0","138.0,0.0,0.0"
1747092264.0251112,"-30.0,0.0,0.0","-5.0,0.0,0.0","146.0,0.0,0.0","138.0,0.0,0.0"
1747092264.0752487,"-30.0,0.0,0.0","-5.0,0.0,0.0","146.0,0.0,0.0","138.0,0.0,0.0"
1747092264.1254115,"-30.0,0.0,0.0","-6.0,0.0,0.0","146.0,0.0,0.0","138.0,0.0,0.0"
1747092264.1760693,"-28.0,0.0,0.0","-4.0,0.0,0.0","144.0,0.0,0.0","135.0,0.0,0.0"
1747092264.2263908,"-26.0,0.0,0.0","-1.0,0.0,0.0","142.0,0.0,0.0","132.0,0.0,0.0"
1747092264.2770603,"-24.0,0.0,0.0","2.0,0.0,0.0","140.0,0.0,0.0","130.0,0.0,0.0"
1747092264.3277247,"-16.0,0.0,0.0","11.0,0.0,0.0","133.0,0.0,0.0","124.0,0.0,0.0"
1747092264.3790967,"-14.0,0.0,0.0","15.0,0.0,0.0","132.0,0.0,0.0","122.0,0.0,0.0"
1747092264.4291964,"-12.0,0.0,0.0","18.0,0.0,0.0","130.0,0.0,0.0","121.0,0.0,0.0"
1747092264.4792697,"-8.0,0.0,0.0","21.0,0.0,0.0","126.0,0.0,0.0","119.0,0.0,0.0"
1747092264.5299315,"-6.0,0.0,0.0","23.0,0.0,0.0","125.0,0.0,0.0","117.0,0.0,0.0"
1747092264.5804257,"-4.0,0.0,0.0","24.0,0.0,0.0","124.0,0.0,0.0","115.0,0.0,0.0"
1747092264.6310878,"-2.0,0.0,0.0","24.0,0.0,0.0","123.0,0.0,0.0","114.0,0.0,0.0"
1747092264.6814258,"-1.0,0.0,0.0","24.0,0.0,0.0","122.0,0.0,0.0","114.0,0.0,0.0"
1747092264.7326012,"0.0,0.0,0.0","24.0,0.0,0.0","122.0,0.0,0.0","114.0,0.0,0.0"
1747092264.7829096,"1.0,0.0,0.0","26.0,0.0,0.0","121.0,0.0,0.0","113.0,0.0,0.0"
1747092264.833154,"2.0,0.0,0.0","27.0,0.0,0.0","120.0,0.0,0.0","113.0,0.0,0.0"
1747092264.8832896,"3.0,0.0,0.0","27.0,0.0,0.0","120.0,0.0,0.0","112.0,0.0,0.0"
1747092264.934004,"4.0,0.0,0.0","28.0,0.0,0.0","119.0,0.0,0.0","112.0,0.0,0.0"
1747092264.984096,"4.0,0.0,0.0","28.0,0.0,0.0","119.0,0.0,0.0","112.0,0.0,0.0"
1747092265.034192,"5.0,0.0,0.0","28.0,0.0,0.0","119.0,0.0,0.0","112.0,0.0,0.0"
1747092265.0843039,"5.0,0.0,0.0","29.0,0.0,0.0","119.0,0.0,0.0","112.0,0.0,0.0"
1747092265.1352594,"5.0,0.0,0.0","28.0,0.0,0.0","119.0,0.0,0.0","112.0,0.0,0.0"
1747092265.1860435,"5.0,0.0,0.0","28.0,0.0,0.0","119.0,0.0,0.0","113.0,0.0,0.0"
1747092265.2366655,"5.0,0.0,0.0","28.0,0.0,0.0","119.0,0.0,0.0","113.0,0.0,0.0"
1747092265.2869494,"5.0,0.0,0.0","28.0,0.0,0.0","119.0,0.0,0.0","113.0,0.0,0.0"
1747092265.3380463,"5.0,0.0,0.0","28.0,0.0,0.0","119.0,0.0,0.0","113.0,0.0,0.0"
1747092265.3880596,"5.0,0.0,0.0","27.0,0.0,0.0","120.0,0.0,0.0","113.0,0.0,0.0"
1747092265.438375,"4.0,0.0,0.0","26.0,0.0,0.0","120.0,0.0,0.0","113.0,0.0,0.0"
1747092265.4890392,"3.0,0.0,0.0","24.0,0.0,0.0","120.0,0.0,0.0","112.0,0.0,0.0"
1747092265.5394,"0.0,0.0,0.0","21.0,0.0,0.0","115.0,0.0,0.0","106.0,0.0,0.0"
1747092265.589958,"-3.0,0.0,0.0","18.0,0.0,0.0","112.0,0.0,0.0","101.0,0.0,0.0"
1747092265.6461446,"-7.0,0.0,0.0","10.0,0.0,0.0","106.0,0.0,0.0","94.0,0.0,0.0"
1747092265.6962025,"-8.0,0.0,0.0","7.0,0.0,0.0","97.0,0.0,0.0","85.0,0.0,0.0"
1747092265.746327,"-7.0,0.0,0.0","9.0,0.0,0.0","92.0,0.0,0.0","77.0,0.0,0.0"
1747092265.7969048,"-5.0,0.0,0.0","12.0,0.0,0.0","81.0,0.0,0.0","64.0,0.0,0.0"
1747092265.8482268,"-3.0,0.0,0.0","14.0,0.0,0.0","75.0,0.0,0.0","58.0,0.0,0.0"
1747092265.8991017,"0.0,0.0,0.0","17.0,0.0,0.0","68.0,0.0,0.0","50.0,0.0,0.0"
1747092265.95001,"6.0,0.0,0.0","24.0,0.0,0.0","55.0,0.0,0.0","36.0,0.0,0.0"
1747092266.0002577,"9.0,0.0,0.0","27.0,0.0,0.0","47.0,0.0,0.0","26.0,0.0,0.0"
1747092266.0511296,"11.0,0.0,0.0","29.0,0.0,0.0","41.0,0.0,0.0","20.0,0.0,0.0"
1747092266.1012332,"11.0,0.0,0.0","29.0,0.0,0.0","35.0,0.0,0.0","15.0,0.0,0.0"
1747092266.1522222,"13.0,0.0,0.0","30.0,0.0,0.0","22.0,0.0,0.0","8.0,0.0,0.0"
1747092266.2024832,"14.0,0.0,0.0","30.0,0.0,0.0","17.0,0.0,0.0","7.0,0.0,0.0"
1747092266.2533455,"15.0,0.0,0.0","29.0,0.0,0.0","5.0,0.0,0.0","1.0,0.0,0.0"
1747092266.3040876,"14.0,0.0,0.0","29.0,0.0,0.0","2.0,0.0,0.0","1.0,0.0,0.0"
1747092266.3544047,"14.0,0.0,0.0","29.0,0.0,0.0","1.0,0.0,0.0","0.0,0.0,0.0"
1747092266.4049795,"14.0,0.0,0.0","29.0,0.0,0.0","0.0,0.0,0.0","1.0,0.0,0.0"
1747092266.4559627,"14.0,0.0,0.0","29.0,0.0,0.0","0.0,0.0,0.0","1.0,0.0,0.0"
1747092266.5066228,"14.0,0.0,0.0","29.0,0.0,0.0","0.0,0.0,0.0","1.0,0.0,0.0"
1747092266.556844,"14.0,0.0,0.0","29.0,0.0,0.0","0.0,0.0,0.0","4.0,0.0,0.0"
1747092266.6069143,"13.0,0.0,0.0","29.0,0.0,0.0","1.0,0.0,0.0","7.0,0.0,0.0"
1747092266.657383,"13.0,0.0,0.0","28.0,0.0,0.0","5.0,0.0,0.0","13.0,0.0,0.0"
1747092266.7080736,"9.0,0.0,0.0","23.0,0.0,0.0","25.0,0.0,0.0","31.0,0.0,0.0"
1747092266.7581308,"7.0,0.0,0.0","21.0,0.0,0.0","36.0,0.0,0.0","40.0,0.0,0.0"
1747092266.8084142,"5.0,0.0,0.0","19.0,0.0,0.0","46.0,0.0,0.0","49.0,0.0,0.0"
1747092266.8593903,"0.0,0.0,0.0","15.0,0.0,0.0","69.0,0.0,0.0","68.0,0.0,0.0"
1747092266.9103365,"-2.0,0.0,0.0","13.0,0.0,0.0","77.0,0.0,0.0","77.0,0.0,0.0"
1747092266.9612474,"-3.0,0.0,0.0","13.0,0.0,0.0","85.0,0.0,0.0","83.0,0.0,0.0"
1747092267.0115595,"-4.0,0.0,0.0","13.0,0.0,0.0","94.0,0.0,0.0","90.0,0.0,0.0"
1747092267.0633688,"-5.0,0.0,0.0","14.0,0.0,0.0","98.0,0.0,0.0","94.0,0.0,0.0"
1747092267.1134863,"-5.0,0.0,0.0","16.0,0.0,0.0","102.0,0.0,0.0","97.0,0.0,0.0"
1747092267.1636848,"-5.0,0.0,0.0","18.0,0.0,0.0","110.0,0.0,0.0","106.0,0.0,0.0"
1747092267.2152598,"-4.0,0.0,0.0","19.0,0.0,0.0","113.0,0.0,0.0","109.0,0.0,0.0"
1747092267.2659729,"-4.0,0.0,0.0","19.0,0.0,0.0","115.0,0.0,0.0","111.0,0.0,0.0"
1747092267.316272,"-3.0,0.0,0.0","20.0,0.0,0.0","119.0,0.0,0.0","114.0,0.0,0.0"
1747092267.3667164,"-2.0,0.0,0.0","21.0,0.0,0.0","120.0,0.0,0.0","114.0,0.0,0.0"
1747092267.4168072,"-1.0,0.0,0.0","22.0,0.0,0.0","120.0,0.0,0.0","114.0,0.0,0.0"
1747092267.4682178,"0.0,0.0,0.0","23.0,0.0,0.0","119.0,0.0,0.0","114.0,0.0,0.0"
1747092267.5189207,"0.0,0.0,0.0","23.0,0.0,0.0","119.0,0.0,0.0","114.0,0.0,0.0"
1747092267.5692742,"1.0,0.0,0.0","23.0,0.0,0.0","119.0,0.0,0.0","114.0,0.0,0.0"
1747092267.6200955,"2.0,0.0,0.0","23.0,0.0,0.0","118.0,0.0,0.0","113.0,0.0,0.0"
1747092267.6709564,"2.0,0.0,0.0","23.0,0.0,0.0","118.0,0.0,0.0","113.0,0.0,0.0"
1747092267.7209728,"2.0,0.0,0.0","23.0,0.0,0.0","118.0,0.0,0.0","113.0,0.0,0.0"
1747092267.771143,"3.0,0.0,0.0","23.0,0.0,0.0","118.0,0.0,0.0","114.0,0.0,0.0"
1747092267.8216693,"3.0,0.0,0.0","23.0,0.0,0.0","118.0,0.0,0.0","114.0,0.0,0.0"
1747092267.8718166,"3.0,0.0,0.0","23.0,0.0,0.0","118.0,0.0,0.0","114.0,0.0,0.0"
1747092267.9222634,"2.0,0.0,0.0","21.0,0.0,0.0","116.0,0.0,0.0","111.0,0.0,0.0"
1747092267.9725432,"0.0,0.0,0.0","20.0,0.0,0.0","114.0,0.0,0.0","106.0,0.0,0.0"
1747092268.023765,"-2.0,0.0,0.0","18.0,0.0,0.0","111.0,0.0,0.0","101.0,0.0,0.0"
1747092268.0741048,"-5.0,0.0,0.0","13.0,0.0,0.0","99.0,0.0,0.0","86.0,0.0,0.0"
1747092268.1250117,"-5.0,0.0,0.0","14.0,0.0,0.0","95.0,0.0,0.0","81.0,0.0,0.0"
1747092268.1751509,"-5.0,0.0,0.0","15.0,0.0,0.0","91.0,0.0,0.0","75.0,0.0,0.0"
1747092268.2252696,"-5.0,0.0,0.0","16.0,0.0,0.0","83.0,0.0,0.0","63.0,0.0,0.0"
1747092268.2754443,"-5.0,0.0,0.0","16.0,0.0,0.0","80.0,0.0,0.0","60.0,0.0,0.0"
1747092268.3260264,"-4.0,0.0,0.0","18.0,0.0,0.0","76.0,0.0,0.0","55.0,0.0,0.0"
1747092268.376288,"-3.0,0.0,0.0","22.0,0.0,0.0","65.0,0.0,0.0","43.0,0.0,0.0"
1747092268.4280019,"-1.0,0.0,0.0","24.0,0.0,0.0","59.0,0.0,0.0","36.0,0.0,0.0"
1747092268.4781327,"2.0,0.0,0.0","30.0,0.0,0.0","44.0,0.0,0.0","21.0,0.0,0.0"
1747092268.5282662,"5.0,0.0,0.0","31.0,0.0,0.0","34.0,0.0,0.0","14.0,0.0,0.0"
1747092268.5783448,"8.0,0.0,0.0","32.0,0.0,0.0","24.0,0.0,0.0","9.0,0.0,0.0"
1747092268.628975,"11.0,0.0,0.0","31.0,0.0,0.0","3.0,0.0,0.0","1.0,0.0,0.0"
1747092268.6795917,"11.0,0.0,0.0","30.0,0.0,0.0","-1.0,0.0,0.0","0.0,0.0,0.0"
1747092268.7299588,"11.0,0.0,0.0","30.0,0.0,0.0","-3.0,0.0,0.0","0.0,0.0,0.0"
1747092268.78093,"11.0,0.0,0.0","29.0,0.0,0.0","-6.0,0.0,0.0","-1.0,0.0,0.0"
1747092268.8318048,"11.0,0.0,0.0","29.0,0.0,0.0","-7.0,0.0,0.0","-1.0,0.0,0.0"
1747092268.8830013,"10.0,0.0,0.0","29.0,0.0,0.0","-8.0,0.0,0.0","-1.0,0.0,0.0"
1747092268.9339979,"10.0,0.0,0.0","29.0,0.0,0.0","-8.0,0.0,0.0","0.0,0.0,0.0"
1747092268.9844568,"10.0,0.0,0.0","29.0,0.0,0.0","-8.0,0.0,0.0","0.0,0.0,0.0"
1747092269.0351756,"10.0,0.0,0.0","28.0,0.0,0.0","-9.0,0.0,0.0","0.0,0.0,0.0"
1747092269.0860572,"9.0,0.0,0.0","28.0,0.0,0.0","-8.0,0.0,0.0","0.0,0.0,0.0"
1747092269.1363719,"9.0,0.0,0.0","28.0,0.0,0.0","-7.0,0.0,0.0","0.0,0.0,0.0"
1747092269.1871364,"8.0,0.0,0.0","27.0,0.0,0.0","-4.0,0.0,0.0","1.0,0.0,0.0"
1747092269.2378645,"7.0,0.0,0.0","27.0,0.0,0.0","-3.0,0.0,0.0","4.0,0.0,0.0"
1747092269.289084,"6.0,0.0,0.0","27.0,0.0,0.0","6.0,0.0,0.0","13.0,0.0,0.0"
1747092269.3392675,"4.0,0.0,0.0","26.0,0.0,0.0","17.0,0.0,0.0","20.0,0.0,0.0"
1747092269.3902345,"2.0,0.0,0.0","24.0,0.0,0.0","34.0,0.0,0.0","36.0,0.0,0.0"
1747092269.4412184,"2.0,0.0,0.0","21.0,0.0,0.0","44.0,0.0,0.0","43.0,0.0,0.0"
1747092269.4913883,"0.0,0.0,0.0","20.0,0.0,0.0","57.0,0.0,0.0","53.0,0.0,0.0"
1747092269.541406,"-2.0,0.0,0.0","18.0,0.0,0.0","70.0,0.0,0.0","65.0,0.0,0.0"
1747092269.5914242,"-2.0,0.0,0.0","17.0,0.0,0.0","75.0,0.0,0.0","70.0,0.0,0.0"
1747092269.6415303,"-3.0,0.0,0.0","17.0,0.0,0.0","80.0,0.0,0.0","76.0,0.0,0.0"
1747092269.6923397,"-3.0,0.0,0.0","18.0,0.0,0.0","90.0,0.0,0.0","82.0,0.0,0.0"
1747092269.7441993,"-4.0,0.0,0.0","18.0,0.0,0.0","97.0,0.0,0.0","86.0,0.0,0.0"
1747092269.7947705,"-5.0,0.0,0.0","18.0,0.0,0.0","101.0,0.0,0.0","89.0,0.0,0.0"
1747092269.8448098,"-5.0,0.0,0.0","18.0,0.0,0.0","107.0,0.0,0.0","96.0,0.0,0.0"
1747092269.895003,"-6.0,0.0,0.0","18.0,0.0,0.0","109.0,0.0,0.0","99.0,0.0,0.0"
1747092269.9469323,"-6.0,0.0,0.0","19.0,0.0,0.0","112.0,0.0,0.0","102.0,0.0,0.0"
1747092269.9973347,"-5.0,0.0,0.0","19.0,0.0,0.0","119.0,0.0,0.0","109.0,0.0,0.0"
1747092270.0479999,"-5.0,0.0,0.0","19.0,0.0,0.0","121.0,0.0,0.0","112.0,0.0,0.0"
1747092270.0981488,"-5.0,0.0,0.0","20.0,0.0,0.0","122.0,0.0,0.0","115.0,0.0,0.0"
1747092270.148301,"-5.0,0.0,0.0","20.0,0.0,0.0","123.0,0.0,0.0","117.0,0.0,0.0"
1747092270.1990101,"-5.0,0.0,0.0","20.0,0.0,0.0","124.0,0.0,0.0","118.0,0.0,0.0"
1747092270.249216,"-4.0,0.0,0.0","20.0,0.0,0.0","124.0,0.0,0.0","118.0,0.0,0.0"
1747092270.2999766,"-4.0,0.0,0.0","20.0,0.0,0.0","124.0,0.0,0.0","118.0,0.0,0.0"
1747092270.3500624,"-3.0,0.0,0.0","20.0,0.0,0.0","124.0,0.0,0.0","118.0,0.0,0.0"
1747092270.4009306,"-3.0,0.0,0.0","20.0,0.0,0.0","124.0,0.0,0.0","118.0,0.0,0.0"
1747092270.45104,"-3.0,0.0,0.0","20.0,0.0,0.0","124.0,0.0,0.0","118.0,0.0,0.0"
1747092270.5021272,"-3.0,0.0,0.0","20.0,0.0,0.0","124.0,0.0,0.0","118.0,0.0,0.0"
1747092270.552174,"-3.0,0.0,0.0","20.0,0.0,0.0","124.0,0.0,0.0","118.0,0.0,0.0"
1747092270.60226,"-3.0,0.0,0.0","20.0,0.0,0.0","124.0,0.0,0.0","119.0,0.0,0.0"
1747092270.6533415,"-3.0,0.0,0.0","20.0,0.0,0.0","124.0,0.0,0.0","119.0,0.0,0.0"
1747092270.7119675,"-3.0,0.0,0.0","20.0,0.0,0.0","124.0,0.0,0.0","119.0,0.0,0.0"
1747092270.7620738,"-3.0,0.0,0.0","21.0,0.0,0.0","124.0,0.0,0.0","119.0,0.0,0.0"
1747092270.812092,"-3.0,0.0,0.0","21.0,0.0,0.0","124.0,0.0,0.0","119.0,0.0,0.0"
1747092270.8629482,"-3.0,0.0,0.0","21.0,0.0,0.0","124.0,0.0,0.0","119.0,0.0,0.0"
1747092270.9130125,"-2.0,0.0,0.0","21.0,0.0,0.0","124.0,0.0,0.0","119.0,0.0,0.0"
1747092270.9637675,"-3.0,0.0,0.0","21.0,0.0,0.0","124.0,0.0,0.0","119.0,0.0,0.0"
1747092271.0138469,"-3.0,0.0,0.0","21.0,0.0,0.0","124.0,0.0,0.0","119.0,0.0,0.0"
1747092271.0646713,"-3.0,0.0,0.0","20.0,0.0,0.0","123.0,0.0,0.0","119.0,0.0,0.0"
1747092271.11471,"-4.0,0.0,0.0","17.0,0.0,0.0","119.0,0.0,0.0","115.0,0.0,0.0"
1747092271.1651628,"-5.0,0.0,0.0","14.0,0.0,0.0","115.0,0.0,0.0","110.0,0.0,0.0"
1747092271.2158914,"-9.0,0.0,0.0","7.0,0.0,0.0","110.0,0.0,0.0","101.0,0.0,0.0"
1747092271.266081,"-10.0,0.0,0.0","3.0,0.0,0.0","106.0,0.0,0.0","97.0,0.0,0.0"
1747092271.3161318,"-10.0,0.0,0.0","3.0,0.0,0.0","102.0,0.0,0.0","92.0,0.0,0.0"
1747092271.3671212,"-10.0,0.0,0.0","4.0,0.0,0.0","97.0,0.0,0.0","86.0,0.0,0.0"
1747092271.4182587,"-10.0,0.0,0.0","6.0,0.0,0.0","84.0,0.0,0.0","69.0,0.0,0.0"
1747092271.4699616,"-9.0,0.0,0.0","7.0,0.0,0.0","79.0,0.0,0.0","65.0,0.0,0.0"
1747092271.5201597,"-9.0,0.0,0.0","7.0,0.0,0.0","75.0,0.0,0.0","61.0,0.0,0.0"
1747092271.5702069,"-2.0,0.0,0.0","17.0,0.0,0.0","57.0,0.0,0.0","40.0,0.0,0.0"
1747092271.6209447,"0.0,0.0,0.0","23.0,0.0,0.0","46.0,0.0,0.0","27.0,0.0,0.0"
1747092271.671261,"2.0,0.0,0.0","26.0,0.0,0.0","36.0,0.0,0.0","19.0,0.0,0.0"
1747092271.721745,"7.0,0.0,0.0","29.0,0.0,0.0","22.0,0.0,0.0","8.0,0.0,0.0"
1747092271.7725782,"9.0,0.0,0.0","29.0,0.0,0.0","15.0,0.0,0.0","5.0,0.0,0.0"
1747092271.8227556,"10.0,0.0,0.0","29.0,0.0,0.0","10.0,0.0,0.0","3.0,0.0,0.0"
1747092271.8738828,"11.0,0.0,0.0","28.0,0.0,0.0","0.0,0.0,0.0","1.0,0.0,0.0"
1747092271.9239845,"11.0,0.0,0.0","28.0,0.0,0.0","-1.0,0.0,0.0","0.0,0.0,0.0"
1747092271.9740305,"10.0,0.0,0.0","28.0,0.0,0.0","-2.0,0.0,0.0","0.0,0.0,0.0"
1747092272.0241032,"10.0,0.0,0.0","28.0,0.0,0.0","-2.0,0.0,0.0","0.0,0.0,0.0"
1747092272.0742154,"9.0,0.0,0.0","28.0,0.0,0.0","-3.0,0.0,0.0","0.0,0.0,0.0"
1747092272.1248908,"9.0,0.0,0.0","28.0,0.0,0.0","-2.0,0.0,0.0","0.0,0.0,0.0"
1747092272.1755106,"5.0,0.0,0.0","27.0,0.0,0.0","1.0,0.0,0.0","0.0,0.0,0.0"
1747092272.2261648,"4.0,0.0,0.0","27.0,0.0,0.0","3.0,0.0,0.0","0.0,0.0,0.0"
1747092272.2762794,"3.0,0.0,0.0","26.0,0.0,0.0","2.0,0.0,0.0","0.0,0.0,0.0"
1747092272.3262856,"1.0,0.0,0.0","25.0,0.0,0.0","3.0,0.0,0.0","-2.0,0.0,0.0"
1747092272.3773468,"-1.0,0.0,0.0","23.0,0.0,0.0","4.0,0.0,0.0","-1.0,0.0,0.0"
1747092272.4281387,"-3.0,0.0,0.0","18.0,0.0,0.0","4.0,0.0,0.0","1.0,0.0,0.0"
1747092272.4782062,"-11.0,0.0,0.0","2.0,0.0,0.0","13.0,0.0,0.0","20.0,0.0,0.0"
1747092272.5293343,"-13.0,0.0,0.0","-1.0,0.0,0.0","14.0,0.0,0.0","22.0,0.0,0.0"
1747092272.579606,"-15.0,0.0,0.0","-5.0,0.0,0.0","14.0,0.0,0.0","22.0,0.0,0.0"
1747092272.6296954,"-17.0,0.0,0.0","-9.0,0.0,0.0","8.0,0.0,0.0","11.0,0.0,0.0"
1747092272.6818771,"-16.0,0.0,0.0","-11.0,0.0,0.0","1.0,0.0,0.0","1.0,0.0,0.0"
1747092272.7328663,"-16.0,0.0,0.0","-13.0,0.0,0.0","-7.0,0.0,0.0","-6.0,0.0,0.0"
1747092272.7829306,"-19.0,0.0,0.0","-16.0,0.0,0.0","-20.0,0.0,0.0","-20.0,0.0,0.0"
1747092272.8346112,"-20.0,0.0,0.0","-16.0,0.0,0.0","-26.0,0.0,0.0","-28.0,0.0,0.0"
1747092272.8865273,"-20.0,0.0,0.0","-16.0,0.0,0.0","-29.0,0.0,0.0","-29.0,0.0,0.0"
1747092272.9371557,"-21.0,0.0,0.0","-18.0,0.0,0.0","-32.0,0.0,0.0","-30.0,0.0,0.0"
1747092272.9880042,"-22.0,0.0,0.0","-18.0,0.0,0.0","-45.0,0.0,0.0","-52.0,0.0,0.0"
1747092273.0391042,"-22.0,0.0,0.0","-17.0,0.0,0.0","-48.0,0.0,0.0","-59.0,0.0,0.0"
1747092273.0901797,"-22.0,0.0,0.0","-17.0,0.0,0.0","-49.0,0.0,0.0","-61.0,0.0,0.0"
1747092273.1403437,"-22.0,0.0,0.0","-18.0,0.0,0.0","-53.0,0.0,0.0","-64.0,0.0,0.0"
1747092273.1904697,"-22.0,0.0,0.0","-18.0,0.0,0.0","-54.0,0.0,0.0","-66.0,0.0,0.0"
1747092273.2408001,"-23.0,0.0,0.0","-16.0,0.0,0.0","-54.0,0.0,0.0","-72.0,0.0,0.0"
1747092273.2909095,"-24.0,0.0,0.0","-16.0,0.0,0.0","-53.0,0.0,0.0","-73.0,0.0,0.0"
1747092273.3411653,"-25.0,0.0,0.0","-15.0,0.0,0.0","-52.0,0.0,0.0","-74.0,0.0,0.0"
1747092273.3917325,"-25.0,0.0,0.0","-14.0,0.0,0.0","-51.0,0.0,0.0","-77.0,0.0,0.0"
1747092273.4424026,"-27.0,0.0,0.0","-13.0,0.0,0.0","-49.0,0.0,0.0","-79.0,0.0,0.0"
1747092273.4933865,"-26.0,0.0,0.0","-13.0,0.0,0.0","-39.0,0.0,0.0","-80.0,0.0,0.0"
1747092273.543788,"-25.0,0.0,0.0","-13.0,0.0,0.0","-26.0,0.0,0.0","-80.0,0.0,0.0"
1747092273.5941668,"-23.0,0.0,0.0","-12.0,0.0,0.0","-27.0,0.0,0.0","-84.0,0.0,0.0"
1747092273.645102,"-22.0,0.0,0.0","-11.0,0.0,0.0","-34.0,0.0,0.0","-85.0,0.0,0.0"
1747092273.6959467,"-21.0,0.0,0.0","-8.0,0.0,0.0","-47.0,0.0,0.0","-88.0,0.0,0.0"
1747092273.7479029,"-19.0,0.0,0.0","-6.0,0.0,0.0","-56.0,0.0,0.0","-91.0,0.0,0.0"
1747092273.7988539,"-18.0,0.0,0.0","-6.0,0.0,0.0","-58.0,0.0,0.0","-91.0,0.0,0.0"
1747092273.850274,"-17.0,0.0,0.0","-5.0,0.0,0.0","-59.0,0.0,0.0","-91.0,0.0,0.0"
1747092273.9018943,"-16.0,0.0,0.0","-5.0,0.0,0.0","-61.0,0.0,0.0","-91.0,0.0,0.0"
1747092273.9523747,"-16.0,0.0,0.0","-5.0,0.0,0.0","-60.0,0.0,0.0","-91.0,0.0,0.0"
1747092274.0024626,"-15.0,0.0,0.0","-5.0,0.0,0.0","-61.0,0.0,0.0","-91.0,0.0,0.0"
1747092274.0534317,"-15.0,0.0,0.0","-5.0,0.0,0.0","-62.0,0.0,0.0","-91.0,0.0,0.0"
1747092274.103957,"-16.0,0.0,0.0","-5.0,0.0,0.0","-57.0,0.0,0.0","-92.0,0.0,0.0"
1747092274.154218,"-16.0,0.0,0.0","-5.0,0.0,0.0","-62.0,0.0,0.0","-92.0,0.0,0.0"
1747092274.2046459,"-16.0,0.0,0.0","-5.0,0.0,0.0","-62.0,0.0,0.0","-92.0,0.0,0.0"
1747092274.2553103,"-16.0,0.0,0.0","-5.0,0.0,0.0","-63.0,0.0,0.0","-92.0,0.0,0.0"
1747092274.3062923,"-16.0,0.0,0.0","-4.0,0.0,0.0","-53.0,0.0,0.0","-92.0,0.0,0.0"
1747092274.356926,"-16.0,0.0,0.0","-4.0,0.0,0.0","-52.0,0.0,0.0","-92.0,0.0,0.0"
1747092274.4069574,"-17.0,0.0,0.0","-5.0,0.0,0.0","-61.0,0.0,0.0","-92.0,0.0,0.0"
1747092274.4573288,"-20.0,0.0,0.0","-8.0,0.0,0.0","-58.0,0.0,0.0","-89.0,0.0,0.0"
1747092274.507516,"-25.0,0.0,0.0","-12.0,0.0,0.0","-55.0,0.0,0.0","-84.0,0.0,0.0"
1747092274.5581036,"-30.0,0.0,0.0","-20.0,0.0,0.0","-49.0,0.0,0.0","-75.0,0.0,0.0"
1747092274.6081333,"-40.0,0.0,0.0","-34.0,0.0,0.0","-42.0,0.0,0.0","-60.0,0.0,0.0"
1747092274.6583,"-45.0,0.0,0.0","-43.0,0.0,0.0","-37.0,0.0,0.0","-45.0,0.0,0.0"
1747092274.7088983,"-49.0,0.0,0.0","-48.0,0.0,0.0","-33.0,0.0,0.0","-39.0,0.0,0.0"
1747092274.7590225,"-53.0,0.0,0.0","-53.0,0.0,0.0","-29.0,0.0,0.0","-32.0,0.0,0.0"
1747092274.8091836,"-56.0,0.0,0.0","-57.0,0.0,0.0","-25.0,0.0,0.0","-26.0,0.0,0.0"
1747092274.8600311,"-66.0,0.0,0.0","-67.0,0.0,0.0","-12.0,0.0,0.0","-14.0,0.0,0.0"
1747092274.9101732,"-69.0,0.0,0.0","-70.0,0.0,0.0","-10.0,0.0,0.0","-11.0,0.0,0.0"
1747092274.9608636,"-71.0,0.0,0.0","-72.0,0.0,0.0","-8.0,0.0,0.0","-9.0,0.0,0.0"
1747092275.0110562,"-76.0,0.0,0.0","-76.0,0.0,0.0","-3.0,0.0,0.0","-5.0,0.0,0.0"
1747092275.0611897,"-79.0,0.0,0.0","-77.0,0.0,0.0","-1.0,0.0,0.0","-5.0,0.0,0.0"
1747092275.1118515,"-80.0,0.0,0.0","-78.0,0.0,0.0","0.0,0.0,0.0","-5.0,0.0,0.0"
1747092275.1625304,"-83.0,0.0,0.0","-79.0,0.0,0.0","0.0,0.0,0.0","-6.0,0.0,0.0"
1747092275.213502,"-84.0,0.0,0.0","-78.0,0.0,0.0","0.0,0.0,0.0","-7.0,0.0,0.0"
1747092275.2638185,"-85.0,0.0,0.0","-79.0,0.0,0.0","0.0,0.0,0.0","-8.0,0.0,0.0"
1747092275.3147144,"-87.0,0.0,0.0","-82.0,0.0,0.0","0.0,0.0,0.0","-5.0,0.0,0.0"
1747092275.3661573,"-87.0,0.0,0.0","-82.0,0.0,0.0","0.0,0.0,0.0","-5.0,0.0,0.0"
1747092275.416213,"-87.0,0.0,0.0","-81.0,0.0,0.0","-1.0,0.0,0.0","-7.0,0.0,0.0"
1747092275.4669423,"-87.0,0.0,0.0","-81.0,0.0,0.0","-2.0,0.0,0.0","-9.0,0.0,0.0"
1747092275.5179975,"-88.0,0.0,0.0","-81.0,0.0,0.0","-2.0,0.0,0.0","-9.0,0.0,0.0"
1747092275.5681176,"-87.0,0.0,0.0","-81.0,0.0,0.0","-3.0,0.0,0.0","-9.0,0.0,0.0"
1747092275.6189737,"-87.0,0.0,0.0","-82.0,0.0,0.0","-3.0,0.0,0.0","-9.0,0.0,0.0"
1747092275.669351,"-87.0,0.0,0.0","-82.0,0.0,0.0","-3.0,0.0,0.0","-9.0,0.0,0.0"
1747092275.7199366,"-87.0,0.0,0.0","-82.0,0.0,0.0","-2.0,0.0,0.0","-8.0,0.0,0.0"
1747092275.7782872,"-87.0,0.0,0.0","-82.0,0.0,0.0","-2.0,0.0,0.0","-8.0,0.0,0.0"
1747092275.8289208,"-87.0,0.0,0.0","-82.0,0.0,0.0","-3.0,0.0,0.0","-7.0,0.0,0.0"
1747092275.8791432,"-87.0,0.0,0.0","-82.0,0.0,0.0","-2.0,0.0,0.0","-6.0,0.0,0.0"
1747092275.9300225,"-87.0,0.0,0.0","-82.0,0.0,0.0","-2.0,0.0,0.0","-6.0,0.0,0.0"
1747092275.9812508,"-87.0,0.0,0.0","-83.0,0.0,0.0","-2.0,0.0,0.0","-5.0,0.0,0.0"
1747092276.0369186,"-86.0,0.0,0.0","-83.0,0.0,0.0","-2.0,0.0,0.0","-4.0,0.0,0.0"
1747092276.0880804,"-86.0,0.0,0.0","-83.0,0.0,0.0","-2.0,0.0,0.0","-4.0,0.0,0.0"
1747092276.1381629,"-86.0,0.0,0.0","-83.0,0.0,0.0","-2.0,0.0,0.0","-4.0,0.0,0.0"
1747092276.1882336,"-86.0,0.0,0.0","-83.0,0.0,0.0","-2.0,0.0,0.0","-4.0,0.0,0.0"
1747092276.2390416,"-86.0,0.0,0.0","-83.0,0.0,0.0","-2.0,0.0,0.0","-4.0,0.0,0.0"
1747092276.2894354,"-86.0,0.0,0.0","-83.0,0.0,0.0","-2.0,0.0,0.0","-3.0,0.0,0.0"
1747092276.340324,"-85.0,0.0,0.0","-82.0,0.0,0.0","-1.0,0.0,0.0","-4.0,0.0,0.0"
1747092276.391068,"-85.0,0.0,0.0","-81.0,0.0,0.0","0.0,0.0,0.0","-4.0,0.0,0.0"
1747092276.4413,"-84.0,0.0,0.0","-79.0,0.0,0.0","1.0,0.0,0.0","-4.0,0.0,0.0"
1747092276.4919534,"-80.0,0.0,0.0","-76.0,0.0,0.0","4.0,0.0,0.0","-3.0,0.0,0.0"
1747092276.5423675,"-78.0,0.0,0.0","-73.0,0.0,0.0","4.0,0.0,0.0","0.0,0.0,0.0"
1747092276.5926473,"-75.0,0.0,0.0","-71.0,0.0,0.0","6.0,0.0,0.0","2.0,0.0,0.0"
1747092276.642666,"-70.0,0.0,0.0","-64.0,0.0,0.0","6.0,0.0,0.0","10.0,0.0,0.0"
1747092276.693815,"-67.0,0.0,0.0","-61.0,0.0,0.0","7.0,0.0,0.0","12.0,0.0,0.0"
1747092276.7442796,"-59.0,0.0,0.0","-51.0,0.0,0.0","10.0,0.0,0.0","20.0,0.0,0.0"
1747092276.795168,"-47.0,0.0,0.0","-39.0,0.0,0.0","6.0,0.0,0.0","21.0,0.0,0.0"
1747092276.8458846,"-42.0,0.0,0.0","-27.0,0.0,0.0","5.0,0.0,0.0","15.0,0.0,0.0"
1747092276.8965068,"-37.0,0.0,0.0","-17.0,0.0,0.0","2.0,0.0,0.0","16.0,0.0,0.0"
1747092276.9468305,"-25.0,0.0,0.0","2.0,0.0,0.0","6.0,0.0,0.0","18.0,0.0,0.0"
1747092276.9982564,"-23.0,0.0,0.0","7.0,0.0,0.0","10.0,0.0,0.0","19.0,0.0,0.0"
1747092277.049045,"-20.0,0.0,0.0","13.0,0.0,0.0","11.0,0.0,0.0","14.0,0.0,0.0"
1747092277.0998135,"-16.0,0.0,0.0","18.0,0.0,0.0","13.0,0.0,0.0","17.0,0.0,0.0"
1747092277.1508143,"-12.0,0.0,0.0","20.0,0.0,0.0","11.0,0.0,0.0","17.0,0.0,0.0"
1747092277.2043748,"-8.0,0.0,0.0","23.0,0.0,0.0","12.0,0.0,0.0","18.0,0.0,0.0"
1747092277.255698,"-7.0,0.0,0.0","24.0,0.0,0.0","13.0,0.0,0.0","19.0,0.0,0.0"
1747092277.3062518,"-4.0,0.0,0.0","25.0,0.0,0.0","10.0,0.0,0.0","20.0,0.0,0.0"
1747092277.3569984,"-4.0,0.0,0.0","26.0,0.0,0.0","11.0,0.0,0.0","19.0,0.0,0.0"
1747092277.408229,"-2.0,0.0,0.0","29.0,0.0,0.0","8.0,0.0,0.0","17.0,0.0,0.0"
1747092277.4588594,"-1.0,0.0,0.0","29.0,0.0,0.0","7.0,0.0,0.0","18.0,0.0,0.0"
1747092277.5089567,"-1.0,0.0,0.0","29.0,0.0,0.0","7.0,0.0,0.0","18.0,0.0,0.0"
1747092277.5598981,"-1.0,0.0,0.0","29.0,0.0,0.0","7.0,0.0,0.0","18.0,0.0,0.0"
1747092277.609956,"0.0,0.0,0.0","28.0,0.0,0.0","7.0,0.0,0.0","18.0,0.0,0.0"
1747092277.661587,"-1.0,0.0,0.0","28.0,0.0,0.0","7.0,0.0,0.0","18.0,0.0,0.0"
1747092277.7121415,"-1.0,0.0,0.0","28.0,0.0,0.0","8.0,0.0,0.0","18.0,0.0,0.0"
1747092277.7630274,"-1.0,0.0,0.0","27.0,0.0,0.0","9.0,0.0,0.0","15.0,0.0,0.0"
1747092277.8131967,"-1.0,0.0,0.0","25.0,0.0,0.0","9.0,0.0,0.0","14.0,0.0,0.0"
1747092277.8638878,"-1.0,0.0,0.0","24.0,0.0,0.0","8.0,0.0,0.0","15.0,0.0,0.0"
1747092277.9143138,"-1.0,0.0,0.0","19.0,0.0,0.0","7.0,0.0,0.0","15.0,0.0,0.0"
1747092277.966151,"0.0,0.0,0.0","14.0,0.0,0.0","6.0,0.0,0.0","14.0,0.0,0.0"
1747092278.0161521,"0.0,0.0,0.0","1.0,0.0,0.0","6.0,0.0,0.0","26.0,0.0,0.0"
1747092278.0662737,"0.0,0.0,0.0","-3.0,0.0,0.0","6.0,0.0,0.0","28.0,0.0,0.0"
1747092278.1171956,"0.0,0.0,0.0","-7.0,0.0,0.0","6.0,0.0,0.0","28.0,0.0,0.0"
1747092278.1679688,"0.0,0.0,0.0","-14.0,0.0,0.0","5.0,0.0,0.0","22.0,0.0,0.0"
1747092278.2189808,"0.0,0.0,0.0","-15.0,0.0,0.0","5.0,0.0,0.0","19.0,0.0,0.0"
1747092278.270092,"0.0,0.0,0.0","-16.0,0.0,0.0","6.0,0.0,0.0","17.0,0.0,0.0"
1747092278.3202116,"-1.0,0.0,0.0","-18.0,0.0,0.0","6.0,0.0,0.0","16.0,0.0,0.0"
1747092278.370302,"-2.0,0.0,0.0","-21.0,0.0,0.0","6.0,0.0,0.0","14.0,0.0,0.0"
1747092278.420992,"-3.0,0.0,0.0","-21.0,0.0,0.0","7.0,0.0,0.0","14.0,0.0,0.0"
1747092278.471753,"-3.0,0.0,0.0","-21.0,0.0,0.0","8.0,0.0,0.0","14.0,0.0,0.0"
1747092278.5221636,"-4.0,0.0,0.0","-21.0,0.0,0.0","9.0,0.0,0.0","14.0,0.0,0.0"
1747092278.572855,"-4.0,0.0,0.0","-21.0,0.0,0.0","9.0,0.0,0.0","15.0,0.0,0.0"
1747092278.622923,"-5.0,0.0,0.0","-21.0,0.0,0.0","10.0,0.0,0.0","15.0,0.0,0.0"
1747092278.6732578,"-5.0,0.0,0.0","-20.0,0.0,0.0","10.0,0.0,0.0","15.0,0.0,0.0"
1747092278.7242022,"-6.0,0.0,0.0","-21.0,0.0,0.0","9.0,0.0,0.0","16.0,0.0,0.0"
1747092278.7748573,"-6.0,0.0,0.0","-21.0,0.0,0.0","9.0,0.0,0.0","16.0,0.0,0.0"
1747092278.8249187,"-7.0,0.0,0.0","-21.0,0.0,0.0","8.0,0.0,0.0","16.0,0.0,0.0"
1747092278.8749814,"-8.0,0.0,0.0","-21.0,0.0,0.0","8.0,0.0,0.0","16.0,0.0,0.0"
1747092278.92551,"-9.0,0.0,0.0","-21.0,0.0,0.0","8.0,0.0,0.0","17.0,0.0,0.0"
1747092278.9761033,"-9.0,0.0,0.0","-22.0,0.0,0.0","6.0,0.0,0.0","17.0,0.0,0.0"
1747092279.0261474,"-10.0,0.0,0.0","-22.0,0.0,0.0","6.0,0.0,0.0","17.0,0.0,0.0"
1747092279.0771177,"-10.0,0.0,0.0","-22.0,0.0,0.0","6.0,0.0,0.0","17.0,0.0,0.0"
1747092279.1272137,"-11.0,0.0,0.0","-21.0,0.0,0.0","6.0,0.0,0.0","18.0,0.0,0.0"
1747092279.177995,"-11.0,0.0,0.0","-21.0,0.0,0.0","6.0,0.0,0.0","18.0,0.0,0.0"
1747092279.2286038,"-11.0,0.0,0.0","-21.0,0.0,0.0","6.0,0.0,0.0","18.0,0.0,0.0"
1747092279.2789705,"-12.0,0.0,0.0","-21.0,0.0,0.0","7.0,0.0,0.0","18.0,0.0,0.0"
1747092279.3308463,"-12.0,0.0,0.0","-21.0,0.0,0.0","7.0,0.0,0.0","18.0,0.0,0.0"
1747092279.3817718,"-12.0,0.0,0.0","-20.0,0.0,0.0","8.0,0.0,0.0","18.0,0.0,0.0"
1747092279.4319627,"-13.0,0.0,0.0","-20.0,0.0,0.0","8.0,0.0,0.0","18.0,0.0,0.0"
1747092279.4821782,"-13.0,0.0,0.0","-21.0,0.0,0.0","8.0,0.0,0.0","18.0,0.0,0.0"
1747092279.5328147,"-12.0,0.0,0.0","-21.0,0.0,0.0","8.0,0.0,0.0","17.0,0.0,0.0"
1747092279.5834816,"-12.0,0.0,0.0","-22.0,0.0,0.0","9.0,0.0,0.0","16.0,0.0,0.0"
1747092279.633566,"-8.0,0.0,0.0","-30.0,0.0,0.0","11.0,0.0,0.0","18.0,0.0,0.0"
1747092279.6840863,"-6.0,0.0,0.0","-33.0,0.0,0.0","10.0,0.0,0.0","18.0,0.0,0.0"
1747092279.7341979,"-4.0,0.0,0.0","-36.0,0.0,0.0","9.0,0.0,0.0","18.0,0.0,0.0"
1747092279.7849574,"2.0,0.0,0.0","-43.0,0.0,0.0","4.0,0.0,0.0","23.0,0.0,0.0"
1747092279.8350656,"5.0,0.0,0.0","-45.0,0.0,0.0","2.0,0.0,0.0","21.0,0.0,0.0"
1747092279.8851197,"8.0,0.0,0.0","-49.0,0.0,0.0","2.0,0.0,0.0","19.0,0.0,0.0"
1747092279.9353244,"13.0,0.0,0.0","-56.0,0.0,0.0","8.0,0.0,0.0","8.0,0.0,0.0"
1747092279.9858909,"15.0,0.0,0.0","-60.0,0.0,0.0","10.0,0.0,0.0","11.0,0.0,0.0"
1747092280.036257,"17.0,0.0,0.0","-62.0,0.0,0.0","10.0,0.0,0.0","9.0,0.0,0.0"
1747092280.0870385,"20.0,0.0,0.0","-66.0,0.0,0.0","13.0,0.0,0.0","8.0,0.0,0.0"
1747092280.1379902,"22.0,0.0,0.0","-67.0,0.0,0.0","13.0,0.0,0.0","6.0,0.0,0.0"
1747092280.18802,"24.0,0.0,0.0","-68.0,0.0,0.0","12.0,0.0,0.0","3.0,0.0,0.0"
1747092280.238225,"31.0,0.0,0.0","-72.0,0.0,0.0","8.0,0.0,0.0","1.0,0.0,0.0"
1747092280.2889376,"33.0,0.0,0.0","-72.0,0.0,0.0","7.0,0.0,0.0","0.0,0.0,0.0"
1747092280.3421319,"34.0,0.0,0.0","-72.0,0.0,0.0","7.0,0.0,0.0","-2.0,0.0,0.0"
1747092280.3921995,"37.0,0.0,0.0","-74.0,0.0,0.0","6.0,0.0,0.0","-3.0,0.0,0.0"
1747092280.442669,"38.0,0.0,0.0","-75.0,0.0,0.0","6.0,0.0,0.0","-3.0,0.0,0.0"
1747092280.4928966,"38.0,0.0,0.0","-76.0,0.0,0.0","7.0,0.0,0.0","-3.0,0.0,0.0"
1747092280.5429206,"37.0,0.0,0.0","-77.0,0.0,0.0","9.0,0.0,0.0","-3.0,0.0,0.0"
1747092280.5936203,"37.0,0.0,0.0","-77.0,0.0,0.0","9.0,0.0,0.0","-3.0,0.0,0.0"
1747092280.6442254,"39.0,0.0,0.0","-77.0,0.0,0.0","8.0,0.0,0.0","-3.0,0.0,0.0"
1747092280.6957974,"39.0,0.0,0.0","-78.0,0.0,0.0","8.0,0.0,0.0","-3.0,0.0,0.0"
1747092280.754918,"39.0,0.0,0.0","-78.0,0.0,0.0","8.0,0.0,0.0","-3.0,0.0,0.0"
1747092280.8089879,"39.0,0.0,0.0","-78.0,0.0,0.0","8.0,0.0,0.0","-2.0,0.0,0.0"
1747092280.8682659,"39.0,0.0,0.0","-78.0,0.0,0.0","7.0,0.0,0.0","-3.0,0.0,0.0"
1747092280.9188766,"40.0,0.0,0.0","-78.0,0.0,0.0","7.0,0.0,0.0","-3.0,0.0,0.0"
1747092280.9691257,"40.0,0.0,0.0","-79.0,0.0,0.0","6.0,0.0,0.0","-3.0,0.0,0.0"
1747092281.0191839,"40.0,0.0,0.0","-79.0,0.0,0.0","6.0,0.0,0.0","-4.0,0.0,0.0"
1747092281.07,"40.0,0.0,0.0","-79.0,0.0,0.0","6.0,0.0,0.0","-4.0,0.0,0.0"
1747092281.1210458,"40.0,0.0,0.0","-79.0,0.0,0.0","6.0,0.0,0.0","-6.0,0.0,0.0"
1747092281.1713877,"40.0,0.0,0.0","-79.0,0.0,0.0","6.0,0.0,0.0","-6.0,0.0,0.0"
1747092281.221955,"41.0,0.0,0.0","-79.0,0.0,0.0","5.0,0.0,0.0","-8.0,0.0,0.0"
1747092281.2719753,"41.0,0.0,0.0","-80.0,0.0,0.0","5.0,0.0,0.0","-8.0,0.0,0.0"
1747092281.3239627,"41.0,0.0,0.0","-80.0,0.0,0.0","5.0,0.0,0.0","-9.0,0.0,0.0"
1747092281.3746765,"41.0,0.0,0.0","-80.0,0.0,0.0","5.0,0.0,0.0","-9.0,0.0,0.0"
1747092281.4259818,"41.0,0.0,0.0","-80.0,0.0,0.0","4.0,0.0,0.0","-9.0,0.0,0.0"
1747092281.4761322,"42.0,0.0,0.0","-80.0,0.0,0.0","4.0,0.0,0.0","-9.0,0.0,0.0"
1747092281.526849,"42.0,0.0,0.0","-81.0,0.0,0.0","4.0,0.0,0.0","-9.0,0.0,0.0"
1747092281.5779502,"42.0,0.0,0.0","-81.0,0.0,0.0","4.0,0.0,0.0","-10.0,0.0,0.0"
1747092281.6280537,"42.0,0.0,0.0","-81.0,0.0,0.0","4.0,0.0,0.0","-10.0,0.0,0.0"
1747092281.6790051,"42.0,0.0,0.0","-81.0,0.0,0.0","4.0,0.0,0.0","-10.0,0.0,0.0"
1747092281.7291548,"42.0,0.0,0.0","-81.0,0.0,0.0","4.0,0.0,0.0","-10.0,0.0,0.0"
1747092281.77991,"43.0,0.0,0.0","-81.0,0.0,0.0","3.0,0.0,0.0","-10.0,0.0,0.0"
1747092281.8307831,"43.0,0.0,0.0","-81.0,0.0,0.0","3.0,0.0,0.0","-10.0,0.0,0.0"
1747092281.8814216,"43.0,0.0,0.0","-81.0,0.0,0.0","3.0,0.0,0.0","-10.0,0.0,0.0"
1747092281.931888,"43.0,0.0,0.0","-81.0,0.0,0.0","3.0,0.0,0.0","-10.0,0.0,0.0"
1747092281.9828777,"42.0,0.0,0.0","-81.0,0.0,0.0","4.0,0.0,0.0","-10.0,0.0,0.0"
1747092282.0334446,"42.0,0.0,0.0","-81.0,0.0,0.0","4.0,0.0,0.0","-10.0,0.0,0.0"
1747092282.0841172,"42.0,0.0,0.0","-81.0,0.0,0.0","4.0,0.0,0.0","-10.0,0.0,0.0"
1747092282.1342523,"41.0,0.0,0.0","-80.0,0.0,0.0","4.0,0.0,0.0","-10.0,0.0,0.0"
1747092282.1847055,"41.0,0.0,0.0","-80.0,0.0,0.0","4.0,0.0,0.0","-10.0,0.0,0.0"
1747092282.2367008,"40.0,0.0,0.0","-80.0,0.0,0.0","4.0,0.0,0.0","-10.0,0.0,0.0"
1747092282.287822,"40.0,0.0,0.0","-80.0,0.0,0.0","4.0,0.0,0.0","-11.0,0.0,0.0"
1747092282.3380592,"40.0,0.0,0.0","-80.0,0.0,0.0","4.0,0.0,0.0","-11.0,0.0,0.0"
1747092282.388931,"39.0,0.0,0.0","-80.0,0.0,0.0","5.0,0.0,0.0","-11.0,0.0,0.0"
1747092282.43957,"37.0,0.0,0.0","-80.0,0.0,0.0","7.0,0.0,0.0","-11.0,0.0,0.0"
1747092282.489765,"36.0,0.0,0.0","-80.0,0.0,0.0","7.0,0.0,0.0","-11.0,0.0,0.0"
1747092282.5404265,"34.0,0.0,0.0","-80.0,0.0,0.0","7.0,0.0,0.0","-10.0,0.0,0.0"
1747092282.591614,"33.0,0.0,0.0","-80.0,0.0,0.0","7.0,0.0,0.0","-10.0,0.0,0.0"
1747092282.643379,"32.0,0.0,0.0","-80.0,0.0,0.0","7.0,0.0,0.0","-10.0,0.0,0.0"
1747092282.6939912,"31.0,0.0,0.0","-79.0,0.0,0.0","6.0,0.0,0.0","-10.0,0.0,0.0"
1747092282.7446175,"31.0,0.0,0.0","-79.0,0.0,0.0","6.0,0.0,0.0","-9.0,0.0,0.0"
1747092282.7951827,"26.0,0.0,0.0","-78.0,0.0,0.0","7.0,0.0,0.0","-4.0,0.0,0.0"
1747092282.846111,"23.0,0.0,0.0","-77.0,0.0,0.0","6.0,0.0,0.0","-2.0,0.0,0.0"
1747092282.8975158,"21.0,0.0,0.0","-76.0,0.0,0.0","3.0,0.0,0.0","0.0,0.0,0.0"
1747092282.9480176,"16.0,0.0,0.0","-73.0,0.0,0.0","0.0,0.0,0.0","4.0,0.0,0.0"
1747092282.999018,"11.0,0.0,0.0","-72.0,0.0,0.0","2.0,0.0,0.0","7.0,0.0,0.0"
1747092283.04922,"6.0,0.0,0.0","-69.0,0.0,0.0","5.0,0.0,0.0","12.0,0.0,0.0"
1747092283.099869,"-3.0,0.0,0.0","-60.0,0.0,0.0","7.0,0.0,0.0","10.0,0.0,0.0"
1747092283.1501937,"-8.0,0.0,0.0","-53.0,0.0,0.0","5.0,0.0,0.0","16.0,0.0,0.0"
1747092283.2008748,"-12.0,0.0,0.0","-47.0,0.0,0.0","7.0,0.0,0.0","18.0,0.0,0.0"
1747092283.251104,"-18.0,0.0,0.0","-38.0,0.0,0.0","3.0,0.0,0.0","17.0,0.0,0.0"
1747092283.301857,"-20.0,0.0,0.0","-35.0,0.0,0.0","-1.0,0.0,0.0","20.0,0.0,0.0"
1747092283.35241,"-26.0,0.0,0.0","-28.0,0.0,0.0","0.0,0.0,0.0","18.0,0.0,0.0"
1747092283.405365,"-42.0,0.0,0.0","-16.0,0.0,0.0","8.0,0.0,0.0","19.0,0.0,0.0"
1747092283.4555624,"-47.0,0.0,0.0","-13.0,0.0,0.0","9.0,0.0,0.0","19.0,0.0,0.0"
1747092283.5056095,"-52.0,0.0,0.0","-11.0,0.0,0.0","8.0,0.0,0.0","25.0,0.0,0.0"
1747092283.5561345,"-62.0,0.0,0.0","-3.0,0.0,0.0","11.0,0.0,0.0","22.0,0.0,0.0"
1747092283.6067965,"-65.0,0.0,0.0","-3.0,0.0,0.0","7.0,0.0,0.0","25.0,0.0,0.0"
1747092283.6582217,"-69.0,0.0,0.0","6.0,0.0,0.0","5.0,0.0,0.0","15.0,0.0,0.0"
1747092283.708905,"-71.0,0.0,0.0","8.0,0.0,0.0","4.0,0.0,0.0","13.0,0.0,0.0"
1747092283.7589743,"-75.0,0.0,0.0","11.0,0.0,0.0","4.0,0.0,0.0","15.0,0.0,0.0"
1747092283.810797,"-80.0,0.0,0.0","14.0,0.0,0.0","5.0,0.0,0.0","16.0,0.0,0.0"
1747092283.861029,"-81.0,0.0,0.0","14.0,0.0,0.0","3.0,0.0,0.0","17.0,0.0,0.0"
1747092283.9117727,"-82.0,0.0,0.0","14.0,0.0,0.0","2.0,0.0,0.0","19.0,0.0,0.0"
1747092283.9622664,"-84.0,0.0,0.0","18.0,0.0,0.0","1.0,0.0,0.0","17.0,0.0,0.0"
1747092284.0127356,"-85.0,0.0,0.0","19.0,0.0,0.0","1.0,0.0,0.0","17.0,0.0,0.0"
1747092284.063565,"-86.0,0.0,0.0","21.0,0.0,0.0","0.0,0.0,0.0","17.0,0.0,0.0"
1747092284.113881,"-88.0,0.0,0.0","22.0,0.0,0.0","2.0,0.0,0.0","17.0,0.0,0.0"
1747092284.163975,"-89.0,0.0,0.0","23.0,0.0,0.0","3.0,0.0,0.0","16.0,0.0,0.0"
1747092284.2146914,"-89.0,0.0,0.0","23.0,0.0,0.0","2.0,0.0,0.0","16.0,0.0,0.0"
1747092284.2647922,"-88.0,0.0,0.0","23.0,0.0,0.0","1.0,0.0,0.0","16.0,0.0,0.0"
1747092284.316015,"-88.0,0.0,0.0","23.0,0.0,0.0","0.0,0.0,0.0","17.0,0.0,0.0"
1747092284.36624,"-88.0,0.0,0.0","23.0,0.0,0.0","0.0,0.0,0.0","17.0,0.0,0.0"
1747092284.416959,"-88.0,0.0,0.0","22.0,0.0,0.0","0.0,0.0,0.0","17.0,0.0,0.0"
1747092284.467902,"-88.0,0.0,0.0","22.0,0.0,0.0","0.0,0.0,0.0","17.0,0.0,0.0"
1747092284.5179033,"-88.0,0.0,0.0","22.0,0.0,0.0","0.0,0.0,0.0","17.0,0.0,0.0"
1747092284.5679939,"-88.0,0.0,0.0","21.0,0.0,0.0","0.0,0.0,0.0","17.0,0.0,0.0"
1747092284.6181667,"-88.0,0.0,0.0","21.0,0.0,0.0","0.0,0.0,0.0","16.0,0.0,0.0"
1747092284.6689816,"-88.0,0.0,0.0","20.0,0.0,0.0","0.0,0.0,0.0","16.0,0.0,0.0"
1747092284.720829,"-88.0,0.0,0.0","19.0,0.0,0.0","0.0,0.0,0.0","17.0,0.0,0.0"
1747092284.7711425,"-88.0,0.0,0.0","19.0,0.0,0.0","0.0,0.0,0.0","17.0,0.0,0.0"
1747092284.8223643,"-88.0,0.0,0.0","19.0,0.0,0.0","0.0,0.0,0.0","17.0,0.0,0.0"
1747092284.8730586,"-88.0,0.0,0.0","18.0,0.0,0.0","0.0,0.0,0.0","16.0,0.0,0.0"
1747092284.923858,"-88.0,0.0,0.0","18.0,0.0,0.0","0.0,0.0,0.0","16.0,0.0,0.0"
1747092284.9747972,"-88.0,0.0,0.0","16.0,0.0,0.0","0.0,0.0,0.0","16.0,0.0,0.0"
1747092285.0249963,"-88.0,0.0,0.0","16.0,0.0,0.0","0.0,0.0,0.0","15.0,0.0,0.0"
1747092285.0750644,"-88.0,0.0,0.0","15.0,0.0,0.0","1.0,0.0,0.0","15.0,0.0,0.0"
1747092285.1251597,"-87.0,0.0,0.0","14.0,0.0,0.0","1.0,0.0,0.0","14.0,0.0,0.0"
1747092285.1751802,"-84.0,0.0,0.0","13.0,0.0,0.0","2.0,0.0,0.0","13.0,0.0,0.0"
1747092285.2257626,"-80.0,0.0,0.0","12.0,0.0,0.0","6.0,0.0,0.0","13.0,0.0,0.0"
1747092285.2759528,"-77.0,0.0,0.0","11.0,0.0,0.0","7.0,0.0,0.0","15.0,0.0,0.0"
1747092285.3260217,"-71.0,0.0,0.0","9.0,0.0,0.0","7.0,0.0,0.0","16.0,0.0,0.0"
1747092285.376793,"-68.0,0.0,0.0","8.0,0.0,0.0","11.0,0.0,0.0","17.0,0.0,0.0"
1747092285.4269626,"-65.0,0.0,0.0","7.0,0.0,0.0","15.0,0.0,0.0","18.0,0.0,0.0"
1747092285.4771805,"-55.0,0.0,0.0","6.0,0.0,0.0","14.0,0.0,0.0","17.0,0.0,0.0"
1747092285.5279493,"-45.0,0.0,0.0","6.0,0.0,0.0","8.0,0.0,0.0","15.0,0.0,0.0"
1747092285.5781968,"-39.0,0.0,0.0","5.0,0.0,0.0","5.0,0.0,0.0","14.0,0.0,0.0"
1747092285.6282446,"-30.0,0.0,0.0","1.0,0.0,0.0","3.0,0.0,0.0","17.0,0.0,0.0"
1747092285.6787045,"-27.0,0.0,0.0","-2.0,0.0,0.0","3.0,0.0,0.0","21.0,0.0,0.0"
1747092285.729393,"-23.0,0.0,0.0","-4.0,0.0,0.0","7.0,0.0,0.0","23.0,0.0,0.0"
1747092285.7800233,"-17.0,0.0,0.0","-6.0,0.0,0.0","12.0,0.0,0.0","18.0,0.0,0.0"
1747092285.8314886,"-16.0,0.0,0.0","-6.0,0.0,0.0","13.0,0.0,0.0","17.0,0.0,0.0"
1747092285.8820395,"-14.0,0.0,0.0","-6.0,0.0,0.0","15.0,0.0,0.0","17.0,0.0,0.0"
1747092285.9400887,"-12.0,0.0,0.0","-6.0,0.0,0.0","16.0,0.0,0.0","17.0,0.0,0.0"
1747092285.9916055,"-9.0,0.0,0.0","-6.0,0.0,0.0","16.0,0.0,0.0","17.0,0.0,0.0"
1747092286.041649,"-8.0,0.0,0.0","-6.0,0.0,0.0","14.0,0.0,0.0","17.0,0.0,0.0"
1747092286.0917678,"-8.0,0.0,0.0","-6.0,0.0,0.0","14.0,0.0,0.0","18.0,0.0,0.0"
1747092286.1428795,"-8.0,0.0,0.0","-6.0,0.0,0.0","14.0,0.0,0.0","18.0,0.0,0.0"
1747092286.192953,"-9.0,0.0,0.0","-6.0,0.0,0.0","14.0,0.0,0.0","18.0,0.0,0.0"
1747092286.2441096,"-10.0,0.0,0.0","-6.0,0.0,0.0","14.0,0.0,0.0","19.0,0.0,0.0"
1747092286.2955177,"-10.0,0.0,0.0","-6.0,0.0,0.0","13.0,0.0,0.0","19.0,0.0,0.0"
1747092286.346321,"-11.0,0.0,0.0","-6.0,0.0,0.0","13.0,0.0,0.0","19.0,0.0,0.0"
1747092286.3969622,"-11.0,0.0,0.0","-6.0,0.0,0.0","13.0,0.0,0.0","20.0,0.0,0.0"
1747092286.4478981,"-12.0,0.0,0.0","-5.0,0.0,0.0","14.0,0.0,0.0","21.0,0.0,0.0"
1747092286.497948,"-12.0,0.0,0.0","-3.0,0.0,0.0","14.0,0.0,0.0","21.0,0.0,0.0"
1747092286.5487266,"-10.0,0.0,0.0","0.0,0.0,0.0","13.0,0.0,0.0","18.0,0.0,0.0"
1747092286.5989108,"-4.0,0.0,0.0","10.0,0.0,0.0","11.0,0.0,0.0","13.0,0.0,0.0"
1747092286.64896,"0.0,0.0,0.0","17.0,0.0,0.0","9.0,0.0,0.0","7.0,0.0,0.0"
1747092286.6990495,"4.0,0.0,0.0","21.0,0.0,0.0","5.0,0.0,0.0","7.0,0.0,0.0"
1747092286.7497144,"16.0,0.0,0.0","35.0,0.0,0.0","10.0,0.0,0.0","9.0,0.0,0.0"
1747092286.7997787,"22.0,0.0,0.0","40.0,0.0,0.0","13.0,0.0,0.0","5.0,0.0,0.0"
1747092286.8509235,"27.0,0.0,0.0","44.0,0.0,0.0","13.0,0.0,0.0","5.0,0.0,0.0"
1747092286.9009793,"35.0,0.0,0.0","50.0,0.0,0.0","13.0,0.0,0.0","4.0,0.0,0.0"
1747092286.9520333,"40.0,0.0,0.0","54.0,0.0,0.0","11.0,0.0,0.0","5.0,0.0,0.0"
1747092287.0028903,"43.0,0.0,0.0","58.0,0.0,0.0","11.0,0.0,0.0","4.0,0.0,0.0"
1747092287.053546,"54.0,0.0,0.0","69.0,0.0,0.0","9.0,0.0,0.0","2.0,0.0,0.0"
1747092287.1036203,"57.0,0.0,0.0","73.0,0.0,0.0","8.0,0.0,0.0","0.0,0.0,0.0"
1747092287.1552017,"60.0,0.0,0.0","76.0,0.0,0.0","8.0,0.0,0.0","-2.0,0.0,0.0"
1747092287.2055051,"66.0,0.0,0.0","80.0,0.0,0.0","4.0,0.0,0.0","-3.0,0.0,0.0"
1747092287.256348,"68.0,0.0,0.0","81.0,0.0,0.0","4.0,0.0,0.0","-2.0,0.0,0.0"
1747092287.3069942,"72.0,0.0,0.0","84.0,0.0,0.0","3.0,0.0,0.0","0.0,0.0,0.0"
1747092287.357177,"75.0,0.0,0.0","87.0,0.0,0.0","4.0,0.0,0.0","-1.0,0.0,0.0"
1747092287.4138708,"75.0,0.0,0.0","87.0,0.0,0.0","7.0,0.0,0.0","0.0,0.0,0.0"
1747092287.465564,"77.0,0.0,0.0","88.0,0.0,0.0","6.0,0.0,0.0","0.0,0.0,0.0"
1747092287.5161293,"77.0,0.0,0.0","89.0,0.0,0.0","6.0,0.0,0.0","0.0,0.0,0.0"
1747092287.5667894,"78.0,0.0,0.0","89.0,0.0,0.0","8.0,0.0,0.0","2.0,0.0,0.0"
1747092287.6179526,"79.0,0.0,0.0","89.0,0.0,0.0","8.0,0.0,0.0","1.0,0.0,0.0"
1747092287.6680856,"79.0,0.0,0.0","90.0,0.0,0.0","9.0,0.0,0.0","0.0,0.0,0.0"
1747092287.7192893,"79.0,0.0,0.0","90.0,0.0,0.0","9.0,0.0,0.0","0.0,0.0,0.0"
1747092287.7698057,"79.0,0.0,0.0","89.0,0.0,0.0","8.0,0.0,0.0","1.0,0.0,0.0"
1747092287.819932,"79.0,0.0,0.0","89.0,0.0,0.0","8.0,0.0,0.0","1.0,0.0,0.0"
1747092287.8710127,"79.0,0.0,0.0","88.0,0.0,0.0","7.0,0.0,0.0","2.0,0.0,0.0"
1747092287.9219387,"78.0,0.0,0.0","84.0,0.0,0.0","8.0,0.0,0.0","7.0,0.0,0.0"
1747092287.9729936,"76.0,0.0,0.0","84.0,0.0,0.0","9.0,0.0,0.0","5.0,0.0,0.0"
1747092288.0235965,"74.0,0.0,0.0","82.0,0.0,0.0","10.0,0.0,0.0","8.0,0.0,0.0"
1747092288.0741699,"67.0,0.0,0.0","79.0,0.0,0.0","17.0,0.0,0.0","10.0,0.0,0.0"
1747092288.124814,"60.0,0.0,0.0","74.0,0.0,0.0","24.0,0.0,0.0","16.0,0.0,0.0"
1747092288.1763883,"54.0,0.0,0.0","69.0,0.0,0.0","30.0,0.0,0.0","23.0,0.0,0.0"
1747092288.2269678,"48.0,0.0,0.0","66.0,0.0,0.0","37.0,0.0,0.0","28.0,0.0,0.0"
1747092288.2780173,"34.0,0.0,0.0","55.0,0.0,0.0","53.0,0.0,0.0","40.0,0.0,0.0"
1747092288.328853,"22.0,0.0,0.0","43.0,0.0,0.0","66.0,0.0,0.0","53.0,0.0,0.0"
1747092288.379758,"15.0,0.0,0.0","35.0,0.0,0.0","74.0,0.0,0.0","61.0,0.0,0.0"
1747092288.4300792,"6.0,0.0,0.0","28.0,0.0,0.0","82.0,0.0,0.0","70.0,0.0,0.0"
1747092288.480685,"-7.0,0.0,0.0","13.0,0.0,0.0","94.0,0.0,0.0","84.0,0.0,0.0"
1747092288.5308278,"-19.0,0.0,0.0","-4.0,0.0,0.0","106.0,0.0,0.0","102.0,0.0,0.0"
1747092288.5809846,"-27.0,0.0,0.0","-8.0,0.0,0.0","113.0,0.0,0.0","105.0,0.0,0.0"
1747092288.6318524,"-31.0,0.0,0.0","-12.0,0.0,0.0","117.0,0.0,0.0","108.0,0.0,0.0"
1747092288.6825576,"-34.0,0.0,0.0","-16.0,0.0,0.0","120.0,0.0,0.0","112.0,0.0,0.0"
1747092288.7331862,"-39.0,0.0,0.0","-22.0,0.0,0.0","123.0,0.0,0.0","117.0,0.0,0.0"
1747092288.783816,"-39.0,0.0,0.0","-22.0,0.0,0.0","123.0,0.0,0.0","118.0,0.0,0.0"
1747092288.8338683,"-38.0,0.0,0.0","-20.0,0.0,0.0","122.0,0.0,0.0","117.0,0.0,0.0"
1747092288.8841534,"-34.0,0.0,0.0","-16.0,0.0,0.0","120.0,0.0,0.0","113.0,0.0,0.0"
1747092288.9342654,"-32.0,0.0,0.0","-15.0,0.0,0.0","119.0,0.0,0.0","112.0,0.0,0.0"
1747092288.984451,"-30.0,0.0,0.0","-14.0,0.0,0.0","118.0,0.0,0.0","111.0,0.0,0.0"
1747092289.035416,"-28.0,0.0,0.0","-12.0,0.0,0.0","116.0,0.0,0.0","110.0,0.0,0.0"
1747092289.0856562,"-27.0,0.0,0.0","-12.0,0.0,0.0","115.0,0.0,0.0","110.0,0.0,0.0"
1747092289.136787,"-25.0,0.0,0.0","-12.0,0.0,0.0","113.0,0.0,0.0","110.0,0.0,0.0"
1747092289.1880555,"-23.0,0.0,0.0","-11.0,0.0,0.0","111.0,0.0,0.0","111.0,0.0,0.0"
1747092289.2388916,"-23.0,0.0,0.0","-11.0,0.0,0.0","111.0,0.0,0.0","110.0,0.0,0.0"
1747092289.288907,"-23.0,0.0,0.0","-11.0,0.0,0.0","111.0,0.0,0.0","110.0,0.0,0.0"
1747092289.3393908,"-23.0,0.0,0.0","-11.0,0.0,0.0","111.0,0.0,0.0","110.0,0.0,0.0"
1747092289.3900635,"-30.0,0.0,0.0","-15.0,0.0,0.0","117.0,0.0,0.0","112.0,0.0,0.0"
1747092289.4405248,"-35.0,0.0,0.0","-20.0,0.0,0.0","120.0,0.0,0.0","115.0,0.0,0.0"
1747092289.4910803,"-46.0,0.0,0.0","-36.0,0.0,0.0","124.0,0.0,0.0","125.0,0.0,0.0"
1747092289.5426588,"-48.0,0.0,0.0","-41.0,0.0,0.0","122.0,0.0,0.0","128.0,0.0,0.0"
1747092289.592813,"-51.0,0.0,0.0","-46.0,0.0,0.0","120.0,0.0,0.0","128.0,0.0,0.0"
1747092289.6429002,"-56.0,0.0,0.0","-55.0,0.0,0.0","116.0,0.0,0.0","128.0,0.0,0.0"
1747092289.69299,"-59.0,0.0,0.0","-58.0,0.0,0.0","113.0,0.0,0.0","125.0,0.0,0.0"
1747092289.743554,"-61.0,0.0,0.0","-59.0,0.0,0.0","102.0,0.0,0.0","112.0,0.0,0.0"
1747092289.7941022,"-64.0,0.0,0.0","-60.0,0.0,0.0","69.0,0.0,0.0","88.0,0.0,0.0"
1747092289.8442488,"-64.0,0.0,0.0","-60.0,0.0,0.0","60.0,0.0,0.0","75.0,0.0,0.0"
1747092289.8954494,"-63.0,0.0,0.0","-60.0,0.0,0.0","48.0,0.0,0.0","60.0,0.0,0.0"
1747092289.9463654,"-63.0,0.0,0.0","-60.0,0.0,0.0","31.0,0.0,0.0","40.0,0.0,0.0"
1747092289.9969394,"-63.0,0.0,0.0","-60.0,0.0,0.0","24.0,0.0,0.0","32.0,0.0,0.0"
1747092290.0481186,"-63.0,0.0,0.0","-60.0,0.0,0.0","20.0,0.0,0.0","26.0,0.0,0.0"
1747092290.0989008,"-65.0,0.0,0.0","-61.0,0.0,0.0","15.0,0.0,0.0","19.0,0.0,0.0"
1747092290.1497755,"-67.0,0.0,0.0","-63.0,0.0,0.0","13.0,0.0,0.0","16.0,0.0,0.0"
1747092290.2003336,"-68.0,0.0,0.0","-65.0,0.0,0.0","9.0,0.0,0.0","14.0,0.0,0.0"
1747092290.2506056,"-73.0,0.0,0.0","-71.0,0.0,0.0","4.0,0.0,0.0","7.0,0.0,0.0"
1747092290.301707,"-75.0,0.0,0.0","-73.0,0.0,0.0","4.0,0.0,0.0","7.0,0.0,0.0"
1747092290.3518255,"-80.0,0.0,0.0","-76.0,0.0,0.0","4.0,0.0,0.0","3.0,0.0,0.0"
1747092290.4029026,"-82.0,0.0,0.0","-78.0,0.0,0.0","2.0,0.0,0.0","2.0,0.0,0.0"
1747092290.4530058,"-84.0,0.0,0.0","-79.0,0.0,0.0","1.0,0.0,0.0","0.0,0.0,0.0"
1747092290.5031412,"-85.0,0.0,0.0","-79.0,0.0,0.0","1.0,0.0,0.0","-1.0,0.0,0.0"
1747092290.5540743,"-87.0,0.0,0.0","-80.0,0.0,0.0","0.0,0.0,0.0","-4.0,0.0,0.0"
1747092290.604479,"-87.0,0.0,0.0","-82.0,0.0,0.0","0.0,0.0,0.0","-5.0,0.0,0.0"
1747092290.6547015,"-88.0,0.0,0.0","-82.0,0.0,0.0","-2.0,0.0,0.0","-7.0,0.0,0.0"
1747092290.7054825,"-88.0,0.0,0.0","-82.0,0.0,0.0","-2.0,0.0,0.0","-7.0,0.0,0.0"
1747092290.7562585,"-88.0,0.0,0.0","-82.0,0.0,0.0","-3.0,0.0,0.0","-7.0,0.0,0.0"
1747092290.807071,"-88.0,0.0,0.0","-82.0,0.0,0.0","-2.0,0.0,0.0","-6.0,0.0,0.0"
1747092290.8577182,"-87.0,0.0,0.0","-82.0,0.0,0.0","-2.0,0.0,0.0","-6.0,0.0,0.0"
1747092290.9078665,"-87.0,0.0,0.0","-82.0,0.0,0.0","-2.0,0.0,0.0","-6.0,0.0,0.0"
1747092290.9607208,"-87.0,0.0,0.0","-82.0,0.0,0.0","-1.0,0.0,0.0","-6.0,0.0,0.0"
1747092291.0179365,"-87.0,0.0,0.0","-82.0,0.0,0.0","-1.0,0.0,0.0","-5.0,0.0,0.0"
1747092291.068808,"-86.0,0.0,0.0","-82.0,0.0,0.0","-2.0,0.0,0.0","-5.0,0.0,0.0"
1747092291.1195798,"-86.0,0.0,0.0","-82.0,0.0,0.0","-2.0,0.0,0.0","-4.0,0.0,0.0"
1747092291.1699216,"-86.0,0.0,0.0","-83.0,0.0,0.0","-1.0,0.0,0.0","-4.0,0.0,0.0"
1747092291.2200787,"-86.0,0.0,0.0","-83.0,0.0,0.0","-1.0,0.0,0.0","-4.0,0.0,0.0"
1747092291.2709222,"-86.0,0.0,0.0","-83.0,0.0,0.0","-1.0,0.0,0.0","-4.0,0.0,0.0"
1747092291.3209527,"-86.0,0.0,0.0","-83.0,0.0,0.0","-1.0,0.0,0.0","-4.0,0.0,0.0"
1747092291.3711035,"-86.0,0.0,0.0","-83.0,0.0,0.0","-1.0,0.0,0.0","-4.0,0.0,0.0"
1747092291.4218159,"-86.0,0.0,0.0","-83.0,0.0,0.0","-1.0,0.0,0.0","-4.0,0.0,0.0"
1747092291.4727805,"-86.0,0.0,0.0","-83.0,0.0,0.0","-2.0,0.0,0.0","-4.0,0.0,0.0"
1747092291.5229292,"-87.0,0.0,0.0","-83.0,0.0,0.0","-1.0,0.0,0.0","-4.0,0.0,0.0"
1747092291.573001,"-87.0,0.0,0.0","-83.0,0.0,0.0","-2.0,0.0,0.0","-5.0,0.0,0.0"
1747092291.6236753,"-87.0,0.0,0.0","-82.0,0.0,0.0","-2.0,0.0,0.0","-5.0,0.0,0.0"
1747092291.6740916,"-87.0,0.0,0.0","-81.0,0.0,0.0","-3.0,0.0,0.0","-7.0,0.0,0.0"
1747092291.724715,"-87.0,0.0,0.0","-81.0,0.0,0.0","-3.0,0.0,0.0","-7.0,0.0,0.0"
1747092291.77483,"-87.0,0.0,0.0","-80.0,0.0,0.0","-3.0,0.0,0.0","-8.0,0.0,0.0"
1747092291.824956,"-87.0,0.0,0.0","-78.0,0.0,0.0","-3.0,0.0,0.0","-8.0,0.0,0.0"
1747092291.8755996,"-87.0,0.0,0.0","-75.0,0.0,0.0","-2.0,0.0,0.0","-9.0,0.0,0.0"
1747092291.9272351,"-87.0,0.0,0.0","-71.0,0.0,0.0","-2.0,0.0,0.0","-11.0,0.0,0.0"
1747092291.977951,"-87.0,0.0,0.0","-67.0,0.0,0.0","-2.0,0.0,0.0","-11.0,0.0,0.0"
1747092292.02807,"-88.0,0.0,0.0","-53.0,0.0,0.0","-1.0,0.0,0.0","-6.0,0.0,0.0"
1747092292.0787284,"-88.0,0.0,0.0","-50.0,0.0,0.0","0.0,0.0,0.0","-4.0,0.0,0.0"
1747092292.128868,"-88.0,0.0,0.0","-44.0,0.0,0.0","0.0,0.0,0.0","2.0,0.0,0.0"
1747092292.179443,"-88.0,0.0,0.0","-39.0,0.0,0.0","0.0,0.0,0.0","11.0,0.0,0.0"
1747092292.2300985,"-88.0,0.0,0.0","-21.0,0.0,0.0","0.0,0.0,0.0","28.0,0.0,0.0"
1747092292.2807524,"-88.0,0.0,0.0","-14.0,0.0,0.0","0.0,0.0,0.0","39.0,0.0,0.0"
1747092292.3308394,"-87.0,0.0,0.0","6.0,0.0,0.0","0.0,0.0,0.0","28.0,0.0,0.0"
1747092292.3817718,"-87.0,0.0,0.0","12.0,0.0,0.0","0.0,0.0,0.0","24.0,0.0,0.0"
1747092292.4323275,"-87.0,0.0,0.0","15.0,0.0,0.0","0.0,0.0,0.0","25.0,0.0,0.0"
1747092292.4827807,"-87.0,0.0,0.0","18.0,0.0,0.0","0.0,0.0,0.0","27.0,0.0,0.0"
1747092292.533095,"-87.0,0.0,0.0","19.0,0.0,0.0","0.0,0.0,0.0","26.0,0.0,0.0"
1747092292.5832515,"-88.0,0.0,0.0","19.0,0.0,0.0","0.0,0.0,0.0","27.0,0.0,0.0"
1747092292.6339269,"-88.0,0.0,0.0","18.0,0.0,0.0","0.0,0.0,0.0","27.0,0.0,0.0"
1747092292.6840682,"-88.0,0.0,0.0","17.0,0.0,0.0","0.0,0.0,0.0","28.0,0.0,0.0"
1747092292.7349432,"-88.0,0.0,0.0","13.0,0.0,0.0","-1.0,0.0,0.0","27.0,0.0,0.0"
1747092292.7850711,"-88.0,0.0,0.0","-2.0,0.0,0.0","-1.0,0.0,0.0","37.0,0.0,0.0"
1747092292.8356972,"-87.0,0.0,0.0","-15.0,0.0,0.0","-2.0,0.0,0.0","38.0,0.0,0.0"
1747092292.8858094,"-88.0,0.0,0.0","-33.0,0.0,0.0","-1.0,0.0,0.0","35.0,0.0,0.0"
1747092292.936255,"-88.0,0.0,0.0","-41.0,0.0,0.0","-1.0,0.0,0.0","31.0,0.0,0.0"
1747092292.9868956,"-88.0,0.0,0.0","-57.0,0.0,0.0","-1.0,0.0,0.0","16.0,0.0,0.0"
1747092293.0378807,"-88.0,0.0,0.0","-62.0,0.0,0.0","-1.0,0.0,0.0","10.0,0.0,0.0"
1747092293.0879726,"-88.0,0.0,0.0","-68.0,0.0,0.0","-1.0,0.0,0.0","12.0,0.0,0.0"
1747092293.1387475,"-88.0,0.0,0.0","-70.0,0.0,0.0","-1.0,0.0,0.0","5.0,0.0,0.0"
1747092293.189048,"-87.0,0.0,0.0","-76.0,0.0,0.0","-1.0,0.0,0.0","1.0,0.0,0.0"
1747092293.2397888,"-87.0,0.0,0.0","-77.0,0.0,0.0","-1.0,0.0,0.0","-2.0,0.0,0.0"
1747092293.2903495,"-87.0,0.0,0.0","-80.0,0.0,0.0","-1.0,0.0,0.0","-8.0,0.0,0.0"
1747092293.3415935,"-87.0,0.0,0.0","-82.0,0.0,0.0","-1.0,0.0,0.0","-7.0,0.0,0.0"
1747092293.392168,"-86.0,0.0,0.0","-82.0,0.0,0.0","-1.0,0.0,0.0","-7.0,0.0,0.0"
1747092293.442826,"-86.0,0.0,0.0","-81.0,0.0,0.0","-1.0,0.0,0.0","-7.0,0.0,0.0"
1747092293.4928722,"-86.0,0.0,0.0","-81.0,0.0,0.0","-2.0,0.0,0.0","-6.0,0.0,0.0"
1747092293.5429988,"-86.0,0.0,0.0","-80.0,0.0,0.0","-3.0,0.0,0.0","-6.0,0.0,0.0"
1747092293.5930426,"-86.0,0.0,0.0","-80.0,0.0,0.0","-3.0,0.0,0.0","-5.0,0.0,0.0"
1747092293.6431594,"-86.0,0.0,0.0","-80.0,0.0,0.0","-3.0,0.0,0.0","-4.0,0.0,0.0"
1747092293.693301,"-86.0,0.0,0.0","-80.0,0.0,0.0","-3.0,0.0,0.0","-4.0,0.0,0.0"
1747092293.7434757,"-85.0,0.0,0.0","-80.0,0.0,0.0","0.0,0.0,0.0","-5.0,0.0,0.0"
1747092293.7937636,"-84.0,0.0,0.0","-80.0,0.0,0.0","1.0,0.0,0.0","-6.0,0.0,0.0"
1747092293.8439682,"-81.0,0.0,0.0","-80.0,0.0,0.0","3.0,0.0,0.0","-6.0,0.0,0.0"
1747092293.8940618,"-71.0,0.0,0.0","-80.0,0.0,0.0","7.0,0.0,0.0","-7.0,0.0,0.0"
1747092293.9457192,"-66.0,0.0,0.0","-81.0,0.0,0.0","9.0,0.0,0.0","-8.0,0.0,0.0"
1747092293.997061,"-61.0,0.0,0.0","-81.0,0.0,0.0","12.0,0.0,0.0","-8.0,0.0,0.0"
1747092294.0487645,"-47.0,0.0,0.0","-82.0,0.0,0.0","7.0,0.0,0.0","-8.0,0.0,0.0"
1747092294.098891,"-39.0,0.0,0.0","-82.0,0.0,0.0","4.0,0.0,0.0","-8.0,0.0,0.0"
1747092294.1493042,"-32.0,0.0,0.0","-82.0,0.0,0.0","5.0,0.0,0.0","-8.0,0.0,0.0"
1747092294.200151,"-17.0,0.0,0.0","-82.0,0.0,0.0","13.0,0.0,0.0","-8.0,0.0,0.0"
1747092294.250246,"-12.0,0.0,0.0","-82.0,0.0,0.0","14.0,0.0,0.0","-8.0,0.0,0.0"
1747092294.3003612,"-8.0,0.0,0.0","-81.0,0.0,0.0","12.0,0.0,0.0","-8.0,0.0,0.0"
1747092294.3510516,"-3.0,0.0,0.0","-81.0,0.0,0.0","12.0,0.0,0.0","-9.0,0.0,0.0"
1747092294.4010873,"0.0,0.0,0.0","-80.0,0.0,0.0","10.0,0.0,0.0","-9.0,0.0,0.0"
1747092294.451263,"0.0,0.0,0.0","-80.0,0.0,0.0","10.0,0.0,0.0","-10.0,0.0,0.0"
1747092294.5018609,"-3.0,0.0,0.0","-79.0,0.0,0.0","12.0,0.0,0.0","-11.0,0.0,0.0"
1747092294.551987,"-5.0,0.0,0.0","-79.0,0.0,0.0","12.0,0.0,0.0","-11.0,0.0,0.0"
1747092294.6026738,"-6.0,0.0,0.0","-79.0,0.0,0.0","10.0,0.0,0.0","-11.0,0.0,0.0"
1747092294.6527853,"-20.0,0.0,0.0","-79.0,0.0,0.0","15.0,0.0,0.0","-11.0,0.0,0.0"
1747092294.7029333,"-29.0,0.0,0.0","-80.0,0.0,0.0","16.0,0.0,0.0","-10.0,0.0,0.0"
1747092294.753677,"-40.0,0.0,0.0","-82.0,0.0,0.0","7.0,0.0,0.0","-8.0,0.0,0.0"
1747092294.8047736,"-47.0,0.0,0.0","-82.0,0.0,0.0","8.0,0.0,0.0","-7.0,0.0,0.0"
1747092294.8556201,"-58.0,0.0,0.0","-83.0,0.0,0.0","8.0,0.0,0.0","-6.0,0.0,0.0"
1747092294.9059296,"-68.0,0.0,0.0","-83.0,0.0,0.0","6.0,0.0,0.0","-6.0,0.0,0.0"
1747092294.9560683,"-71.0,0.0,0.0","-83.0,0.0,0.0","3.0,0.0,0.0","-6.0,0.0,0.0"
1747092295.0071368,"-73.0,0.0,0.0","-83.0,0.0,0.0","2.0,0.0,0.0","-7.0,0.0,0.0"
1747092295.0581138,"-81.0,0.0,0.0","-82.0,0.0,0.0","1.0,0.0,0.0","-7.0,0.0,0.0"
1747092295.1093569,"-84.0,0.0,0.0","-82.0,0.0,0.0","0.0,0.0,0.0","-7.0,0.0,0.0"
1747092295.1599524,"-86.0,0.0,0.0","-82.0,0.0,0.0","-1.0,0.0,0.0","-7.0,0.0,0.0"
1747092295.2100623,"-88.0,0.0,0.0","-81.0,0.0,0.0","-1.0,0.0,0.0","-8.0,0.0,0.0"
1747092295.2607517,"-89.0,0.0,0.0","-81.0,0.0,0.0","-2.0,0.0,0.0","-9.0,0.0,0.0"
1747092295.311837,"-89.0,0.0,0.0","-81.0,0.0,0.0","-1.0,0.0,0.0","-9.0,0.0,0.0"
1747092295.3649325,"-89.0,0.0,0.0","-81.0,0.0,0.0","-1.0,0.0,0.0","-9.0,0.0,0.0"
1747092295.4149992,"-88.0,0.0,0.0","-81.0,0.0,0.0","-1.0,0.0,0.0","-9.0,0.0,0.0"
1747092295.465139,"-87.0,0.0,0.0","-81.0,0.0,0.0","0.0,0.0,0.0","-9.0,0.0,0.0"
1747092295.5169597,"-87.0,0.0,0.0","-81.0,0.0,0.0","0.0,0.0,0.0","-8.0,0.0,0.0"
1747092295.5678682,"-87.0,0.0,0.0","-81.0,0.0,0.0","0.0,0.0,0.0","-8.0,0.0,0.0"
1747092295.6181974,"-87.0,0.0,0.0","-81.0,0.0,0.0","0.0,0.0,0.0","-8.0,0.0,0.0"
1747092295.6688793,"-87.0,0.0,0.0","-81.0,0.0,0.0","0.0,0.0,0.0","-8.0,0.0,0.0"
1747092295.7193627,"-87.0,0.0,0.0","-81.0,0.0,0.0","0.0,0.0,0.0","-7.0,0.0,0.0"
1747092295.770033,"-87.0,0.0,0.0","-81.0,0.0,0.0","2.0,0.0,0.0","-7.0,0.0,0.0"
1747092295.82112,"-87.0,0.0,0.0","-81.0,0.0,0.0","3.0,0.0,0.0","-6.0,0.0,0.0"
1747092295.8711314,"-87.0,0.0,0.0","-80.0,0.0,0.0","10.0,0.0,0.0","-2.0,0.0,0.0"
1747092295.9215481,"-87.0,0.0,0.0","-80.0,0.0,0.0","13.0,0.0,0.0","0.0,0.0,0.0"
1747092295.9721906,"-87.0,0.0,0.0","-80.0,0.0,0.0","17.0,0.0,0.0","4.0,0.0,0.0"
1747092296.0223296,"-87.0,0.0,0.0","-81.0,0.0,0.0","23.0,0.0,0.0","9.0,0.0,0.0"
1747092296.079509,"-87.0,0.0,0.0","-82.0,0.0,0.0","45.0,0.0,0.0","40.0,0.0,0.0"
1747092296.1300929,"-88.0,0.0,0.0","-83.0,0.0,0.0","54.0,0.0,0.0","56.0,0.0,0.0"
1747092296.1801674,"-88.0,0.0,0.0","-83.0,0.0,0.0","61.0,0.0,0.0","66.0,0.0,0.0"
1747092296.2308557,"-88.0,0.0,0.0","-83.0,0.0,0.0","76.0,0.0,0.0","90.0,0.0,0.0"
1747092296.2809365,"-88.0,0.0,0.0","-83.0,0.0,0.0","84.0,0.0,0.0","100.0,0.0,0.0"
1747092296.3310506,"-87.0,0.0,0.0","-83.0,0.0,0.0","92.0,0.0,0.0","111.0,0.0,0.0"
1747092296.382164,"-87.0,0.0,0.0","-83.0,0.0,0.0","97.0,0.0,0.0","120.0,0.0,0.0"
1747092296.4325037,"-87.0,0.0,0.0","-83.0,0.0,0.0","98.0,0.0,0.0","122.0,0.0,0.0"
1747092296.4830835,"-87.0,0.0,0.0","-83.0,0.0,0.0","99.0,0.0,0.0","126.0,0.0,0.0"
1747092296.5333836,"-87.0,0.0,0.0","-83.0,0.0,0.0","100.0,0.0,0.0","128.0,0.0,0.0"
1747092296.5836337,"-87.0,0.0,0.0","-83.0,0.0,0.0","100.0,0.0,0.0","129.0,0.0,0.0"
1747092296.6344693,"-87.0,0.0,0.0","-83.0,0.0,0.0","100.0,0.0,0.0","130.0,0.0,0.0"
1747092296.685081,"-87.0,0.0,0.0","-83.0,0.0,0.0","100.0,0.0,0.0","130.0,0.0,0.0"
1747092296.7351744,"-87.0,0.0,0.0","-83.0,0.0,0.0","100.0,0.0,0.0","130.0,0.0,0.0"
1747092296.7861125,"-86.0,0.0,0.0","-83.0,0.0,0.0","99.0,0.0,0.0","128.0,0.0,0.0"
1747092296.8364,"-86.0,0.0,0.0","-83.0,0.0,0.0","99.0,0.0,0.0","127.0,0.0,0.0"
1747092296.888744,"-86.0,0.0,0.0","-83.0,0.0,0.0","92.0,0.0,0.0","118.0,0.0,0.0"
1747092296.938943,"-86.0,0.0,0.0","-83.0,0.0,0.0","85.0,0.0,0.0","110.0,0.0,0.0"
1747092296.9890027,"-86.0,0.0,0.0","-83.0,0.0,0.0","76.0,0.0,0.0","98.0,0.0,0.0"
1747092297.0390859,"-86.0,0.0,0.0","-83.0,0.0,0.0","59.0,0.0,0.0","71.0,0.0,0.0"
1747092297.0917706,"-87.0,0.0,0.0","-82.0,0.0,0.0","44.0,0.0,0.0","43.0,0.0,0.0"
1747092297.1418977,"-86.0,0.0,0.0","-82.0,0.0,0.0","35.0,0.0,0.0","32.0,0.0,0.0"
1747092297.1929965,"-86.0,0.0,0.0","-82.0,0.0,0.0","29.0,0.0,0.0","23.0,0.0,0.0"
1747092297.24376,"-86.0,0.0,0.0","-82.0,0.0,0.0","13.0,0.0,0.0","5.0,0.0,0.0"
1747092297.2939687,"-85.0,0.0,0.0","-82.0,0.0,0.0","9.0,0.0,0.0","2.0,0.0,0.0"
1747092297.345282,"-86.0,0.0,0.0","-82.0,0.0,0.0","6.0,0.0,0.0","0.0,0.0,0.0"
1747092297.3964698,"-87.0,0.0,0.0","-81.0,0.0,0.0","1.0,0.0,0.0","-3.0,0.0,0.0"
1747092297.4478772,"-87.0,0.0,0.0","-81.0,0.0,0.0","0.0,0.0,0.0","-4.0,0.0,0.0"
1747092297.4981697,"-87.0,0.0,0.0","-81.0,0.0,0.0","-1.0,0.0,0.0","-5.0,0.0,0.0"
1747092297.5487418,"-88.0,0.0,0.0","-81.0,0.0,0.0","0.0,0.0,0.0","-7.0,0.0,0.0"
1747092297.5988457,"-88.0,0.0,0.0","-81.0,0.0,0.0","0.0,0.0,0.0","-7.0,0.0,0.0"
1747092297.6489525,"-88.0,0.0,0.0","-81.0,0.0,0.0","0.0,0.0,0.0","-6.0,0.0,0.0"
1747092297.6990156,"-88.0,0.0,0.0","-81.0,0.0,0.0","0.0,0.0,0.0","-5.0,0.0,0.0"
1747092297.7497947,"-88.0,0.0,0.0","-81.0,0.0,0.0","0.0,0.0,0.0","-5.0,0.0,0.0"
1747092297.7999887,"-88.0,0.0,0.0","-81.0,0.0,0.0","0.0,0.0,0.0","-5.0,0.0,0.0"
1747092297.850642,"-88.0,0.0,0.0","-81.0,0.0,0.0","0.0,0.0,0.0","-5.0,0.0,0.0"
1747092297.9006832,"-89.0,0.0,0.0","-81.0,0.0,0.0","2.0,0.0,0.0","-4.0,0.0,0.0"
1747092297.9516788,"-89.0,0.0,0.0","-81.0,0.0,0.0","4.0,0.0,0.0","-3.0,0.0,0.0"
1747092298.0016866,"-88.0,0.0,0.0","-80.0,0.0,0.0","11.0,0.0,0.0","0.0,0.0,0.0"
1747092298.0524423,"-88.0,0.0,0.0","-81.0,0.0,0.0","15.0,0.0,0.0","3.0,0.0,0.0"
1747092298.1027648,"-89.0,0.0,0.0","-81.0,0.0,0.0","32.0,0.0,0.0","26.0,0.0,0.0"
1747092298.1534219,"-89.0,0.0,0.0","-82.0,0.0,0.0","47.0,0.0,0.0","46.0,0.0,0.0"
1747092298.2042868,"-90.0,0.0,0.0","-81.0,0.0,0.0","60.0,0.0,0.0","56.0,0.0,0.0"
1747092298.2545426,"-90.0,0.0,0.0","-82.0,0.0,0.0","91.0,0.0,0.0","101.0,0.0,0.0"
1747092298.3050773,"-89.0,0.0,0.0","-84.0,0.0,0.0","108.0,0.0,0.0","123.0,0.0,0.0"
1747092298.3556666,"-88.0,0.0,0.0","-85.0,0.0,0.0","123.0,0.0,0.0","132.0,0.0,0.0"
1747092298.4056776,"-87.0,0.0,0.0","-85.0,0.0,0.0","144.0,0.0,0.0","158.0,0.0,0.0"
1747092298.457096,"-87.0,0.0,0.0","-85.0,0.0,0.0","149.0,0.0,0.0","162.0,0.0,0.0"
1747092298.5077093,"-87.0,0.0,0.0","-85.0,0.0,0.0","154.0,0.0,0.0","165.0,0.0,0.0"
1747092298.558784,"-88.0,0.0,0.0","-85.0,0.0,0.0","157.0,0.0,0.0","167.0,0.0,0.0"
1747092298.609849,"-88.0,0.0,0.0","-85.0,0.0,0.0","158.0,0.0,0.0","167.0,0.0,0.0"
1747092298.6607287,"-88.0,0.0,0.0","-85.0,0.0,0.0","158.0,0.0,0.0","167.0,0.0,0.0"
1747092298.7107584,"-88.0,0.0,0.0","-85.0,0.0,0.0","158.0,0.0,0.0","168.0,0.0,0.0"
1747092298.7616944,"-88.0,0.0,0.0","-85.0,0.0,0.0","158.0,0.0,0.0","168.0,0.0,0.0"
1747092298.8121386,"-88.0,0.0,0.0","-85.0,0.0,0.0","158.0,0.0,0.0","168.0,0.0,0.0"
1747092298.8626134,"-88.0,0.0,0.0","-85.0,0.0,0.0","158.0,0.0,0.0","168.0,0.0,0.0"
1747092298.9147828,"-88.0,0.0,0.0","-85.0,0.0,0.0","158.0,0.0,0.0","168.0,0.0,0.0"
1747092298.9676714,"-88.0,0.0,0.0","-85.0,0.0,0.0","158.0,0.0,0.0","168.0,0.0,0.0"
1747092299.0180926,"-88.0,0.0,0.0","-85.0,0.0,0.0","158.0,0.0,0.0","168.0,0.0,0.0"
1747092299.068921,"-88.0,0.0,0.0","-85.0,0.0,0.0","158.0,0.0,0.0","167.0,0.0,0.0"
1747092299.119004,"-88.0,0.0,0.0","-85.0,0.0,0.0","157.0,0.0,0.0","166.0,0.0,0.0"
1747092299.1697762,"-87.0,0.0,0.0","-85.0,0.0,0.0","153.0,0.0,0.0","163.0,0.0,0.0"
1747092299.2198117,"-87.0,0.0,0.0","-85.0,0.0,0.0","144.0,0.0,0.0","156.0,0.0,0.0"
1747092299.2700083,"-87.0,0.0,0.0","-84.0,0.0,0.0","138.0,0.0,0.0","150.0,0.0,0.0"
1747092299.3207006,"-87.0,0.0,0.0","-84.0,0.0,0.0","131.0,0.0,0.0","144.0,0.0,0.0"
1747092299.3708622,"-87.0,0.0,0.0","-84.0,0.0,0.0","110.0,0.0,0.0","131.0,0.0,0.0"
1747092299.4209404,"-87.0,0.0,0.0","-83.0,0.0,0.0","99.0,0.0,0.0","119.0,0.0,0.0"
1747092299.4717522,"-87.0,0.0,0.0","-82.0,0.0,0.0","79.0,0.0,0.0","93.0,0.0,0.0"
1747092299.521843,"-86.0,0.0,0.0","-81.0,0.0,0.0","56.0,0.0,0.0","58.0,0.0,0.0"
1747092299.5727317,"-86.0,0.0,0.0","-81.0,0.0,0.0","48.0,0.0,0.0","44.0,0.0,0.0"
1747092299.623038,"-86.0,0.0,0.0","-80.0,0.0,0.0","40.0,0.0,0.0","33.0,0.0,0.0"
1747092299.673951,"-86.0,0.0,0.0","-80.0,0.0,0.0","29.0,0.0,0.0","22.0,0.0,0.0"
1747092299.7239656,"-86.0,0.0,0.0","-80.0,0.0,0.0","24.0,0.0,0.0","17.0,0.0,0.0"
1747092299.7746196,"-86.0,0.0,0.0","-80.0,0.0,0.0","12.0,0.0,0.0","5.0,0.0,0.0"
1747092299.8251436,"-86.0,0.0,0.0","-80.0,0.0,0.0","8.0,0.0,0.0","3.0,0.0,0.0"
1747092299.8756979,"-86.0,0.0,0.0","-81.0,0.0,0.0","6.0,0.0,0.0","1.0,0.0,0.0"
1747092299.9262722,"-88.0,0.0,0.0","-81.0,0.0,0.0","3.0,0.0,0.0","-1.0,0.0,0.0"
1747092299.9768295,"-88.0,0.0,0.0","-81.0,0.0,0.0","2.0,0.0,0.0","-2.0,0.0,0.0"
1747092300.0280635,"-88.0,0.0,0.0","-81.0,0.0,0.0","1.0,0.0,0.0","-3.0,0.0,0.0"
1747092300.0780787,"-88.0,0.0,0.0","-81.0,0.0,0.0","0.0,0.0,0.0","-3.0,0.0,0.0"
1747092300.1286948,"-88.0,0.0,0.0","-82.0,0.0,0.0","-1.0,0.0,0.0","-4.0,0.0,0.0"
1747092300.1799486,"-88.0,0.0,0.0","-82.0,0.0,0.0","-1.0,0.0,0.0","-3.0,0.0,0.0"
1747092300.2308898,"-88.0,0.0,0.0","-82.0,0.0,0.0","0.0,0.0,0.0","-3.0,0.0,0.0"
1747092300.2810175,"-88.0,0.0,0.0","-82.0,0.0,0.0","0.0,0.0,0.0","-2.0,0.0,0.0"
1747092300.3311017,"-88.0,0.0,0.0","-82.0,0.0,0.0","0.0,0.0,0.0","-2.0,0.0,0.0"
1747092300.3817596,"-88.0,0.0,0.0","-82.0,0.0,0.0","0.0,0.0,0.0","-2.0,0.0,0.0"
1747092300.4323633,"-88.0,0.0,0.0","-82.0,0.0,0.0","0.0,0.0,0.0","-1.0,0.0,0.0"
1747092300.4827423,"-88.0,0.0,0.0","-81.0,0.0,0.0","8.0,0.0,0.0","1.0,0.0,0.0"
1747092300.5332303,"-88.0,0.0,0.0","-81.0,0.0,0.0","12.0,0.0,0.0","5.0,0.0,0.0"
1747092300.5840523,"-88.0,0.0,0.0","-82.0,0.0,0.0","17.0,0.0,0.0","10.0,0.0,0.0"
1747092300.6342344,"-87.0,0.0,0.0","-83.0,0.0,0.0","27.0,0.0,0.0","25.0,0.0,0.0"
1747092300.6851432,"-88.0,0.0,0.0","-83.0,0.0,0.0","37.0,0.0,0.0","38.0,0.0,0.0"
1747092300.735531,"-88.0,0.0,0.0","-83.0,0.0,0.0","58.0,0.0,0.0","70.0,0.0,0.0"
1747092300.7863321,"-88.0,0.0,0.0","-83.0,0.0,0.0","94.0,0.0,0.0","106.0,0.0,0.0"
1747092300.836767,"-88.0,0.0,0.0","-83.0,0.0,0.0","109.0,0.0,0.0","123.0,0.0,0.0"
1747092300.8870268,"-87.0,0.0,0.0","-83.0,0.0,0.0","121.0,0.0,0.0","132.0,0.0,0.0"
1747092300.93742,"-86.0,0.0,0.0","-83.0,0.0,0.0","137.0,0.0,0.0","146.0,0.0,0.0"
1747092300.987933,"-86.0,0.0,0.0","-83.0,0.0,0.0","142.0,0.0,0.0","153.0,0.0,0.0"
1747092301.0387802,"-86.0,0.0,0.0","-83.0,0.0,0.0","147.0,0.0,0.0","158.0,0.0,0.0"
1747092301.0889945,"-86.0,0.0,0.0","-83.0,0.0,0.0","155.0,0.0,0.0","165.0,0.0,0.0"
1747092301.1497574,"-85.0,0.0,0.0","-83.0,0.0,0.0","157.0,0.0,0.0","166.0,0.0,0.0"
1747092301.1998928,"-85.0,0.0,0.0","-83.0,0.0,0.0","157.0,0.0,0.0","166.0,0.0,0.0"
1747092301.2500877,"-85.0,0.0,0.0","-83.0,0.0,0.0","157.0,0.0,0.0","166.0,0.0,0.0"
1747092301.300861,"-85.0,0.0,0.0","-83.0,0.0,0.0","157.0,0.0,0.0","166.0,0.0,0.0"
1747092301.3509614,"-85.0,0.0,0.0","-83.0,0.0,0.0","157.0,0.0,0.0","166.0,0.0,0.0"
1747092301.4009728,"-85.0,0.0,0.0","-83.0,0.0,0.0","157.0,0.0,0.0","166.0,0.0,0.0"
1747092301.4513345,"-85.0,0.0,0.0","-83.0,0.0,0.0","157.0,0.0,0.0","166.0,0.0,0.0"
1747092301.5020509,"-85.0,0.0,0.0","-83.0,0.0,0.0","157.0,0.0,0.0","165.0,0.0,0.0"
1747092301.5560095,"-85.0,0.0,0.0","-83.0,0.0,0.0","157.0,0.0,0.0","165.0,0.0,0.0"
1747092301.6066916,"-85.0,0.0,0.0","-83.0,0.0,0.0","157.0,0.0,0.0","165.0,0.0,0.0"
1747092301.6576695,"-85.0,0.0,0.0","-83.0,0.0,0.0","157.0,0.0,0.0","164.0,0.0,0.0"
1747092301.7077675,"-85.0,0.0,0.0","-82.0,0.0,0.0","155.0,0.0,0.0","163.0,0.0,0.0"
1747092301.7579758,"-85.0,0.0,0.0","-82.0,0.0,0.0","153.0,0.0,0.0","162.0,0.0,0.0"
1747092301.808743,"-85.0,0.0,0.0","-82.0,0.0,0.0","151.0,0.0,0.0","161.0,0.0,0.0"
1747092301.860875,"-85.0,0.0,0.0","-82.0,0.0,0.0","143.0,0.0,0.0","150.0,0.0,0.0"
1747092301.9137516,"-85.0,0.0,0.0","-82.0,0.0,0.0","138.0,0.0,0.0","145.0,0.0,0.0"
1747092301.9639022,"-85.0,0.0,0.0","-82.0,0.0,0.0","131.0,0.0,0.0","139.0,0.0,0.0"
1747092302.0144925,"-85.0,0.0,0.0","-82.0,0.0,0.0","100.0,0.0,0.0","112.0,0.0,0.0"
1747092302.0651476,"-86.0,0.0,0.0","-82.0,0.0,0.0","86.0,0.0,0.0","96.0,0.0,0.0"
1747092302.115254,"-86.0,0.0,0.0","-82.0,0.0,0.0","77.0,0.0,0.0","81.0,0.0,0.0"
1747092302.1658614,"-86.0,0.0,0.0","-82.0,0.0,0.0","56.0,0.0,0.0","59.0,0.0,0.0"
1747092302.216516,"-86.0,0.0,0.0","-82.0,0.0,0.0","48.0,0.0,0.0","49.0,0.0,0.0"
1747092302.2665513,"-86.0,0.0,0.0","-82.0,0.0,0.0","42.0,0.0,0.0","43.0,0.0,0.0"
1747092302.3179348,"-86.0,0.0,0.0","-81.0,0.0,0.0","26.0,0.0,0.0","22.0,0.0,0.0"
1747092302.3689308,"-86.0,0.0,0.0","-81.0,0.0,0.0","21.0,0.0,0.0","15.0,0.0,0.0"
1747092302.4196773,"-86.0,0.0,0.0","-81.0,0.0,0.0","17.0,0.0,0.0","10.0,0.0,0.0"
1747092302.4698608,"-86.0,0.0,0.0","-81.0,0.0,0.0","9.0,0.0,0.0","5.0,0.0,0.0"
1747092302.5199568,"-86.0,0.0,0.0","-81.0,0.0,0.0","7.0,0.0,0.0","3.0,0.0,0.0"
1747092302.5708373,"-86.0,0.0,0.0","-81.0,0.0,0.0","4.0,0.0,0.0","0.0,0.0,0.0"
1747092302.6209636,"-88.0,0.0,0.0","-82.0,0.0,0.0","0.0,0.0,0.0","-2.0,0.0,0.0"
1747092302.6717036,"-88.0,0.0,0.0","-82.0,0.0,0.0","0.0,0.0,0.0","-2.0,0.0,0.0"
1747092302.7218757,"-88.0,0.0,0.0","-82.0,0.0,0.0","-1.0,0.0,0.0","-2.0,0.0,0.0"
1747092302.7720754,"-88.0,0.0,0.0","-82.0,0.0,0.0","0.0,0.0,0.0","-3.0,0.0,0.0"
1747092302.8221116,"-88.0,0.0,0.0","-82.0,0.0,0.0","0.0,0.0,0.0","-3.0,0.0,0.0"
1747092302.8757975,"-88.0,0.0,0.0","-83.0,0.0,0.0","0.0,0.0,0.0","-2.0,0.0,0.0"
1747092302.9259124,"-88.0,0.0,0.0","-83.0,0.0,0.0","1.0,0.0,0.0","-2.0,0.0,0.0"
1747092302.977018,"-88.0,0.0,0.0","-83.0,0.0,0.0","2.0,0.0,0.0","-1.0,0.0,0.0"
1747092303.0270438,"-88.0,0.0,0.0","-83.0,0.0,0.0","3.0,0.0,0.0","-1.0,0.0,0.0"
1747092303.0779407,"-88.0,0.0,0.0","-82.0,0.0,0.0","5.0,0.0,0.0","0.0,0.0,0.0"
1747092303.1287355,"-87.0,0.0,0.0","-82.0,0.0,0.0","13.0,0.0,0.0","6.0,0.0,0.0"
1747092303.1793873,"-87.0,0.0,0.0","-82.0,0.0,0.0","17.0,0.0,0.0","10.0,0.0,0.0"
1747092303.2301202,"-87.0,0.0,0.0","-82.0,0.0,0.0","22.0,0.0,0.0","16.0,0.0,0.0"
1747092303.2810214,"-86.0,0.0,0.0","-82.0,0.0,0.0","38.0,0.0,0.0","35.0,0.0,0.0"
1747092303.3315132,"-85.0,0.0,0.0","-82.0,0.0,0.0","59.0,0.0,0.0","62.0,0.0,0.0"
1747092303.3826768,"-84.0,0.0,0.0","-82.0,0.0,0.0","72.0,0.0,0.0","79.0,0.0,0.0"
1747092303.4327576,"-81.0,0.0,0.0","-81.0,0.0,0.0","100.0,0.0,0.0","111.0,0.0,0.0"
1747092303.4838505,"-81.0,0.0,0.0","-80.0,0.0,0.0","113.0,0.0,0.0","121.0,0.0,0.0"
1747092303.5339565,"-80.0,0.0,0.0","-79.0,0.0,0.0","123.0,0.0,0.0","130.0,0.0,0.0"
1747092303.5845664,"-78.0,0.0,0.0","-77.0,0.0,0.0","132.0,0.0,0.0","140.0,0.0,0.0"
1747092303.6351137,"-78.0,0.0,0.0","-76.0,0.0,0.0","138.0,0.0,0.0","143.0,0.0,0.0"
1747092303.6858954,"-77.0,0.0,0.0","-75.0,0.0,0.0","142.0,0.0,0.0","149.0,0.0,0.0"
1747092303.736082,"-77.0,0.0,0.0","-73.0,0.0,0.0","145.0,0.0,0.0","153.0,0.0,0.0"
1747092303.7864814,"-77.0,0.0,0.0","-73.0,0.0,0.0","146.0,0.0,0.0","154.0,0.0,0.0"
1747092303.837614,"-76.0,0.0,0.0","-72.0,0.0,0.0","147.0,0.0,0.0","155.0,0.0,0.0"
1747092303.8879063,"-76.0,0.0,0.0","-72.0,0.0,0.0","148.0,0.0,0.0","156.0,0.0,0.0"
1747092303.9380572,"-75.0,0.0,0.0","-72.0,0.0,0.0","147.0,0.0,0.0","156.0,0.0,0.0"
1747092303.9885616,"-74.0,0.0,0.0","-71.0,0.0,0.0","147.0,0.0,0.0","155.0,0.0,0.0"
1747092304.0391667,"-74.0,0.0,0.0","-71.0,0.0,0.0","147.0,0.0,0.0","155.0,0.0,0.0"
1747092304.0897675,"-74.0,0.0,0.0","-71.0,0.0,0.0","147.0,0.0,0.0","155.0,0.0,0.0"
1747092304.139862,"-73.0,0.0,0.0","-69.0,0.0,0.0","145.0,0.0,0.0","153.0,0.0,0.0"
1747092304.1898882,"-72.0,0.0,0.0","-67.0,0.0,0.0","143.0,0.0,0.0","150.0,0.0,0.0"
1747092304.2408242,"-71.0,0.0,0.0","-66.0,0.0,0.0","141.0,0.0,0.0","149.0,0.0,0.0"
1747092304.2908876,"-68.0,0.0,0.0","-63.0,0.0,0.0","135.0,0.0,0.0","141.0,0.0,0.0"
1747092304.342079,"-67.0,0.0,0.0","-62.0,0.0,0.0","133.0,0.0,0.0","137.0,0.0,0.0"
1747092304.3929777,"-66.0,0.0,0.0","-60.0,0.0,0.0","129.0,0.0,0.0","133.0,0.0,0.0"
1747092304.4433362,"-64.0,0.0,0.0","-58.0,0.0,0.0","125.0,0.0,0.0","128.0,0.0,0.0"
1747092304.4939115,"-62.0,0.0,0.0","-56.0,0.0,0.0","119.0,0.0,0.0","124.0,0.0,0.0"
1747092304.544503,"-53.0,0.0,0.0","-47.0,0.0,0.0","98.0,0.0,0.0","94.0,0.0,0.0"
1747092304.5952156,"-49.0,0.0,0.0","-42.0,0.0,0.0","86.0,0.0,0.0","83.0,0.0,0.0"
1747092304.6462615,"-45.0,0.0,0.0","-29.0,0.0,0.0","72.0,0.0,0.0","57.0,0.0,0.0"
1747092304.6964457,"-39.0,0.0,0.0","-19.0,0.0,0.0","52.0,0.0,0.0","35.0,0.0,0.0"
1747092304.7470315,"-35.0,0.0,0.0","-17.0,0.0,0.0","40.0,0.0,0.0","29.0,0.0,0.0"
1747092304.7984443,"-28.0,0.0,0.0","-12.0,0.0,0.0","17.0,0.0,0.0","19.0,0.0,0.0"
1747092304.848642,"-28.0,0.0,0.0","-11.0,0.0,0.0","16.0,0.0,0.0","15.0,0.0,0.0"
1747092304.8987772,"-27.0,0.0,0.0","-10.0,0.0,0.0","12.0,0.0,0.0","12.0,0.0,0.0"
1747092304.9488142,"-25.0,0.0,0.0","-10.0,0.0,0.0","10.0,0.0,0.0","11.0,0.0,0.0"
1747092304.999727,"-24.0,0.0,0.0","-10.0,0.0,0.0","8.0,0.0,0.0","10.0,0.0,0.0"
1747092305.0503783,"-23.0,0.0,0.0","-11.0,0.0,0.0","7.0,0.0,0.0","12.0,0.0,0.0"
1747092305.1006312,"-25.0,0.0,0.0","-12.0,0.0,0.0","9.0,0.0,0.0","16.0,0.0,0.0"
1747092305.1507316,"-25.0,0.0,0.0","-14.0,0.0,0.0","9.0,0.0,0.0","20.0,0.0,0.0"
1747092305.200812,"-31.0,0.0,0.0","-20.0,0.0,0.0","21.0,0.0,0.0","33.0,0.0,0.0"
1747092305.250958,"-37.0,0.0,0.0","-31.0,0.0,0.0","37.0,0.0,0.0","56.0,0.0,0.0"
1747092305.3017116,"-56.0,0.0,0.0","-54.0,0.0,0.0","91.0,0.0,0.0","104.0,0.0,0.0"
1747092305.3517942,"-62.0,0.0,0.0","-60.0,0.0,0.0","105.0,0.0,0.0","120.0,0.0,0.0"
1747092305.4018066,"-67.0,0.0,0.0","-64.0,0.0,0.0","117.0,0.0,0.0","129.0,0.0,0.0"
1747092305.451945,"-69.0,0.0,0.0","-68.0,0.0,0.0","124.0,0.0,0.0","136.0,0.0,0.0"
1747092305.5025883,"-77.0,0.0,0.0","-76.0,0.0,0.0","143.0,0.0,0.0","150.0,0.0,0.0"
1747092305.5537758,"-78.0,0.0,0.0","-78.0,0.0,0.0","146.0,0.0,0.0","154.0,0.0,0.0"
1747092305.6047242,"-80.0,0.0,0.0","-80.0,0.0,0.0","151.0,0.0,0.0","159.0,0.0,0.0"
1747092305.6551242,"-80.0,0.0,0.0","-81.0,0.0,0.0","152.0,0.0,0.0","161.0,0.0,0.0"
1747092305.705673,"-80.0,0.0,0.0","-81.0,0.0,0.0","152.0,0.0,0.0","161.0,0.0,0.0"
1747092305.7557626,"-80.0,0.0,0.0","-81.0,0.0,0.0","153.0,0.0,0.0","161.0,0.0,0.0"
1747092305.8058941,"-79.0,0.0,0.0","-80.0,0.0,0.0","152.0,0.0,0.0","160.0,0.0,0.0"
1747092305.8560414,"-79.0,0.0,0.0","-80.0,0.0,0.0","151.0,0.0,0.0","158.0,0.0,0.0"
1747092305.9066038,"-77.0,0.0,0.0","-77.0,0.0,0.0","147.0,0.0,0.0","152.0,0.0,0.0"
1747092305.957554,"-74.0,0.0,0.0","-74.0,0.0,0.0","140.0,0.0,0.0","145.0,0.0,0.0"
1747092306.0078015,"-71.0,0.0,0.0","-71.0,0.0,0.0","133.0,0.0,0.0","139.0,0.0,0.0"
1747092306.0580323,"-60.0,0.0,0.0","-59.0,0.0,0.0","108.0,0.0,0.0","111.0,0.0,0.0"
1747092306.1086533,"-55.0,0.0,0.0","-52.0,0.0,0.0","97.0,0.0,0.0","95.0,0.0,0.0"
1747092306.1587486,"-49.0,0.0,0.0","-46.0,0.0,0.0","81.0,0.0,0.0","81.0,0.0,0.0"
1747092306.2198207,"-41.0,0.0,0.0","-30.0,0.0,0.0","56.0,0.0,0.0","45.0,0.0,0.0"
1747092306.2698898,"-37.0,0.0,0.0","-21.0,0.0,0.0","40.0,0.0,0.0","28.0,0.0,0.0"
1747092306.319939,"-35.0,0.0,0.0","-19.0,0.0,0.0","31.0,0.0,0.0","23.0,0.0,0.0"
1747092306.3710535,"-34.0,0.0,0.0","-18.0,0.0,0.0","28.0,0.0,0.0","19.0,0.0,0.0"
1747092306.4219131,"-34.0,0.0,0.0","-18.0,0.0,0.0","27.0,0.0,0.0","15.0,0.0,0.0"
1747092306.4728909,"-34.0,0.0,0.0","-18.0,0.0,0.0","26.0,0.0,0.0","15.0,0.0,0.0"
1747092306.522974,"-34.0,0.0,0.0","-19.0,0.0,0.0","24.0,0.0,0.0","15.0,0.0,0.0"
1747092306.573394,"-32.0,0.0,0.0","-19.0,0.0,0.0","14.0,0.0,0.0","15.0,0.0,0.0"
1747092306.6239812,"-31.0,0.0,0.0","-20.0,0.0,0.0","10.0,0.0,0.0","14.0,0.0,0.0"
1747092306.6740987,"-30.0,0.0,0.0","-20.0,0.0,0.0","7.0,0.0,0.0","13.0,0.0,0.0"
1747092306.7243404,"-29.0,0.0,0.0","-20.0,0.0,0.0","1.0,0.0,0.0","11.0,0.0,0.0"
1747092306.774983,"-30.0,0.0,0.0","-20.0,0.0,0.0","0.0,0.0,0.0","9.0,0.0,0.0"
1747092306.82583,"-30.0,0.0,0.0","-20.0,0.0,0.0","0.0,0.0,0.0","8.0,0.0,0.0"
1747092306.876551,"-28.0,0.0,0.0","-19.0,0.0,0.0","-3.0,0.0,0.0","5.0,0.0,0.0"
1747092306.9265933,"-27.0,0.0,0.0","-18.0,0.0,0.0","-5.0,0.0,0.0","4.0,0.0,0.0"
1747092306.9767168,"-25.0,0.0,0.0","-15.0,0.0,0.0","3.0,0.0,0.0","13.0,0.0,0.0"
1747092307.0276535,"-24.0,0.0,0.0","-13.0,0.0,0.0","11.0,0.0,0.0","17.0,0.0,0.0"
1747092307.0777688,"-24.0,0.0,0.0","-12.0,0.0,0.0","22.0,0.0,0.0","22.0,0.0,0.0"
1747092307.1280384,"-22.0,0.0,0.0","-10.0,0.0,0.0","44.0,0.0,0.0","44.0,0.0,0.0"
1747092307.1783626,"-21.0,0.0,0.0","-10.0,0.0,0.0","50.0,0.0,0.0","52.0,0.0,0.0"
1747092307.2305543,"-20.0,0.0,0.0","-8.0,0.0,0.0","61.0,0.0,0.0","64.0,0.0,0.0"
1747092307.2807357,"-15.0,0.0,0.0","-1.0,0.0,0.0","74.0,0.0,0.0","71.0,0.0,0.0"
1747092307.330814,"-14.0,0.0,0.0","0.0,0.0,0.0","80.0,0.0,0.0","76.0,0.0,0.0"
1747092307.3820028,"-14.0,0.0,0.0","0.0,0.0,0.0","91.0,0.0,0.0","84.0,0.0,0.0"
1747092307.4321399,"-13.0,0.0,0.0","0.0,0.0,0.0","99.0,0.0,0.0","92.0,0.0,0.0"
1747092307.4826949,"-12.0,0.0,0.0","0.0,0.0,0.0","102.0,0.0,0.0","96.0,0.0,0.0"
1747092307.5333142,"-13.0,0.0,0.0","0.0,0.0,0.0","105.0,0.0,0.0","99.0,0.0,0.0"
1747092307.5839393,"-13.0,0.0,0.0","1.0,0.0,0.0","108.0,0.0,0.0","100.0,0.0,0.0"
1747092307.6425607,"-14.0,0.0,0.0","0.0,0.0,0.0","112.0,0.0,0.0","105.0,0.0,0.0"
1747092307.693922,"-14.0,0.0,0.0","0.0,0.0,0.0","114.0,0.0,0.0","106.0,0.0,0.0"
1747092307.7442122,"-15.0,0.0,0.0","0.0,0.0,0.0","117.0,0.0,0.0","109.0,0.0,0.0"
1747092307.7947886,"-15.0,0.0,0.0","0.0,0.0,0.0","117.0,0.0,0.0","110.0,0.0,0.0"
1747092307.8448243,"-16.0,0.0,0.0","-1.0,0.0,0.0","118.0,0.0,0.0","111.0,0.0,0.0"
1747092307.8948393,"-16.0,0.0,0.0","-1.0,0.0,0.0","117.0,0.0,0.0","111.0,0.0,0.0"
1747092307.9455562,"-9.0,0.0,0.0","14.0,0.0,0.0","110.0,0.0,0.0","98.0,0.0,0.0"
1747092307.995869,"0.0,0.0,0.0","23.0,0.0,0.0","100.0,0.0,0.0","90.0,0.0,0.0"
1747092308.046727,"17.0,0.0,0.0","36.0,0.0,0.0","83.0,0.0,0.0","77.0,0.0,0.0"
1747092308.0977254,"25.0,0.0,0.0","42.0,0.0,0.0","75.0,0.0,0.0","70.0,0.0,0.0"
1747092308.1486151,"29.0,0.0,0.0","51.0,0.0,0.0","69.0,0.0,0.0","58.0,0.0,0.0"
1747092308.1987305,"45.0,0.0,0.0","67.0,0.0,0.0","50.0,0.0,0.0","33.0,0.0,0.0"
1747092308.2488818,"51.0,0.0,0.0","71.0,0.0,0.0","41.0,0.0,0.0","28.0,0.0,0.0"
1747092308.2996106,"56.0,0.0,0.0","75.0,0.0,0.0","35.0,0.0,0.0","19.0,0.0,0.0"
1747092308.3499875,"64.0,0.0,0.0","81.0,0.0,0.0","22.0,0.0,0.0","8.0,0.0,0.0"
1747092308.4001307,"66.0,0.0,0.0","84.0,0.0,0.0","21.0,0.0,0.0","6.0,0.0,0.0"
1747092308.4508,"69.0,0.0,0.0","84.0,0.0,0.0","15.0,0.0,0.0","7.0,0.0,0.0"
1747092308.5018604,"71.0,0.0,0.0","84.0,0.0,0.0","14.0,0.0,0.0","5.0,0.0,0.0"
1747092308.552765,"73.0,0.0,0.0","84.0,0.0,0.0","13.0,0.0,0.0","6.0,0.0,0.0"
1747092308.6028347,"73.0,0.0,0.0","85.0,0.0,0.0","12.0,0.0,0.0","4.0,0.0,0.0"
1747092308.6530223,"74.0,0.0,0.0","86.0,0.0,0.0","10.0,0.0,0.0","4.0,0.0,0.0"
1747092308.7031803,"75.0,0.0,0.0","86.0,0.0,0.0","10.0,0.0,0.0","3.0,0.0,0.0"
1747092308.7539008,"74.0,0.0,0.0","85.0,0.0,0.0","11.0,0.0,0.0","5.0,0.0,0.0"
1747092308.804718,"74.0,0.0,0.0","84.0,0.0,0.0","12.0,0.0,0.0","6.0,0.0,0.0"
1747092308.855322,"74.0,0.0,0.0","84.0,0.0,0.0","13.0,0.0,0.0","6.0,0.0,0.0"
1747092308.9062047,"72.0,0.0,0.0","80.0,0.0,0.0","16.0,0.0,0.0","14.0,0.0,0.0"
1747092308.9568799,"66.0,0.0,0.0","75.0,0.0,0.0","25.0,0.0,0.0","23.0,0.0,0.0"
1747092309.0085068,"60.0,0.0,0.0","71.0,0.0,0.0","34.0,0.0,0.0","29.0,0.0,0.0"
1747092309.0586512,"51.0,0.0,0.0","61.0,0.0,0.0","45.0,0.0,0.0","43.0,0.0,0.0"
1747092309.1092906,"44.0,0.0,0.0","58.0,0.0,0.0","53.0,0.0,0.0","48.0,0.0,0.0"
1747092309.1599882,"36.0,0.0,0.0","53.0,0.0,0.0","61.0,0.0,0.0","53.0,0.0,0.0"
1747092309.2106874,"21.0,0.0,0.0","39.0,0.0,0.0","78.0,0.0,0.0","71.0,0.0,0.0"
1747092309.2613213,"5.0,0.0,0.0","22.0,0.0,0.0","94.0,0.0,0.0","85.0,0.0,0.0"
1747092309.3116648,"-4.0,0.0,0.0","14.0,0.0,0.0","105.0,0.0,0.0","94.0,0.0,0.0"
1747092309.3624978,"-14.0,0.0,0.0","7.0,0.0,0.0","114.0,0.0,0.0","100.0,0.0,0.0"
1747092309.4135644,"-32.0,0.0,0.0","-15.0,0.0,0.0","131.0,0.0,0.0","122.0,0.0,0.0"
1747092309.4638345,"-36.0,0.0,0.0","-20.0,0.0,0.0","135.0,0.0,0.0","126.0,0.0,0.0"
1747092309.5146062,"-40.0,0.0,0.0","-24.0,0.0,0.0","137.0,0.0,0.0","130.0,0.0,0.0"
1747092309.5647705,"-42.0,0.0,0.0","-27.0,0.0,0.0","138.0,0.0,0.0","132.0,0.0,0.0"
1747092309.6148365,"-43.0,0.0,0.0","-28.0,0.0,0.0","138.0,0.0,0.0","133.0,0.0,0.0"
1747092309.6649675,"-43.0,0.0,0.0","-28.0,0.0,0.0","137.0,0.0,0.0","133.0,0.0,0.0"
1747092309.7150528,"-42.0,0.0,0.0","-26.0,0.0,0.0","136.0,0.0,0.0","132.0,0.0,0.0"
1747092309.7664952,"-41.0,0.0,0.0","-26.0,0.0,0.0","134.0,0.0,0.0","131.0,0.0,0.0"
1747092309.8165426,"-41.0,0.0,0.0","-26.0,0.0,0.0","134.0,0.0,0.0","130.0,0.0,0.0"
1747092309.8678555,"-40.0,0.0,0.0","-26.0,0.0,0.0","132.0,0.0,0.0","128.0,0.0,0.0"
1747092309.9179661,"-39.0,0.0,0.0","-25.0,0.0,0.0","131.0,0.0,0.0","127.0,0.0,0.0"
1747092309.9686196,"-38.0,0.0,0.0","-25.0,0.0,0.0","127.0,0.0,0.0","124.0,0.0,0.0"
1747092310.0186255,"-37.0,0.0,0.0","-25.0,0.0,0.0","124.0,0.0,0.0","120.0,0.0,0.0"
1747092310.0686574,"-37.0,0.0,0.0","-24.0,0.0,0.0","121.0,0.0,0.0","116.0,0.0,0.0"
1747092310.1187596,"-36.0,0.0,0.0","-23.0,0.0,0.0","117.0,0.0,0.0","112.0,0.0,0.0"
1747092310.1689062,"-35.0,0.0,0.0","-22.0,0.0,0.0","109.0,0.0,0.0","105.0,0.0,0.0"
1747092310.2225487,"-33.0,0.0,0.0","-21.0,0.0,0.0","100.0,0.0,0.0","96.0,0.0,0.0"
1747092310.2736013,"-32.0,0.0,0.0","-19.0,0.0,0.0","91.0,0.0,0.0","89.0,0.0,0.0"
1747092310.323812,"-28.0,0.0,0.0","-14.0,0.0,0.0","73.0,0.0,0.0","73.0,0.0,0.0"
1747092310.373855,"-26.0,0.0,0.0","-11.0,0.0,0.0","64.0,0.0,0.0","63.0,0.0,0.0"
1747092310.424517,"-24.0,0.0,0.0","-6.0,0.0,0.0","56.0,0.0,0.0","54.0,0.0,0.0"
1747092310.4754689,"-19.0,0.0,0.0","0.0,0.0,0.0","33.0,0.0,0.0","30.0,0.0,0.0"
1747092310.5256717,"-18.0,0.0,0.0","2.0,0.0,0.0","26.0,0.0,0.0","23.0,0.0,0.0"
1747092310.576145,"-17.0,0.0,0.0","3.0,0.0,0.0","20.0,0.0,0.0","18.0,0.0,0.0"
1747092310.6265373,"-16.0,0.0,0.0","3.0,0.0,0.0","12.0,0.0,0.0","10.0,0.0,0.0"
1747092310.6768293,"-15.0,0.0,0.0","3.0,0.0,0.0","10.0,0.0,0.0","9.0,0.0,0.0"
1747092310.7268662,"-15.0,0.0,0.0","3.0,0.0,0.0","8.0,0.0,0.0","9.0,0.0,0.0"
1747092310.777124,"-15.0,0.0,0.0","2.0,0.0,0.0","7.0,0.0,0.0","8.0,0.0,0.0"
1747092310.8276439,"-15.0,0.0,0.0","2.0,0.0,0.0","7.0,0.0,0.0","8.0,0.0,0.0"
1747092310.8777628,"-16.0,0.0,0.0","2.0,0.0,0.0","7.0,0.0,0.0","7.0,0.0,0.0"
1747092310.9278865,"-16.0,0.0,0.0","2.0,0.0,0.0","8.0,0.0,0.0","6.0,0.0,0.0"
1747092310.978981,"-16.0,0.0,0.0","2.0,0.0,0.0","8.0,0.0,0.0","5.0,0.0,0.0"
1747092311.029388,"-16.0,0.0,0.0","2.0,0.0,0.0","8.0,0.0,0.0","5.0,0.0,0.0"
1747092311.0797005,"-16.0,0.0,0.0","0.0,0.0,0.0","6.0,0.0,0.0","7.0,0.0,0.0"
1747092311.1299794,"-17.0,0.0,0.0","-5.0,0.0,0.0","2.0,0.0,0.0","13.0,0.0,0.0"
1747092311.1801672,"-21.0,0.0,0.0","-8.0,0.0,0.0","5.0,0.0,0.0","14.0,0.0,0.0"
1747092311.2305984,"-24.0,0.0,0.0","-11.0,0.0,0.0","3.0,0.0,0.0","13.0,0.0,0.0"
1747092311.2879508,"-35.0,0.0,0.0","-24.0,0.0,0.0","2.0,0.0,0.0","12.0,0.0,0.0"
1747092311.3404255,"-40.0,0.0,0.0","-32.0,0.0,0.0","4.0,0.0,0.0","15.0,0.0,0.0"
1747092311.3906662,"-48.0,0.0,0.0","-44.0,0.0,0.0","6.0,0.0,0.0","20.0,0.0,0.0"
1747092311.4426665,"-53.0,0.0,0.0","-49.0,0.0,0.0","5.0,0.0,0.0","18.0,0.0,0.0"
1747092311.492816,"-59.0,0.0,0.0","-54.0,0.0,0.0","8.0,0.0,0.0","17.0,0.0,0.0"
1747092311.5429237,"-69.0,0.0,0.0","-65.0,0.0,0.0","6.0,0.0,0.0","10.0,0.0,0.0"
1747092311.5940983,"-71.0,0.0,0.0","-68.0,0.0,0.0","4.0,0.0,0.0","10.0,0.0,0.0"
1747092311.6446807,"-73.0,0.0,0.0","-70.0,0.0,0.0","3.0,0.0,0.0","6.0,0.0,0.0"
1747092311.6947072,"-79.0,0.0,0.0","-74.0,0.0,0.0","4.0,0.0,0.0","2.0,0.0,0.0"
1747092311.7451763,"-81.0,0.0,0.0","-76.0,0.0,0.0","3.0,0.0,0.0","0.0,0.0,0.0"
1747092311.7956166,"-83.0,0.0,0.0","-78.0,0.0,0.0","2.0,0.0,0.0","0.0,0.0,0.0"
1747092311.8465967,"-86.0,0.0,0.0","-79.0,0.0,0.0","1.0,0.0,0.0","-4.0,0.0,0.0"
1747092311.898916,"-87.0,0.0,0.0","-80.0,0.0,0.0","1.0,0.0,0.0","-6.0,0.0,0.0"
1747092311.9495733,"-87.0,0.0,0.0","-82.0,0.0,0.0","-2.0,0.0,0.0","-6.0,0.0,0.0"
1747092312.0014365,"-87.0,0.0,0.0","-82.0,0.0,0.0","-4.0,0.0,0.0","-7.0,0.0,0.0"
1747092312.0518646,"-87.0,0.0,0.0","-81.0,0.0,0.0","-5.0,0.0,0.0","-7.0,0.0,0.0"
1747092312.1029778,"-87.0,0.0,0.0","-82.0,0.0,0.0","-4.0,0.0,0.0","-6.0,0.0,0.0"
1747092312.1536775,"-87.0,0.0,0.0","-82.0,0.0,0.0","-3.0,0.0,0.0","-5.0,0.0,0.0"
1747092312.2037663,"-87.0,0.0,0.0","-82.0,0.0,0.0","-3.0,0.0,0.0","-5.0,0.0,0.0"
1747092312.2541375,"-87.0,0.0,0.0","-82.0,0.0,0.0","-2.0,0.0,0.0","-5.0,0.0,0.0"
1747092312.3049104,"-87.0,0.0,0.0","-82.0,0.0,0.0","-1.0,0.0,0.0","-6.0,0.0,0.0"
1747092312.3557863,"-87.0,0.0,0.0","-82.0,0.0,0.0","-1.0,0.0,0.0","-6.0,0.0,0.0"
1747092312.4067268,"-87.0,0.0,0.0","-82.0,0.0,0.0","-2.0,0.0,0.0","-6.0,0.0,0.0"
1747092312.4575553,"-87.0,0.0,0.0","-82.0,0.0,0.0","-2.0,0.0,0.0","-5.0,0.0,0.0"
1747092312.5075617,"-87.0,0.0,0.0","-81.0,0.0,0.0","-1.0,0.0,0.0","-6.0,0.0,0.0"
1747092312.5580156,"-86.0,0.0,0.0","-80.0,0.0,0.0","0.0,0.0,0.0","-5.0,0.0,0.0"
1747092312.6093004,"-85.0,0.0,0.0","-79.0,0.0,0.0","1.0,0.0,0.0","-4.0,0.0,0.0"
1747092312.6598384,"-82.0,0.0,0.0","-76.0,0.0,0.0","4.0,0.0,0.0","-1.0,0.0,0.0"
1747092312.7105932,"-79.0,0.0,0.0","-74.0,0.0,0.0","5.0,0.0,0.0","0.0,0.0,0.0"
1747092312.761631,"-75.0,0.0,0.0","-71.0,0.0,0.0","4.0,0.0,0.0","3.0,0.0,0.0"
1747092312.812711,"-73.0,0.0,0.0","-68.0,0.0,0.0","5.0,0.0,0.0","10.0,0.0,0.0"
1747092312.8639178,"-62.0,0.0,0.0","-54.0,0.0,0.0","8.0,0.0,0.0","19.0,0.0,0.0"
1747092312.9146936,"-57.0,0.0,0.0","-47.0,0.0,0.0","8.0,0.0,0.0","23.0,0.0,0.0"
1747092312.9646945,"-50.0,0.0,0.0","-40.0,0.0,0.0","5.0,0.0,0.0","22.0,0.0,0.0"
1747092313.0147815,"-33.0,0.0,0.0","-13.0,0.0,0.0","-2.0,0.0,0.0","17.0,0.0,0.0"
1747092313.0657523,"-30.0,0.0,0.0","-5.0,0.0,0.0","0.0,0.0,0.0","19.0,0.0,0.0"
1747092313.1159186,"-28.0,0.0,0.0","0.0,0.0,0.0","3.0,0.0,0.0","19.0,0.0,0.0"
1747092313.1665998,"-20.0,0.0,0.0","13.0,0.0,0.0","4.0,0.0,0.0","10.0,0.0,0.0"
1747092313.2167273,"-16.0,0.0,0.0","18.0,0.0,0.0","2.0,0.0,0.0","8.0,0.0,0.0"
1747092313.2679996,"-10.0,0.0,0.0","22.0,0.0,0.0","-3.0,0.0,0.0","7.0,0.0,0.0"
1747092313.318034,"-10.0,0.0,0.0","23.0,0.0,0.0","-1.0,0.0,0.0","10.0,0.0,0.0"
1747092313.3688662,"-10.0,0.0,0.0","24.0,0.0,0.0","0.0,0.0,0.0","10.0,0.0,0.0"
1747092313.4190197,"-9.0,0.0,0.0","24.0,0.0,0.0","-1.0,0.0,0.0","9.0,0.0,0.0"
1747092313.4699194,"-9.0,0.0,0.0","24.0,0.0,0.0","-2.0,0.0,0.0","10.0,0.0,0.0"
1747092313.5206318,"-10.0,0.0,0.0","23.0,0.0,0.0","-1.0,0.0,0.0","10.0,0.0,0.0"
1747092313.5709257,"-11.0,0.0,0.0","23.0,0.0,0.0","0.0,0.0,0.0","10.0,0.0,0.0"
1747092313.622496,"-12.0,0.0,0.0","23.0,0.0,0.0","0.0,0.0,0.0","8.0,0.0,0.0"
1747092313.6726193,"-12.0,0.0,0.0","22.0,0.0,0.0","0.0,0.0,0.0","7.0,0.0,0.0"
1747092313.722813,"-13.0,0.0,0.0","22.0,0.0,0.0","0.0,0.0,0.0","7.0,0.0,0.0"
1747092313.7728868,"-13.0,0.0,0.0","21.0,0.0,0.0","0.0,0.0,0.0","7.0,0.0,0.0"
1747092313.8236723,"-13.0,0.0,0.0","21.0,0.0,0.0","0.0,0.0,0.0","7.0,0.0,0.0"
1747092313.8738213,"-13.0,0.0,0.0","21.0,0.0,0.0","0.0,0.0,0.0","6.0,0.0,0.0"
1747092313.9239295,"-13.0,0.0,0.0","21.0,0.0,0.0","0.0,0.0,0.0","6.0,0.0,0.0"
1747092313.9745598,"-13.0,0.0,0.0","20.0,0.0,0.0","0.0,0.0,0.0","6.0,0.0,0.0"
1747092314.0246263,"-13.0,0.0,0.0","20.0,0.0,0.0","1.0,0.0,0.0","6.0,0.0,0.0"
1747092314.0757356,"-13.0,0.0,0.0","20.0,0.0,0.0","1.0,0.0,0.0","6.0,0.0,0.0"
1747092314.1258411,"-13.0,0.0,0.0","19.0,0.0,0.0","1.0,0.0,0.0","6.0,0.0,0.0"
1747092314.1760907,"-13.0,0.0,0.0","19.0,0.0,0.0","1.0,0.0,0.0","6.0,0.0,0.0"
1747092314.2262573,"-12.0,0.0,0.0","11.0,0.0,0.0","0.0,0.0,0.0","9.0,0.0,0.0"
1747092314.2765977,"-12.0,0.0,0.0","2.0,0.0,0.0","1.0,0.0,0.0","20.0,0.0,0.0"
1747092314.326777,"-12.0,0.0,0.0","0.0,0.0,0.0","2.0,0.0,0.0","21.0,0.0,0.0"
1747092314.3772879,"-12.0,0.0,0.0","-8.0,0.0,0.0","4.0,0.0,0.0","18.0,0.0,0.0"
1747092314.4275963,"-11.0,0.0,0.0","-13.0,0.0,0.0","6.0,0.0,0.0","14.0,0.0,0.0"
1747092314.4780207,"-10.0,0.0,0.0","-17.0,0.0,0.0","5.0,0.0,0.0","10.0,0.0,0.0"
1747092314.528758,"-8.0,0.0,0.0","-19.0,0.0,0.0","4.0,0.0,0.0","9.0,0.0,0.0"
1747092314.579055,"-7.0,0.0,0.0","-19.0,0.0,0.0","3.0,0.0,0.0","7.0,0.0,0.0"
1747092314.62978,"-6.0,0.0,0.0","-20.0,0.0,0.0","2.0,0.0,0.0","7.0,0.0,0.0"
1747092314.6799452,"-4.0,0.0,0.0","-20.0,0.0,0.0","2.0,0.0,0.0","6.0,0.0,0.0"
1747092314.730236,"-3.0,0.0,0.0","-20.0,0.0,0.0","1.0,0.0,0.0","6.0,0.0,0.0"
1747092314.7808547,"-2.0,0.0,0.0","-20.0,0.0,0.0","0.0,0.0,0.0","6.0,0.0,0.0"
1747092314.8309755,"-2.0,0.0,0.0","-20.0,0.0,0.0","-1.0,0.0,0.0","6.0,0.0,0.0"
1747092314.8815715,"-2.0,0.0,0.0","-20.0,0.0,0.0","-1.0,0.0,0.0","7.0,0.0,0.0"
1747092314.9322422,"-2.0,0.0,0.0","-20.0,0.0,0.0","-1.0,0.0,0.0","7.0,0.0,0.0"
1747092314.983205,"-2.0,0.0,0.0","-19.0,0.0,0.0","-1.0,0.0,0.0","7.0,0.0,0.0"
1747092315.0336018,"-3.0,0.0,0.0","-19.0,0.0,0.0","0.0,0.0,0.0","8.0,0.0,0.0"
1747092315.0845268,"-5.0,0.0,0.0","-19.0,0.0,0.0","0.0,0.0,0.0","8.0,0.0,0.0"
1747092315.1346943,"-7.0,0.0,0.0","-19.0,0.0,0.0","0.0,0.0,0.0","9.0,0.0,0.0"
1747092315.1849558,"-8.0,0.0,0.0","-19.0,0.0,0.0","1.0,0.0,0.0","10.0,0.0,0.0"
1747092315.235097,"-9.0,0.0,0.0","-19.0,0.0,0.0","2.0,0.0,0.0","12.0,0.0,0.0"
1747092315.2869418,"-10.0,0.0,0.0","-18.0,0.0,0.0","2.0,0.0,0.0","12.0,0.0,0.0"
1747092315.337488,"-11.0,0.0,0.0","-17.0,0.0,0.0","1.0,0.0,0.0","13.0,0.0,0.0"
1747092315.3906367,"-12.0,0.0,0.0","-17.0,0.0,0.0","2.0,0.0,0.0","13.0,0.0,0.0"
1747092315.4416473,"-14.0,0.0,0.0","-17.0,0.0,0.0","4.0,0.0,0.0","13.0,0.0,0.0"
1747092315.4931912,"-15.0,0.0,0.0","-17.0,0.0,0.0","6.0,0.0,0.0","13.0,0.0,0.0"
1747092315.5439641,"-15.0,0.0,0.0","-17.0,0.0,0.0","5.0,0.0,0.0","14.0,0.0,0.0"
1747092315.5952141,"-15.0,0.0,0.0","-17.0,0.0,0.0","5.0,0.0,0.0","14.0,0.0,0.0"
1747092315.6476562,"-16.0,0.0,0.0","-17.0,0.0,0.0","5.0,0.0,0.0","14.0,0.0,0.0"
1747092315.6978643,"-17.0,0.0,0.0","-17.0,0.0,0.0","6.0,0.0,0.0","14.0,0.0,0.0"
1747092315.7485056,"-18.0,0.0,0.0","-15.0,0.0,0.0","6.0,0.0,0.0","12.0,0.0,0.0"
1747092315.7986069,"-18.0,0.0,0.0","-14.0,0.0,0.0","6.0,0.0,0.0","10.0,0.0,0.0"
1747092315.8486936,"-18.0,0.0,0.0","-13.0,0.0,0.0","6.0,0.0,0.0","10.0,0.0,0.0"
1747092315.8988304,"-18.0,0.0,0.0","-13.0,0.0,0.0","6.0,0.0,0.0","10.0,0.0,0.0"
1747092315.9490569,"-17.0,0.0,0.0","-12.0,0.0,0.0","4.0,0.0,0.0","11.0,0.0,0.0"
1747092315.999737,"-16.0,0.0,0.0","-10.0,0.0,0.0","3.0,0.0,0.0","13.0,0.0,0.0"
1747092316.049776,"-14.0,0.0,0.0","-9.0,0.0,0.0","3.0,0.0,0.0","13.0,0.0,0.0"
1747092316.0999486,"-14.0,0.0,0.0","-10.0,0.0,0.0","3.0,0.0,0.0","15.0,0.0,0.0"
1747092316.1508405,"-14.0,0.0,0.0","-10.0,0.0,0.0","3.0,0.0,0.0","16.0,0.0,0.0"
1747092316.2012844,"-13.0,0.0,0.0","-10.0,0.0,0.0","2.0,0.0,0.0","16.0,0.0,0.0"
1747092316.2514532,"-12.0,0.0,0.0","-10.0,0.0,0.0","1.0,0.0,0.0","17.0,0.0,0.0"
1747092316.3018467,"-12.0,0.0,0.0","-10.0,0.0,0.0","1.0,0.0,0.0","17.0,0.0,0.0"
1747092316.359798,"-12.0,0.0,0.0","-10.0,0.0,0.0","0.0,0.0,0.0","17.0,0.0,0.0"
1747092316.4104538,"-12.0,0.0,0.0","-10.0,0.0,0.0","1.0,0.0,0.0","16.0,0.0,0.0"
1747092316.4613166,"-12.0,0.0,0.0","-10.0,0.0,0.0","2.0,0.0,0.0","14.0,0.0,0.0"
1747092316.5124629,"-12.0,0.0,0.0","-9.0,0.0,0.0","3.0,0.0,0.0","11.0,0.0,0.0"
1747092316.562598,"-11.0,0.0,0.0","-10.0,0.0,0.0","4.0,0.0,0.0","5.0,0.0,0.0"
1747092316.612669,"-12.0,0.0,0.0","-11.0,0.0,0.0","4.0,0.0,0.0","5.0,0.0,0.0"
1747092316.662888,"-12.0,0.0,0.0","-11.0,0.0,0.0","5.0,0.0,0.0","5.0,0.0,0.0"
1747092316.713599,"-12.0,0.0,0.0","-11.0,0.0,0.0","5.0,0.0,0.0","5.0,0.0,0.0"
1747092316.7637136,"-13.0,0.0,0.0","-11.0,0.0,0.0","5.0,0.0,0.0","8.0,0.0,0.0"
1747092316.8138394,"-14.0,0.0,0.0","-11.0,0.0,0.0","5.0,0.0,0.0","10.0,0.0,0.0"
1747092316.8639898,"-14.0,0.0,0.0","-11.0,0.0,0.0","4.0,0.0,0.0","12.0,0.0,0.0"
1747092316.914818,"-14.0,0.0,0.0","-10.0,0.0,0.0","4.0,0.0,0.0","13.0,0.0,0.0"
1747092316.964833,"-14.0,0.0,0.0","-8.0,0.0,0.0","4.0,0.0,0.0","13.0,0.0,0.0"
1747092317.0150034,"-14.0,0.0,0.0","-8.0,0.0,0.0","4.0,0.0,0.0","13.0,0.0,0.0"
1747092317.06538,"-14.0,0.0,0.0","-8.0,0.0,0.0","4.0,0.0,0.0","13.0,0.0,0.0"
1747092317.1161947,"-15.0,0.0,0.0","-9.0,0.0,0.0","4.0,0.0,0.0","15.0,0.0,0.0"
1747092317.166444,"-16.0,0.0,0.0","-10.0,0.0,0.0","3.0,0.0,0.0","14.0,0.0,0.0"
1747092317.2176628,"-19.0,0.0,0.0","-12.0,0.0,0.0","4.0,0.0,0.0","12.0,0.0,0.0"
1747092317.2686346,"-34.0,0.0,0.0","-34.0,0.0,0.0","2.0,0.0,0.0","19.0,0.0,0.0"
1747092317.3195212,"-41.0,0.0,0.0","-41.0,0.0,0.0","5.0,0.0,0.0","24.0,0.0,0.0"
1747092317.3695364,"-49.0,0.0,0.0","-47.0,0.0,0.0","10.0,0.0,0.0","21.0,0.0,0.0"
1747092317.4200623,"-56.0,0.0,0.0","-56.0,0.0,0.0","9.0,0.0,0.0","17.0,0.0,0.0"
1747092317.4707363,"-71.0,0.0,0.0","-68.0,0.0,0.0","6.0,0.0,0.0","7.0,0.0,0.0"
1747092317.5209408,"-77.0,0.0,0.0","-73.0,0.0,0.0","7.0,0.0,0.0","4.0,0.0,0.0"
1747092317.571765,"-80.0,0.0,0.0","-75.0,0.0,0.0","6.0,0.0,0.0","0.0,0.0,0.0"
1747092317.6219172,"-82.0,0.0,0.0","-77.0,0.0,0.0","4.0,0.0,0.0","-1.0,0.0,0.0"
1747092317.6725376,"-87.0,0.0,0.0","-78.0,0.0,0.0","1.0,0.0,0.0","-7.0,0.0,0.0"
1747092317.7226698,"-87.0,0.0,0.0","-80.0,0.0,0.0","0.0,0.0,0.0","-7.0,0.0,0.0"
1747092317.7727675,"-86.0,0.0,0.0","-81.0,0.0,0.0","-3.0,0.0,0.0","-7.0,0.0,0.0"
1747092317.8236303,"-87.0,0.0,0.0","-81.0,0.0,0.0","-3.0,0.0,0.0","-8.0,0.0,0.0"
1747092317.8740485,"-88.0,0.0,0.0","-81.0,0.0,0.0","-2.0,0.0,0.0","-6.0,0.0,0.0"
1747092317.9249642,"-88.0,0.0,0.0","-80.0,0.0,0.0","0.0,0.0,0.0","-6.0,0.0,0.0"
1747092317.9754157,"-88.0,0.0,0.0","-79.0,0.0,0.0","-1.0,0.0,0.0","-6.0,0.0,0.0"
1747092318.0258853,"-87.0,0.0,0.0","-79.0,0.0,0.0","0.0,0.0,0.0","-5.0,0.0,0.0"
1747092318.0759168,"-87.0,0.0,0.0","-79.0,0.0,0.0","0.0,0.0,0.0","-5.0,0.0,0.0"
1747092318.126585,"-86.0,0.0,0.0","-79.0,0.0,0.0","0.0,0.0,0.0","-5.0,0.0,0.0"
1747092318.1766663,"-86.0,0.0,0.0","-79.0,0.0,0.0","1.0,0.0,0.0","-5.0,0.0,0.0"
1747092318.2267973,"-85.0,0.0,0.0","-79.0,0.0,0.0","2.0,0.0,0.0","-6.0,0.0,0.0"
1747092318.2785625,"-85.0,0.0,0.0","-78.0,0.0,0.0","2.0,0.0,0.0","-7.0,0.0,0.0"
1747092318.3294294,"-85.0,0.0,0.0","-79.0,0.0,0.0","1.0,0.0,0.0","-8.0,0.0,0.0"
1747092318.3795204,"-85.0,0.0,0.0","-79.0,0.0,0.0","1.0,0.0,0.0","-8.0,0.0,0.0"
1747092318.4296603,"-85.0,0.0,0.0","-80.0,0.0,0.0","0.0,0.0,0.0","-7.0,0.0,0.0"
1747092318.4796684,"-85.0,0.0,0.0","-82.0,0.0,0.0","0.0,0.0,0.0","-6.0,0.0,0.0"
1747092318.5307868,"-86.0,0.0,0.0","-82.0,0.0,0.0","-1.0,0.0,0.0","-7.0,0.0,0.0"
1747092318.5809422,"-86.0,0.0,0.0","-82.0,0.0,0.0","-2.0,0.0,0.0","-7.0,0.0,0.0"
1747092318.6315768,"-86.0,0.0,0.0","-82.0,0.0,0.0","-3.0,0.0,0.0","-8.0,0.0,0.0"
1747092318.6818373,"-87.0,0.0,0.0","-82.0,0.0,0.0","-4.0,0.0,0.0","-7.0,0.0,0.0"
1747092318.7326021,"-87.0,0.0,0.0","-82.0,0.0,0.0","-3.0,0.0,0.0","-7.0,0.0,0.0"
1747092318.7830827,"-87.0,0.0,0.0","-82.0,0.0,0.0","-3.0,0.0,0.0","-7.0,0.0,0.0"
1747092318.8344605,"-87.0,0.0,0.0","-82.0,0.0,0.0","-3.0,0.0,0.0","-6.0,0.0,0.0"
1747092318.8863125,"-87.0,0.0,0.0","-82.0,0.0,0.0","-3.0,0.0,0.0","-5.0,0.0,0.0"
1747092318.9366152,"-87.0,0.0,0.0","-82.0,0.0,0.0","-4.0,0.0,0.0","-5.0,0.0,0.0"
1747092318.9868824,"-87.0,0.0,0.0","-81.0,0.0,0.0","-2.0,0.0,0.0","-6.0,0.0,0.0"
1747092319.0377877,"-86.0,0.0,0.0","-81.0,0.0,0.0","-1.0,0.0,0.0","-7.0,0.0,0.0"
1747092319.0885203,"-86.0,0.0,0.0","-80.0,0.0,0.0","0.0,0.0,0.0","-7.0,0.0,0.0"
1747092319.1386607,"-86.0,0.0,0.0","-80.0,0.0,0.0","0.0,0.0,0.0","-7.0,0.0,0.0"
1747092319.1895754,"-86.0,0.0,0.0","-80.0,0.0,0.0","0.0,0.0,0.0","-8.0,0.0,0.0"
1747092319.2398028,"-85.0,0.0,0.0","-80.0,0.0,0.0","0.0,0.0,0.0","-7.0,0.0,0.0"
1747092319.2899923,"-84.0,0.0,0.0","-79.0,0.0,0.0","2.0,0.0,0.0","-6.0,0.0,0.0"
1747092319.340678,"-82.0,0.0,0.0","-79.0,0.0,0.0","4.0,0.0,0.0","-4.0,0.0,0.0"
1747092319.3907282,"-81.0,0.0,0.0","-78.0,0.0,0.0","5.0,0.0,0.0","0.0,0.0,0.0"
1747092319.4408965,"-74.0,0.0,0.0","-73.0,0.0,0.0","7.0,0.0,0.0","7.0,0.0,0.0"
1747092319.491626,"-70.0,0.0,0.0","-70.0,0.0,0.0","7.0,0.0,0.0","15.0,0.0,0.0"
1747092319.5418205,"-67.0,0.0,0.0","-65.0,0.0,0.0","9.0,0.0,0.0","14.0,0.0,0.0"
1747092319.5929008,"-55.0,0.0,0.0","-52.0,0.0,0.0","11.0,0.0,0.0","23.0,0.0,0.0"
1747092319.6445377,"-38.0,0.0,0.0","-29.0,0.0,0.0","4.0,0.0,0.0","12.0,0.0,0.0"
1747092319.6967387,"-29.0,0.0,0.0","-17.0,0.0,0.0","2.0,0.0,0.0","13.0,0.0,0.0"
1747092319.7476895,"-21.0,0.0,0.0","-6.0,0.0,0.0","8.0,0.0,0.0","11.0,0.0,0.0"
1747092319.7987986,"-2.0,0.0,0.0","21.0,0.0,0.0","3.0,0.0,0.0","0.0,0.0,0.0"
1747092319.849531,"13.0,0.0,0.0","39.0,0.0,0.0","6.0,0.0,0.0","0.0,0.0,0.0"
1747092319.8997784,"19.0,0.0,0.0","43.0,0.0,0.0","13.0,0.0,0.0","2.0,0.0,0.0"
1747092319.9499226,"30.0,0.0,0.0","49.0,0.0,0.0","16.0,0.0,0.0","10.0,0.0,0.0"
1747092320.0002415,"35.0,0.0,0.0","53.0,0.0,0.0","14.0,0.0,0.0","10.0,0.0,0.0"
1747092320.0519314,"41.0,0.0,0.0","58.0,0.0,0.0","13.0,0.0,0.0","9.0,0.0,0.0"
1747092320.1021948,"51.0,0.0,0.0","69.0,0.0,0.0","15.0,0.0,0.0","5.0,0.0,0.0"
1747092320.1522977,"57.0,0.0,0.0","74.0,0.0,0.0","12.0,0.0,0.0","2.0,0.0,0.0"
1747092320.2023973,"62.0,0.0,0.0","78.0,0.0,0.0","8.0,0.0,0.0","-1.0,0.0,0.0"
1747092320.2528722,"68.0,0.0,0.0","82.0,0.0,0.0","5.0,0.0,0.0","-2.0,0.0,0.0"
1747092320.3035562,"70.0,0.0,0.0","84.0,0.0,0.0","6.0,0.0,0.0","-2.0,0.0,0.0"
1747092320.3537185,"73.0,0.0,0.0","86.0,0.0,0.0","5.0,0.0,0.0","0.0,0.0,0.0"
1747092320.40533,"76.0,0.0,0.0","89.0,0.0,0.0","7.0,0.0,0.0","-1.0,0.0,0.0"
1747092320.4558797,"78.0,0.0,0.0","-80.0,0.0,0.0","8.0,0.0,0.0","-8.0,0.0,0.0"
1747092320.5062063,"79.0,0.0,0.0","-79.0,0.0,0.0","8.0,0.0,0.0","-10.0,0.0,0.0"
1747092320.5576475,"82.0,0.0,0.0","92.0,0.0,0.0","6.0,0.0,0.0","0.0,0.0,0.0"
1747092320.6077738,"85.0,0.0,0.0","93.0,0.0,0.0","4.0,0.0,0.0","-2.0,0.0,0.0"
1747092320.659148,"90.0,0.0,0.0","93.0,0.0,0.0","1.0,0.0,0.0","-1.0,0.0,0.0"
1747092320.7095556,"90.0,0.0,0.0","87.0,0.0,0.0","3.0,0.0,0.0","11.0,0.0,0.0"
1747092320.760531,"90.0,0.0,0.0","85.0,0.0,0.0","2.0,0.0,0.0","15.0,0.0,0.0"
1747092320.8107564,"90.0,0.0,0.0","80.0,0.0,0.0","2.0,0.0,0.0","18.0,0.0,0.0"
1747092320.8618479,"89.0,0.0,0.0","76.0,0.0,0.0","2.0,0.0,0.0","23.0,0.0,0.0"
1747092320.912416,"89.0,0.0,0.0","42.0,0.0,0.0","3.0,0.0,0.0","65.0,0.0,0.0"
1747092320.963736,"89.0,0.0,0.0","-83.0,0.0,0.0","2.0,0.0,0.0","0.0,0.0,0.0"
1747092321.0139165,"90.0,0.0,0.0","-84.0,0.0,0.0","5.0,0.0,0.0","4.0,0.0,0.0"
1747092321.06453,"90.0,0.0,0.0","-82.0,0.0,0.0","4.0,0.0,0.0","4.0,0.0,0.0"
1747092321.1156137,"90.0,0.0,0.0","-82.0,0.0,0.0","4.0,0.0,0.0","1.0,0.0,0.0"
1747092321.1658146,"89.0,0.0,0.0","-79.0,0.0,0.0","3.0,0.0,0.0","50.0,0.0,0.0"
1747092321.2166564,"88.0,0.0,0.0","-82.0,0.0,0.0","4.0,0.0,0.0","0.0,0.0,0.0"
1747092321.2676282,"87.0,0.0,0.0","-82.0,0.0,0.0","5.0,0.0,0.0","1.0,0.0,0.0"
1747092321.3184795,"85.0,0.0,0.0","-82.0,0.0,0.0","5.0,0.0,0.0","0.0,0.0,0.0"
1747092321.3694484,"85.0,0.0,0.0","-80.0,0.0,0.0","5.0,0.0,0.0","6.0,0.0,0.0"
1747092321.429727,"85.0,0.0,0.0","-77.0,0.0,0.0","5.0,0.0,0.0","-8.0,0.0,0.0"
1747092321.4798937,"85.0,0.0,0.0","-75.0,0.0,0.0","6.0,0.0,0.0","-12.0,0.0,0.0"
1747092321.5306027,"85.0,0.0,0.0","-75.0,0.0,0.0","6.0,0.0,0.0","-13.0,0.0,0.0"
1747092321.5807652,"85.0,0.0,0.0","-74.0,0.0,0.0","6.0,0.0,0.0","-13.0,0.0,0.0"
1747092321.6319535,"85.0,0.0,0.0","-80.0,0.0,0.0","4.0,0.0,0.0","-4.0,0.0,0.0"
1747092321.682442,"84.0,0.0,0.0","-77.0,0.0,0.0","4.0,0.0,0.0","-8.0,0.0,0.0"
1747092321.7325857,"83.0,0.0,0.0","-76.0,0.0,0.0","6.0,0.0,0.0","-10.0,0.0,0.0"
1747092321.7828488,"80.0,0.0,0.0","-76.0,0.0,0.0","6.0,0.0,0.0","-12.0,0.0,0.0"
1747092321.83299,"80.0,0.0,0.0","-76.0,0.0,0.0","6.0,0.0,0.0","-12.0,0.0,0.0"
1747092321.8836043,"80.0,0.0,0.0","-76.0,0.0,0.0","7.0,0.0,0.0","-12.0,0.0,0.0"
1747092321.933632,"78.0,0.0,0.0","-82.0,0.0,0.0","9.0,0.0,0.0","-1.0,0.0,0.0"
1747092321.984266,"77.0,0.0,0.0","-79.0,0.0,0.0","10.0,0.0,0.0","-7.0,0.0,0.0"
1747092322.0347083,"77.0,0.0,0.0","-78.0,0.0,0.0","10.0,0.0,0.0","-9.0,0.0,0.0"
1747092322.0851762,"77.0,0.0,0.0","-78.0,0.0,0.0","10.0,0.0,0.0","-10.0,0.0,0.0"
1747092322.1359015,"76.0,0.0,0.0","-77.0,0.0,0.0","9.0,0.0,0.0","-11.0,0.0,0.0"
1747092322.186301,"77.0,0.0,0.0","-78.0,0.0,0.0","9.0,0.0,0.0","-10.0,0.0,0.0"
1747092322.2365494,"77.0,0.0,0.0","-78.0,0.0,0.0","9.0,0.0,0.0","-10.0,0.0,0.0"
1747092322.2868035,"77.0,0.0,0.0","-80.0,0.0,0.0","8.0,0.0,0.0","-5.0,0.0,0.0"
1747092322.337993,"77.0,0.0,0.0","-52.0,0.0,0.0","8.0,0.0,0.0","119.0,0.0,0.0"
1747092322.3889356,"77.0,0.0,0.0","-65.0,0.0,0.0","8.0,0.0,0.0","-2.0,0.0,0.0"
1747092322.4396713,"77.0,0.0,0.0","27.0,0.0,0.0","8.0,0.0,0.0","60.0,0.0,0.0"
1747092322.4960678,"77.0,0.0,0.0","84.0,0.0,0.0","8.0,0.0,0.0","6.0,0.0,0.0"
1747092322.5462193,"76.0,0.0,0.0","85.0,0.0,0.0","8.0,0.0,0.0","5.0,0.0,0.0"
1747092322.5966446,"75.0,0.0,0.0","85.0,0.0,0.0","8.0,0.0,0.0","5.0,0.0,0.0"
1747092322.6484482,"75.0,0.0,0.0","85.0,0.0,0.0","9.0,0.0,0.0","5.0,0.0,0.0"
1747092322.698537,"75.0,0.0,0.0","85.0,0.0,0.0","9.0,0.0,0.0","4.0,0.0,0.0"
1747092322.751735,"74.0,0.0,0.0","85.0,0.0,0.0","9.0,0.0,0.0","4.0,0.0,0.0"
1747092322.8039463,"74.0,0.0,0.0","85.0,0.0,0.0","9.0,0.0,0.0","4.0,0.0,0.0"
1747092322.8545866,"74.0,0.0,0.0","85.0,0.0,0.0","9.0,0.0,0.0","4.0,0.0,0.0"
1747092322.9053311,"74.0,0.0,0.0","85.0,0.0,0.0","10.0,0.0,0.0","4.0,0.0,0.0"
1747092322.9560084,"74.0,0.0,0.0","85.0,0.0,0.0","10.0,0.0,0.0","4.0,0.0,0.0"
1747092323.0079336,"74.0,0.0,0.0","85.0,0.0,0.0","11.0,0.0,0.0","4.0,0.0,0.0"
1747092323.0585747,"73.0,0.0,0.0","85.0,0.0,0.0","11.0,0.0,0.0","4.0,0.0,0.0"
1747092323.109522,"73.0,0.0,0.0","85.0,0.0,0.0","11.0,0.0,0.0","4.0,0.0,0.0"
1747092323.1595314,"73.0,0.0,0.0","85.0,0.0,0.0","11.0,0.0,0.0","4.0,0.0,0.0"
1747092323.2104852,"73.0,0.0,0.0","85.0,0.0,0.0","11.0,0.0,0.0","4.0,0.0,0.0"
1747092323.2617013,"73.0,0.0,0.0","85.0,0.0,0.0","11.0,0.0,0.0","4.0,0.0,0.0"
1747092323.311849,"73.0,0.0,0.0","84.0,0.0,0.0","11.0,0.0,0.0","5.0,0.0,0.0"
1747092323.3624618,"73.0,0.0,0.0","84.0,0.0,0.0","11.0,0.0,0.0","5.0,0.0,0.0"
1747092323.4126208,"73.0,0.0,0.0","84.0,0.0,0.0","11.0,0.0,0.0","5.0,0.0,0.0"
1747092323.4637187,"73.0,0.0,0.0","84.0,0.0,0.0","11.0,0.0,0.0","5.0,0.0,0.0"
1747092323.5144885,"73.0,0.0,0.0","84.0,0.0,0.0","11.0,0.0,0.0","5.0,0.0,0.0"
1747092323.564532,"73.0,0.0,0.0","84.0,0.0,0.0","11.0,0.0,0.0","5.0,0.0,0.0"
1747092323.614678,"73.0,0.0,0.0","84.0,0.0,0.0","11.0,0.0,0.0","5.0,0.0,0.0"
1747092323.6648073,"73.0,0.0,0.0","83.0,0.0,0.0","11.0,0.0,0.0","5.0,0.0,0.0"
1747092323.7148793,"73.0,0.0,0.0","83.0,0.0,0.0","11.0,0.0,0.0","5.0,0.0,0.0"
1747092323.7650712,"72.0,0.0,0.0","83.0,0.0,0.0","11.0,0.0,0.0","4.0,0.0,0.0"
1747092323.8152926,"72.0,0.0,0.0","83.0,0.0,0.0","10.0,0.0,0.0","4.0,0.0,0.0"
1747092323.8659313,"72.0,0.0,0.0","83.0,0.0,0.0","10.0,0.0,0.0","4.0,0.0,0.0"
1747092323.9167976,"72.0,0.0,0.0","82.0,0.0,0.0","10.0,0.0,0.0","4.0,0.0,0.0"
1747092323.9676776,"72.0,0.0,0.0","82.0,0.0,0.0","10.0,0.0,0.0","3.0,0.0,0.0"
1747092324.0176947,"72.0,0.0,0.0","82.0,0.0,0.0","10.0,0.0,0.0","3.0,0.0,0.0"
1747092324.0684848,"71.0,0.0,0.0","81.0,0.0,0.0","9.0,0.0,0.0","3.0,0.0,0.0"
1747092324.1186404,"70.0,0.0,0.0","80.0,0.0,0.0","10.0,0.0,0.0","3.0,0.0,0.0"
1747092324.169447,"67.0,0.0,0.0","78.0,0.0,0.0","12.0,0.0,0.0","3.0,0.0,0.0"
1747092324.220079,"62.0,0.0,0.0","72.0,0.0,0.0","14.0,0.0,0.0","7.0,0.0,0.0"
1747092324.2703812,"57.0,0.0,0.0","69.0,0.0,0.0","16.0,0.0,0.0","9.0,0.0,0.0"
1747092324.320657,"52.0,0.0,0.0","64.0,0.0,0.0","19.0,0.0,0.0","12.0,0.0,0.0"
1747092324.3715103,"38.0,0.0,0.0","52.0,0.0,0.0","28.0,0.0,0.0","18.0,0.0,0.0"
1747092324.4216862,"27.0,0.0,0.0","45.0,0.0,0.0","27.0,0.0,0.0","18.0,0.0,0.0"
1747092324.4719074,"17.0,0.0,0.0","37.0,0.0,0.0","31.0,0.0,0.0","22.0,0.0,0.0"
1747092324.521952,"-9.0,0.0,0.0","18.0,0.0,0.0","32.0,0.0,0.0","29.0,0.0,0.0"
1747092324.5731153,"-21.0,0.0,0.0","8.0,0.0,0.0","33.0,0.0,0.0","30.0,0.0,0.0"
1747092324.6233513,"-30.0,0.0,0.0","-4.0,0.0,0.0","32.0,0.0,0.0","21.0,0.0,0.0"
1747092324.6736758,"-49.0,0.0,0.0","-28.0,0.0,0.0","22.0,0.0,0.0","21.0,0.0,0.0"
1747092324.7245317,"-64.0,0.0,0.0","-47.0,0.0,0.0","15.0,0.0,0.0","20.0,0.0,0.0"
1747092324.7749822,"-73.0,0.0,0.0","-63.0,0.0,0.0","8.0,0.0,0.0","12.0,0.0,0.0"
1747092324.8258953,"-77.0,0.0,0.0","-69.0,0.0,0.0","6.0,0.0,0.0","11.0,0.0,0.0"
1747092324.876527,"-81.0,0.0,0.0","-72.0,0.0,0.0","4.0,0.0,0.0","3.0,0.0,0.0"
1747092324.9314747,"-86.0,0.0,0.0","-77.0,0.0,0.0","2.0,0.0,0.0","-1.0,0.0,0.0"
1747092324.9822772,"-87.0,0.0,0.0","-78.0,0.0,0.0","1.0,0.0,0.0","-5.0,0.0,0.0"
1747092325.0328605,"-87.0,0.0,0.0","-79.0,0.0,0.0","-1.0,0.0,0.0","-7.0,0.0,0.0"
1747092325.0836973,"-87.0,0.0,0.0","-81.0,0.0,0.0","-4.0,0.0,0.0","-9.0,0.0,0.0"
1747092325.134458,"-87.0,0.0,0.0","-81.0,0.0,0.0","-3.0,0.0,0.0","-7.0,0.0,0.0"
1747092325.1847696,"-87.0,0.0,0.0","-81.0,0.0,0.0","-2.0,0.0,0.0","-8.0,0.0,0.0"
1747092325.2349203,"-86.0,0.0,0.0","-80.0,0.0,0.0","-1.0,0.0,0.0","-8.0,0.0,0.0"
1747092325.2850678,"-86.0,0.0,0.0","-80.0,0.0,0.0","-1.0,0.0,0.0","-7.0,0.0,0.0"
1747092325.3352325,"-86.0,0.0,0.0","-80.0,0.0,0.0","0.0,0.0,0.0","-6.0,0.0,0.0"
1747092325.3855045,"-86.0,0.0,0.0","-79.0,0.0,0.0","0.0,0.0,0.0","-7.0,0.0,0.0"
1747092325.435806,"-85.0,0.0,0.0","-79.0,0.0,0.0","1.0,0.0,0.0","-7.0,0.0,0.0"
1747092325.4865627,"-84.0,0.0,0.0","-79.0,0.0,0.0","1.0,0.0,0.0","-7.0,0.0,0.0"
1747092325.5366805,"-84.0,0.0,0.0","-79.0,0.0,0.0","1.0,0.0,0.0","-7.0,0.0,0.0"
1747092325.5875893,"-84.0,0.0,0.0","-79.0,0.0,0.0","1.0,0.0,0.0","-7.0,0.0,0.0"
1747092325.6378167,"-84.0,0.0,0.0","-79.0,0.0,0.0","0.0,0.0,0.0","-8.0,0.0,0.0"
1747092325.687839,"-85.0,0.0,0.0","-79.0,0.0,0.0","0.0,0.0,0.0","-8.0,0.0,0.0"
1747092325.7384562,"-86.0,0.0,0.0","-79.0,0.0,0.0","-1.0,0.0,0.0","-9.0,0.0,0.0"
1747092325.7891607,"-86.0,0.0,0.0","-80.0,0.0,0.0","-2.0,0.0,0.0","-9.0,0.0,0.0"
1747092325.8394394,"-87.0,0.0,0.0","-81.0,0.0,0.0","-1.0,0.0,0.0","-8.0,0.0,0.0"
1747092325.8897817,"-87.0,0.0,0.0","-81.0,0.0,0.0","-1.0,0.0,0.0","-8.0,0.0,0.0"
1747092325.9405963,"-87.0,0.0,0.0","-81.0,0.0,0.0","0.0,0.0,0.0","-7.0,0.0,0.0"
1747092325.990759,"-86.0,0.0,0.0","-80.0,0.0,0.0","0.0,0.0,0.0","-6.0,0.0,0.0"
1747092326.0416033,"-80.0,0.0,0.0","-75.0,0.0,0.0","6.0,0.0,0.0","0.0,0.0,0.0"
1747092326.0923865,"-76.0,0.0,0.0","-72.0,0.0,0.0","7.0,0.0,0.0","4.0,0.0,0.0"
1747092326.142629,"-71.0,0.0,0.0","-70.0,0.0,0.0","5.0,0.0,0.0","11.0,0.0,0.0"
1747092326.1935208,"-65.0,0.0,0.0","-61.0,0.0,0.0","10.0,0.0,0.0","15.0,0.0,0.0"
1747092326.2436378,"-60.0,0.0,0.0","-54.0,0.0,0.0","10.0,0.0,0.0","19.0,0.0,0.0"
1747092326.2941513,"-56.0,0.0,0.0","-48.0,0.0,0.0","11.0,0.0,0.0","24.0,0.0,0.0"
1747092326.3455925,"-44.0,0.0,0.0","-31.0,0.0,0.0","6.0,0.0,0.0","18.0,0.0,0.0"
1747092326.3957338,"-40.0,0.0,0.0","-22.0,0.0,0.0","7.0,0.0,0.0","17.0,0.0,0.0"
1747092326.4475484,"-33.0,0.0,0.0","-9.0,0.0,0.0","8.0,0.0,0.0","19.0,0.0,0.0"
1747092326.510595,"-29.0,0.0,0.0","2.0,0.0,0.0","10.0,0.0,0.0","18.0,0.0,0.0"
1747092326.560621,"-29.0,0.0,0.0","3.0,0.0,0.0","14.0,0.0,0.0","18.0,0.0,0.0"
1747092326.610761,"-24.0,0.0,0.0","14.0,0.0,0.0","17.0,0.0,0.0","7.0,0.0,0.0"
1747092326.6608274,"-21.0,0.0,0.0","15.0,0.0,0.0","15.0,0.0,0.0","7.0,0.0,0.0"
1747092326.711592,"-21.0,0.0,0.0","16.0,0.0,0.0","14.0,0.0,0.0","6.0,0.0,0.0"
1747092326.7616796,"-20.0,0.0,0.0","16.0,0.0,0.0","13.0,0.0,0.0","6.0,0.0,0.0"
1747092326.8126056,"-20.0,0.0,0.0","16.0,0.0,0.0","12.0,0.0,0.0","6.0,0.0,0.0"
1747092326.8628383,"-19.0,0.0,0.0","16.0,0.0,0.0","12.0,0.0,0.0","6.0,0.0,0.0"
1747092326.9130094,"-20.0,0.0,0.0","16.0,0.0,0.0","13.0,0.0,0.0","5.0,0.0,0.0"
1747092326.9635956,"-20.0,0.0,0.0","16.0,0.0,0.0","14.0,0.0,0.0","5.0,0.0,0.0"
1747092327.0142646,"-20.0,0.0,0.0","15.0,0.0,0.0","14.0,0.0,0.0","5.0,0.0,0.0"
1747092327.0648425,"-20.0,0.0,0.0","15.0,0.0,0.0","14.0,0.0,0.0","4.0,0.0,0.0"
1747092327.115621,"-21.0,0.0,0.0","14.0,0.0,0.0","14.0,0.0,0.0","5.0,0.0,0.0"
1747092327.166424,"-21.0,0.0,0.0","13.0,0.0,0.0","15.0,0.0,0.0","7.0,0.0,0.0"
1747092327.217111,"-21.0,0.0,0.0","10.0,0.0,0.0","15.0,0.0,0.0","8.0,0.0,0.0"
1747092327.26744,"-21.0,0.0,0.0","2.0,0.0,0.0","15.0,0.0,0.0","16.0,0.0,0.0"
1747092327.3176935,"-21.0,0.0,0.0","0.0,0.0,0.0","15.0,0.0,0.0","18.0,0.0,0.0"
1747092327.367845,"-20.0,0.0,0.0","-5.0,0.0,0.0","14.0,0.0,0.0","19.0,0.0,0.0"
1747092327.4183788,"-20.0,0.0,0.0","-7.0,0.0,0.0","14.0,0.0,0.0","16.0,0.0,0.0"
1747092327.4684362,"-20.0,0.0,0.0","-9.0,0.0,0.0","14.0,0.0,0.0","15.0,0.0,0.0"
1747092327.5185883,"-20.0,0.0,0.0","-13.0,0.0,0.0","13.0,0.0,0.0","15.0,0.0,0.0"
1747092327.5687962,"-20.0,0.0,0.0","-13.0,0.0,0.0","12.0,0.0,0.0","13.0,0.0,0.0"
1747092327.6194916,"-20.0,0.0,0.0","-14.0,0.0,0.0","12.0,0.0,0.0","14.0,0.0,0.0"
1747092327.6704633,"-20.0,0.0,0.0","-15.0,0.0,0.0","11.0,0.0,0.0","13.0,0.0,0.0"
1747092327.7205875,"-20.0,0.0,0.0","-17.0,0.0,0.0","10.0,0.0,0.0","13.0,0.0,0.0"
1747092327.7711215,"-20.0,0.0,0.0","-17.0,0.0,0.0","10.0,0.0,0.0","12.0,0.0,0.0"
1747092327.8219802,"-20.0,0.0,0.0","-18.0,0.0,0.0","9.0,0.0,0.0","12.0,0.0,0.0"
1747092327.8725622,"-20.0,0.0,0.0","-19.0,0.0,0.0","9.0,0.0,0.0","12.0,0.0,0.0"
1747092327.9226635,"-20.0,0.0,0.0","-19.0,0.0,0.0","9.0,0.0,0.0","13.0,0.0,0.0"
1747092327.9736493,"-20.0,0.0,0.0","-19.0,0.0,0.0","9.0,0.0,0.0","13.0,0.0,0.0"
1747092328.0239305,"-20.0,0.0,0.0","-19.0,0.0,0.0","9.0,0.0,0.0","14.0,0.0,0.0"
1747092328.0740807,"-20.0,0.0,0.0","-19.0,0.0,0.0","9.0,0.0,0.0","14.0,0.0,0.0"
1747092328.1246195,"-21.0,0.0,0.0","-19.0,0.0,0.0","9.0,0.0,0.0","14.0,0.0,0.0"
1747092328.1746583,"-21.0,0.0,0.0","-19.0,0.0,0.0","9.0,0.0,0.0","14.0,0.0,0.0"
1747092328.2249591,"-22.0,0.0,0.0","-19.0,0.0,0.0","10.0,0.0,0.0","14.0,0.0,0.0"
1747092328.2756586,"-22.0,0.0,0.0","-19.0,0.0,0.0","10.0,0.0,0.0","14.0,0.0,0.0"
1747092328.3258424,"-22.0,0.0,0.0","-19.0,0.0,0.0","10.0,0.0,0.0","14.0,0.0,0.0"
1747092328.3777993,"-22.0,0.0,0.0","-19.0,0.0,0.0","9.0,0.0,0.0","14.0,0.0,0.0"
1747092328.4287484,"-22.0,0.0,0.0","-19.0,0.0,0.0","9.0,0.0,0.0","14.0,0.0,0.0"
1747092328.478965,"-22.0,0.0,0.0","-19.0,0.0,0.0","9.0,0.0,0.0","14.0,0.0,0.0"
1747092328.5293436,"-22.0,0.0,0.0","-19.0,0.0,0.0","9.0,0.0,0.0","14.0,0.0,0.0"
1747092328.579659,"-22.0,0.0,0.0","-19.0,0.0,0.0","9.0,0.0,0.0","14.0,0.0,0.0"
1747092328.6305404,"-22.0,0.0,0.0","-19.0,0.0,0.0","9.0,0.0,0.0","14.0,0.0,0.0"
1747092328.6808162,"-21.0,0.0,0.0","-18.0,0.0,0.0","8.0,0.0,0.0","13.0,0.0,0.0"
1747092328.7325366,"-21.0,0.0,0.0","-18.0,0.0,0.0","8.0,0.0,0.0","13.0,0.0,0.0"
1747092328.7827625,"-21.0,0.0,0.0","-18.0,0.0,0.0","8.0,0.0,0.0","13.0,0.0,0.0"
1747092328.832914,"-21.0,0.0,0.0","-18.0,0.0,0.0","8.0,0.0,0.0","13.0,0.0,0.0"
1747092328.8830085,"-21.0,0.0,0.0","-18.0,0.0,0.0","8.0,0.0,0.0","13.0,0.0,0.0"
1747092328.9337268,"-21.0,0.0,0.0","-18.0,0.0,0.0","8.0,0.0,0.0","13.0,0.0,0.0"
1747092328.9837878,"-22.0,0.0,0.0","-18.0,0.0,0.0","8.0,0.0,0.0","13.0,0.0,0.0"
1747092329.03441,"-22.0,0.0,0.0","-18.0,0.0,0.0","8.0,0.0,0.0","13.0,0.0,0.0"
1747092329.0849817,"-22.0,0.0,0.0","-18.0,0.0,0.0","8.0,0.0,0.0","12.0,0.0,0.0"
1747092329.1354957,"-25.0,0.0,0.0","-20.0,0.0,0.0","6.0,0.0,0.0","10.0,0.0,0.0"
1747092329.1860657,"-27.0,0.0,0.0","-24.0,0.0,0.0","3.0,0.0,0.0","8.0,0.0,0.0"
1747092329.2360873,"-29.0,0.0,0.0","-27.0,0.0,0.0","2.0,0.0,0.0","9.0,0.0,0.0"
1747092329.286703,"-36.0,0.0,0.0","-37.0,0.0,0.0","5.0,0.0,0.0","15.0,0.0,0.0"
1747092329.337492,"-38.0,0.0,0.0","-41.0,0.0,0.0","4.0,0.0,0.0","17.0,0.0,0.0"
1747092329.3879094,"-42.0,0.0,0.0","-43.0,0.0,0.0","6.0,0.0,0.0","17.0,0.0,0.0"
1747092329.4385285,"-49.0,0.0,0.0","-50.0,0.0,0.0","9.0,0.0,0.0","14.0,0.0,0.0"
1747092329.488584,"-53.0,0.0,0.0","-53.0,0.0,0.0","8.0,0.0,0.0","13.0,0.0,0.0"
1747092329.5385919,"-57.0,0.0,0.0","-57.0,0.0,0.0","8.0,0.0,0.0","13.0,0.0,0.0"
1747092329.5888398,"-63.0,0.0,0.0","-63.0,0.0,0.0","7.0,0.0,0.0","13.0,0.0,0.0"
1747092329.6396878,"-66.0,0.0,0.0","-66.0,0.0,0.0","9.0,0.0,0.0","13.0,0.0,0.0"
1747092329.6897964,"-70.0,0.0,0.0","-69.0,0.0,0.0","7.0,0.0,0.0","9.0,0.0,0.0"
1747092329.7405689,"-74.0,0.0,0.0","-71.0,0.0,0.0","7.0,0.0,0.0","5.0,0.0,0.0"
1747092329.7914062,"-74.0,0.0,0.0","-71.0,0.0,0.0","7.0,0.0,0.0","4.0,0.0,0.0"
1747092329.8417923,"-74.0,0.0,0.0","-72.0,0.0,0.0","8.0,0.0,0.0","5.0,0.0,0.0"
1747092329.8930743,"-75.0,0.0,0.0","-72.0,0.0,0.0","11.0,0.0,0.0","10.0,0.0,0.0"
1747092329.9441323,"-73.0,0.0,0.0","-70.0,0.0,0.0","11.0,0.0,0.0","13.0,0.0,0.0"
1747092329.9951046,"-70.0,0.0,0.0","-68.0,0.0,0.0","9.0,0.0,0.0","17.0,0.0,0.0"
1747092330.0459144,"-65.0,0.0,0.0","-60.0,0.0,0.0","13.0,0.0,0.0","19.0,0.0,0.0"
1747092330.0961335,"-60.0,0.0,0.0","-54.0,0.0,0.0","12.0,0.0,0.0","17.0,0.0,0.0"
1747092330.1473415,"-56.0,0.0,0.0","-48.0,0.0,0.0","12.0,0.0,0.0","18.0,0.0,0.0"
1747092330.1973796,"-41.0,0.0,0.0","-29.0,0.0,0.0","7.0,0.0,0.0","15.0,0.0,0.0"
1747092330.247586,"-36.0,0.0,0.0","-20.0,0.0,0.0","5.0,0.0,0.0","14.0,0.0,0.0"
1747092330.298557,"-32.0,0.0,0.0","-14.0,0.0,0.0","4.0,0.0,0.0","14.0,0.0,0.0"
1747092330.349352,"-30.0,0.0,0.0","-12.0,0.0,0.0","9.0,0.0,0.0","17.0,0.0,0.0"
1747092330.3995247,"-24.0,0.0,0.0","-4.0,0.0,0.0","15.0,0.0,0.0","25.0,0.0,0.0"
1747092330.450251,"-21.0,0.0,0.0","-3.0,0.0,0.0","13.0,0.0,0.0","24.0,0.0,0.0"
1747092330.5009968,"-21.0,0.0,0.0","-2.0,0.0,0.0","13.0,0.0,0.0","24.0,0.0,0.0"
1747092330.5513773,"-21.0,0.0,0.0","-3.0,0.0,0.0","14.0,0.0,0.0","23.0,0.0,0.0"
1747092330.6014626,"-23.0,0.0,0.0","-5.0,0.0,0.0","16.0,0.0,0.0","25.0,0.0,0.0"
1747092330.6537757,"-26.0,0.0,0.0","-10.0,0.0,0.0","16.0,0.0,0.0","22.0,0.0,0.0"
1747092330.7038434,"-28.0,0.0,0.0","-13.0,0.0,0.0","8.0,0.0,0.0","18.0,0.0,0.0"
1747092330.753934,"-32.0,0.0,0.0","-19.0,0.0,0.0","6.0,0.0,0.0","14.0,0.0,0.0"
1747092330.8043506,"-38.0,0.0,0.0","-35.0,0.0,0.0","6.0,0.0,0.0","18.0,0.0,0.0"
1747092330.8544147,"-41.0,0.0,0.0","-41.0,0.0,0.0","6.0,0.0,0.0","23.0,0.0,0.0"
1747092330.9044597,"-45.0,0.0,0.0","-46.0,0.0,0.0","7.0,0.0,0.0","19.0,0.0,0.0"
1747092330.955146,"-54.0,0.0,0.0","-55.0,0.0,0.0","9.0,0.0,0.0","15.0,0.0,0.0"
1747092331.0052233,"-59.0,0.0,0.0","-63.0,0.0,0.0","7.0,0.0,0.0","12.0,0.0,0.0"
1747092331.0555258,"-63.0,0.0,0.0","-67.0,0.0,0.0","9.0,0.0,0.0","11.0,0.0,0.0"
1747092331.1061192,"-69.0,0.0,0.0","-71.0,0.0,0.0","8.0,0.0,0.0","8.0,0.0,0.0"
1747092331.1574192,"-70.0,0.0,0.0","-72.0,0.0,0.0","7.0,0.0,0.0","5.0,0.0,0.0"
1747092331.207514,"-71.0,0.0,0.0","-73.0,0.0,0.0","6.0,0.0,0.0","4.0,0.0,0.0"
1747092331.2584064,"-71.0,0.0,0.0","-73.0,0.0,0.0","6.0,0.0,0.0","5.0,0.0,0.0"
1747092331.3085845,"-70.0,0.0,0.0","-72.0,0.0,0.0","7.0,0.0,0.0","9.0,0.0,0.0"
1747092331.359221,"-65.0,0.0,0.0","-66.0,0.0,0.0","13.0,0.0,0.0","19.0,0.0,0.0"
1747092331.4098725,"-59.0,0.0,0.0","-61.0,0.0,0.0","14.0,0.0,0.0","23.0,0.0,0.0"
1747092331.4601212,"-53.0,0.0,0.0","-53.0,0.0,0.0","14.0,0.0,0.0","23.0,0.0,0.0"
1747092331.5109985,"-41.0,0.0,0.0","-36.0,0.0,0.0","7.0,0.0,0.0","20.0,0.0,0.0"
1747092331.5696466,"-35.0,0.0,0.0","-25.0,0.0,0.0","6.0,0.0,0.0","16.0,0.0,0.0"
1747092331.6202962,"-29.0,0.0,0.0","-16.0,0.0,0.0","13.0,0.0,0.0","22.0,0.0,0.0"
1747092331.6704006,"-27.0,0.0,0.0","-12.0,0.0,0.0","18.0,0.0,0.0","29.0,0.0,0.0"
1747092331.7206254,"-27.0,0.0,0.0","-12.0,0.0,0.0","21.0,0.0,0.0","30.0,0.0,0.0"
1747092331.772244,"-28.0,0.0,0.0","-13.0,0.0,0.0","19.0,0.0,0.0","29.0,0.0,0.0"
1747092331.8335006,"-31.0,0.0,0.0","-18.0,0.0,0.0","16.0,0.0,0.0","27.0,0.0,0.0"
1747092331.8846428,"-37.0,0.0,0.0","-25.0,0.0,0.0","11.0,0.0,0.0","16.0,0.0,0.0"
1747092331.9356003,"-43.0,0.0,0.0","-37.0,0.0,0.0","12.0,0.0,0.0","20.0,0.0,0.0"
1747092331.9865437,"-51.0,0.0,0.0","-47.0,0.0,0.0","15.0,0.0,0.0","20.0,0.0,0.0"
1747092332.0371964,"-66.0,0.0,0.0","-67.0,0.0,0.0","10.0,0.0,0.0","14.0,0.0,0.0"
1747092332.0874982,"-69.0,0.0,0.0","-70.0,0.0,0.0","8.0,0.0,0.0","12.0,0.0,0.0"
1747092332.138391,"-72.0,0.0,0.0","-73.0,0.0,0.0","7.0,0.0,0.0","4.0,0.0,0.0"
1747092332.1885173,"-73.0,0.0,0.0","-73.0,0.0,0.0","7.0,0.0,0.0","3.0,0.0,0.0"
1747092332.2393827,"-72.0,0.0,0.0","-73.0,0.0,0.0","7.0,0.0,0.0","4.0,0.0,0.0"
1747092332.2894707,"-68.0,0.0,0.0","-70.0,0.0,0.0","12.0,0.0,0.0","16.0,0.0,0.0"
1747092332.3395813,"-63.0,0.0,0.0","-66.0,0.0,0.0","15.0,0.0,0.0","19.0,0.0,0.0"
1747092332.3916137,"-57.0,0.0,0.0","-59.0,0.0,0.0","17.0,0.0,0.0","24.0,0.0,0.0"
1747092332.442598,"-41.0,0.0,0.0","-42.0,0.0,0.0","9.0,0.0,0.0","25.0,0.0,0.0"
1747092332.4926825,"-35.0,0.0,0.0","-33.0,0.0,0.0","9.0,0.0,0.0","23.0,0.0,0.0"
1747092332.5431223,"-30.0,0.0,0.0","-22.0,0.0,0.0","13.0,0.0,0.0","24.0,0.0,0.0"
1747092332.5931807,"-26.0,0.0,0.0","-14.0,0.0,0.0","26.0,0.0,0.0","30.0,0.0,0.0"
1747092332.6435397,"-27.0,0.0,0.0","-14.0,0.0,0.0","28.0,0.0,0.0","31.0,0.0,0.0"
1747092332.6936102,"-27.0,0.0,0.0","-16.0,0.0,0.0","25.0,0.0,0.0","32.0,0.0,0.0"
1747092332.743683,"-31.0,0.0,0.0","-21.0,0.0,0.0","20.0,0.0,0.0","25.0,0.0,0.0"
1747092332.793813,"-37.0,0.0,0.0","-29.0,0.0,0.0","10.0,0.0,0.0","20.0,0.0,0.0"
1747092332.8445067,"-46.0,0.0,0.0","-40.0,0.0,0.0","12.0,0.0,0.0","24.0,0.0,0.0"
1747092332.895108,"-61.0,0.0,0.0","-57.0,0.0,0.0","11.0,0.0,0.0","15.0,0.0,0.0"
1747092332.9457428,"-68.0,0.0,0.0","-68.0,0.0,0.0","9.0,0.0,0.0","13.0,0.0,0.0"
1747092332.996268,"-71.0,0.0,0.0","-70.0,0.0,0.0","7.0,0.0,0.0","9.0,0.0,0.0"
1747092333.046338,"-72.0,0.0,0.0","-71.0,0.0,0.0","7.0,0.0,0.0","6.0,0.0,0.0"
1747092333.0963838,"-72.0,0.0,0.0","-71.0,0.0,0.0","8.0,0.0,0.0","8.0,0.0,0.0"
1747092333.1466188,"-70.0,0.0,0.0","-70.0,0.0,0.0","10.0,0.0,0.0","12.0,0.0,0.0"
1747092333.196668,"-63.0,0.0,0.0","-60.0,0.0,0.0","20.0,0.0,0.0","23.0,0.0,0.0"
1747092333.2473507,"-55.0,0.0,0.0","-51.0,0.0,0.0","21.0,0.0,0.0","25.0,0.0,0.0"
1747092333.297388,"-45.0,0.0,0.0","-42.0,0.0,0.0","14.0,0.0,0.0","27.0,0.0,0.0"
1747092333.3478212,"-30.0,0.0,0.0","-22.0,0.0,0.0","17.0,0.0,0.0","23.0,0.0,0.0"
1747092333.398463,"-24.0,0.0,0.0","-17.0,0.0,0.0","20.0,0.0,0.0","28.0,0.0,0.0"
1747092333.4488196,"-16.0,0.0,0.0","-12.0,0.0,0.0","19.0,0.0,0.0","30.0,0.0,0.0"
1747092333.499386,"-7.0,0.0,0.0","-8.0,0.0,0.0","24.0,0.0,0.0","34.0,0.0,0.0"
1747092333.5494254,"-5.0,0.0,0.0","-9.0,0.0,0.0","24.0,0.0,0.0","36.0,0.0,0.0"
1747092333.5996826,"-6.0,0.0,0.0","-11.0,0.0,0.0","25.0,0.0,0.0","34.0,0.0,0.0"
1747092333.6505346,"-10.0,0.0,0.0","-16.0,0.0,0.0","22.0,0.0,0.0","30.0,0.0,0.0"
1747092333.7009847,"-13.0,0.0,0.0","-20.0,0.0,0.0","21.0,0.0,0.0","18.0,0.0,0.0"
1747092333.7520955,"-19.0,0.0,0.0","-32.0,0.0,0.0","18.0,0.0,0.0","19.0,0.0,0.0"
1747092333.802634,"-46.0,0.0,0.0","-54.0,0.0,0.0","14.0,0.0,0.0","11.0,0.0,0.0"
1747092333.8535464,"-55.0,0.0,0.0","-61.0,0.0,0.0","15.0,0.0,0.0","9.0,0.0,0.0"
1747092333.9037917,"-66.0,0.0,0.0","-70.0,0.0,0.0","14.0,0.0,0.0","7.0,0.0,0.0"
1747092333.9541414,"-70.0,0.0,0.0","-72.0,0.0,0.0","11.0,0.0,0.0","4.0,0.0,0.0"
1747092334.0047216,"-71.0,0.0,0.0","-73.0,0.0,0.0","8.0,0.0,0.0","0.0,0.0,0.0"
1747092334.0559864,"-74.0,0.0,0.0","-75.0,0.0,0.0","7.0,0.0,0.0","0.0,0.0,0.0"
1747092334.1061523,"-73.0,0.0,0.0","-75.0,0.0,0.0","7.0,0.0,0.0","0.0,0.0,0.0"
1747092334.1575422,"-71.0,0.0,0.0","-74.0,0.0,0.0","10.0,0.0,0.0","4.0,0.0,0.0"
1747092334.207689,"-68.0,0.0,0.0","-73.0,0.0,0.0","13.0,0.0,0.0","9.0,0.0,0.0"
1747092334.2577512,"-63.0,0.0,0.0","-71.0,0.0,0.0","16.0,0.0,0.0","15.0,0.0,0.0"
1747092334.3087273,"-56.0,0.0,0.0","-65.0,0.0,0.0","17.0,0.0,0.0","16.0,0.0,0.0"
1747092334.3596134,"-38.0,0.0,0.0","-52.0,0.0,0.0","9.0,0.0,0.0","19.0,0.0,0.0"
1747092334.4101243,"-30.0,0.0,0.0","-46.0,0.0,0.0","12.0,0.0,0.0","25.0,0.0,0.0"
1747092334.4603894,"-21.0,0.0,0.0","-26.0,0.0,0.0","21.0,0.0,0.0","19.0,0.0,0.0"
1747092334.5104167,"-16.0,0.0,0.0","-17.0,0.0,0.0","29.0,0.0,0.0","29.0,0.0,0.0"
1747092334.5605645,"-13.0,0.0,0.0","-13.0,0.0,0.0","28.0,0.0,0.0","30.0,0.0,0.0"
1747092334.6119227,"-13.0,0.0,0.0","-11.0,0.0,0.0","27.0,0.0,0.0","36.0,0.0,0.0"
1747092334.6624477,"-14.0,0.0,0.0","-12.0,0.0,0.0","28.0,0.0,0.0","35.0,0.0,0.0"
1747092334.7125075,"-17.0,0.0,0.0","-13.0,0.0,0.0","27.0,0.0,0.0","32.0,0.0,0.0"
1747092334.76324,"-23.0,0.0,0.0","-17.0,0.0,0.0","20.0,0.0,0.0","28.0,0.0,0.0"
1747092334.8140202,"-39.0,0.0,0.0","-38.0,0.0,0.0","10.0,0.0,0.0","21.0,0.0,0.0"
1747092334.8644907,"-59.0,0.0,0.0","-58.0,0.0,0.0","14.0,0.0,0.0","15.0,0.0,0.0"
1747092334.914992,"-65.0,0.0,0.0","-66.0,0.0,0.0","14.0,0.0,0.0","14.0,0.0,0.0"
1747092334.9656801,"-70.0,0.0,0.0","-70.0,0.0,0.0","9.0,0.0,0.0","11.0,0.0,0.0"
1747092335.0161014,"-74.0,0.0,0.0","-73.0,0.0,0.0","8.0,0.0,0.0","4.0,0.0,0.0"
1747092335.0667458,"-81.0,0.0,0.0","-77.0,0.0,0.0","3.0,0.0,0.0","0.0,0.0,0.0"
1747092335.118648,"-84.0,0.0,0.0","-78.0,0.0,0.0","1.0,0.0,0.0","-3.0,0.0,0.0"
1747092335.168705,"-85.0,0.0,0.0","-79.0,0.0,0.0","1.0,0.0,0.0","-4.0,0.0,0.0"
1747092335.2188032,"-86.0,0.0,0.0","-79.0,0.0,0.0","2.0,0.0,0.0","-6.0,0.0,0.0"
1747092335.2693415,"-86.0,0.0,0.0","-79.0,0.0,0.0","1.0,0.0,0.0","-6.0,0.0,0.0"
1747092335.3195016,"-86.0,0.0,0.0","-79.0,0.0,0.0","1.0,0.0,0.0","-6.0,0.0,0.0"
1747092335.3704438,"-86.0,0.0,0.0","-79.0,0.0,0.0","0.0,0.0,0.0","-7.0,0.0,0.0"
1747092335.4213467,"-86.0,0.0,0.0","-80.0,0.0,0.0","0.0,0.0,0.0","-7.0,0.0,0.0"
1747092335.4719417,"-86.0,0.0,0.0","-80.0,0.0,0.0","0.0,0.0,0.0","-7.0,0.0,0.0"
1747092335.5226736,"-86.0,0.0,0.0","-80.0,0.0,0.0","0.0,0.0,0.0","-7.0,0.0,0.0"
1747092335.5739083,"-86.0,0.0,0.0","-81.0,0.0,0.0","0.0,0.0,0.0","-6.0,0.0,0.0"
1747092335.626023,"-86.0,0.0,0.0","-81.0,0.0,0.0","0.0,0.0,0.0","-6.0,0.0,0.0"
1747092335.6766925,"-86.0,0.0,0.0","-82.0,0.0,0.0","0.0,0.0,0.0","-5.0,0.0,0.0"
1747092335.7275612,"-86.0,0.0,0.0","-82.0,0.0,0.0","0.0,0.0,0.0","-5.0,0.0,0.0"
1747092335.778025,"-86.0,0.0,0.0","-82.0,0.0,0.0","0.0,0.0,0.0","-5.0,0.0,0.0"
1747092335.8287048,"-86.0,0.0,0.0","-82.0,0.0,0.0","0.0,0.0,0.0","-5.0,0.0,0.0"
1747092335.8787405,"-86.0,0.0,0.0","-82.0,0.0,0.0","0.0,0.0,0.0","-5.0,0.0,0.0"
1747092335.9293396,"-86.0,0.0,0.0","-82.0,0.0,0.0","0.0,0.0,0.0","-5.0,0.0,0.0"
1747092335.9814825,"-86.0,0.0,0.0","-82.0,0.0,0.0","-1.0,0.0,0.0","-5.0,0.0,0.0"
1747092336.0342023,"-86.0,0.0,0.0","-82.0,0.0,0.0","-1.0,0.0,0.0","-5.0,0.0,0.0"
1747092336.0847762,"-86.0,0.0,0.0","-82.0,0.0,0.0","-1.0,0.0,0.0","-5.0,0.0,0.0"
1747092336.1354134,"-86.0,0.0,0.0","-82.0,0.0,0.0","-1.0,0.0,0.0","-5.0,0.0,0.0"
1747092336.1864142,"-86.0,0.0,0.0","-82.0,0.0,0.0","-2.0,0.0,0.0","-5.0,0.0,0.0"
1747092336.237711,"-86.0,0.0,0.0","-81.0,0.0,0.0","-2.0,0.0,0.0","-6.0,0.0,0.0"
1747092336.2883618,"-86.0,0.0,0.0","-81.0,0.0,0.0","-2.0,0.0,0.0","-6.0,0.0,0.0"
1747092336.3392456,"-86.0,0.0,0.0","-81.0,0.0,0.0","-2.0,0.0,0.0","-7.0,0.0,0.0"
1747092336.3899245,"-86.0,0.0,0.0","-81.0,0.0,0.0","-2.0,0.0,0.0","-7.0,0.0,0.0"
1747092336.4407854,"-86.0,0.0,0.0","-81.0,0.0,0.0","-3.0,0.0,0.0","-7.0,0.0,0.0"
1747092336.4915905,"-86.0,0.0,0.0","-81.0,0.0,0.0","-2.0,0.0,0.0","-7.0,0.0,0.0"
1747092336.5422826,"-86.0,0.0,0.0","-80.0,0.0,0.0","-2.0,0.0,0.0","-7.0,0.0,0.0"
1747092336.592369,"-86.0,0.0,0.0","-80.0,0.0,0.0","-1.0,0.0,0.0","-7.0,0.0,0.0"
1747092336.6494348,"-84.0,0.0,0.0","-78.0,0.0,0.0","2.0,0.0,0.0","-6.0,0.0,0.0"
1747092336.7005079,"-82.0,0.0,0.0","-77.0,0.0,0.0","3.0,0.0,0.0","-4.0,0.0,0.0"
1747092336.7508364,"-80.0,0.0,0.0","-77.0,0.0,0.0","4.0,0.0,0.0","-1.0,0.0,0.0"
1747092336.8017292,"-72.0,0.0,0.0","-72.0,0.0,0.0","5.0,0.0,0.0","11.0,0.0,0.0"
1747092336.8519156,"-69.0,0.0,0.0","-69.0,0.0,0.0","7.0,0.0,0.0","17.0,0.0,0.0"
1747092336.9019787,"-66.0,0.0,0.0","-64.0,0.0,0.0","7.0,0.0,0.0","16.0,0.0,0.0"
1747092336.9520807,"-58.0,0.0,0.0","-54.0,0.0,0.0","9.0,0.0,0.0","21.0,0.0,0.0"
1747092337.0022035,"-52.0,0.0,0.0","-48.0,0.0,0.0","9.0,0.0,0.0","23.0,0.0,0.0"
1747092337.0524967,"-47.0,0.0,0.0","-39.0,0.0,0.0","8.0,0.0,0.0","19.0,0.0,0.0"
1747092337.102606,"-36.0,0.0,0.0","-18.0,0.0,0.0","3.0,0.0,0.0","13.0,0.0,0.0"
1747092337.1527765,"-31.0,0.0,0.0","-13.0,0.0,0.0","4.0,0.0,0.0","17.0,0.0,0.0"
1747092337.203689,"-26.0,0.0,0.0","-2.0,0.0,0.0","9.0,0.0,0.0","19.0,0.0,0.0"
1747092337.253884,"-21.0,0.0,0.0","8.0,0.0,0.0","13.0,0.0,0.0","12.0,0.0,0.0"
1747092337.3047423,"-18.0,0.0,0.0","13.0,0.0,0.0","12.0,0.0,0.0","9.0,0.0,0.0"
1747092337.3554606,"-16.0,0.0,0.0","14.0,0.0,0.0","12.0,0.0,0.0","11.0,0.0,0.0"
1747092337.4056878,"-13.0,0.0,0.0","17.0,0.0,0.0","12.0,0.0,0.0","11.0,0.0,0.0"
1747092337.455714,"-12.0,0.0,0.0","20.0,0.0,0.0","13.0,0.0,0.0","11.0,0.0,0.0"
1747092337.5064862,"-12.0,0.0,0.0","20.0,0.0,0.0","13.0,0.0,0.0","13.0,0.0,0.0"
1747092337.5574484,"-11.0,0.0,0.0","21.0,0.0,0.0","12.0,0.0,0.0","13.0,0.0,0.0"
1747092337.6075482,"-11.0,0.0,0.0","21.0,0.0,0.0","13.0,0.0,0.0","12.0,0.0,0.0"
1747092337.658732,"-10.0,0.0,0.0","22.0,0.0,0.0","13.0,0.0,0.0","12.0,0.0,0.0"
1747092337.709316,"-10.0,0.0,0.0","21.0,0.0,0.0","12.0,0.0,0.0","12.0,0.0,0.0"
1747092337.759649,"-10.0,0.0,0.0","21.0,0.0,0.0","12.0,0.0,0.0","13.0,0.0,0.0"
1747092337.8106012,"-11.0,0.0,0.0","20.0,0.0,0.0","13.0,0.0,0.0","14.0,0.0,0.0"
1747092337.8614385,"-11.0,0.0,0.0","20.0,0.0,0.0","12.0,0.0,0.0","12.0,0.0,0.0"
1747092337.9117167,"-12.0,0.0,0.0","20.0,0.0,0.0","12.0,0.0,0.0","11.0,0.0,0.0"
1747092337.9623315,"-15.0,0.0,0.0","18.0,0.0,0.0","15.0,0.0,0.0","10.0,0.0,0.0"
1747092338.0123427,"-23.0,0.0,0.0","1.0,0.0,0.0","13.0,0.0,0.0","26.0,0.0,0.0"
1747092338.0624218,"-35.0,0.0,0.0","-14.0,0.0,0.0","7.0,0.0,0.0","26.0,0.0,0.0"
1747092338.1133635,"-40.0,0.0,0.0","-21.0,0.0,0.0","8.0,0.0,0.0","23.0,0.0,0.0"
1747092338.1636302,"-53.0,0.0,0.0","-40.0,0.0,0.0","10.0,0.0,0.0","21.0,0.0,0.0"
1747092338.2154748,"-58.0,0.0,0.0","-47.0,0.0,0.0","10.0,0.0,0.0","19.0,0.0,0.0"
1747092338.266389,"-65.0,0.0,0.0","-58.0,0.0,0.0","6.0,0.0,0.0","11.0,0.0,0.0"
1747092338.3173664,"-72.0,0.0,0.0","-68.0,0.0,0.0","4.0,0.0,0.0","11.0,0.0,0.0"
1747092338.367485,"-75.0,0.0,0.0","-71.0,0.0,0.0","5.0,0.0,0.0","8.0,0.0,0.0"
1747092338.4175575,"-77.0,0.0,0.0","-72.0,0.0,0.0","4.0,0.0,0.0","5.0,0.0,0.0"
1747092338.4677417,"-79.0,0.0,0.0","-74.0,0.0,0.0","3.0,0.0,0.0","2.0,0.0,0.0"
1747092338.5185428,"-83.0,0.0,0.0","-78.0,0.0,0.0","1.0,0.0,0.0","-1.0,0.0,0.0"
1747092338.5693285,"-84.0,0.0,0.0","-78.0,0.0,0.0","1.0,0.0,0.0","-4.0,0.0,0.0"
1747092338.6205094,"-85.0,0.0,0.0","-78.0,0.0,0.0","0.0,0.0,0.0","-8.0,0.0,0.0"
1747092338.6705647,"-85.0,0.0,0.0","-78.0,0.0,0.0","0.0,0.0,0.0","-8.0,0.0,0.0"
1747092338.7207866,"-86.0,0.0,0.0","-78.0,0.0,0.0","-1.0,0.0,0.0","-9.0,0.0,0.0"
1747092338.7713647,"-86.0,0.0,0.0","-79.0,0.0,0.0","0.0,0.0,0.0","-9.0,0.0,0.0"
1747092338.8223305,"-86.0,0.0,0.0","-79.0,0.0,0.0","0.0,0.0,0.0","-9.0,0.0,0.0"
1747092338.8726776,"-86.0,0.0,0.0","-79.0,0.0,0.0","0.0,0.0,0.0","-9.0,0.0,0.0"
1747092338.923012,"-86.0,0.0,0.0","-79.0,0.0,0.0","-1.0,0.0,0.0","-8.0,0.0,0.0"
1747092338.9734182,"-86.0,0.0,0.0","-79.0,0.0,0.0","-1.0,0.0,0.0","-8.0,0.0,0.0"
1747092339.0240426,"-86.0,0.0,0.0","-79.0,0.0,0.0","-1.0,0.0,0.0","-8.0,0.0,0.0"
1747092339.0746222,"-86.0,0.0,0.0","-79.0,0.0,0.0","-1.0,0.0,0.0","-8.0,0.0,0.0"
1747092339.1252787,"-86.0,0.0,0.0","-79.0,0.0,0.0","-2.0,0.0,0.0","-8.0,0.0,0.0"
1747092339.1753337,"-86.0,0.0,0.0","-79.0,0.0,0.0","-2.0,0.0,0.0","-8.0,0.0,0.0"
1747092339.2258713,"-86.0,0.0,0.0","-79.0,0.0,0.0","-2.0,0.0,0.0","-8.0,0.0,0.0"
1747092339.2765663,"-86.0,0.0,0.0","-80.0,0.0,0.0","-2.0,0.0,0.0","-8.0,0.0,0.0"
1747092339.3272512,"-86.0,0.0,0.0","-80.0,0.0,0.0","-2.0,0.0,0.0","-8.0,0.0,0.0"
1747092339.377557,"-86.0,0.0,0.0","-80.0,0.0,0.0","-2.0,0.0,0.0","-8.0,0.0,0.0"
1747092339.4278548,"-86.0,0.0,0.0","-80.0,0.0,0.0","-2.0,0.0,0.0","-8.0,0.0,0.0"
1747092339.4786117,"-86.0,0.0,0.0","-80.0,0.0,0.0","-2.0,0.0,0.0","-8.0,0.0,0.0"
1747092339.529813,"-86.0,0.0,0.0","-80.0,0.0,0.0","-2.0,0.0,0.0","-8.0,0.0,0.0"
1747092339.580433,"-87.0,0.0,0.0","-80.0,0.0,0.0","-2.0,0.0,0.0","-8.0,0.0,0.0"
1747092339.6311216,"-87.0,0.0,0.0","-80.0,0.0,0.0","-2.0,0.0,0.0","-8.0,0.0,0.0"
1747092339.6817527,"-87.0,0.0,0.0","-80.0,0.0,0.0","-2.0,0.0,0.0","-8.0,0.0,0.0"
1747092339.7327247,"-87.0,0.0,0.0","-80.0,0.0,0.0","-2.0,0.0,0.0","-8.0,0.0,0.0"
1747092339.7828047,"-87.0,0.0,0.0","-80.0,0.0,0.0","-2.0,0.0,0.0","-8.0,0.0,0.0"
1747092339.8329968,"-86.0,0.0,0.0","-80.0,0.0,0.0","-2.0,0.0,0.0","-7.0,0.0,0.0"
1747092339.8835645,"-86.0,0.0,0.0","-80.0,0.0,0.0","-2.0,0.0,0.0","-7.0,0.0,0.0"
1747092339.9337025,"-86.0,0.0,0.0","-80.0,0.0,0.0","-2.0,0.0,0.0","-7.0,0.0,0.0"
1747092339.9846008,"-87.0,0.0,0.0","-80.0,0.0,0.0","-2.0,0.0,0.0","-7.0,0.0,0.0"
1747092340.0346518,"-87.0,0.0,0.0","-80.0,0.0,0.0","-2.0,0.0,0.0","-7.0,0.0,0.0"
1747092340.0851498,"-87.0,0.0,0.0","-80.0,0.0,0.0","-2.0,0.0,0.0","-7.0,0.0,0.0"
1747092340.1357524,"-87.0,0.0,0.0","-80.0,0.0,0.0","-2.0,0.0,0.0","-7.0,0.0,0.0"
1747092340.1863186,"-86.0,0.0,0.0","-79.0,0.0,0.0","-1.0,0.0,0.0","-8.0,0.0,0.0"
1747092340.2373083,"-86.0,0.0,0.0","-78.0,0.0,0.0","0.0,0.0,0.0","-8.0,0.0,0.0"
1747092340.287366,"-85.0,0.0,0.0","-77.0,0.0,0.0","3.0,0.0,0.0","-5.0,0.0,0.0"
1747092340.3373723,"-84.0,0.0,0.0","-77.0,0.0,0.0","5.0,0.0,0.0","-3.0,0.0,0.0"
1747092340.388111,"-82.0,0.0,0.0","-76.0,0.0,0.0","6.0,0.0,0.0","0.0,0.0,0.0"
1747092340.440104,"-75.0,0.0,0.0","-73.0,0.0,0.0","6.0,0.0,0.0","10.0,0.0,0.0"
1747092340.491783,"-69.0,0.0,0.0","-66.0,0.0,0.0","9.0,0.0,0.0","17.0,0.0,0.0"
1747092340.5424273,"-64.0,0.0,0.0","-59.0,0.0,0.0","11.0,0.0,0.0","17.0,0.0,0.0"
1747092340.5932994,"-53.0,0.0,0.0","-44.0,0.0,0.0","12.0,0.0,0.0","21.0,0.0,0.0"
1747092340.6437173,"-46.0,0.0,0.0","-31.0,0.0,0.0","8.0,0.0,0.0","12.0,0.0,0.0"
1747092340.693893,"-39.0,0.0,0.0","-21.0,0.0,0.0","6.0,0.0,0.0","12.0,0.0,0.0"
1747092340.7448878,"-19.0,0.0,0.0","5.0,0.0,0.0","15.0,0.0,0.0","17.0,0.0,0.0"
1747092340.795444,"-14.0,0.0,0.0","14.0,0.0,0.0","16.0,0.0,0.0","14.0,0.0,0.0"
1747092340.8455925,"-5.0,0.0,0.0","20.0,0.0,0.0","14.0,0.0,0.0","17.0,0.0,0.0"
1747092340.8965068,"9.0,0.0,0.0","32.0,0.0,0.0","10.0,0.0,0.0","18.0,0.0,0.0"
1747092340.9465392,"12.0,0.0,0.0","35.0,0.0,0.0","16.0,0.0,0.0","16.0,0.0,0.0"
1747092340.9973574,"18.0,0.0,0.0","42.0,0.0,0.0","22.0,0.0,0.0","15.0,0.0,0.0"
1747092341.0475154,"22.0,0.0,0.0","43.0,0.0,0.0","22.0,0.0,0.0","17.0,0.0,0.0"
1747092341.0975893,"25.0,0.0,0.0","45.0,0.0,0.0","20.0,0.0,0.0","18.0,0.0,0.0"
1747092341.1476612,"28.0,0.0,0.0","49.0,0.0,0.0","20.0,0.0,0.0","13.0,0.0,0.0"
1747092341.1988287,"35.0,0.0,0.0","56.0,0.0,0.0","21.0,0.0,0.0","12.0,0.0,0.0"
1747092341.2489495,"36.0,0.0,0.0","59.0,0.0,0.0","22.0,0.0,0.0","11.0,0.0,0.0"
1747092341.299437,"40.0,0.0,0.0","61.0,0.0,0.0","25.0,0.0,0.0","14.0,0.0,0.0"
1747092341.3494973,"43.0,0.0,0.0","63.0,0.0,0.0","24.0,0.0,0.0","15.0,0.0,0.0"
1747092341.401938,"49.0,0.0,0.0","64.0,0.0,0.0","20.0,0.0,0.0","17.0,0.0,0.0"
1747092341.4528766,"55.0,0.0,0.0","68.0,0.0,0.0","17.0,0.0,0.0","14.0,0.0,0.0"
1747092341.5045378,"56.0,0.0,0.0","71.0,0.0,0.0","17.0,0.0,0.0","11.0,0.0,0.0"
1747092341.555451,"59.0,0.0,0.0","75.0,0.0,0.0","15.0,0.0,0.0","6.0,0.0,0.0"
1747092341.606474,"62.0,0.0,0.0","80.0,0.0,0.0","15.0,0.0,0.0","3.0,0.0,0.0"
1747092341.657546,"63.0,0.0,0.0","82.0,0.0,0.0","15.0,0.0,0.0","2.0,0.0,0.0"
1747092341.7154262,"65.0,0.0,0.0","84.0,0.0,0.0","14.0,0.0,0.0","2.0,0.0,0.0"
1747092341.7662685,"66.0,0.0,0.0","84.0,0.0,0.0","14.0,0.0,0.0","3.0,0.0,0.0"
1747092341.8163507,"66.0,0.0,0.0","84.0,0.0,0.0","15.0,0.0,0.0","5.0,0.0,0.0"
1747092341.8664308,"67.0,0.0,0.0","84.0,0.0,0.0","14.0,0.0,0.0","5.0,0.0,0.0"
1747092341.916617,"67.0,0.0,0.0","85.0,0.0,0.0","14.0,0.0,0.0","4.0,0.0,0.0"
1747092341.9676697,"67.0,0.0,0.0","85.0,0.0,0.0","14.0,0.0,0.0","4.0,0.0,0.0"
1747092342.018685,"67.0,0.0,0.0","85.0,0.0,0.0","14.0,0.0,0.0","4.0,0.0,0.0"
1747092342.0694387,"67.0,0.0,0.0","85.0,0.0,0.0","13.0,0.0,0.0","4.0,0.0,0.0"
1747092342.119655,"67.0,0.0,0.0","85.0,0.0,0.0","13.0,0.0,0.0","4.0,0.0,0.0"
1747092342.1700513,"67.0,0.0,0.0","85.0,0.0,0.0","14.0,0.0,0.0","4.0,0.0,0.0"
1747092342.2204907,"67.0,0.0,0.0","85.0,0.0,0.0","14.0,0.0,0.0","5.0,0.0,0.0"
1747092342.2705612,"67.0,0.0,0.0","84.0,0.0,0.0","13.0,0.0,0.0","4.0,0.0,0.0"
1747092342.3229215,"67.0,0.0,0.0","84.0,0.0,0.0","14.0,0.0,0.0","5.0,0.0,0.0"
1747092342.3812935,"67.0,0.0,0.0","84.0,0.0,0.0","13.0,0.0,0.0","5.0,0.0,0.0"
1747092342.4319766,"67.0,0.0,0.0","83.0,0.0,0.0","13.0,0.0,0.0","4.0,0.0,0.0"
1747092342.4821818,"66.0,0.0,0.0","82.0,0.0,0.0","13.0,0.0,0.0","4.0,0.0,0.0"
1747092342.5329404,"65.0,0.0,0.0","80.0,0.0,0.0","13.0,0.0,0.0","3.0,0.0,0.0"
1747092342.5829926,"63.0,0.0,0.0","78.0,0.0,0.0","13.0,0.0,0.0","2.0,0.0,0.0"
1747092342.633168,"63.0,0.0,0.0","77.0,0.0,0.0","13.0,0.0,0.0","1.0,0.0,0.0"
1747092342.6834426,"60.0,0.0,0.0","73.0,0.0,0.0","12.0,0.0,0.0","3.0,0.0,0.0"
1747092342.7335627,"54.0,0.0,0.0","67.0,0.0,0.0","16.0,0.0,0.0","6.0,0.0,0.0"
1747092342.7875407,"52.0,0.0,0.0","64.0,0.0,0.0","17.0,0.0,0.0","8.0,0.0,0.0"
1747092342.8382962,"49.0,0.0,0.0","60.0,0.0,0.0","19.0,0.0,0.0","10.0,0.0,0.0"
1747092342.8890564,"45.0,0.0,0.0","56.0,0.0,0.0","21.0,0.0,0.0","14.0,0.0,0.0"
1747092342.9390593,"39.0,0.0,0.0","46.0,0.0,0.0","18.0,0.0,0.0","16.0,0.0,0.0"
1747092342.9893866,"36.0,0.0,0.0","44.0,0.0,0.0","17.0,0.0,0.0","16.0,0.0,0.0"
1747092343.0397236,"29.0,0.0,0.0","41.0,0.0,0.0","20.0,0.0,0.0","16.0,0.0,0.0"
1747092343.0906904,"26.0,0.0,0.0","41.0,0.0,0.0","22.0,0.0,0.0","15.0,0.0,0.0"
1747092343.1415246,"24.0,0.0,0.0","40.0,0.0,0.0","22.0,0.0,0.0","13.0,0.0,0.0"
1747092343.1923435,"22.0,0.0,0.0","40.0,0.0,0.0","22.0,0.0,0.0","15.0,0.0,0.0"
1747092343.2425487,"23.0,0.0,0.0","40.0,0.0,0.0","23.0,0.0,0.0","15.0,0.0,0.0"
1747092343.2927048,"23.0,0.0,0.0","40.0,0.0,0.0","23.0,0.0,0.0","15.0,0.0,0.0"
1747092343.3433444,"23.0,0.0,0.0","41.0,0.0,0.0","22.0,0.0,0.0","15.0,0.0,0.0"
1747092343.3934102,"23.0,0.0,0.0","41.0,0.0,0.0","23.0,0.0,0.0","15.0,0.0,0.0"
1747092343.443468,"23.0,0.0,0.0","41.0,0.0,0.0","23.0,0.0,0.0","15.0,0.0,0.0"
1747092343.493616,"23.0,0.0,0.0","42.0,0.0,0.0","22.0,0.0,0.0","15.0,0.0,0.0"
1747092343.5510187,"23.0,0.0,0.0","42.0,0.0,0.0","22.0,0.0,0.0","15.0,0.0,0.0"
1747092343.6016908,"23.0,0.0,0.0","42.0,0.0,0.0","21.0,0.0,0.0","14.0,0.0,0.0"
1747092343.6520195,"23.0,0.0,0.0","41.0,0.0,0.0","21.0,0.0,0.0","14.0,0.0,0.0"
1747092343.7022934,"23.0,0.0,0.0","41.0,0.0,0.0","20.0,0.0,0.0","14.0,0.0,0.0"
1747092343.7523756,"22.0,0.0,0.0","41.0,0.0,0.0","20.0,0.0,0.0","14.0,0.0,0.0"
1747092343.8024626,"22.0,0.0,0.0","41.0,0.0,0.0","20.0,0.0,0.0","14.0,0.0,0.0"
1747092343.8526456,"22.0,0.0,0.0","41.0,0.0,0.0","20.0,0.0,0.0","14.0,0.0,0.0"
1747092343.9026752,"22.0,0.0,0.0","41.0,0.0,0.0","20.0,0.0,0.0","14.0,0.0,0.0"
1747092343.9533947,"22.0,0.0,0.0","41.0,0.0,0.0","20.0,0.0,0.0","14.0,0.0,0.0"
1747092344.0043578,"22.0,0.0,0.0","41.0,0.0,0.0","20.0,0.0,0.0","14.0,0.0,0.0"
1747092344.0545413,"22.0,0.0,0.0","42.0,0.0,0.0","20.0,0.0,0.0","14.0,0.0,0.0"
1747092344.1051798,"23.0,0.0,0.0","42.0,0.0,0.0","20.0,0.0,0.0","13.0,0.0,0.0"
1747092344.1558242,"23.0,0.0,0.0","42.0,0.0,0.0","20.0,0.0,0.0","13.0,0.0,0.0"
1747092344.2070954,"23.0,0.0,0.0","41.0,0.0,0.0","20.0,0.0,0.0","13.0,0.0,0.0"
1747092344.2594917,"23.0,0.0,0.0","41.0,0.0,0.0","20.0,0.0,0.0","13.0,0.0,0.0"
1747092344.3095455,"23.0,0.0,0.0","41.0,0.0,0.0","19.0,0.0,0.0","13.0,0.0,0.0"
1747092344.3596568,"23.0,0.0,0.0","41.0,0.0,0.0","19.0,0.0,0.0","13.0,0.0,0.0"
1747092344.4113107,"23.0,0.0,0.0","41.0,0.0,0.0","18.0,0.0,0.0","12.0,0.0,0.0"
1747092344.4625828,"22.0,0.0,0.0","41.0,0.0,0.0","18.0,0.0,0.0","12.0,0.0,0.0"
1747092344.5137973,"22.0,0.0,0.0","41.0,0.0,0.0","18.0,0.0,0.0","12.0,0.0,0.0"
1747092344.565136,"22.0,0.0,0.0","40.0,0.0,0.0","17.0,0.0,0.0","13.0,0.0,0.0"
1747092344.6154723,"22.0,0.0,0.0","40.0,0.0,0.0","16.0,0.0,0.0","13.0,0.0,0.0"
1747092344.6655884,"21.0,0.0,0.0","39.0,0.0,0.0","17.0,0.0,0.0","13.0,0.0,0.0"
1747092344.71608,"17.0,0.0,0.0","35.0,0.0,0.0","16.0,0.0,0.0","15.0,0.0,0.0"
1747092344.7666874,"15.0,0.0,0.0","33.0,0.0,0.0","14.0,0.0,0.0","16.0,0.0,0.0"
1747092344.817256,"8.0,0.0,0.0","28.0,0.0,0.0","16.0,0.0,0.0","13.0,0.0,0.0"
1747092344.8673944,"3.0,0.0,0.0","23.0,0.0,0.0","16.0,0.0,0.0","8.0,0.0,0.0"
1747092344.9179468,"-1.0,0.0,0.0","19.0,0.0,0.0","18.0,0.0,0.0","7.0,0.0,0.0"
1747092344.968831,"-9.0,0.0,0.0","9.0,0.0,0.0","23.0,0.0,0.0","14.0,0.0,0.0"
1747092345.0204015,"-11.0,0.0,0.0","5.0,0.0,0.0","19.0,0.0,0.0","18.0,0.0,0.0"
1747092345.070458,"-13.0,0.0,0.0","2.0,0.0,0.0","18.0,0.0,0.0","17.0,0.0,0.0"
1747092345.1207328,"-13.0,0.0,0.0","2.0,0.0,0.0","17.0,0.0,0.0","17.0,0.0,0.0"
1747092345.1713657,"-13.0,0.0,0.0","1.0,0.0,0.0","17.0,0.0,0.0","20.0,0.0,0.0"
1747092345.2218518,"-13.0,0.0,0.0","1.0,0.0,0.0","17.0,0.0,0.0","22.0,0.0,0.0"
1747092345.2725258,"-13.0,0.0,0.0","1.0,0.0,0.0","18.0,0.0,0.0","22.0,0.0,0.0"
1747092345.3229434,"-13.0,0.0,0.0","2.0,0.0,0.0","20.0,0.0,0.0","22.0,0.0,0.0"
1747092345.3735297,"-12.0,0.0,0.0","3.0,0.0,0.0","20.0,0.0,0.0","22.0,0.0,0.0"
1747092345.4241316,"-12.0,0.0,0.0","3.0,0.0,0.0","20.0,0.0,0.0","22.0,0.0,0.0"
1747092345.4747038,"-11.0,0.0,0.0","4.0,0.0,0.0","23.0,0.0,0.0","19.0,0.0,0.0"
1747092345.5288923,"-10.0,0.0,0.0","7.0,0.0,0.0","23.0,0.0,0.0","17.0,0.0,0.0"
1747092345.5806146,"-6.0,0.0,0.0","13.0,0.0,0.0","20.0,0.0,0.0","12.0,0.0,0.0"
1747092345.6315646,"6.0,0.0,0.0","24.0,0.0,0.0","13.0,0.0,0.0","11.0,0.0,0.0"
1747092345.6832297,"12.0,0.0,0.0","27.0,0.0,0.0","9.0,0.0,0.0","14.0,0.0,0.0"
1747092345.733823,"15.0,0.0,0.0","31.0,0.0,0.0","12.0,0.0,0.0","16.0,0.0,0.0"
1747092345.784417,"19.0,0.0,0.0","39.0,0.0,0.0","18.0,0.0,0.0","12.0,0.0,0.0"
1747092345.834693,"21.0,0.0,0.0","41.0,0.0,0.0","20.0,0.0,0.0","11.0,0.0,0.0"
1747092345.884873,"24.0,0.0,0.0","43.0,0.0,0.0","21.0,0.0,0.0","14.0,0.0,0.0"
1747092345.9352508,"25.0,0.0,0.0","44.0,0.0,0.0","21.0,0.0,0.0","15.0,0.0,0.0"
1747092345.9853125,"25.0,0.0,0.0","45.0,0.0,0.0","20.0,0.0,0.0","15.0,0.0,0.0"
1747092346.0353818,"26.0,0.0,0.0","46.0,0.0,0.0","19.0,0.0,0.0","14.0,0.0,0.0"
1747092346.08548,"26.0,0.0,0.0","46.0,0.0,0.0","19.0,0.0,0.0","14.0,0.0,0.0"
1747092346.1361527,"25.0,0.0,0.0","46.0,0.0,0.0","20.0,0.0,0.0","14.0,0.0,0.0"
1747092346.186523,"24.0,0.0,0.0","45.0,0.0,0.0","20.0,0.0,0.0","14.0,0.0,0.0"
1747092346.2366703,"24.0,0.0,0.0","45.0,0.0,0.0","20.0,0.0,0.0","13.0,0.0,0.0"
1747092346.2874804,"23.0,0.0,0.0","45.0,0.0,0.0","20.0,0.0,0.0","13.0,0.0,0.0"
1747092346.3375497,"22.0,0.0,0.0","45.0,0.0,0.0","20.0,0.0,0.0","13.0,0.0,0.0"
1747092346.3883417,"19.0,0.0,0.0","43.0,0.0,0.0","24.0,0.0,0.0","15.0,0.0,0.0"
1747092346.4386985,"17.0,0.0,0.0","41.0,0.0,0.0","28.0,0.0,0.0","18.0,0.0,0.0"
1747092346.4894335,"10.0,0.0,0.0","36.0,0.0,0.0","42.0,0.0,0.0","26.0,0.0,0.0"
1747092346.540423,"6.0,0.0,0.0","33.0,0.0,0.0","50.0,0.0,0.0","32.0,0.0,0.0"
1747092346.5904617,"2.0,0.0,0.0","32.0,0.0,0.0","59.0,0.0,0.0","35.0,0.0,0.0"
1747092346.640586,"-2.0,0.0,0.0","30.0,0.0,0.0","73.0,0.0,0.0","49.0,0.0,0.0"
1747092346.6914163,"-3.0,0.0,0.0","30.0,0.0,0.0","78.0,0.0,0.0","54.0,0.0,0.0"
1747092346.7416594,"-4.0,0.0,0.0","30.0,0.0,0.0","81.0,0.0,0.0","58.0,0.0,0.0"
1747092346.8007605,"-4.0,0.0,0.0","29.0,0.0,0.0","87.0,0.0,0.0","66.0,0.0,0.0"
1747092346.8508573,"-5.0,0.0,0.0","28.0,0.0,0.0","90.0,0.0,0.0","68.0,0.0,0.0"
1747092346.9014342,"-4.0,0.0,0.0","27.0,0.0,0.0","95.0,0.0,0.0","74.0,0.0,0.0"
1747092346.9515657,"-4.0,0.0,0.0","26.0,0.0,0.0","96.0,0.0,0.0","76.0,0.0,0.0"
1747092347.0035932,"-4.0,0.0,0.0","26.0,0.0,0.0","96.0,0.0,0.0","77.0,0.0,0.0"
1747092347.0549073,"-4.0,0.0,0.0","26.0,0.0,0.0","96.0,0.0,0.0","77.0,0.0,0.0"
1747092347.1053946,"-4.0,0.0,0.0","26.0,0.0,0.0","96.0,0.0,0.0","77.0,0.0,0.0"
1747092347.1561723,"-4.0,0.0,0.0","26.0,0.0,0.0","96.0,0.0,0.0","77.0,0.0,0.0"
1747092347.2064424,"-4.0,0.0,0.0","26.0,0.0,0.0","96.0,0.0,0.0","77.0,0.0,0.0"
1747092347.256813,"-4.0,0.0,0.0","26.0,0.0,0.0","96.0,0.0,0.0","77.0,0.0,0.0"
1747092347.3070111,"-4.0,0.0,0.0","25.0,0.0,0.0","96.0,0.0,0.0","77.0,0.0,0.0"
1747092347.3575985,"-4.0,0.0,0.0","25.0,0.0,0.0","96.0,0.0,0.0","77.0,0.0,0.0"
1747092347.4076636,"-4.0,0.0,0.0","25.0,0.0,0.0","96.0,0.0,0.0","77.0,0.0,0.0"
1747092347.458314,"-4.0,0.0,0.0","25.0,0.0,0.0","96.0,0.0,0.0","77.0,0.0,0.0"
1747092347.5093005,"-4.0,0.0,0.0","25.0,0.0,0.0","96.0,0.0,0.0","77.0,0.0,0.0"
1747092347.5594237,"-4.0,0.0,0.0","25.0,0.0,0.0","95.0,0.0,0.0","77.0,0.0,0.0"
1747092347.6094623,"-4.0,0.0,0.0","25.0,0.0,0.0","95.0,0.0,0.0","77.0,0.0,0.0"
1747092347.6602967,"-4.0,0.0,0.0","25.0,0.0,0.0","95.0,0.0,0.0","77.0,0.0,0.0"
1747092347.710456,"-4.0,0.0,0.0","25.0,0.0,0.0","95.0,0.0,0.0","77.0,0.0,0.0"
1747092347.7612283,"-4.0,0.0,0.0","26.0,0.0,0.0","95.0,0.0,0.0","77.0,0.0,0.0"
1747092347.8114963,"-2.0,0.0,0.0","26.0,0.0,0.0","95.0,0.0,0.0","77.0,0.0,0.0"
1747092347.861674,"-2.0,0.0,0.0","27.0,0.0,0.0","97.0,0.0,0.0","79.0,0.0,0.0"
1747092347.9117079,"-1.0,0.0,0.0","27.0,0.0,0.0","97.0,0.0,0.0","81.0,0.0,0.0"
1747092347.96234,"8.0,0.0,0.0","32.0,0.0,0.0","94.0,0.0,0.0","86.0,0.0,0.0"
1747092348.013066,"12.0,0.0,0.0","34.0,0.0,0.0","92.0,0.0,0.0","88.0,0.0,0.0"
1747092348.0636404,"16.0,0.0,0.0","36.0,0.0,0.0","90.0,0.0,0.0","90.0,0.0,0.0"
1747092348.1140292,"24.0,0.0,0.0","41.0,0.0,0.0","89.0,0.0,0.0","91.0,0.0,0.0"
1747092348.1655352,"26.0,0.0,0.0","43.0,0.0,0.0","89.0,0.0,0.0","92.0,0.0,0.0"
1747092348.2156625,"27.0,0.0,0.0","44.0,0.0,0.0","89.0,0.0,0.0","93.0,0.0,0.0"
1747092348.2660894,"30.0,0.0,0.0","46.0,0.0,0.0","91.0,0.0,0.0","96.0,0.0,0.0"
1747092348.317288,"32.0,0.0,0.0","47.0,0.0,0.0","91.0,0.0,0.0","96.0,0.0,0.0"
1747092348.367453,"32.0,0.0,0.0","48.0,0.0,0.0","92.0,0.0,0.0","96.0,0.0,0.0"
1747092348.417492,"33.0,0.0,0.0","48.0,0.0,0.0","92.0,0.0,0.0","98.0,0.0,0.0"
1747092348.4676476,"34.0,0.0,0.0","49.0,0.0,0.0","92.0,0.0,0.0","98.0,0.0,0.0"
1747092348.5185814,"34.0,0.0,0.0","49.0,0.0,0.0","93.0,0.0,0.0","97.0,0.0,0.0"
1747092348.5687184,"34.0,0.0,0.0","49.0,0.0,0.0","93.0,0.0,0.0","97.0,0.0,0.0"
1747092348.6189566,"34.0,0.0,0.0","49.0,0.0,0.0","93.0,0.0,0.0","97.0,0.0,0.0"
1747092348.6703577,"34.0,0.0,0.0","49.0,0.0,0.0","93.0,0.0,0.0","97.0,0.0,0.0"
1747092348.7206433,"33.0,0.0,0.0","49.0,0.0,0.0","93.0,0.0,0.0","97.0,0.0,0.0"
1747092348.771899,"33.0,0.0,0.0","49.0,0.0,0.0","93.0,0.0,0.0","97.0,0.0,0.0"
1747092348.8222792,"33.0,0.0,0.0","49.0,0.0,0.0","93.0,0.0,0.0","97.0,0.0,0.0"
1747092348.8729444,"33.0,0.0,0.0","49.0,0.0,0.0","93.0,0.0,0.0","97.0,0.0,0.0"
1747092348.9231544,"33.0,0.0,0.0","49.0,0.0,0.0","93.0,0.0,0.0","97.0,0.0,0.0"
1747092348.9735892,"33.0,0.0,0.0","49.0,0.0,0.0","93.0,0.0,0.0","97.0,0.0,0.0"
1747092349.0238347,"33.0,0.0,0.0","49.0,0.0,0.0","93.0,0.0,0.0","97.0,0.0,0.0"
1747092349.0740883,"32.0,0.0,0.0","49.0,0.0,0.0","93.0,0.0,0.0","96.0,0.0,0.0"
1747092349.1250834,"32.0,0.0,0.0","48.0,0.0,0.0","93.0,0.0,0.0","96.0,0.0,0.0"
1747092349.175774,"24.0,0.0,0.0","42.0,0.0,0.0","93.0,0.0,0.0","94.0,0.0,0.0"
1747092349.2264059,"20.0,0.0,0.0","37.0,0.0,0.0","93.0,0.0,0.0","93.0,0.0,0.0"
1747092349.276489,"13.0,0.0,0.0","32.0,0.0,0.0","95.0,0.0,0.0","92.0,0.0,0.0"
1747092349.326572,"-5.0,0.0,0.0","22.0,0.0,0.0","103.0,0.0,0.0","86.0,0.0,0.0"
1747092349.3776667,"-10.0,0.0,0.0","17.0,0.0,0.0","103.0,0.0,0.0","85.0,0.0,0.0"
1747092349.4283245,"-19.0,0.0,0.0","5.0,0.0,0.0","107.0,0.0,0.0","91.0,0.0,0.0"
1747092349.478535,"-43.0,0.0,0.0","-20.0,0.0,0.0","106.0,0.0,0.0","97.0,0.0,0.0"
1747092349.533338,"-48.0,0.0,0.0","-28.0,0.0,0.0","99.0,0.0,0.0","84.0,0.0,0.0"
1747092349.5841587,"-54.0,0.0,0.0","-36.0,0.0,0.0","87.0,0.0,0.0","43.0,0.0,0.0"
1747092349.6347992,"-59.0,0.0,0.0","-43.0,0.0,0.0","63.0,0.0,0.0","27.0,0.0,0.0"
1747092349.6849642,"-66.0,0.0,0.0","-53.0,0.0,0.0","28.0,0.0,0.0","2.0,0.0,0.0"
1747092349.735503,"-67.0,0.0,0.0","-54.0,0.0,0.0","20.0,0.0,0.0","-3.0,0.0,0.0"
1747092349.7861624,"-66.0,0.0,0.0","-55.0,0.0,0.0","6.0,0.0,0.0","-8.0,0.0,0.0"
1747092349.8373005,"-67.0,0.0,0.0","-57.0,0.0,0.0","-7.0,0.0,0.0","-22.0,0.0,0.0"
1747092349.8873577,"-67.0,0.0,0.0","-58.0,0.0,0.0","-14.0,0.0,0.0","-25.0,0.0,0.0"
1747092349.938331,"-67.0,0.0,0.0","-58.0,0.0,0.0","-25.0,0.0,0.0","-35.0,0.0,0.0"
1747092349.9884815,"-66.0,0.0,0.0","-58.0,0.0,0.0","-30.0,0.0,0.0","-41.0,0.0,0.0"
1747092350.0387466,"-66.0,0.0,0.0","-57.0,0.0,0.0","-34.0,0.0,0.0","-45.0,0.0,0.0"
1747092350.0902483,"-65.0,0.0,0.0","-54.0,0.0,0.0","-39.0,0.0,0.0","-48.0,0.0,0.0"
1747092350.140422,"-64.0,0.0,0.0","-54.0,0.0,0.0","-40.0,0.0,0.0","-50.0,0.0,0.0"
1747092350.1913319,"-65.0,0.0,0.0","-53.0,0.0,0.0","-40.0,0.0,0.0","-52.0,0.0,0.0"
1747092350.2414038,"-64.0,0.0,0.0","-52.0,0.0,0.0","-42.0,0.0,0.0","-57.0,0.0,0.0"
1747092350.291918,"-64.0,0.0,0.0","-51.0,0.0,0.0","-42.0,0.0,0.0","-58.0,0.0,0.0"
1747092350.3426373,"-64.0,0.0,0.0","-53.0,0.0,0.0","-42.0,0.0,0.0","-56.0,0.0,0.0"
1747092350.392677,"-65.0,0.0,0.0","-54.0,0.0,0.0","-42.0,0.0,0.0","-55.0,0.0,0.0"
1747092350.4433725,"-66.0,0.0,0.0","-55.0,0.0,0.0","-41.0,0.0,0.0","-55.0,0.0,0.0"
1747092350.4934955,"-66.0,0.0,0.0","-55.0,0.0,0.0","-41.0,0.0,0.0","-55.0,0.0,0.0"
1747092350.5435927,"-66.0,0.0,0.0","-53.0,0.0,0.0","-41.0,0.0,0.0","-58.0,0.0,0.0"
1747092350.5936024,"-65.0,0.0,0.0","-52.0,0.0,0.0","-42.0,0.0,0.0","-59.0,0.0,0.0"
1747092350.6444101,"-65.0,0.0,0.0","-51.0,0.0,0.0","-42.0,0.0,0.0","-61.0,0.0,0.0"
1747092350.6945019,"-64.0,0.0,0.0","-50.0,0.0,0.0","-43.0,0.0,0.0","-63.0,0.0,0.0"
1747092350.7453182,"-64.0,0.0,0.0","-50.0,0.0,0.0","-43.0,0.0,0.0","-64.0,0.0,0.0"
1747092350.7954304,"-64.0,0.0,0.0","-50.0,0.0,0.0","-43.0,0.0,0.0","-64.0,0.0,0.0"
1747092350.8456194,"-64.0,0.0,0.0","-50.0,0.0,0.0","-43.0,0.0,0.0","-63.0,0.0,0.0"
1747092350.897509,"-64.0,0.0,0.0","-50.0,0.0,0.0","-43.0,0.0,0.0","-63.0,0.0,0.0"
1747092350.9475834,"-64.0,0.0,0.0","-51.0,0.0,0.0","-42.0,0.0,0.0","-63.0,0.0,0.0"
1747092350.9977238,"-64.0,0.0,0.0","-51.0,0.0,0.0","-42.0,0.0,0.0","-63.0,0.0,0.0"
1747092351.0482385,"-64.0,0.0,0.0","-50.0,0.0,0.0","-42.0,0.0,0.0","-63.0,0.0,0.0"
1747092351.0992823,"-64.0,0.0,0.0","-50.0,0.0,0.0","-42.0,0.0,0.0","-63.0,0.0,0.0"
1747092351.149375,"-64.0,0.0,0.0","-50.0,0.0,0.0","-42.0,0.0,0.0","-63.0,0.0,0.0"
1747092351.199465,"-64.0,0.0,0.0","-50.0,0.0,0.0","-42.0,0.0,0.0","-62.0,0.0,0.0"
1747092351.251639,"-64.0,0.0,0.0","-50.0,0.0,0.0","-42.0,0.0,0.0","-62.0,0.0,0.0"
1747092351.3020346,"-64.0,0.0,0.0","-50.0,0.0,0.0","-42.0,0.0,0.0","-62.0,0.0,0.0"
1747092351.3522594,"-64.0,0.0,0.0","-50.0,0.0,0.0","-42.0,0.0,0.0","-62.0,0.0,0.0"
1747092351.402637,"-64.0,0.0,0.0","-50.0,0.0,0.0","-42.0,0.0,0.0","-62.0,0.0,0.0"
1747092351.453231,"-64.0,0.0,0.0","-50.0,0.0,0.0","-42.0,0.0,0.0","-62.0,0.0,0.0"
1747092351.5034635,"-64.0,0.0,0.0","-50.0,0.0,0.0","-42.0,0.0,0.0","-62.0,0.0,0.0"
1747092351.553493,"-64.0,0.0,0.0","-50.0,0.0,0.0","-42.0,0.0,0.0","-62.0,0.0,0.0"
1747092351.60419,"-64.0,0.0,0.0","-50.0,0.0,0.0","-42.0,0.0,0.0","-62.0,0.0,0.0"
1747092351.6548116,"-64.0,0.0,0.0","-50.0,0.0,0.0","-42.0,0.0,0.0","-62.0,0.0,0.0"
1747092351.7056613,"-64.0,0.0,0.0","-50.0,0.0,0.0","-42.0,0.0,0.0","-62.0,0.0,0.0"
1747092351.7563071,"-64.0,0.0,0.0","-50.0,0.0,0.0","-42.0,0.0,0.0","-62.0,0.0,0.0"
1747092351.8073008,"-64.0,0.0,0.0","-50.0,0.0,0.0","-42.0,0.0,0.0","-62.0,0.0,0.0"
1747092351.862355,"-64.0,0.0,0.0","-50.0,0.0,0.0","-41.0,0.0,0.0","-62.0,0.0,0.0"
1747092351.9125016,"-64.0,0.0,0.0","-50.0,0.0,0.0","-41.0,0.0,0.0","-62.0,0.0,0.0"
1747092351.9630048,"-64.0,0.0,0.0","-50.0,0.0,0.0","-41.0,0.0,0.0","-62.0,0.0,0.0"
1747092352.0131705,"-64.0,0.0,0.0","-50.0,0.0,0.0","-42.0,0.0,0.0","-62.0,0.0,0.0"
1747092352.0635624,"-64.0,0.0,0.0","-50.0,0.0,0.0","-42.0,0.0,0.0","-62.0,0.0,0.0"
1747092352.114487,"-64.0,0.0,0.0","-50.0,0.0,0.0","-42.0,0.0,0.0","-62.0,0.0,0.0"
1747092352.165271,"-64.0,0.0,0.0","-50.0,0.0,0.0","-42.0,0.0,0.0","-62.0,0.0,0.0"
1747092352.215418,"-64.0,0.0,0.0","-50.0,0.0,0.0","-42.0,0.0,0.0","-62.0,0.0,0.0"
1747092352.2660658,"-64.0,0.0,0.0","-51.0,0.0,0.0","-42.0,0.0,0.0","-61.0,0.0,0.0"
1747092352.3172119,"-64.0,0.0,0.0","-50.0,0.0,0.0","-42.0,0.0,0.0","-62.0,0.0,0.0"
1747092352.3676264,"-63.0,0.0,0.0","-50.0,0.0,0.0","-43.0,0.0,0.0","-63.0,0.0,0.0"
1747092352.4183576,"-63.0,0.0,0.0","-49.0,0.0,0.0","-44.0,0.0,0.0","-64.0,0.0,0.0"
1747092352.4688816,"-62.0,0.0,0.0","-49.0,0.0,0.0","-45.0,0.0,0.0","-66.0,0.0,0.0"
1747092352.5192225,"-62.0,0.0,0.0","-48.0,0.0,0.0","-47.0,0.0,0.0","-68.0,0.0,0.0"
1747092352.569584,"-61.0,0.0,0.0","-48.0,0.0,0.0","-48.0,0.0,0.0","-70.0,0.0,0.0"
1747092352.620501,"-60.0,0.0,0.0","-47.0,0.0,0.0","-52.0,0.0,0.0","-74.0,0.0,0.0"
1747092352.6706314,"-59.0,0.0,0.0","-47.0,0.0,0.0","-55.0,0.0,0.0","-74.0,0.0,0.0"
1747092352.722197,"-58.0,0.0,0.0","-46.0,0.0,0.0","-59.0,0.0,0.0","-75.0,0.0,0.0"
1747092352.7732966,"-58.0,0.0,0.0","-46.0,0.0,0.0","-59.0,0.0,0.0","-75.0,0.0,0.0"
1747092352.8234556,"-57.0,0.0,0.0","-46.0,0.0,0.0","-59.0,0.0,0.0","-75.0,0.0,0.0"
1747092352.8744173,"-57.0,0.0,0.0","-46.0,0.0,0.0","-59.0,0.0,0.0","-76.0,0.0,0.0"
1747092352.9256954,"-57.0,0.0,0.0","-46.0,0.0,0.0","-59.0,0.0,0.0","-76.0,0.0,0.0"
1747092352.977136,"-57.0,0.0,0.0","-48.0,0.0,0.0","-59.0,0.0,0.0","-76.0,0.0,0.0"
1747092353.0272925,"-58.0,0.0,0.0","-50.0,0.0,0.0","-59.0,0.0,0.0","-76.0,0.0,0.0"
1747092353.0782182,"-58.0,0.0,0.0","-50.0,0.0,0.0","-59.0,0.0,0.0","-76.0,0.0,0.0"
1747092353.1284196,"-58.0,0.0,0.0","-50.0,0.0,0.0","-59.0,0.0,0.0","-75.0,0.0,0.0"
1747092353.178663,"-58.0,0.0,0.0","-50.0,0.0,0.0","-58.0,0.0,0.0","-75.0,0.0,0.0"
1747092353.2290804,"-58.0,0.0,0.0","-51.0,0.0,0.0","-57.0,0.0,0.0","-75.0,0.0,0.0"
1747092353.2794363,"-58.0,0.0,0.0","-51.0,0.0,0.0","-56.0,0.0,0.0","-75.0,0.0,0.0"
1747092353.3294938,"-59.0,0.0,0.0","-51.0,0.0,0.0","-55.0,0.0,0.0","-75.0,0.0,0.0"
1747092353.3819108,"-60.0,0.0,0.0","-52.0,0.0,0.0","-55.0,0.0,0.0","-75.0,0.0,0.0"
1747092353.4324503,"-60.0,0.0,0.0","-52.0,0.0,0.0","-55.0,0.0,0.0","-75.0,0.0,0.0"
1747092353.4826393,"-60.0,0.0,0.0","-52.0,0.0,0.0","-55.0,0.0,0.0","-75.0,0.0,0.0"
1747092353.5328474,"-59.0,0.0,0.0","-51.0,0.0,0.0","-55.0,0.0,0.0","-75.0,0.0,0.0"
1747092353.583377,"-59.0,0.0,0.0","-51.0,0.0,0.0","-55.0,0.0,0.0","-75.0,0.0,0.0"
1747092353.634354,"-59.0,0.0,0.0","-51.0,0.0,0.0","-55.0,0.0,0.0","-75.0,0.0,0.0"
1747092353.6844382,"-59.0,0.0,0.0","-51.0,0.0,0.0","-55.0,0.0,0.0","-75.0,0.0,0.0"
1747092353.7348669,"-59.0,0.0,0.0","-51.0,0.0,0.0","-56.0,0.0,0.0","-75.0,0.0,0.0"
1747092353.7856154,"-59.0,0.0,0.0","-51.0,0.0,0.0","-56.0,0.0,0.0","-75.0,0.0,0.0"
1747092353.835912,"-59.0,0.0,0.0","-51.0,0.0,0.0","-56.0,0.0,0.0","-75.0,0.0,0.0"
1747092353.8884935,"-58.0,0.0,0.0","-50.0,0.0,0.0","-56.0,0.0,0.0","-76.0,0.0,0.0"
1747092353.9385264,"-58.0,0.0,0.0","-50.0,0.0,0.0","-56.0,0.0,0.0","-76.0,0.0,0.0"
1747092353.9886234,"-58.0,0.0,0.0","-50.0,0.0,0.0","-56.0,0.0,0.0","-76.0,0.0,0.0"
1747092354.0387766,"-58.0,0.0,0.0","-49.0,0.0,0.0","-56.0,0.0,0.0","-78.0,0.0,0.0"
1747092354.0895894,"-58.0,0.0,0.0","-47.0,0.0,0.0","-56.0,0.0,0.0","-80.0,0.0,0.0"
1747092354.1404166,"-58.0,0.0,0.0","-47.0,0.0,0.0","-56.0,0.0,0.0","-80.0,0.0,0.0"
1747092354.1904173,"-59.0,0.0,0.0","-47.0,0.0,0.0","-56.0,0.0,0.0","-80.0,0.0,0.0"
1747092354.2411203,"-59.0,0.0,0.0","-46.0,0.0,0.0","-56.0,0.0,0.0","-81.0,0.0,0.0"
1747092354.292878,"-58.0,0.0,0.0","-46.0,0.0,0.0","-57.0,0.0,0.0","-82.0,0.0,0.0"
1747092354.3430657,"-58.0,0.0,0.0","-46.0,0.0,0.0","-57.0,0.0,0.0","-82.0,0.0,0.0"
1747092354.3937187,"-58.0,0.0,0.0","-46.0,0.0,0.0","-57.0,0.0,0.0","-82.0,0.0,0.0"
1747092354.4441574,"-58.0,0.0,0.0","-46.0,0.0,0.0","-57.0,0.0,0.0","-81.0,0.0,0.0"
1747092354.5028465,"-58.0,0.0,0.0","-46.0,0.0,0.0","-56.0,0.0,0.0","-81.0,0.0,0.0"
1747092354.5535054,"-58.0,0.0,0.0","-45.0,0.0,0.0","-56.0,0.0,0.0","-79.0,0.0,0.0"
1747092354.6036339,"-58.0,0.0,0.0","-44.0,0.0,0.0","-56.0,0.0,0.0","-78.0,0.0,0.0"
1747092354.6540318,"-58.0,0.0,0.0","-43.0,0.0,0.0","-56.0,0.0,0.0","-77.0,0.0,0.0"
1747092354.704168,"-58.0,0.0,0.0","-39.0,0.0,0.0","-56.0,0.0,0.0","-78.0,0.0,0.0"
1747092354.7548347,"-58.0,0.0,0.0","-37.0,0.0,0.0","-56.0,0.0,0.0","-78.0,0.0,0.0"
1747092354.805443,"-58.0,0.0,0.0","-36.0,0.0,0.0","-55.0,0.0,0.0","-78.0,0.0,0.0"
1747092354.856359,"-58.0,0.0,0.0","-35.0,0.0,0.0","-55.0,0.0,0.0","-79.0,0.0,0.0"
1747092354.9064739,"-58.0,0.0,0.0","-35.0,0.0,0.0","-55.0,0.0,0.0","-79.0,0.0,0.0"
1747092354.957653,"-58.0,0.0,0.0","-35.0,0.0,0.0","-55.0,0.0,0.0","-79.0,0.0,0.0"
1747092355.0089433,"-58.0,0.0,0.0","-40.0,0.0,0.0","-55.0,0.0,0.0","-76.0,0.0,0.0"
1747092355.0595598,"-58.0,0.0,0.0","-44.0,0.0,0.0","-55.0,0.0,0.0","-77.0,0.0,0.0"
1747092355.1106539,"-58.0,0.0,0.0","-46.0,0.0,0.0","-55.0,0.0,0.0","-76.0,0.0,0.0"
1747092355.161275,"-59.0,0.0,0.0","-52.0,0.0,0.0","-55.0,0.0,0.0","-68.0,0.0,0.0"
1747092355.2118657,"-59.0,0.0,0.0","-54.0,0.0,0.0","-54.0,0.0,0.0","-67.0,0.0,0.0"
1747092355.262605,"-59.0,0.0,0.0","-54.0,0.0,0.0","-54.0,0.0,0.0","-66.0,0.0,0.0"
1747092355.3131986,"-59.0,0.0,0.0","-53.0,0.0,0.0","-54.0,0.0,0.0","-67.0,0.0,0.0"
1747092355.3635764,"-59.0,0.0,0.0","-53.0,0.0,0.0","-54.0,0.0,0.0","-67.0,0.0,0.0"
1747092355.4136074,"-58.0,0.0,0.0","-53.0,0.0,0.0","-56.0,0.0,0.0","-67.0,0.0,0.0"
1747092355.4642823,"-56.0,0.0,0.0","-53.0,0.0,0.0","-59.0,0.0,0.0","-67.0,0.0,0.0"
1747092355.515086,"-54.0,0.0,0.0","-53.0,0.0,0.0","-60.0,0.0,0.0","-67.0,0.0,0.0"
1747092355.567575,"-50.0,0.0,0.0","-52.0,0.0,0.0","-62.0,0.0,0.0","-68.0,0.0,0.0"
1747092355.6183949,"-43.0,0.0,0.0","-51.0,0.0,0.0","-65.0,0.0,0.0","-69.0,0.0,0.0"
1747092355.6692064,"-41.0,0.0,0.0","-51.0,0.0,0.0","-65.0,0.0,0.0","-70.0,0.0,0.0"
1747092355.7192402,"-39.0,0.0,0.0","-50.0,0.0,0.0","-65.0,0.0,0.0","-70.0,0.0,0.0"
1747092355.7692857,"-38.0,0.0,0.0","-48.0,0.0,0.0","-67.0,0.0,0.0","-72.0,0.0,0.0"
1747092355.8201742,"-38.0,0.0,0.0","-48.0,0.0,0.0","-67.0,0.0,0.0","-73.0,0.0,0.0"
1747092355.870262,"-38.0,0.0,0.0","-47.0,0.0,0.0","-67.0,0.0,0.0","-73.0,0.0,0.0"
1747092355.9204588,"-38.0,0.0,0.0","-47.0,0.0,0.0","-67.0,0.0,0.0","-74.0,0.0,0.0"
1747092355.9746387,"-38.0,0.0,0.0","-46.0,0.0,0.0","-68.0,0.0,0.0","-74.0,0.0,0.0"
1747092356.0255451,"-38.0,0.0,0.0","-46.0,0.0,0.0","-68.0,0.0,0.0","-75.0,0.0,0.0"
1747092356.0761912,"-38.0,0.0,0.0","-45.0,0.0,0.0","-66.0,0.0,0.0","-74.0,0.0,0.0"
1747092356.1273232,"-38.0,0.0,0.0","-45.0,0.0,0.0","-66.0,0.0,0.0","-74.0,0.0,0.0"
1747092356.1774316,"-39.0,0.0,0.0","-45.0,0.0,0.0","-65.0,0.0,0.0","-73.0,0.0,0.0"
1747092356.2275991,"-39.0,0.0,0.0","-45.0,0.0,0.0","-66.0,0.0,0.0","-73.0,0.0,0.0"
1747092356.2782528,"-39.0,0.0,0.0","-45.0,0.0,0.0","-66.0,0.0,0.0","-73.0,0.0,0.0"
1747092356.3286505,"-39.0,0.0,0.0","-45.0,0.0,0.0","-66.0,0.0,0.0","-73.0,0.0,0.0"
1747092356.3792484,"-39.0,0.0,0.0","-46.0,0.0,0.0","-66.0,0.0,0.0","-73.0,0.0,0.0"
1747092356.4295897,"-40.0,0.0,0.0","-46.0,0.0,0.0","-66.0,0.0,0.0","-73.0,0.0,0.0"
1747092356.4804006,"-40.0,0.0,0.0","-46.0,0.0,0.0","-65.0,0.0,0.0","-72.0,0.0,0.0"
1747092356.5306652,"-41.0,0.0,0.0","-47.0,0.0,0.0","-64.0,0.0,0.0","-72.0,0.0,0.0"
1747092356.581291,"-43.0,0.0,0.0","-47.0,0.0,0.0","-55.0,0.0,0.0","-71.0,0.0,0.0"
1747092356.6313403,"-44.0,0.0,0.0","-47.0,0.0,0.0","-51.0,0.0,0.0","-71.0,0.0,0.0"
1747092356.6814382,"-46.0,0.0,0.0","-47.0,0.0,0.0","-44.0,0.0,0.0","-71.0,0.0,0.0"
1747092356.7314875,"-47.0,0.0,0.0","-48.0,0.0,0.0","-41.0,0.0,0.0","-71.0,0.0,0.0"
1747092356.7820482,"-47.0,0.0,0.0","-48.0,0.0,0.0","-37.0,0.0,0.0","-71.0,0.0,0.0"
1747092356.8326957,"-47.0,0.0,0.0","-48.0,0.0,0.0","-31.0,0.0,0.0","-70.0,0.0,0.0"
1747092356.8838384,"-47.0,0.0,0.0","-49.0,0.0,0.0","-28.0,0.0,0.0","-70.0,0.0,0.0"
1747092356.945195,"-46.0,0.0,0.0","-49.0,0.0,0.0","-28.0,0.0,0.0","-69.0,0.0,0.0"
1747092356.9953473,"-45.0,0.0,0.0","-49.0,0.0,0.0","-28.0,0.0,0.0","-69.0,0.0,0.0"
1747092357.0454738,"-44.0,0.0,0.0","-49.0,0.0,0.0","-30.0,0.0,0.0","-69.0,0.0,0.0"
1747092357.0961673,"-39.0,0.0,0.0","-50.0,0.0,0.0","-33.0,0.0,0.0","-69.0,0.0,0.0"
1747092357.1469383,"-38.0,0.0,0.0","-50.0,0.0,0.0","-35.0,0.0,0.0","-69.0,0.0,0.0"
1747092357.1975005,"-37.0,0.0,0.0","-50.0,0.0,0.0","-35.0,0.0,0.0","-69.0,0.0,0.0"
1747092357.2475233,"-36.0,0.0,0.0","-50.0,0.0,0.0","-35.0,0.0,0.0","-69.0,0.0,0.0"
1747092357.2995071,"-36.0,0.0,0.0","-51.0,0.0,0.0","-35.0,0.0,0.0","-69.0,0.0,0.0"
1747092357.3503842,"-36.0,0.0,0.0","-51.0,0.0,0.0","-34.0,0.0,0.0","-68.0,0.0,0.0"
1747092357.4004138,"-34.0,0.0,0.0","-51.0,0.0,0.0","-34.0,0.0,0.0","-68.0,0.0,0.0"
1747092357.450447,"-33.0,0.0,0.0","-51.0,0.0,0.0","-34.0,0.0,0.0","-68.0,0.0,0.0"
1747092357.5020647,"-33.0,0.0,0.0","-51.0,0.0,0.0","-34.0,0.0,0.0","-68.0,0.0,0.0"
1747092357.5522096,"-33.0,0.0,0.0","-51.0,0.0,0.0","-34.0,0.0,0.0","-67.0,0.0,0.0"
1747092357.6029606,"-33.0,0.0,0.0","-51.0,0.0,0.0","-34.0,0.0,0.0","-68.0,0.0,0.0"
1747092357.6531136,"-33.0,0.0,0.0","-51.0,0.0,0.0","-35.0,0.0,0.0","-68.0,0.0,0.0"
1747092357.7031884,"-34.0,0.0,0.0","-51.0,0.0,0.0","-37.0,0.0,0.0","-68.0,0.0,0.0"
1747092357.7534966,"-37.0,0.0,0.0","-51.0,0.0,0.0","-41.0,0.0,0.0","-68.0,0.0,0.0"
1747092357.8035922,"-40.0,0.0,0.0","-52.0,0.0,0.0","-41.0,0.0,0.0","-68.0,0.0,0.0"
1747092357.85458,"-42.0,0.0,0.0","-52.0,0.0,0.0","-42.0,0.0,0.0","-68.0,0.0,0.0"
1747092357.9052646,"-47.0,0.0,0.0","-53.0,0.0,0.0","-43.0,0.0,0.0","-68.0,0.0,0.0"
1747092357.9558473,"-51.0,0.0,0.0","-53.0,0.0,0.0","-41.0,0.0,0.0","-68.0,0.0,0.0"
1747092358.0064285,"-54.0,0.0,0.0","-53.0,0.0,0.0","-42.0,0.0,0.0","-68.0,0.0,0.0"
1747092358.0583334,"-54.0,0.0,0.0","-53.0,0.0,0.0","-42.0,0.0,0.0","-68.0,0.0,0.0"
1747092358.1083968,"-53.0,0.0,0.0","-53.0,0.0,0.0","-41.0,0.0,0.0","-69.0,0.0,0.0"
1747092358.1585057,"-52.0,0.0,0.0","-53.0,0.0,0.0","-39.0,0.0,0.0","-69.0,0.0,0.0"
1747092358.2093809,"-51.0,0.0,0.0","-53.0,0.0,0.0","-36.0,0.0,0.0","-69.0,0.0,0.0"
1747092358.259619,"-50.0,0.0,0.0","-53.0,0.0,0.0","-27.0,0.0,0.0","-69.0,0.0,0.0"
1747092358.3103232,"-49.0,0.0,0.0","-53.0,0.0,0.0","-25.0,0.0,0.0","-69.0,0.0,0.0"
1747092358.3608181,"-46.0,0.0,0.0","-53.0,0.0,0.0","-21.0,0.0,0.0","-68.0,0.0,0.0"
1747092358.4109302,"-44.0,0.0,0.0","-53.0,0.0,0.0","-20.0,0.0,0.0","-68.0,0.0,0.0"
1747092358.4615448,"-39.0,0.0,0.0","-52.0,0.0,0.0","-18.0,0.0,0.0","-68.0,0.0,0.0"
1747092358.5122046,"-37.0,0.0,0.0","-52.0,0.0,0.0","-11.0,0.0,0.0","-68.0,0.0,0.0"
1747092358.5631795,"-35.0,0.0,0.0","-52.0,0.0,0.0","-9.0,0.0,0.0","-68.0,0.0,0.0"
1747092358.6134531,"-33.0,0.0,0.0","-52.0,0.0,0.0","-9.0,0.0,0.0","-68.0,0.0,0.0"
1747092358.6642792,"-32.0,0.0,0.0","-51.0,0.0,0.0","-11.0,0.0,0.0","-69.0,0.0,0.0"
1747092358.715936,"-31.0,0.0,0.0","-51.0,0.0,0.0","-14.0,0.0,0.0","-69.0,0.0,0.0"
1747092358.7662725,"-31.0,0.0,0.0","-52.0,0.0,0.0","-17.0,0.0,0.0","-69.0,0.0,0.0"
1747092358.8163779,"-31.0,0.0,0.0","-52.0,0.0,0.0","-27.0,0.0,0.0","-69.0,0.0,0.0"
1747092358.866519,"-33.0,0.0,0.0","-52.0,0.0,0.0","-39.0,0.0,0.0","-68.0,0.0,0.0"
1747092358.9172065,"-35.0,0.0,0.0","-53.0,0.0,0.0","-43.0,0.0,0.0","-68.0,0.0,0.0"
1747092358.9672859,"-38.0,0.0,0.0","-53.0,0.0,0.0","-47.0,0.0,0.0","-67.0,0.0,0.0"
1747092359.0174057,"-40.0,0.0,0.0","-53.0,0.0,0.0","-49.0,0.0,0.0","-67.0,0.0,0.0"
1747092359.0683074,"-47.0,0.0,0.0","-54.0,0.0,0.0","-47.0,0.0,0.0","-67.0,0.0,0.0"
1747092359.1192372,"-48.0,0.0,0.0","-54.0,0.0,0.0","-42.0,0.0,0.0","-67.0,0.0,0.0"
1747092359.1694322,"-49.0,0.0,0.0","-54.0,0.0,0.0","-39.0,0.0,0.0","-67.0,0.0,0.0"
1747092359.219468,"-49.0,0.0,0.0","-54.0,0.0,0.0","-38.0,0.0,0.0","-67.0,0.0,0.0"
1747092359.270152,"-49.0,0.0,0.0","-53.0,0.0,0.0","-37.0,0.0,0.0","-67.0,0.0,0.0"
1747092359.3202329,"-48.0,0.0,0.0","-53.0,0.0,0.0","-21.0,0.0,0.0","-68.0,0.0,0.0"
1747092359.3707876,"-47.0,0.0,0.0","-53.0,0.0,0.0","-16.0,0.0,0.0","-68.0,0.0,0.0"
1747092359.4213262,"-45.0,0.0,0.0","-53.0,0.0,0.0","-12.0,0.0,0.0","-68.0,0.0,0.0"
1747092359.472022,"-44.0,0.0,0.0","-52.0,0.0,0.0","-1.0,0.0,0.0","-68.0,0.0,0.0"
1747092359.5222325,"-43.0,0.0,0.0","-52.0,0.0,0.0","2.0,0.0,0.0","-68.0,0.0,0.0"
1747092359.5722427,"-42.0,0.0,0.0","-52.0,0.0,0.0","4.0,0.0,0.0","-68.0,0.0,0.0"
1747092359.6224518,"-38.0,0.0,0.0","-52.0,0.0,0.0","1.0,0.0,0.0","-68.0,0.0,0.0"
1747092359.676358,"-36.0,0.0,0.0","-52.0,0.0,0.0","0.0,0.0,0.0","-68.0,0.0,0.0"
1747092359.7274623,"-36.0,0.0,0.0","-52.0,0.0,0.0","0.0,0.0,0.0","-68.0,0.0,0.0"
1747092359.7775493,"-36.0,0.0,0.0","-52.0,0.0,0.0","0.0,0.0,0.0","-69.0,0.0,0.0"
1747092359.8281815,"-35.0,0.0,0.0","-52.0,0.0,0.0","-4.0,0.0,0.0","-69.0,0.0,0.0"
1747092359.8783476,"-35.0,0.0,0.0","-52.0,0.0,0.0","-5.0,0.0,0.0","-69.0,0.0,0.0"
1747092359.9284515,"-36.0,0.0,0.0","-53.0,0.0,0.0","-19.0,0.0,0.0","-68.0,0.0,0.0"
1747092359.9794464,"-37.0,0.0,0.0","-54.0,0.0,0.0","-32.0,0.0,0.0","-67.0,0.0,0.0"
1747092360.0302005,"-39.0,0.0,0.0","-54.0,0.0,0.0","-35.0,0.0,0.0","-67.0,0.0,0.0"
1747092360.0802908,"-41.0,0.0,0.0","-54.0,0.0,0.0","-36.0,0.0,0.0","-67.0,0.0,0.0"
1747092360.1312973,"-47.0,0.0,0.0","-54.0,0.0,0.0","-39.0,0.0,0.0","-66.0,0.0,0.0"
1747092360.1821563,"-48.0,0.0,0.0","-54.0,0.0,0.0","-42.0,0.0,0.0","-66.0,0.0,0.0"
1747092360.232231,"-49.0,0.0,0.0","-54.0,0.0,0.0","-44.0,0.0,0.0","-66.0,0.0,0.0"
1747092360.2823098,"-50.0,0.0,0.0","-54.0,0.0,0.0","-45.0,0.0,0.0","-66.0,0.0,0.0"
1747092360.3325756,"-51.0,0.0,0.0","-54.0,0.0,0.0","-45.0,0.0,0.0","-66.0,0.0,0.0"
1747092360.383393,"-51.0,0.0,0.0","-54.0,0.0,0.0","-42.0,0.0,0.0","-66.0,0.0,0.0"
1747092360.4334755,"-50.0,0.0,0.0","-54.0,0.0,0.0","-39.0,0.0,0.0","-66.0,0.0,0.0"
1747092360.4838507,"-49.0,0.0,0.0","-54.0,0.0,0.0","-33.0,0.0,0.0","-66.0,0.0,0.0"
1747092360.5344462,"-48.0,0.0,0.0","-54.0,0.0,0.0","-28.0,0.0,0.0","-66.0,0.0,0.0"
1747092360.585035,"-46.0,0.0,0.0","-54.0,0.0,0.0","-23.0,0.0,0.0","-66.0,0.0,0.0"
1747092360.635416,"-44.0,0.0,0.0","-54.0,0.0,0.0","-22.0,0.0,0.0","-66.0,0.0,0.0"
1747092360.685502,"-42.0,0.0,0.0","-54.0,0.0,0.0","-14.0,0.0,0.0","-66.0,0.0,0.0"
1747092360.7364163,"-41.0,0.0,0.0","-54.0,0.0,0.0","-10.0,0.0,0.0","-66.0,0.0,0.0"
1747092360.7875092,"-40.0,0.0,0.0","-54.0,0.0,0.0","-6.0,0.0,0.0","-66.0,0.0,0.0"
1747092360.8381927,"-37.0,0.0,0.0","-54.0,0.0,0.0","-2.0,0.0,0.0","-66.0,0.0,0.0"
1747092360.8884516,"-36.0,0.0,0.0","-54.0,0.0,0.0","-3.0,0.0,0.0","-66.0,0.0,0.0"
1747092360.9393063,"-35.0,0.0,0.0","-54.0,0.0,0.0","-4.0,0.0,0.0","-66.0,0.0,0.0"
1747092360.9894094,"-35.0,0.0,0.0","-54.0,0.0,0.0","-7.0,0.0,0.0","-65.0,0.0,0.0"
1747092361.0406203,"-35.0,0.0,0.0","-54.0,0.0,0.0","-8.0,0.0,0.0","-65.0,0.0,0.0"
1747092361.0907001,"-35.0,0.0,0.0","-55.0,0.0,0.0","-13.0,0.0,0.0","-65.0,0.0,0.0"
1747092361.1411338,"-37.0,0.0,0.0","-55.0,0.0,0.0","-16.0,0.0,0.0","-65.0,0.0,0.0"
1747092361.1917093,"-44.0,0.0,0.0","-55.0,0.0,0.0","-23.0,0.0,0.0","-64.0,0.0,0.0"
1747092361.2432973,"-47.0,0.0,0.0","-55.0,0.0,0.0","-25.0,0.0,0.0","-64.0,0.0,0.0"
1747092361.2941282,"-51.0,0.0,0.0","-55.0,0.0,0.0","-31.0,0.0,0.0","-64.0,0.0,0.0"
1747092361.345067,"-53.0,0.0,0.0","-55.0,0.0,0.0","-39.0,0.0,0.0","-65.0,0.0,0.0"
1747092361.3954437,"-54.0,0.0,0.0","-54.0,0.0,0.0","-43.0,0.0,0.0","-66.0,0.0,0.0"
1747092361.4454753,"-55.0,0.0,0.0","-53.0,0.0,0.0","-47.0,0.0,0.0","-67.0,0.0,0.0"
1747092361.4961386,"-56.0,0.0,0.0","-52.0,0.0,0.0","-48.0,0.0,0.0","-68.0,0.0,0.0"
1747092361.5462763,"-56.0,0.0,0.0","-52.0,0.0,0.0","-49.0,0.0,0.0","-68.0,0.0,0.0"
1747092361.5964835,"-59.0,0.0,0.0","-51.0,0.0,0.0","-52.0,0.0,0.0","-68.0,0.0,0.0"
1747092361.6474314,"-59.0,0.0,0.0","-51.0,0.0,0.0","-52.0,0.0,0.0","-67.0,0.0,0.0"
1747092361.6983695,"-62.0,0.0,0.0","-50.0,0.0,0.0","-45.0,0.0,0.0","-63.0,0.0,0.0"
1747092361.7485752,"-63.0,0.0,0.0","-50.0,0.0,0.0","-42.0,0.0,0.0","-56.0,0.0,0.0"
1747092361.7992752,"-64.0,0.0,0.0","-49.0,0.0,0.0","-41.0,0.0,0.0","-52.0,0.0,0.0"
1747092361.849466,"-64.0,0.0,0.0","-46.0,0.0,0.0","-43.0,0.0,0.0","-42.0,0.0,0.0"
1747092361.900078,"-64.0,0.0,0.0","-44.0,0.0,0.0","-44.0,0.0,0.0","-38.0,0.0,0.0"
1747092361.950805,"-64.0,0.0,0.0","-43.0,0.0,0.0","-44.0,0.0,0.0","-31.0,0.0,0.0"
1747092362.0083513,"-64.0,0.0,0.0","-41.0,0.0,0.0","-42.0,0.0,0.0","-20.0,0.0,0.0"
1747092362.0595517,"-64.0,0.0,0.0","-39.0,0.0,0.0","-42.0,0.0,0.0","-13.0,0.0,0.0"
1747092362.1104727,"-64.0,0.0,0.0","-32.0,0.0,0.0","-42.0,0.0,0.0","-1.0,0.0,0.0"
1747092362.1612396,"-64.0,0.0,0.0","-30.0,0.0,0.0","-42.0,0.0,0.0","1.0,0.0,0.0"
1747092362.2112856,"-64.0,0.0,0.0","-27.0,0.0,0.0","-43.0,0.0,0.0","1.0,0.0,0.0"
1747092362.2619045,"-63.0,0.0,0.0","-23.0,0.0,0.0","-45.0,0.0,0.0","3.0,0.0,0.0"
1747092362.3122735,"-63.0,0.0,0.0","-22.0,0.0,0.0","-45.0,0.0,0.0","1.0,0.0,0.0"
1747092362.362397,"-63.0,0.0,0.0","-22.0,0.0,0.0","-45.0,0.0,0.0","-3.0,0.0,0.0"
1747092362.4133475,"-63.0,0.0,0.0","-21.0,0.0,0.0","-46.0,0.0,0.0","-10.0,0.0,0.0"
1747092362.4639206,"-63.0,0.0,0.0","-22.0,0.0,0.0","-46.0,0.0,0.0","-12.0,0.0,0.0"
1747092362.514081,"-63.0,0.0,0.0","-24.0,0.0,0.0","-46.0,0.0,0.0","-14.0,0.0,0.0"
1747092362.564624,"-63.0,0.0,0.0","-26.0,0.0,0.0","-46.0,0.0,0.0","-28.0,0.0,0.0"
1747092362.6182084,"-63.0,0.0,0.0","-28.0,0.0,0.0","-46.0,0.0,0.0","-35.0,0.0,0.0"
1747092362.6683,"-64.0,0.0,0.0","-33.0,0.0,0.0","-45.0,0.0,0.0","-45.0,0.0,0.0"
1747092362.7187016,"-65.0,0.0,0.0","-36.0,0.0,0.0","-43.0,0.0,0.0","-47.0,0.0,0.0"
1747092362.7693517,"-66.0,0.0,0.0","-38.0,0.0,0.0","-41.0,0.0,0.0","-53.0,0.0,0.0"
1747092362.8194804,"-66.0,0.0,0.0","-41.0,0.0,0.0","-42.0,0.0,0.0","-54.0,0.0,0.0"
1747092362.8702888,"-66.0,0.0,0.0","-42.0,0.0,0.0","-42.0,0.0,0.0","-54.0,0.0,0.0"
1747092362.920964,"-66.0,0.0,0.0","-42.0,0.0,0.0","-42.0,0.0,0.0","-54.0,0.0,0.0"
1747092362.9724627,"-66.0,0.0,0.0","-42.0,0.0,0.0","-42.0,0.0,0.0","-51.0,0.0,0.0"
1747092363.0226126,"-65.0,0.0,0.0","-42.0,0.0,0.0","-42.0,0.0,0.0","-49.0,0.0,0.0"
1747092363.072883,"-65.0,0.0,0.0","-41.0,0.0,0.0","-43.0,0.0,0.0","-43.0,0.0,0.0"
1747092363.1237345,"-65.0,0.0,0.0","-42.0,0.0,0.0","-43.0,0.0,0.0","-36.0,0.0,0.0"
1747092363.174471,"-65.0,0.0,0.0","-41.0,0.0,0.0","-43.0,0.0,0.0","-25.0,0.0,0.0"
1747092363.224553,"-65.0,0.0,0.0","-39.0,0.0,0.0","-44.0,0.0,0.0","-16.0,0.0,0.0"
1747092363.2754176,"-65.0,0.0,0.0","-39.0,0.0,0.0","-44.0,0.0,0.0","-11.0,0.0,0.0"
1747092363.3260643,"-64.0,0.0,0.0","-38.0,0.0,0.0","-44.0,0.0,0.0","-5.0,0.0,0.0"
1747092363.3773072,"-64.0,0.0,0.0","-36.0,0.0,0.0","-44.0,0.0,0.0","4.0,0.0,0.0"
1747092363.4273803,"-64.0,0.0,0.0","-34.0,0.0,0.0","-44.0,0.0,0.0","5.0,0.0,0.0"
1747092363.4774864,"-64.0,0.0,0.0","-33.0,0.0,0.0","-44.0,0.0,0.0","5.0,0.0,0.0"
1747092363.5284612,"-64.0,0.0,0.0","-31.0,0.0,0.0","-44.0,0.0,0.0","3.0,0.0,0.0"
1747092363.5791183,"-65.0,0.0,0.0","-30.0,0.0,0.0","-44.0,0.0,0.0","1.0,0.0,0.0"
1747092363.6293275,"-65.0,0.0,0.0","-29.0,0.0,0.0","-44.0,0.0,0.0","0.0,0.0,0.0"
1747092363.6794415,"-65.0,0.0,0.0","-28.0,0.0,0.0","-45.0,0.0,0.0","-9.0,0.0,0.0"
1747092363.7300797,"-65.0,0.0,0.0","-29.0,0.0,0.0","-45.0,0.0,0.0","-14.0,0.0,0.0"
1747092363.7802565,"-65.0,0.0,0.0","-29.0,0.0,0.0","-45.0,0.0,0.0","-24.0,0.0,0.0"
1747092363.8315156,"-65.0,0.0,0.0","-31.0,0.0,0.0","-45.0,0.0,0.0","-35.0,0.0,0.0"
1747092363.8820832,"-65.0,0.0,0.0","-33.0,0.0,0.0","-44.0,0.0,0.0","-40.0,0.0,0.0"
1747092363.9322836,"-65.0,0.0,0.0","-33.0,0.0,0.0","-44.0,0.0,0.0","-44.0,0.0,0.0"
1747092363.9823964,"-65.0,0.0,0.0","-36.0,0.0,0.0","-44.0,0.0,0.0","-52.0,0.0,0.0"
1747092364.0330887,"-66.0,0.0,0.0","-38.0,0.0,0.0","-44.0,0.0,0.0","-52.0,0.0,0.0"
1747092364.083909,"-66.0,0.0,0.0","-41.0,0.0,0.0","-43.0,0.0,0.0","-52.0,0.0,0.0"
1747092364.1345015,"-66.0,0.0,0.0","-42.0,0.0,0.0","-43.0,0.0,0.0","-53.0,0.0,0.0"
1747092364.1845074,"-66.0,0.0,0.0","-43.0,0.0,0.0","-44.0,0.0,0.0","-54.0,0.0,0.0"
1747092364.2353573,"-66.0,0.0,0.0","-43.0,0.0,0.0","-44.0,0.0,0.0","-51.0,0.0,0.0"
1747092364.2855055,"-66.0,0.0,0.0","-44.0,0.0,0.0","-44.0,0.0,0.0","-47.0,0.0,0.0"
1747092364.336078,"-65.0,0.0,0.0","-43.0,0.0,0.0","-44.0,0.0,0.0","-43.0,0.0,0.0"
1747092364.386222,"-65.0,0.0,0.0","-43.0,0.0,0.0","-45.0,0.0,0.0","-37.0,0.0,0.0"
1747092364.436255,"-64.0,0.0,0.0","-43.0,0.0,0.0","-46.0,0.0,0.0","-25.0,0.0,0.0"
1747092364.4874709,"-64.0,0.0,0.0","-43.0,0.0,0.0","-46.0,0.0,0.0","-14.0,0.0,0.0"
1747092364.5379205,"-64.0,0.0,0.0","-43.0,0.0,0.0","-46.0,0.0,0.0","-9.0,0.0,0.0"
1747092364.588316,"-64.0,0.0,0.0","-43.0,0.0,0.0","-46.0,0.0,0.0","-2.0,0.0,0.0"
1747092364.6384945,"-64.0,0.0,0.0","-42.0,0.0,0.0","-46.0,0.0,0.0","6.0,0.0,0.0"
1747092364.6891253,"-64.0,0.0,0.0","-41.0,0.0,0.0","-46.0,0.0,0.0","10.0,0.0,0.0"
1747092364.739435,"-64.0,0.0,0.0","-40.0,0.0,0.0","-46.0,0.0,0.0","14.0,0.0,0.0"
1747092364.7903924,"-65.0,0.0,0.0","-36.0,0.0,0.0","-45.0,0.0,0.0","14.0,0.0,0.0"
1747092364.8415916,"-65.0,0.0,0.0","-35.0,0.0,0.0","-44.0,0.0,0.0","14.0,0.0,0.0"
1747092364.892262,"-66.0,0.0,0.0","-34.0,0.0,0.0","-44.0,0.0,0.0","14.0,0.0,0.0"
1747092364.9457784,"-67.0,0.0,0.0","-33.0,0.0,0.0","-43.0,0.0,0.0","12.0,0.0,0.0"
1747092364.9958985,"-67.0,0.0,0.0","-33.0,0.0,0.0","-42.0,0.0,0.0","9.0,0.0,0.0"
1747092365.047092,"-67.0,0.0,0.0","-33.0,0.0,0.0","-42.0,0.0,0.0","8.0,0.0,0.0"
1747092365.0974019,"-67.0,0.0,0.0","-33.0,0.0,0.0","-42.0,0.0,0.0","1.0,0.0,0.0"
1747092365.147451,"-67.0,0.0,0.0","-34.0,0.0,0.0","-43.0,0.0,0.0","-20.0,0.0,0.0"
1747092365.1981375,"-66.0,0.0,0.0","-36.0,0.0,0.0","-43.0,0.0,0.0","-26.0,0.0,0.0"
1747092365.248388,"-66.0,0.0,0.0","-37.0,0.0,0.0","-43.0,0.0,0.0","-31.0,0.0,0.0"
1747092365.2992237,"-66.0,0.0,0.0","-41.0,0.0,0.0","-44.0,0.0,0.0","-38.0,0.0,0.0"
1747092365.3501112,"-66.0,0.0,0.0","-43.0,0.0,0.0","-45.0,0.0,0.0","-43.0,0.0,0.0"
1747092365.4004538,"-66.0,0.0,0.0","-45.0,0.0,0.0","-45.0,0.0,0.0","-44.0,0.0,0.0"
1747092365.4505947,"-66.0,0.0,0.0","-47.0,0.0,0.0","-45.0,0.0,0.0","-53.0,0.0,0.0"
1747092365.5011935,"-66.0,0.0,0.0","-47.0,0.0,0.0","-44.0,0.0,0.0","-55.0,0.0,0.0"
1747092365.551235,"-65.0,0.0,0.0","-47.0,0.0,0.0","-43.0,0.0,0.0","-57.0,0.0,0.0"
1747092365.6013546,"-65.0,0.0,0.0","-47.0,0.0,0.0","-44.0,0.0,0.0","-58.0,0.0,0.0"
1747092365.6519065,"-65.0,0.0,0.0","-48.0,0.0,0.0","-44.0,0.0,0.0","-62.0,0.0,0.0"
1747092365.7024317,"-64.0,0.0,0.0","-48.0,0.0,0.0","-44.0,0.0,0.0","-62.0,0.0,0.0"
1747092365.7534134,"-64.0,0.0,0.0","-50.0,0.0,0.0","-44.0,0.0,0.0","-60.0,0.0,0.0"
1747092365.8047578,"-64.0,0.0,0.0","-50.0,0.0,0.0","-44.0,0.0,0.0","-60.0,0.0,0.0"
1747092365.8554258,"-64.0,0.0,0.0","-50.0,0.0,0.0","-44.0,0.0,0.0","-60.0,0.0,0.0"
1747092365.9054651,"-64.0,0.0,0.0","-51.0,0.0,0.0","-44.0,0.0,0.0","-59.0,0.0,0.0"
1747092365.956235,"-63.0,0.0,0.0","-51.0,0.0,0.0","-44.0,0.0,0.0","-59.0,0.0,0.0"
1747092366.0073767,"-63.0,0.0,0.0","-50.0,0.0,0.0","-45.0,0.0,0.0","-58.0,0.0,0.0"
1747092366.0585246,"-62.0,0.0,0.0","-50.0,0.0,0.0","-45.0,0.0,0.0","-58.0,0.0,0.0"
1747092366.1094706,"-61.0,0.0,0.0","-50.0,0.0,0.0","-45.0,0.0,0.0","-57.0,0.0,0.0"
1747092366.1603885,"-57.0,0.0,0.0","-49.0,0.0,0.0","-39.0,0.0,0.0","-44.0,0.0,0.0"
1747092366.2110045,"-57.0,0.0,0.0","-48.0,0.0,0.0","-35.0,0.0,0.0","-40.0,0.0,0.0"
1747092366.2611241,"-56.0,0.0,0.0","-47.0,0.0,0.0","-31.0,0.0,0.0","-35.0,0.0,0.0"
1747092366.3114047,"-55.0,0.0,0.0","-46.0,0.0,0.0","-17.0,0.0,0.0","-17.0,0.0,0.0"
1747092366.3635,"-54.0,0.0,0.0","-46.0,0.0,0.0","-14.0,0.0,0.0","-12.0,0.0,0.0"
1747092366.4141302,"-53.0,0.0,0.0","-45.0,0.0,0.0","-7.0,0.0,0.0","0.0,0.0,0.0"
1747092366.4651067,"-51.0,0.0,0.0","-44.0,0.0,0.0","-1.0,0.0,0.0","4.0,0.0,0.0"
1747092366.5151772,"-49.0,0.0,0.0","-43.0,0.0,0.0","0.0,0.0,0.0","7.0,0.0,0.0"
1747092366.5661364,"-45.0,0.0,0.0","-40.0,0.0,0.0","2.0,0.0,0.0","13.0,0.0,0.0"
1747092366.6162486,"-43.0,0.0,0.0","-37.0,0.0,0.0","2.0,0.0,0.0","13.0,0.0,0.0"
1747092366.667312,"-41.0,0.0,0.0","-36.0,0.0,0.0","1.0,0.0,0.0","13.0,0.0,0.0"
1747092366.7174919,"-38.0,0.0,0.0","-27.0,0.0,0.0","3.0,0.0,0.0","11.0,0.0,0.0"
1747092366.767763,"-36.0,0.0,0.0","-23.0,0.0,0.0","0.0,0.0,0.0","11.0,0.0,0.0"
1747092366.818375,"-35.0,0.0,0.0","-21.0,0.0,0.0","1.0,0.0,0.0","13.0,0.0,0.0"
1747092366.869374,"-34.0,0.0,0.0","-16.0,0.0,0.0","2.0,0.0,0.0","15.0,0.0,0.0"
1747092366.9195259,"-33.0,0.0,0.0","-14.0,0.0,0.0","3.0,0.0,0.0","15.0,0.0,0.0"
1747092366.970406,"-32.0,0.0,0.0","-11.0,0.0,0.0","2.0,0.0,0.0","17.0,0.0,0.0"
1747092367.020566,"-30.0,0.0,0.0","2.0,0.0,0.0","3.0,0.0,0.0","15.0,0.0,0.0"
1747092367.077374,"-30.0,0.0,0.0","6.0,0.0,0.0","4.0,0.0,0.0","14.0,0.0,0.0"
1747092367.1280167,"-30.0,0.0,0.0","11.0,0.0,0.0","4.0,0.0,0.0","10.0,0.0,0.0"
1747092367.1781201,"-30.0,0.0,0.0","18.0,0.0,0.0","6.0,0.0,0.0","10.0,0.0,0.0"
1747092367.2283425,"-29.0,0.0,0.0","21.0,0.0,0.0","7.0,0.0,0.0","12.0,0.0,0.0"
1747092367.2784812,"-29.0,0.0,0.0","25.0,0.0,0.0","7.0,0.0,0.0","11.0,0.0,0.0"
1747092367.329106,"-28.0,0.0,0.0","30.0,0.0,0.0","5.0,0.0,0.0","10.0,0.0,0.0"
1747092367.3794308,"-28.0,0.0,0.0","33.0,0.0,0.0","5.0,0.0,0.0","9.0,0.0,0.0"
1747092367.4304068,"-29.0,0.0,0.0","34.0,0.0,0.0","4.0,0.0,0.0","9.0,0.0,0.0"
1747092367.4807372,"-29.0,0.0,0.0","32.0,0.0,0.0","4.0,0.0,0.0","10.0,0.0,0.0"
1747092367.5317168,"-28.0,0.0,0.0","31.0,0.0,0.0","2.0,0.0,0.0","8.0,0.0,0.0"
1747092367.5827322,"-28.0,0.0,0.0","29.0,0.0,0.0","0.0,0.0,0.0","10.0,0.0,0.0"
1747092367.6333117,"-29.0,0.0,0.0","22.0,0.0,0.0","0.0,0.0,0.0","10.0,0.0,0.0"
1747092367.6837025,"-29.0,0.0,0.0","17.0,0.0,0.0","-1.0,0.0,0.0","11.0,0.0,0.0"
1747092367.734274,"-30.0,0.0,0.0","6.0,0.0,0.0","-1.0,0.0,0.0","13.0,0.0,0.0"
1747092367.7843354,"-30.0,0.0,0.0","-6.0,0.0,0.0","0.0,0.0,0.0","24.0,0.0,0.0"
1747092367.834561,"-31.0,0.0,0.0","-9.0,0.0,0.0","0.0,0.0,0.0","25.0,0.0,0.0"
1747092367.8851836,"-30.0,0.0,0.0","-12.0,0.0,0.0","0.0,0.0,0.0","20.0,0.0,0.0"
1747092367.9371345,"-30.0,0.0,0.0","-13.0,0.0,0.0","0.0,0.0,0.0","20.0,0.0,0.0"
1747092367.987846,"-30.0,0.0,0.0","-13.0,0.0,0.0","1.0,0.0,0.0","19.0,0.0,0.0"
1747092368.0393932,"-29.0,0.0,0.0","-12.0,0.0,0.0","4.0,0.0,0.0","18.0,0.0,0.0"
1747092368.0901275,"-28.0,0.0,0.0","-12.0,0.0,0.0","7.0,0.0,0.0","19.0,0.0,0.0"
1747092368.1404655,"-24.0,0.0,0.0","-12.0,0.0,0.0","9.0,0.0,0.0","19.0,0.0,0.0"
1747092368.1906178,"-21.0,0.0,0.0","-12.0,0.0,0.0","13.0,0.0,0.0","19.0,0.0,0.0"
1747092368.2410474,"-13.0,0.0,0.0","-12.0,0.0,0.0","9.0,0.0,0.0","19.0,0.0,0.0"
1747092368.2916636,"-7.0,0.0,0.0","-12.0,0.0,0.0","4.0,0.0,0.0","19.0,0.0,0.0"
1747092368.34268,"-3.0,0.0,0.0","-13.0,0.0,0.0","5.0,0.0,0.0","19.0,0.0,0.0"
1747092368.3936007,"3.0,0.0,0.0","-13.0,0.0,0.0","3.0,0.0,0.0","16.0,0.0,0.0"
1747092368.4441876,"5.0,0.0,0.0","-14.0,0.0,0.0","1.0,0.0,0.0","16.0,0.0,0.0"
1747092368.494329,"6.0,0.0,0.0","-14.0,0.0,0.0","0.0,0.0,0.0","16.0,0.0,0.0"
1747092368.5443912,"8.0,0.0,0.0","-15.0,0.0,0.0","0.0,0.0,0.0","15.0,0.0,0.0"
1747092368.5945404,"8.0,0.0,0.0","-16.0,0.0,0.0","0.0,0.0,0.0","15.0,0.0,0.0"
1747092368.6454935,"8.0,0.0,0.0","-16.0,0.0,0.0","-1.0,0.0,0.0","15.0,0.0,0.0"
1747092368.6961915,"8.0,0.0,0.0","-18.0,0.0,0.0","-1.0,0.0,0.0","16.0,0.0,0.0"
1747092368.7462094,"8.0,0.0,0.0","-18.0,0.0,0.0","-2.0,0.0,0.0","16.0,0.0,0.0"
1747092368.7968907,"7.0,0.0,0.0","-18.0,0.0,0.0","-2.0,0.0,0.0","16.0,0.0,0.0"
1747092368.8473487,"6.0,0.0,0.0","-18.0,0.0,0.0","0.0,0.0,0.0","16.0,0.0,0.0"
1747092368.897679,"5.0,0.0,0.0","-18.0,0.0,0.0","0.0,0.0,0.0","16.0,0.0,0.0"
1747092368.9482932,"-2.0,0.0,0.0","-18.0,0.0,0.0","1.0,0.0,0.0","15.0,0.0,0.0"
1747092368.999423,"-8.0,0.0,0.0","-18.0,0.0,0.0","4.0,0.0,0.0","14.0,0.0,0.0"
1747092369.0500884,"-13.0,0.0,0.0","-19.0,0.0,0.0","8.0,0.0,0.0","12.0,0.0,0.0"
1747092369.1003098,"-23.0,0.0,0.0","-23.0,0.0,0.0","11.0,0.0,0.0","11.0,0.0,0.0"
1747092369.1504807,"-29.0,0.0,0.0","-28.0,0.0,0.0","11.0,0.0,0.0","11.0,0.0,0.0"
1747092369.2010615,"-39.0,0.0,0.0","-37.0,0.0,0.0","6.0,0.0,0.0","13.0,0.0,0.0"
1747092369.2511973,"-46.0,0.0,0.0","-42.0,0.0,0.0","9.0,0.0,0.0","14.0,0.0,0.0"
1747092369.302123,"-51.0,0.0,0.0","-46.0,0.0,0.0","10.0,0.0,0.0","12.0,0.0,0.0"
1747092369.3524532,"-62.0,0.0,0.0","-57.0,0.0,0.0","9.0,0.0,0.0","9.0,0.0,0.0"
1747092369.4033198,"-69.0,0.0,0.0","-66.0,0.0,0.0","4.0,0.0,0.0","13.0,0.0,0.0"
1747092369.4536912,"-73.0,0.0,0.0","-70.0,0.0,0.0","4.0,0.0,0.0","10.0,0.0,0.0"
1747092369.5042353,"-79.0,0.0,0.0","-75.0,0.0,0.0","2.0,0.0,0.0","5.0,0.0,0.0"
1747092369.5542965,"-80.0,0.0,0.0","-76.0,0.0,0.0","0.0,0.0,0.0","1.0,0.0,0.0"
1747092369.604549,"-82.0,0.0,0.0","-77.0,0.0,0.0","0.0,0.0,0.0","-1.0,0.0,0.0"
1747092369.6558585,"-86.0,0.0,0.0","-79.0,0.0,0.0","0.0,0.0,0.0","-6.0,0.0,0.0"
1747092369.7074568,"-87.0,0.0,0.0","-81.0,0.0,0.0","-1.0,0.0,0.0","-9.0,0.0,0.0"
1747092369.758129,"-88.0,0.0,0.0","-82.0,0.0,0.0","-2.0,0.0,0.0","-8.0,0.0,0.0"
1747092369.809028,"-88.0,0.0,0.0","-82.0,0.0,0.0","-3.0,0.0,0.0","-7.0,0.0,0.0"
1747092369.8592825,"-88.0,0.0,0.0","-82.0,0.0,0.0","-3.0,0.0,0.0","-7.0,0.0,0.0"
1747092369.9100192,"-88.0,0.0,0.0","-81.0,0.0,0.0","-2.0,0.0,0.0","-8.0,0.0,0.0"
1747092369.9601846,"-87.0,0.0,0.0","-80.0,0.0,0.0","-2.0,0.0,0.0","-7.0,0.0,0.0"
1747092370.011233,"-87.0,0.0,0.0","-80.0,0.0,0.0","-1.0,0.0,0.0","-7.0,0.0,0.0"
1747092370.0626733,"-87.0,0.0,0.0","-80.0,0.0,0.0","-1.0,0.0,0.0","-7.0,0.0,0.0"
1747092370.1133795,"-87.0,0.0,0.0","-80.0,0.0,0.0","0.0,0.0,0.0","-6.0,0.0,0.0"
1747092370.163647,"-86.0,0.0,0.0","-80.0,0.0,0.0","2.0,0.0,0.0","-4.0,0.0,0.0"
1747092370.213909,"-85.0,0.0,0.0","-80.0,0.0,0.0","2.0,0.0,0.0","-4.0,0.0,0.0"
1747092370.264647,"-85.0,0.0,0.0","-80.0,0.0,0.0","2.0,0.0,0.0","-4.0,0.0,0.0"
1747092370.3153093,"-84.0,0.0,0.0","-80.0,0.0,0.0","2.0,0.0,0.0","-4.0,0.0,0.0"
1747092370.365526,"-84.0,0.0,0.0","-79.0,0.0,0.0","2.0,0.0,0.0","-4.0,0.0,0.0"
1747092370.4161243,"-84.0,0.0,0.0","-79.0,0.0,0.0","1.0,0.0,0.0","-5.0,0.0,0.0"
1747092370.467199,"-84.0,0.0,0.0","-80.0,0.0,0.0","1.0,0.0,0.0","-6.0,0.0,0.0"
1747092370.5173774,"-85.0,0.0,0.0","-80.0,0.0,0.0","0.0,0.0,0.0","-8.0,0.0,0.0"
1747092370.5680547,"-85.0,0.0,0.0","-80.0,0.0,0.0","-1.0,0.0,0.0","-8.0,0.0,0.0"
1747092370.618135,"-85.0,0.0,0.0","-80.0,0.0,0.0","-1.0,0.0,0.0","-9.0,0.0,0.0"
1747092370.668167,"-85.0,0.0,0.0","-80.0,0.0,0.0","-1.0,0.0,0.0","-9.0,0.0,0.0"
1747092370.7197528,"-85.0,0.0,0.0","-80.0,0.0,0.0","0.0,0.0,0.0","-8.0,0.0,0.0"
1747092370.7701817,"-84.0,0.0,0.0","-80.0,0.0,0.0","2.0,0.0,0.0","-6.0,0.0,0.0"
1747092370.8205676,"-81.0,0.0,0.0","-78.0,0.0,0.0","6.0,0.0,0.0","0.0,0.0,0.0"
1747092370.8706386,"-78.0,0.0,0.0","-77.0,0.0,0.0","6.0,0.0,0.0","5.0,0.0,0.0"
1747092370.921287,"-66.0,0.0,0.0","-65.0,0.0,0.0","5.0,0.0,0.0","15.0,0.0,0.0"
1747092370.971414,"-62.0,0.0,0.0","-59.0,0.0,0.0","9.0,0.0,0.0","17.0,0.0,0.0"
1747092371.0222366,"-57.0,0.0,0.0","-52.0,0.0,0.0","7.0,0.0,0.0","20.0,0.0,0.0"
1747092371.0741224,"-50.0,0.0,0.0","-42.0,0.0,0.0","8.0,0.0,0.0","19.0,0.0,0.0"
1747092371.1247115,"-35.0,0.0,0.0","-16.0,0.0,0.0","0.0,0.0,0.0","12.0,0.0,0.0"
1747092371.175242,"-27.0,0.0,0.0","-8.0,0.0,0.0","1.0,0.0,0.0","13.0,0.0,0.0"
1747092371.2258236,"-1.0,0.0,0.0","25.0,0.0,0.0","3.0,0.0,0.0","4.0,0.0,0.0"
1747092371.277177,"7.0,0.0,0.0","32.0,0.0,0.0","0.0,0.0,0.0","5.0,0.0,0.0"
1747092371.3281002,"13.0,0.0,0.0","39.0,0.0,0.0","2.0,0.0,0.0","4.0,0.0,0.0"
1747092371.3781154,"22.0,0.0,0.0","47.0,0.0,0.0","17.0,0.0,0.0","4.0,0.0,0.0"
1747092371.428314,"28.0,0.0,0.0","50.0,0.0,0.0","17.0,0.0,0.0","9.0,0.0,0.0"
1747092371.4783378,"37.0,0.0,0.0","58.0,0.0,0.0","17.0,0.0,0.0","7.0,0.0,0.0"
1747092371.528764,"49.0,0.0,0.0","66.0,0.0,0.0","14.0,0.0,0.0","5.0,0.0,0.0"
1747092371.5803761,"53.0,0.0,0.0","69.0,0.0,0.0","14.0,0.0,0.0","5.0,0.0,0.0"
1747092371.6314247,"58.0,0.0,0.0","74.0,0.0,0.0","10.0,0.0,0.0","1.0,0.0,0.0"
1747092371.6825564,"66.0,0.0,0.0","81.0,0.0,0.0","8.0,0.0,0.0","-1.0,0.0,0.0"
1747092371.7326567,"69.0,0.0,0.0","82.0,0.0,0.0","8.0,0.0,0.0","-1.0,0.0,0.0"
1747092371.7834435,"72.0,0.0,0.0","84.0,0.0,0.0","6.0,0.0,0.0","-2.0,0.0,0.0"
1747092371.8349164,"74.0,0.0,0.0","88.0,0.0,0.0","10.0,0.0,0.0","-1.0,0.0,0.0"
1747092371.88571,"76.0,0.0,0.0","88.0,0.0,0.0","11.0,0.0,0.0","3.0,0.0,0.0"
1747092371.9363668,"77.0,0.0,0.0","-78.0,0.0,0.0","10.0,0.0,0.0","-15.0,0.0,0.0"
1747092371.9871993,"79.0,0.0,0.0","86.0,0.0,0.0","9.0,0.0,0.0","9.0,0.0,0.0"
1747092372.0373132,"80.0,0.0,0.0","88.0,0.0,0.0","9.0,0.0,0.0","6.0,0.0,0.0"
1747092372.0874975,"79.0,0.0,0.0","48.0,0.0,0.0","9.0,0.0,0.0","51.0,0.0,0.0"
1747092372.1454923,"78.0,0.0,0.0","87.0,0.0,0.0","8.0,0.0,0.0","4.0,0.0,0.0"
1747092372.1974747,"78.0,0.0,0.0","88.0,0.0,0.0","8.0,0.0,0.0","2.0,0.0,0.0"
1747092372.248224,"76.0,0.0,0.0","86.0,0.0,0.0","5.0,0.0,0.0","1.0,0.0,0.0"
1747092372.2983136,"75.0,0.0,0.0","83.0,0.0,0.0","4.0,0.0,0.0","1.0,0.0,0.0"
1747092372.349289,"72.0,0.0,0.0","81.0,0.0,0.0","6.0,0.0,0.0","0.0,0.0,0.0"
1747092372.400197,"64.0,0.0,0.0","73.0,0.0,0.0","12.0,0.0,0.0","5.0,0.0,0.0"
1747092372.4508877,"54.0,0.0,0.0","61.0,0.0,0.0","16.0,0.0,0.0","9.0,0.0,0.0"
1747092372.5018437,"47.0,0.0,0.0","52.0,0.0,0.0","21.0,0.0,0.0","15.0,0.0,0.0"
1747092372.5522964,"40.0,0.0,0.0","46.0,0.0,0.0","26.0,0.0,0.0","18.0,0.0,0.0"
1747092372.6029284,"22.0,0.0,0.0","29.0,0.0,0.0","30.0,0.0,0.0","21.0,0.0,0.0"
1747092372.6534085,"11.0,0.0,0.0","20.0,0.0,0.0","34.0,0.0,0.0","26.0,0.0,0.0"
1747092372.704374,"4.0,0.0,0.0","14.0,0.0,0.0","30.0,0.0,0.0","22.0,0.0,0.0"
1747092372.7555342,"-16.0,0.0,0.0","-6.0,0.0,0.0","27.0,0.0,0.0","17.0,0.0,0.0"
1747092372.806113,"-21.0,0.0,0.0","-18.0,0.0,0.0","24.0,0.0,0.0","23.0,0.0,0.0"
1747092372.8573866,"-34.0,0.0,0.0","-27.0,0.0,0.0","23.0,0.0,0.0","18.0,0.0,0.0"
1747092372.9102674,"-58.0,0.0,0.0","-53.0,0.0,0.0","18.0,0.0,0.0","16.0,0.0,0.0"
1747092372.961232,"-62.0,0.0,0.0","-58.0,0.0,0.0","16.0,0.0,0.0","11.0,0.0,0.0"
1747092373.0112617,"-68.0,0.0,0.0","-64.0,0.0,0.0","16.0,0.0,0.0","13.0,0.0,0.0"
1747092373.0621982,"-74.0,0.0,0.0","-71.0,0.0,0.0","7.0,0.0,0.0","8.0,0.0,0.0"
1747092373.1128683,"-79.0,0.0,0.0","-74.0,0.0,0.0","7.0,0.0,0.0","5.0,0.0,0.0"
1747092373.1634042,"-83.0,0.0,0.0","-78.0,0.0,0.0","3.0,0.0,0.0","0.0,0.0,0.0"
1747092373.2135615,"-87.0,0.0,0.0","-79.0,0.0,0.0","1.0,0.0,0.0","-5.0,0.0,0.0"
1747092373.2637725,"-87.0,0.0,0.0","-80.0,0.0,0.0","0.0,0.0,0.0","-6.0,0.0,0.0"
1747092373.3145437,"-87.0,0.0,0.0","-79.0,0.0,0.0","-3.0,0.0,0.0","-9.0,0.0,0.0"
1747092373.3653917,"-87.0,0.0,0.0","-79.0,0.0,0.0","-3.0,0.0,0.0","-9.0,0.0,0.0"
1747092373.4159782,"-86.0,0.0,0.0","-79.0,0.0,0.0","-2.0,0.0,0.0","-9.0,0.0,0.0"
1747092373.466098,"-86.0,0.0,0.0","-78.0,0.0,0.0","4.0,0.0,0.0","-6.0,0.0,0.0"
1747092373.5170565,"-85.0,0.0,0.0","-78.0,0.0,0.0","7.0,0.0,0.0","0.0,0.0,0.0"
1747092373.567364,"-83.0,0.0,0.0","-77.0,0.0,0.0","9.0,0.0,0.0","5.0,0.0,0.0"
1747092373.617424,"-74.0,0.0,0.0","-71.0,0.0,0.0","8.0,0.0,0.0","14.0,0.0,0.0"
1747092373.6682765,"-70.0,0.0,0.0","-66.0,0.0,0.0","9.0,0.0,0.0","16.0,0.0,0.0"
1747092373.7193966,"-66.0,0.0,0.0","-60.0,0.0,0.0","12.0,0.0,0.0","17.0,0.0,0.0"
1747092373.769563,"-46.0,0.0,0.0","-36.0,0.0,0.0","12.0,0.0,0.0","20.0,0.0,0.0"
1747092373.8202558,"-37.0,0.0,0.0","-19.0,0.0,0.0","9.0,0.0,0.0","16.0,0.0,0.0"
1747092373.8709679,"-23.0,0.0,0.0","0.0,0.0,0.0","19.0,0.0,0.0","23.0,0.0,0.0"
1747092373.921071,"-16.0,0.0,0.0","16.0,0.0,0.0","18.0,0.0,0.0","8.0,0.0,0.0"
1747092373.9720368,"-4.0,0.0,0.0","24.0,0.0,0.0","13.0,0.0,0.0","12.0,0.0,0.0"
1747092374.0228894,"12.0,0.0,0.0","37.0,0.0,0.0","16.0,0.0,0.0","14.0,0.0,0.0"
1747092374.0736036,"17.0,0.0,0.0","44.0,0.0,0.0","23.0,0.0,0.0","11.0,0.0,0.0"
1747092374.1236968,"27.0,0.0,0.0","50.0,0.0,0.0","21.0,0.0,0.0","13.0,0.0,0.0"
1747092374.1754777,"38.0,0.0,0.0","58.0,0.0,0.0","21.0,0.0,0.0","14.0,0.0,0.0"
1747092374.2260895,"40.0,0.0,0.0","62.0,0.0,0.0","25.0,0.0,0.0","13.0,0.0,0.0"
1747092374.2773087,"43.0,0.0,0.0","64.0,0.0,0.0","26.0,0.0,0.0","14.0,0.0,0.0"
1747092374.3281841,"53.0,0.0,0.0","72.0,0.0,0.0","21.0,0.0,0.0","9.0,0.0,0.0"
1747092374.3790252,"55.0,0.0,0.0","78.0,0.0,0.0","21.0,0.0,0.0","3.0,0.0,0.0"
1747092374.4291096,"59.0,0.0,0.0","81.0,0.0,0.0","19.0,0.0,0.0","2.0,0.0,0.0"
1747092374.4791505,"61.0,0.0,0.0","84.0,0.0,0.0","20.0,0.0,0.0","3.0,0.0,0.0"
1747092374.529226,"62.0,0.0,0.0","85.0,0.0,0.0","19.0,0.0,0.0","3.0,0.0,0.0"
1747092374.580005,"64.0,0.0,0.0","85.0,0.0,0.0","18.0,0.0,0.0","5.0,0.0,0.0"
1747092374.6321273,"66.0,0.0,0.0","84.0,0.0,0.0","15.0,0.0,0.0","7.0,0.0,0.0"
1747092374.6842518,"66.0,0.0,0.0","85.0,0.0,0.0","16.0,0.0,0.0","6.0,0.0,0.0"
1747092374.7348187,"66.0,0.0,0.0","84.0,0.0,0.0","16.0,0.0,0.0","6.0,0.0,0.0"
1747092374.7850056,"66.0,0.0,0.0","84.0,0.0,0.0","15.0,0.0,0.0","5.0,0.0,0.0"
1747092374.8356817,"66.0,0.0,0.0","84.0,0.0,0.0","15.0,0.0,0.0","5.0,0.0,0.0"
1747092374.8863194,"66.0,0.0,0.0","84.0,0.0,0.0","15.0,0.0,0.0","5.0,0.0,0.0"
1747092374.9374056,"62.0,0.0,0.0","77.0,0.0,0.0","16.0,0.0,0.0","5.0,0.0,0.0"
1747092374.9880362,"57.0,0.0,0.0","74.0,0.0,0.0","17.0,0.0,0.0","6.0,0.0,0.0"
1747092375.0385234,"55.0,0.0,0.0","69.0,0.0,0.0","18.0,0.0,0.0","9.0,0.0,0.0"
1747092375.0892363,"45.0,0.0,0.0","61.0,0.0,0.0","23.0,0.0,0.0","11.0,0.0,0.0"
1747092375.1399384,"40.0,0.0,0.0","53.0,0.0,0.0","25.0,0.0,0.0","17.0,0.0,0.0"
1747092375.1900206,"33.0,0.0,0.0","48.0,0.0,0.0","27.0,0.0,0.0","18.0,0.0,0.0"
1747092375.241252,"4.0,0.0,0.0","29.0,0.0,0.0","37.0,0.0,0.0","22.0,0.0,0.0"
1747092375.2914355,"-7.0,0.0,0.0","20.0,0.0,0.0","40.0,0.0,0.0","26.0,0.0,0.0"
1747092375.342209,"-16.0,0.0,0.0","8.0,0.0,0.0","36.0,0.0,0.0","29.0,0.0,0.0"
1747092375.3922331,"-30.0,0.0,0.0","-13.0,0.0,0.0","30.0,0.0,0.0","20.0,0.0,0.0"
1747092375.4425592,"-39.0,0.0,0.0","-22.0,0.0,0.0","21.0,0.0,0.0","18.0,0.0,0.0"
1747092375.4932194,"-49.0,0.0,0.0","-33.0,0.0,0.0","21.0,0.0,0.0","18.0,0.0,0.0"
1747092375.5433986,"-65.0,0.0,0.0","-55.0,0.0,0.0","16.0,0.0,0.0","13.0,0.0,0.0"
1747092375.5934377,"-70.0,0.0,0.0","-62.0,0.0,0.0","13.0,0.0,0.0","14.0,0.0,0.0"
1747092375.6442719,"-73.0,0.0,0.0","-67.0,0.0,0.0","9.0,0.0,0.0","12.0,0.0,0.0"
1747092375.6947505,"-79.0,0.0,0.0","-73.0,0.0,0.0","6.0,0.0,0.0","5.0,0.0,0.0"
1747092375.7448363,"-82.0,0.0,0.0","-75.0,0.0,0.0","6.0,0.0,0.0","1.0,0.0,0.0"
1747092375.795573,"-83.0,0.0,0.0","-77.0,0.0,0.0","4.0,0.0,0.0","0.0,0.0,0.0"
1747092375.8459427,"-87.0,0.0,0.0","-80.0,0.0,0.0","1.0,0.0,0.0","-5.0,0.0,0.0"
1747092375.89601,"-87.0,0.0,0.0","-80.0,0.0,0.0","0.0,0.0,0.0","-5.0,0.0,0.0"
1747092375.9473891,"-87.0,0.0,0.0","-80.0,0.0,0.0","0.0,0.0,0.0","-5.0,0.0,0.0"
1747092375.998078,"-87.0,0.0,0.0","-80.0,0.0,0.0","1.0,0.0,0.0","-4.0,0.0,0.0"
1747092376.0481443,"-86.0,0.0,0.0","-79.0,0.0,0.0","2.0,0.0,0.0","-3.0,0.0,0.0"
1747092376.0982602,"-86.0,0.0,0.0","-79.0,0.0,0.0","4.0,0.0,0.0","-2.0,0.0,0.0"
1747092376.1489787,"-81.0,0.0,0.0","-77.0,0.0,0.0","9.0,0.0,0.0","7.0,0.0,0.0"
1747092376.200966,"-77.0,0.0,0.0","-74.0,0.0,0.0","9.0,0.0,0.0","13.0,0.0,0.0"
1747092376.2529664,"-74.0,0.0,0.0","-71.0,0.0,0.0","10.0,0.0,0.0","17.0,0.0,0.0"
1747092376.3037415,"-66.0,0.0,0.0","-59.0,0.0,0.0","13.0,0.0,0.0","18.0,0.0,0.0"
1747092376.3540077,"-55.0,0.0,0.0","-44.0,0.0,0.0","13.0,0.0,0.0","23.0,0.0,0.0"
1747092376.4052565,"-47.0,0.0,0.0","-33.0,0.0,0.0","8.0,0.0,0.0","17.0,0.0,0.0"
1747092376.4562013,"-32.0,0.0,0.0","-7.0,0.0,0.0","4.0,0.0,0.0","14.0,0.0,0.0"
1747092376.5073633,"-25.0,0.0,0.0","1.0,0.0,0.0","8.0,0.0,0.0","15.0,0.0,0.0"
1747092376.5582416,"-18.0,0.0,0.0","12.0,0.0,0.0","10.0,0.0,0.0","9.0,0.0,0.0"
1747092376.609967,"-4.0,0.0,0.0","27.0,0.0,0.0","8.0,0.0,0.0","11.0,0.0,0.0"
1747092376.6621337,"7.0,0.0,0.0","39.0,0.0,0.0","7.0,0.0,0.0","6.0,0.0,0.0"
1747092376.7122474,"13.0,0.0,0.0","45.0,0.0,0.0","11.0,0.0,0.0","2.0,0.0,0.0"
1747092376.7624772,"18.0,0.0,0.0","47.0,0.0,0.0","17.0,0.0,0.0","8.0,0.0,0.0"
1747092376.8131487,"29.0,0.0,0.0","53.0,0.0,0.0","15.0,0.0,0.0","10.0,0.0,0.0"
1747092376.8640022,"38.0,0.0,0.0","62.0,0.0,0.0","16.0,0.0,0.0","8.0,0.0,0.0"
1747092376.9141526,"40.0,0.0,0.0","65.0,0.0,0.0","21.0,0.0,0.0","8.0,0.0,0.0"
1747092376.9641762,"46.0,0.0,0.0","67.0,0.0,0.0","18.0,0.0,0.0","10.0,0.0,0.0"
1747092377.0142252,"56.0,0.0,0.0","80.0,0.0,0.0","15.0,0.0,0.0","-1.0,0.0,0.0"
1747092377.0673416,"61.0,0.0,0.0","81.0,0.0,0.0","11.0,0.0,0.0","0.0,0.0,0.0"
1747092377.1174157,"62.0,0.0,0.0","83.0,0.0,0.0","13.0,0.0,0.0","0.0,0.0,0.0"
1747092377.169019,"64.0,0.0,0.0","84.0,0.0,0.0","13.0,0.0,0.0","1.0,0.0,0.0"
1747092377.2263005,"68.0,0.0,0.0","86.0,0.0,0.0","12.0,0.0,0.0","4.0,0.0,0.0"
1747092377.2773736,"70.0,0.0,0.0","87.0,0.0,0.0","11.0,0.0,0.0","1.0,0.0,0.0"
1747092377.328315,"71.0,0.0,0.0","86.0,0.0,0.0","11.0,0.0,0.0","5.0,0.0,0.0"
1747092377.3790367,"73.0,0.0,0.0","88.0,0.0,0.0","10.0,0.0,0.0","4.0,0.0,0.0"
1747092377.429135,"73.0,0.0,0.0","87.0,0.0,0.0","10.0,0.0,0.0","4.0,0.0,0.0"
1747092377.480191,"74.0,0.0,0.0","87.0,0.0,0.0","10.0,0.0,0.0","4.0,0.0,0.0"
1747092377.5310085,"73.0,0.0,0.0","86.0,0.0,0.0","9.0,0.0,0.0","5.0,0.0,0.0"
1747092377.5810785,"73.0,0.0,0.0","86.0,0.0,0.0","9.0,0.0,0.0","4.0,0.0,0.0"
1747092377.6313157,"73.0,0.0,0.0","86.0,0.0,0.0","9.0,0.0,0.0","4.0,0.0,0.0"
1747092377.6816838,"70.0,0.0,0.0","86.0,0.0,0.0","10.0,0.0,0.0","1.0,0.0,0.0"
1747092377.7347436,"67.0,0.0,0.0","84.0,0.0,0.0","10.0,0.0,0.0","-2.0,0.0,0.0"
1747092377.7851195,"64.0,0.0,0.0","82.0,0.0,0.0","11.0,0.0,0.0","-2.0,0.0,0.0"
1747092377.8354967,"59.0,0.0,0.0","79.0,0.0,0.0","12.0,0.0,0.0","-1.0,0.0,0.0"
1747092377.886934,"45.0,0.0,0.0","64.0,0.0,0.0","21.0,0.0,0.0","7.0,0.0,0.0"
1747092377.9373634,"40.0,0.0,0.0","57.0,0.0,0.0","22.0,0.0,0.0","11.0,0.0,0.0"
1747092377.9881413,"32.0,0.0,0.0","50.0,0.0,0.0","25.0,0.0,0.0","17.0,0.0,0.0"
1747092378.0384376,"20.0,0.0,0.0","43.0,0.0,0.0","29.0,0.0,0.0","14.0,0.0,0.0"
1747092378.0893972,"11.0,0.0,0.0","34.0,0.0,0.0","31.0,0.0,0.0","17.0,0.0,0.0"
1747092378.1401243,"-8.0,0.0,0.0","18.0,0.0,0.0","34.0,0.0,0.0","24.0,0.0,0.0"
1747092378.1914594,"-16.0,0.0,0.0","7.0,0.0,0.0","24.0,0.0,0.0","25.0,0.0,0.0"
1747092378.2417982,"-31.0,0.0,0.0","-10.0,0.0,0.0","26.0,0.0,0.0","18.0,0.0,0.0"
1747092378.2932932,"-48.0,0.0,0.0","-30.0,0.0,0.0","19.0,0.0,0.0","19.0,0.0,0.0"
1747092378.3441343,"-56.0,0.0,0.0","-39.0,0.0,0.0","20.0,0.0,0.0","17.0,0.0,0.0"
1747092378.3951018,"-66.0,0.0,0.0","-54.0,0.0,0.0","15.0,0.0,0.0","13.0,0.0,0.0"
1747092378.4472609,"-70.0,0.0,0.0","-61.0,0.0,0.0","12.0,0.0,0.0","13.0,0.0,0.0"
1747092378.497391,"-77.0,0.0,0.0","-70.0,0.0,0.0","8.0,0.0,0.0","9.0,0.0,0.0"
1747092378.548098,"-81.0,0.0,0.0","-73.0,0.0,0.0","9.0,0.0,0.0","7.0,0.0,0.0"
1747092378.5983174,"-84.0,0.0,0.0","-77.0,0.0,0.0","4.0,0.0,0.0","0.0,0.0,0.0"
1747092378.6489372,"-85.0,0.0,0.0","-78.0,0.0,0.0","2.0,0.0,0.0","-2.0,0.0,0.0"
1747092378.6990864,"-87.0,0.0,0.0","-79.0,0.0,0.0","0.0,0.0,0.0","-7.0,0.0,0.0"
1747092378.7495804,"-87.0,0.0,0.0","-79.0,0.0,0.0","-2.0,0.0,0.0","-9.0,0.0,0.0"
1747092378.8001995,"-86.0,0.0,0.0","-79.0,0.0,0.0","-3.0,0.0,0.0","-9.0,0.0,0.0"
1747092378.8544636,"-86.0,0.0,0.0","-79.0,0.0,0.0","-3.0,0.0,0.0","-9.0,0.0,0.0"
1747092378.904768,"-87.0,0.0,0.0","-79.0,0.0,0.0","0.0,0.0,0.0","-8.0,0.0,0.0"
1747092378.9551353,"-86.0,0.0,0.0","-79.0,0.0,0.0","1.0,0.0,0.0","-5.0,0.0,0.0"
1747092379.005381,"-85.0,0.0,0.0","-78.0,0.0,0.0","7.0,0.0,0.0","1.0,0.0,0.0"
1747092379.056081,"-82.0,0.0,0.0","-78.0,0.0,0.0","8.0,0.0,0.0","8.0,0.0,0.0"
1747092379.1072226,"-73.0,0.0,0.0","-72.0,0.0,0.0","7.0,0.0,0.0","21.0,0.0,0.0"
1747092379.1572692,"-69.0,0.0,0.0","-67.0,0.0,0.0","7.0,0.0,0.0","17.0,0.0,0.0"
1747092379.208051,"-66.0,0.0,0.0","-61.0,0.0,0.0","11.0,0.0,0.0","18.0,0.0,0.0"
1747092379.2580924,"-47.0,0.0,0.0","-36.0,0.0,0.0","7.0,0.0,0.0","19.0,0.0,0.0"
1747092379.3081439,"-39.0,0.0,0.0","-19.0,0.0,0.0","3.0,0.0,0.0","12.0,0.0,0.0"
1747092379.3593469,"-30.0,0.0,0.0","-9.0,0.0,0.0","-1.0,0.0,0.0","14.0,0.0,0.0"
1747092379.41003,"-16.0,0.0,0.0","11.0,0.0,0.0","9.0,0.0,0.0","7.0,0.0,0.0"
1747092379.4609473,"-12.0,0.0,0.0","20.0,0.0,0.0","12.0,0.0,0.0","5.0,0.0,0.0"
1747092379.511409,"7.0,0.0,0.0","33.0,0.0,0.0","2.0,0.0,0.0","9.0,0.0,0.0"
1747092379.5619524,"16.0,0.0,0.0","44.0,0.0,0.0","13.0,0.0,0.0","4.0,0.0,0.0"
1747092379.6135888,"20.0,0.0,0.0","44.0,0.0,0.0","19.0,0.0,0.0","12.0,0.0,0.0"
1747092379.6653047,"25.0,0.0,0.0","48.0,0.0,0.0","19.0,0.0,0.0","13.0,0.0,0.0"
1747092379.7161546,"34.0,0.0,0.0","56.0,0.0,0.0","16.0,0.0,0.0","10.0,0.0,0.0"
1747092379.7665887,"43.0,0.0,0.0","64.0,0.0,0.0","16.0,0.0,0.0","7.0,0.0,0.0"
1747092379.8172035,"46.0,0.0,0.0","68.0,0.0,0.0","17.0,0.0,0.0","7.0,0.0,0.0"
1747092379.868112,"53.0,0.0,0.0","75.0,0.0,0.0","15.0,0.0,0.0","2.0,0.0,0.0"
1747092379.9189346,"57.0,0.0,0.0","80.0,0.0,0.0","14.0,0.0,0.0","-2.0,0.0,0.0"
1747092379.969204,"60.0,0.0,0.0","81.0,0.0,0.0","12.0,0.0,0.0","-1.0,0.0,0.0"
1747092380.0200906,"66.0,0.0,0.0","84.0,0.0,0.0","11.0,0.0,0.0","1.0,0.0,0.0"
1747092380.070091,"67.0,0.0,0.0","45.0,0.0,0.0","12.0,0.0,0.0","37.0,0.0,0.0"
1747092380.120216,"68.0,0.0,0.0","85.0,0.0,0.0","12.0,0.0,0.0","-23.0,0.0,0.0"
1747092380.1710474,"71.0,0.0,0.0","-81.0,0.0,0.0","10.0,0.0,0.0","-2.0,0.0,0.0"
1747092380.2215376,"72.0,0.0,0.0","-79.0,0.0,0.0","10.0,0.0,0.0","-6.0,0.0,0.0"
1747092380.2724543,"72.0,0.0,0.0","-78.0,0.0,0.0","9.0,0.0,0.0","-6.0,0.0,0.0"
1747092380.322873,"72.0,0.0,0.0","87.0,0.0,0.0","10.0,0.0,0.0","2.0,0.0,0.0"
1747092380.3733737,"72.0,0.0,0.0","86.0,0.0,0.0","10.0,0.0,0.0","3.0,0.0,0.0"
1747092380.4283204,"72.0,0.0,0.0","86.0,0.0,0.0","10.0,0.0,0.0","2.0,0.0,0.0"
1747092380.479118,"72.0,0.0,0.0","86.0,0.0,0.0","9.0,0.0,0.0","2.0,0.0,0.0"
1747092380.5299275,"70.0,0.0,0.0","85.0,0.0,0.0","10.0,0.0,0.0","2.0,0.0,0.0"
1747092380.5814953,"67.0,0.0,0.0","84.0,0.0,0.0","10.0,0.0,0.0","-1.0,0.0,0.0"
1747092380.6318731,"62.0,0.0,0.0","81.0,0.0,0.0","10.0,0.0,0.0","-3.0,0.0,0.0"
1747092380.682378,"57.0,0.0,0.0","78.0,0.0,0.0","13.0,0.0,0.0","-3.0,0.0,0.0"
1747092380.733093,"55.0,0.0,0.0","75.0,0.0,0.0","14.0,0.0,0.0","-3.0,0.0,0.0"
1747092380.7840414,"41.0,0.0,0.0","57.0,0.0,0.0","20.0,0.0,0.0","8.0,0.0,0.0"
1747092380.8340986,"32.0,0.0,0.0","50.0,0.0,0.0","23.0,0.0,0.0","13.0,0.0,0.0"
1747092380.884636,"26.0,0.0,0.0","45.0,0.0,0.0","23.0,0.0,0.0","13.0,0.0,0.0"
1747092380.9355817,"9.0,0.0,0.0","31.0,0.0,0.0","29.0,0.0,0.0","17.0,0.0,0.0"
1747092380.9858217,"0.0,0.0,0.0","23.0,0.0,0.0","27.0,0.0,0.0","20.0,0.0,0.0"
1747092381.0374696,"-12.0,0.0,0.0","15.0,0.0,0.0","28.0,0.0,0.0","20.0,0.0,0.0"
1747092381.0883112,"-23.0,0.0,0.0","-3.0,0.0,0.0","23.0,0.0,0.0","13.0,0.0,0.0"
1747092381.1392095,"-42.0,0.0,0.0","-25.0,0.0,0.0","18.0,0.0,0.0","14.0,0.0,0.0"
1747092381.1900764,"-51.0,0.0,0.0","-34.0,0.0,0.0","21.0,0.0,0.0","16.0,0.0,0.0"
1747092381.2404156,"-58.0,0.0,0.0","-44.0,0.0,0.0","21.0,0.0,0.0","22.0,0.0,0.0"
1747092381.2912476,"-66.0,0.0,0.0","-57.0,0.0,0.0","15.0,0.0,0.0","13.0,0.0,0.0"
1747092381.342306,"-72.0,0.0,0.0","-66.0,0.0,0.0","7.0,0.0,0.0","11.0,0.0,0.0"
1747092381.3932178,"-78.0,0.0,0.0","-72.0,0.0,0.0","5.0,0.0,0.0","5.0,0.0,0.0"
1747092381.4439373,"-81.0,0.0,0.0","-74.0,0.0,0.0","5.0,0.0,0.0","3.0,0.0,0.0"
1747092381.4946592,"-83.0,0.0,0.0","-76.0,0.0,0.0","4.0,0.0,0.0","0.0,0.0,0.0"
1747092381.5453,"-85.0,0.0,0.0","-78.0,0.0,0.0","2.0,0.0,0.0","-4.0,0.0,0.0"
1747092381.595639,"-86.0,0.0,0.0","-79.0,0.0,0.0","1.0,0.0,0.0","-7.0,0.0,0.0"
1747092381.6461928,"-87.0,0.0,0.0","-80.0,0.0,0.0","-1.0,0.0,0.0","-8.0,0.0,0.0"
1747092381.697163,"-87.0,0.0,0.0","-81.0,0.0,0.0","-3.0,0.0,0.0","-8.0,0.0,0.0"
1747092381.7479525,"-87.0,0.0,0.0","-81.0,0.0,0.0","-4.0,0.0,0.0","-8.0,0.0,0.0"
1747092381.798106,"-87.0,0.0,0.0","-81.0,0.0,0.0","-4.0,0.0,0.0","-8.0,0.0,0.0"
1747092381.848366,"-88.0,0.0,0.0","-81.0,0.0,0.0","-2.0,0.0,0.0","-8.0,0.0,0.0"
1747092381.8989537,"-88.0,0.0,0.0","-80.0,0.0,0.0","-1.0,0.0,0.0","-7.0,0.0,0.0"
1747092381.9526734,"-87.0,0.0,0.0","-80.0,0.0,0.0","-1.0,0.0,0.0","-6.0,0.0,0.0"
1747092382.003367,"-87.0,0.0,0.0","-79.0,0.0,0.0","0.0,0.0,0.0","-4.0,0.0,0.0"
1747092382.056133,"-86.0,0.0,0.0","-79.0,0.0,0.0","3.0,0.0,0.0","-2.0,0.0,0.0"
1747092382.107199,"-84.0,0.0,0.0","-76.0,0.0,0.0","6.0,0.0,0.0","0.0,0.0,0.0"
1747092382.1573782,"-81.0,0.0,0.0","-75.0,0.0,0.0","6.0,0.0,0.0","4.0,0.0,0.0"
1747092382.2080023,"-78.0,0.0,0.0","-73.0,0.0,0.0","8.0,0.0,0.0","9.0,0.0,0.0"
1747092382.2580683,"-74.0,0.0,0.0","-70.0,0.0,0.0","7.0,0.0,0.0","13.0,0.0,0.0"
1747092382.3141193,"-63.0,0.0,0.0","-55.0,0.0,0.0","10.0,0.0,0.0","20.0,0.0,0.0"
1747092382.3642344,"-58.0,0.0,0.0","-49.0,0.0,0.0","9.0,0.0,0.0","24.0,0.0,0.0"
1747092382.4143286,"-46.0,0.0,0.0","-31.0,0.0,0.0","6.0,0.0,0.0","15.0,0.0,0.0"
1747092382.4648688,"-41.0,0.0,0.0","-18.0,0.0,0.0","3.0,0.0,0.0","12.0,0.0,0.0"
1747092382.5155025,"-31.0,0.0,0.0","-6.0,0.0,0.0","3.0,0.0,0.0","19.0,0.0,0.0"
1747092382.5661492,"-25.0,0.0,0.0","6.0,0.0,0.0","7.0,0.0,0.0","17.0,0.0,0.0"
1747092382.6161509,"-22.0,0.0,0.0","16.0,0.0,0.0","12.0,0.0,0.0","7.0,0.0,0.0"
1747092382.6670501,"-19.0,0.0,0.0","19.0,0.0,0.0","10.0,0.0,0.0","7.0,0.0,0.0"
1747092382.7171385,"-14.0,0.0,0.0","25.0,0.0,0.0","9.0,0.0,0.0","9.0,0.0,0.0"
1747092382.7672446,"-13.0,0.0,0.0","27.0,0.0,0.0","8.0,0.0,0.0","9.0,0.0,0.0"
1747092382.8182151,"-11.0,0.0,0.0","34.0,0.0,0.0","8.0,0.0,0.0","3.0,0.0,0.0"
1747092382.8691308,"-11.0,0.0,0.0","38.0,0.0,0.0","8.0,0.0,0.0","1.0,0.0,0.0"
1747092382.9197357,"-12.0,0.0,0.0","38.0,0.0,0.0","9.0,0.0,0.0","4.0,0.0,0.0"
1747092382.9700809,"-11.0,0.0,0.0","37.0,0.0,0.0","8.0,0.0,0.0","7.0,0.0,0.0"
1747092383.020155,"-12.0,0.0,0.0","37.0,0.0,0.0","8.0,0.0,0.0","8.0,0.0,0.0"
1747092383.071226,"-12.0,0.0,0.0","36.0,0.0,0.0","8.0,0.0,0.0","8.0,0.0,0.0"
1747092383.122337,"-12.0,0.0,0.0","36.0,0.0,0.0","8.0,0.0,0.0","8.0,0.0,0.0"
1747092383.1742036,"-12.0,0.0,0.0","36.0,0.0,0.0","8.0,0.0,0.0","7.0,0.0,0.0"
1747092383.224429,"-12.0,0.0,0.0","35.0,0.0,0.0","7.0,0.0,0.0","6.0,0.0,0.0"
1747092383.275013,"-12.0,0.0,0.0","33.0,0.0,0.0","7.0,0.0,0.0","7.0,0.0,0.0"
1747092383.3253171,"-12.0,0.0,0.0","27.0,0.0,0.0","7.0,0.0,0.0","8.0,0.0,0.0"
1747092383.3754444,"-12.0,0.0,0.0","24.0,0.0,0.0","7.0,0.0,0.0","9.0,0.0,0.0"
1747092383.4263248,"-12.0,0.0,0.0","22.0,0.0,0.0","7.0,0.0,0.0","7.0,0.0,0.0"
1747092383.476907,"-13.0,0.0,0.0","19.0,0.0,0.0","8.0,0.0,0.0","7.0,0.0,0.0"
1747092383.5269823,"-13.0,0.0,0.0","12.0,0.0,0.0","8.0,0.0,0.0","7.0,0.0,0.0"
1747092383.5772574,"-13.0,0.0,0.0","8.0,0.0,0.0","8.0,0.0,0.0","8.0,0.0,0.0"
1747092383.6272843,"-13.0,0.0,0.0","0.0,0.0,0.0","9.0,0.0,0.0","14.0,0.0,0.0"
1747092383.6781943,"-13.0,0.0,0.0","-8.0,0.0,0.0","9.0,0.0,0.0","16.0,0.0,0.0"
1747092383.7282221,"-12.0,0.0,0.0","-10.0,0.0,0.0","9.0,0.0,0.0","15.0,0.0,0.0"
1747092383.7793748,"-11.0,0.0,0.0","-12.0,0.0,0.0","8.0,0.0,0.0","13.0,0.0,0.0"
1747092383.8313427,"-11.0,0.0,0.0","-13.0,0.0,0.0","8.0,0.0,0.0","14.0,0.0,0.0"
1747092383.8834805,"-11.0,0.0,0.0","-12.0,0.0,0.0","8.0,0.0,0.0","13.0,0.0,0.0"
1747092383.9340403,"-10.0,0.0,0.0","-12.0,0.0,0.0","7.0,0.0,0.0","14.0,0.0,0.0"
1747092383.9849253,"-10.0,0.0,0.0","-12.0,0.0,0.0","7.0,0.0,0.0","14.0,0.0,0.0"
1747092384.0351992,"-10.0,0.0,0.0","-12.0,0.0,0.0","7.0,0.0,0.0","15.0,0.0,0.0"
1747092384.085498,"-10.0,0.0,0.0","-12.0,0.0,0.0","7.0,0.0,0.0","16.0,0.0,0.0"
1747092384.136302,"-10.0,0.0,0.0","-12.0,0.0,0.0","7.0,0.0,0.0","16.0,0.0,0.0"
1747092384.1870477,"-10.0,0.0,0.0","-11.0,0.0,0.0","7.0,0.0,0.0","16.0,0.0,0.0"
1747092384.2377954,"-11.0,0.0,0.0","-11.0,0.0,0.0","8.0,0.0,0.0","16.0,0.0,0.0"
1747092384.2884634,"-11.0,0.0,0.0","-11.0,0.0,0.0","8.0,0.0,0.0","16.0,0.0,0.0"
1747092384.33908,"-12.0,0.0,0.0","-11.0,0.0,0.0","9.0,0.0,0.0","16.0,0.0,0.0"
1747092384.3900206,"-13.0,0.0,0.0","-11.0,0.0,0.0","10.0,0.0,0.0","16.0,0.0,0.0"
1747092384.4411333,"-17.0,0.0,0.0","-12.0,0.0,0.0","14.0,0.0,0.0","16.0,0.0,0.0"
1747092384.4916003,"-25.0,0.0,0.0","-17.0,0.0,0.0","11.0,0.0,0.0","13.0,0.0,0.0"
1747092384.5417185,"-34.0,0.0,0.0","-31.0,0.0,0.0","6.0,0.0,0.0","14.0,0.0,0.0"
1747092384.5923345,"-42.0,0.0,0.0","-39.0,0.0,0.0","9.0,0.0,0.0","18.0,0.0,0.0"
1747092384.6427634,"-54.0,0.0,0.0","-53.0,0.0,0.0","9.0,0.0,0.0","17.0,0.0,0.0"
1747092384.6929226,"-60.0,0.0,0.0","-58.0,0.0,0.0","11.0,0.0,0.0","12.0,0.0,0.0"
1747092384.7438445,"-65.0,0.0,0.0","-65.0,0.0,0.0","8.0,0.0,0.0","13.0,0.0,0.0"
1747092384.7938852,"-76.0,0.0,0.0","-74.0,0.0,0.0","3.0,0.0,0.0","5.0,0.0,0.0"
1747092384.8446345,"-80.0,0.0,0.0","-75.0,0.0,0.0","3.0,0.0,0.0","1.0,0.0,0.0"
1747092384.8948376,"-82.0,0.0,0.0","-77.0,0.0,0.0","2.0,0.0,0.0","0.0,0.0,0.0"
1747092384.9454968,"-85.0,0.0,0.0","-78.0,0.0,0.0","1.0,0.0,0.0","-4.0,0.0,0.0"
1747092384.9955962,"-87.0,0.0,0.0","-79.0,0.0,0.0","1.0,0.0,0.0","-6.0,0.0,0.0"
1747092385.0460954,"-87.0,0.0,0.0","-79.0,0.0,0.0","1.0,0.0,0.0","-7.0,0.0,0.0"
1747092385.0978894,"-88.0,0.0,0.0","-79.0,0.0,0.0","0.0,0.0,0.0","-8.0,0.0,0.0"
1747092385.1480193,"-88.0,0.0,0.0","-79.0,0.0,0.0","-1.0,0.0,0.0","-9.0,0.0,0.0"
1747092385.19815,"-88.0,0.0,0.0","-80.0,0.0,0.0","0.0,0.0,0.0","-8.0,0.0,0.0"
1747092385.248235,"-87.0,0.0,0.0","-81.0,0.0,0.0","0.0,0.0,0.0","-7.0,0.0,0.0"
1747092385.2983348,"-87.0,0.0,0.0","-81.0,0.0,0.0","0.0,0.0,0.0","-7.0,0.0,0.0"
1747092385.3490098,"-87.0,0.0,0.0","-80.0,0.0,0.0","0.0,0.0,0.0","-7.0,0.0,0.0"
1747092385.399062,"-87.0,0.0,0.0","-80.0,0.0,0.0","0.0,0.0,0.0","-7.0,0.0,0.0"
1747092385.4493697,"-87.0,0.0,0.0","-80.0,0.0,0.0","0.0,0.0,0.0","-7.0,0.0,0.0"
1747092385.502054,"-87.0,0.0,0.0","-80.0,0.0,0.0","0.0,0.0,0.0","-7.0,0.0,0.0"
1747092385.5526767,"-87.0,0.0,0.0","-80.0,0.0,0.0","0.0,0.0,0.0","-7.0,0.0,0.0"
1747092385.6053872,"-87.0,0.0,0.0","-80.0,0.0,0.0","0.0,0.0,0.0","-7.0,0.0,0.0"
1747092385.655763,"-87.0,0.0,0.0","-81.0,0.0,0.0","0.0,0.0,0.0","-7.0,0.0,0.0"
1747092385.7070384,"-87.0,0.0,0.0","-81.0,0.0,0.0","0.0,0.0,0.0","-7.0,0.0,0.0"
1747092385.7580218,"-87.0,0.0,0.0","-81.0,0.0,0.0","0.0,0.0,0.0","-7.0,0.0,0.0"
1747092385.8081422,"-87.0,0.0,0.0","-81.0,0.0,0.0","0.0,0.0,0.0","-7.0,0.0,0.0"
1747092385.8585193,"-87.0,0.0,0.0","-80.0,0.0,0.0","0.0,0.0,0.0","-8.0,0.0,0.0"
1747092385.9092667,"-87.0,0.0,0.0","-79.0,0.0,0.0","0.0,0.0,0.0","-8.0,0.0,0.0"
1747092385.9599018,"-86.0,0.0,0.0","-78.0,0.0,0.0","1.0,0.0,0.0","-7.0,0.0,0.0"
1747092386.010016,"-84.0,0.0,0.0","-78.0,0.0,0.0","2.0,0.0,0.0","-4.0,0.0,0.0"
1747092386.0611103,"-83.0,0.0,0.0","-77.0,0.0,0.0","3.0,0.0,0.0","-2.0,0.0,0.0"
1747092386.1113417,"-82.0,0.0,0.0","-77.0,0.0,0.0","4.0,0.0,0.0","0.0,0.0,0.0"
1747092386.165022,"-77.0,0.0,0.0","-75.0,0.0,0.0","4.0,0.0,0.0","6.0,0.0,0.0"
1747092386.215144,"-75.0,0.0,0.0","-73.0,0.0,0.0","4.0,0.0,0.0","10.0,0.0,0.0"
1747092386.2657793,"-73.0,0.0,0.0","-71.0,0.0,0.0","4.0,0.0,0.0","14.0,0.0,0.0"
1747092386.3162384,"-67.0,0.0,0.0","-62.0,0.0,0.0","8.0,0.0,0.0","16.0,0.0,0.0"
1747092386.3668673,"-65.0,0.0,0.0","-59.0,0.0,0.0","10.0,0.0,0.0","19.0,0.0,0.0"
1747092386.4177432,"-57.0,0.0,0.0","-51.0,0.0,0.0","8.0,0.0,0.0","21.0,0.0,0.0"
1747092386.46793,"-54.0,0.0,0.0","-46.0,0.0,0.0","9.0,0.0,0.0","22.0,0.0,0.0"
1747092386.518044,"-50.0,0.0,0.0","-41.0,0.0,0.0","8.0,0.0,0.0","21.0,0.0,0.0"
1747092386.5686302,"-38.0,0.0,0.0","-22.0,0.0,0.0","4.0,0.0,0.0","13.0,0.0,0.0"
1747092386.6189265,"-33.0,0.0,0.0","-15.0,0.0,0.0","3.0,0.0,0.0","13.0,0.0,0.0"
1747092386.669112,"-30.0,0.0,0.0","-12.0,0.0,0.0","4.0,0.0,0.0","16.0,0.0,0.0"
1747092386.7212749,"-25.0,0.0,0.0","-5.0,0.0,0.0","8.0,0.0,0.0","20.0,0.0,0.0"
1747092386.7717545,"-22.0,0.0,0.0","-2.0,0.0,0.0","10.0,0.0,0.0","20.0,0.0,0.0"
1747092386.8226204,"-13.0,0.0,0.0","2.0,0.0,0.0","7.0,0.0,0.0","20.0,0.0,0.0"
1747092386.8740685,"-9.0,0.0,0.0","3.0,0.0,0.0","5.0,0.0,0.0","19.0,0.0,0.0"
1747092386.9248788,"-6.0,0.0,0.0","4.0,0.0,0.0","5.0,0.0,0.0","18.0,0.0,0.0"
1747092386.9750557,"-3.0,0.0,0.0","5.0,0.0,0.0","3.0,0.0,0.0","16.0,0.0,0.0"
1747092387.0258224,"1.0,0.0,0.0","6.0,0.0,0.0","2.0,0.0,0.0","15.0,0.0,0.0"
1747092387.07621,"4.0,0.0,0.0","6.0,0.0,0.0","1.0,0.0,0.0","13.0,0.0,0.0"
1747092387.126856,"9.0,0.0,0.0","6.0,0.0,0.0","-3.0,0.0,0.0","12.0,0.0,0.0"
1747092387.177217,"11.0,0.0,0.0","5.0,0.0,0.0","-4.0,0.0,0.0","13.0,0.0,0.0"
1747092387.2272747,"12.0,0.0,0.0","5.0,0.0,0.0","-3.0,0.0,0.0","13.0,0.0,0.0"
1747092387.2778695,"14.0,0.0,0.0","3.0,0.0,0.0","-2.0,0.0,0.0","11.0,0.0,0.0"
1747092387.329254,"15.0,0.0,0.0","0.0,0.0,0.0","-3.0,0.0,0.0","12.0,0.0,0.0"
1747092387.386966,"15.0,0.0,0.0","-2.0,0.0,0.0","-3.0,0.0,0.0","11.0,0.0,0.0"
1747092387.4369724,"16.0,0.0,0.0","-7.0,0.0,0.0","-3.0,0.0,0.0","11.0,0.0,0.0"
1747092387.4880843,"16.0,0.0,0.0","-10.0,0.0,0.0","-3.0,0.0,0.0","11.0,0.0,0.0"
1747092387.538323,"15.0,0.0,0.0","-13.0,0.0,0.0","-2.0,0.0,0.0","12.0,0.0,0.0"
1747092387.589069,"15.0,0.0,0.0","-14.0,0.0,0.0","-2.0,0.0,0.0","13.0,0.0,0.0"
1747092387.6398032,"15.0,0.0,0.0","-14.0,0.0,0.0","-2.0,0.0,0.0","12.0,0.0,0.0"
1747092387.6899276,"15.0,0.0,0.0","-14.0,0.0,0.0","-3.0,0.0,0.0","12.0,0.0,0.0"
1747092387.7406032,"15.0,0.0,0.0","-13.0,0.0,0.0","-3.0,0.0,0.0","11.0,0.0,0.0"
1747092387.7913034,"15.0,0.0,0.0","-13.0,0.0,0.0","-3.0,0.0,0.0","12.0,0.0,0.0"
1747092387.8422463,"15.0,0.0,0.0","-13.0,0.0,0.0","-2.0,0.0,0.0","13.0,0.0,0.0"
1747092387.8923457,"14.0,0.0,0.0","-13.0,0.0,0.0","-2.0,0.0,0.0","13.0,0.0,0.0"
1747092387.9430964,"13.0,0.0,0.0","-14.0,0.0,0.0","-2.0,0.0,0.0","13.0,0.0,0.0"
1747092387.9937232,"8.0,0.0,0.0","-14.0,0.0,0.0","0.0,0.0,0.0","14.0,0.0,0.0"
1747092388.0446885,"3.0,0.0,0.0","-14.0,0.0,0.0","1.0,0.0,0.0","14.0,0.0,0.0"
1747092388.0953522,"-3.0,0.0,0.0","-15.0,0.0,0.0","6.0,0.0,0.0","14.0,0.0,0.0"
1747092388.1463115,"-27.0,0.0,0.0","-32.0,0.0,0.0","12.0,0.0,0.0","16.0,0.0,0.0"
1747092388.1968908,"-33.0,0.0,0.0","-39.0,0.0,0.0","8.0,0.0,0.0","21.0,0.0,0.0"
1747092388.247168,"-41.0,0.0,0.0","-46.0,0.0,0.0","9.0,0.0,0.0","20.0,0.0,0.0"
1747092388.2980547,"-55.0,0.0,0.0","-57.0,0.0,0.0","10.0,0.0,0.0","14.0,0.0,0.0"
1747092388.3485348,"-60.0,0.0,0.0","-60.0,0.0,0.0","10.0,0.0,0.0","10.0,0.0,0.0"
1747092388.3991663,"-65.0,0.0,0.0","-66.0,0.0,0.0","10.0,0.0,0.0","14.0,0.0,0.0"
1747092388.449567,"-76.0,0.0,0.0","-74.0,0.0,0.0","6.0,0.0,0.0","5.0,0.0,0.0"
1747092388.5003908,"-79.0,0.0,0.0","-76.0,0.0,0.0","5.0,0.0,0.0","1.0,0.0,0.0"
1747092388.551088,"-81.0,0.0,0.0","-77.0,0.0,0.0","3.0,0.0,0.0","0.0,0.0,0.0"
1747092388.6014047,"-85.0,0.0,0.0","-78.0,0.0,0.0","1.0,0.0,0.0","-4.0,0.0,0.0"
1747092388.6519892,"-86.0,0.0,0.0","-78.0,0.0,0.0","1.0,0.0,0.0","-6.0,0.0,0.0"
1747092388.7025962,"-87.0,0.0,0.0","-79.0,0.0,0.0","0.0,0.0,0.0","-8.0,0.0,0.0"
1747092388.7530825,"-88.0,0.0,0.0","-80.0,0.0,0.0","-2.0,0.0,0.0","-8.0,0.0,0.0"
1747092388.8039598,"-88.0,0.0,0.0","-80.0,0.0,0.0","-2.0,0.0,0.0","-8.0,0.0,0.0"
1747092388.8546221,"-88.0,0.0,0.0","-81.0,0.0,0.0","-2.0,0.0,0.0","-7.0,0.0,0.0"
1747092388.9053183,"-87.0,0.0,0.0","-80.0,0.0,0.0","-2.0,0.0,0.0","-7.0,0.0,0.0"
1747092388.9558032,"-87.0,0.0,0.0","-80.0,0.0,0.0","-1.0,0.0,0.0","-7.0,0.0,0.0"
1747092389.0062304,"-87.0,0.0,0.0","-80.0,0.0,0.0","0.0,0.0,0.0","-7.0,0.0,0.0"
1747092389.0578754,"-87.0,0.0,0.0","-79.0,0.0,0.0","1.0,0.0,0.0","-6.0,0.0,0.0"
1747092389.107925,"-86.0,0.0,0.0","-79.0,0.0,0.0","3.0,0.0,0.0","-5.0,0.0,0.0"
1747092389.1583302,"-85.0,0.0,0.0","-79.0,0.0,0.0","5.0,0.0,0.0","-2.0,0.0,0.0"
1747092389.2089288,"-82.0,0.0,0.0","-77.0,0.0,0.0","7.0,0.0,0.0","2.0,0.0,0.0"
1747092389.2590911,"-75.0,0.0,0.0","-75.0,0.0,0.0","6.0,0.0,0.0","10.0,0.0,0.0"
1747092389.3096116,"-72.0,0.0,0.0","-72.0,0.0,0.0","7.0,0.0,0.0","16.0,0.0,0.0"
1747092389.3602297,"-65.0,0.0,0.0","-63.0,0.0,0.0","10.0,0.0,0.0","17.0,0.0,0.0"
1747092389.4112017,"-61.0,0.0,0.0","-58.0,0.0,0.0","10.0,0.0,0.0","18.0,0.0,0.0"
1747092389.462186,"-55.0,0.0,0.0","-51.0,0.0,0.0","7.0,0.0,0.0","20.0,0.0,0.0"
1747092389.5122805,"-39.0,0.0,0.0","-28.0,0.0,0.0","5.0,0.0,0.0","11.0,0.0,0.0"
1747092389.5632474,"-33.0,0.0,0.0","-18.0,0.0,0.0","2.0,0.0,0.0","9.0,0.0,0.0"
1747092389.6140347,"-29.0,0.0,0.0","-13.0,0.0,0.0","2.0,0.0,0.0","11.0,0.0,0.0"
1747092389.6645336,"-23.0,0.0,0.0","-9.0,0.0,0.0","6.0,0.0,0.0","15.0,0.0,0.0"
1747092389.7201462,"-19.0,0.0,0.0","-7.0,0.0,0.0","6.0,0.0,0.0","18.0,0.0,0.0"
1747092389.771327,"-15.0,0.0,0.0","-6.0,0.0,0.0","5.0,0.0,0.0","21.0,0.0,0.0"
1747092389.8218067,"-12.0,0.0,0.0","-1.0,0.0,0.0","5.0,0.0,0.0","15.0,0.0,0.0"
1747092389.8718822,"-10.0,0.0,0.0","0.0,0.0,0.0","7.0,0.0,0.0","13.0,0.0,0.0"
1747092389.9220881,"-7.0,0.0,0.0","0.0,0.0,0.0","7.0,0.0,0.0","13.0,0.0,0.0"
1747092389.9722033,"-6.0,0.0,0.0","0.0,0.0,0.0","7.0,0.0,0.0","10.0,0.0,0.0"
1747092390.0231776,"-6.0,0.0,0.0","0.0,0.0,0.0","6.0,0.0,0.0","11.0,0.0,0.0"
1747092390.0732584,"-6.0,0.0,0.0","-1.0,0.0,0.0","6.0,0.0,0.0","13.0,0.0,0.0"
1747092390.1233025,"-6.0,0.0,0.0","-2.0,0.0,0.0","5.0,0.0,0.0","13.0,0.0,0.0"
1747092390.1738062,"-6.0,0.0,0.0","-3.0,0.0,0.0","4.0,0.0,0.0","14.0,0.0,0.0"
1747092390.225471,"-6.0,0.0,0.0","-4.0,0.0,0.0","4.0,0.0,0.0","13.0,0.0,0.0"
1747092390.2761674,"-6.0,0.0,0.0","-5.0,0.0,0.0","4.0,0.0,0.0","12.0,0.0,0.0"
1747092390.326837,"-7.0,0.0,0.0","-8.0,0.0,0.0","8.0,0.0,0.0","17.0,0.0,0.0"
1747092390.3778887,"-10.0,0.0,0.0","-10.0,0.0,0.0","15.0,0.0,0.0","21.0,0.0,0.0"
1747092390.4279995,"-12.0,0.0,0.0","-11.0,0.0,0.0","24.0,0.0,0.0","25.0,0.0,0.0"
1747092390.4781756,"-18.0,0.0,0.0","-13.0,0.0,0.0","39.0,0.0,0.0","40.0,0.0,0.0"
1747092390.5290737,"-21.0,0.0,0.0","-14.0,0.0,0.0","50.0,0.0,0.0","47.0,0.0,0.0"
1747092390.579169,"-26.0,0.0,0.0","-17.0,0.0,0.0","68.0,0.0,0.0","68.0,0.0,0.0"
1747092390.630015,"-27.0,0.0,0.0","-17.0,0.0,0.0","77.0,0.0,0.0","74.0,0.0,0.0"
1747092390.6800938,"-28.0,0.0,0.0","-17.0,0.0,0.0","83.0,0.0,0.0","78.0,0.0,0.0"
1747092390.7349064,"-29.0,0.0,0.0","-16.0,0.0,0.0","90.0,0.0,0.0","89.0,0.0,0.0"
1747092390.7859936,"-29.0,0.0,0.0","-15.0,0.0,0.0","94.0,0.0,0.0","91.0,0.0,0.0"
1747092390.8371756,"-28.0,0.0,0.0","-15.0,0.0,0.0","97.0,0.0,0.0","95.0,0.0,0.0"
1747092390.8882291,"-29.0,0.0,0.0","-15.0,0.0,0.0","104.0,0.0,0.0","99.0,0.0,0.0"
1747092390.9384873,"-31.0,0.0,0.0","-14.0,0.0,0.0","112.0,0.0,0.0","103.0,0.0,0.0"
1747092390.9895644,"-32.0,0.0,0.0","-14.0,0.0,0.0","115.0,0.0,0.0","105.0,0.0,0.0"
1747092391.040302,"-33.0,0.0,0.0","-14.0,0.0,0.0","120.0,0.0,0.0","108.0,0.0,0.0"
1747092391.0909069,"-33.0,0.0,0.0","-15.0,0.0,0.0","121.0,0.0,0.0","110.0,0.0,0.0"
1747092391.1411757,"-34.0,0.0,0.0","-16.0,0.0,0.0","121.0,0.0,0.0","111.0,0.0,0.0"
1747092391.1921732,"-33.0,0.0,0.0","-16.0,0.0,0.0","121.0,0.0,0.0","111.0,0.0,0.0"
1747092391.2422624,"-33.0,0.0,0.0","-16.0,0.0,0.0","121.0,0.0,0.0","110.0,0.0,0.0"
1747092391.2929788,"-33.0,0.0,0.0","-16.0,0.0,0.0","121.0,0.0,0.0","110.0,0.0,0.0"
1747092391.343894,"-33.0,0.0,0.0","-16.0,0.0,0.0","120.0,0.0,0.0","110.0,0.0,0.0"
1747092391.3942628,"-33.0,0.0,0.0","-16.0,0.0,0.0","120.0,0.0,0.0","110.0,0.0,0.0"
1747092391.4444685,"-33.0,0.0,0.0","-16.0,0.0,0.0","120.0,0.0,0.0","110.0,0.0,0.0"
1747092391.4945486,"-33.0,0.0,0.0","-16.0,0.0,0.0","120.0,0.0,0.0","109.0,0.0,0.0"
1747092391.5446265,"-33.0,0.0,0.0","-16.0,0.0,0.0","120.0,0.0,0.0","110.0,0.0,0.0"
1747092391.5952475,"-32.0,0.0,0.0","-16.0,0.0,0.0","120.0,0.0,0.0","110.0,0.0,0.0"
1747092391.6457963,"-32.0,0.0,0.0","-16.0,0.0,0.0","121.0,0.0,0.0","110.0,0.0,0.0"
1747092391.6959558,"-32.0,0.0,0.0","-16.0,0.0,0.0","121.0,0.0,0.0","110.0,0.0,0.0"
1747092391.7471538,"-32.0,0.0,0.0","-16.0,0.0,0.0","121.0,0.0,0.0","110.0,0.0,0.0"
1747092391.7971766,"-32.0,0.0,0.0","-17.0,0.0,0.0","121.0,0.0,0.0","110.0,0.0,0.0"
1747092391.847952,"-32.0,0.0,0.0","-17.0,0.0,0.0","121.0,0.0,0.0","111.0,0.0,0.0"
1747092391.8980432,"-32.0,0.0,0.0","-17.0,0.0,0.0","121.0,0.0,0.0","111.0,0.0,0.0"
1747092391.9491465,"-33.0,0.0,0.0","-17.0,0.0,0.0","122.0,0.0,0.0","111.0,0.0,0.0"
1747092392.000038,"-33.0,0.0,0.0","-17.0,0.0,0.0","122.0,0.0,0.0","111.0,0.0,0.0"
1747092392.0502012,"-33.0,0.0,0.0","-17.0,0.0,0.0","122.0,0.0,0.0","111.0,0.0,0.0"
1747092392.1009893,"-32.0,0.0,0.0","-17.0,0.0,0.0","121.0,0.0,0.0","111.0,0.0,0.0"
1747092392.1512344,"-33.0,0.0,0.0","-18.0,0.0,0.0","121.0,0.0,0.0","111.0,0.0,0.0"
1747092392.2015853,"-33.0,0.0,0.0","-18.0,0.0,0.0","121.0,0.0,0.0","111.0,0.0,0.0"
1747092392.2522414,"-33.0,0.0,0.0","-18.0,0.0,0.0","121.0,0.0,0.0","111.0,0.0,0.0"
1747092392.3027968,"-33.0,0.0,0.0","-18.0,0.0,0.0","121.0,0.0,0.0","111.0,0.0,0.0"
1747092392.3532317,"-33.0,0.0,0.0","-18.0,0.0,0.0","121.0,0.0,0.0","111.0,0.0,0.0"
1747092392.4046373,"-33.0,0.0,0.0","-18.0,0.0,0.0","121.0,0.0,0.0","111.0,0.0,0.0"
1747092392.4658175,"-33.0,0.0,0.0","-18.0,0.0,0.0","121.0,0.0,0.0","111.0,0.0,0.0"
1747092392.517224,"-33.0,0.0,0.0","-18.0,0.0,0.0","121.0,0.0,0.0","111.0,0.0,0.0"
1747092392.567985,"-33.0,0.0,0.0","-18.0,0.0,0.0","121.0,0.0,0.0","111.0,0.0,0.0"
1747092392.6189213,"-33.0,0.0,0.0","-18.0,0.0,0.0","119.0,0.0,0.0","110.0,0.0,0.0"
1747092392.6708658,"-33.0,0.0,0.0","-18.0,0.0,0.0","117.0,0.0,0.0","108.0,0.0,0.0"
1747092392.721333,"-32.0,0.0,0.0","-19.0,0.0,0.0","106.0,0.0,0.0","99.0,0.0,0.0"
1747092392.7721093,"-31.0,0.0,0.0","-18.0,0.0,0.0","101.0,0.0,0.0","94.0,0.0,0.0"
1747092392.8229609,"-31.0,0.0,0.0","-16.0,0.0,0.0","95.0,0.0,0.0","86.0,0.0,0.0"
1747092392.8731039,"-28.0,0.0,0.0","-10.0,0.0,0.0","78.0,0.0,0.0","65.0,0.0,0.0"
1747092392.9240024,"-27.0,0.0,0.0","-6.0,0.0,0.0","67.0,0.0,0.0","51.0,0.0,0.0"
1747092392.9748478,"-23.0,0.0,0.0","-3.0,0.0,0.0","52.0,0.0,0.0","38.0,0.0,0.0"
1747092393.025205,"-12.0,0.0,0.0","0.0,0.0,0.0","5.0,0.0,0.0","2.0,0.0,0.0"
1747092393.0760841,"-13.0,0.0,0.0","-2.0,0.0,0.0","-2.0,0.0,0.0","0.0,0.0,0.0"
1747092393.1262214,"-14.0,0.0,0.0","-2.0,0.0,0.0","-11.0,0.0,0.0","-3.0,0.0,0.0"
1747092393.176841,"-15.0,0.0,0.0","-4.0,0.0,0.0","-17.0,0.0,0.0","-6.0,0.0,0.0"
1747092393.227109,"-18.0,0.0,0.0","-5.0,0.0,0.0","-16.0,0.0,0.0","-6.0,0.0,0.0"
1747092393.2778792,"-19.0,0.0,0.0","-6.0,0.0,0.0","-15.0,0.0,0.0","-4.0,0.0,0.0"
1747092393.3288467,"-20.0,0.0,0.0","-6.0,0.0,0.0","-12.0,0.0,0.0","-1.0,0.0,0.0"
1747092393.3790646,"-21.0,0.0,0.0","-6.0,0.0,0.0","-10.0,0.0,0.0","0.0,0.0,0.0"
1747092393.4290955,"-21.0,0.0,0.0","-6.0,0.0,0.0","-8.0,0.0,0.0","2.0,0.0,0.0"
1747092393.4800146,"-22.0,0.0,0.0","-6.0,0.0,0.0","2.0,0.0,0.0","8.0,0.0,0.0"
1747092393.5313113,"-22.0,0.0,0.0","-7.0,0.0,0.0","12.0,0.0,0.0","17.0,0.0,0.0"
1747092393.5825596,"-23.0,0.0,0.0","-10.0,0.0,0.0","39.0,0.0,0.0","47.0,0.0,0.0"
1747092393.6329072,"-24.0,0.0,0.0","-13.0,0.0,0.0","48.0,0.0,0.0","60.0,0.0,0.0"
1747092393.6833937,"-26.0,0.0,0.0","-15.0,0.0,0.0","60.0,0.0,0.0","70.0,0.0,0.0"
1747092393.733954,"-30.0,0.0,0.0","-18.0,0.0,0.0","82.0,0.0,0.0","87.0,0.0,0.0"
1747092393.7841482,"-32.0,0.0,0.0","-20.0,0.0,0.0","92.0,0.0,0.0","94.0,0.0,0.0"
1747092393.8350503,"-34.0,0.0,0.0","-22.0,0.0,0.0","100.0,0.0,0.0","100.0,0.0,0.0"
1747092393.8858209,"-38.0,0.0,0.0","-23.0,0.0,0.0","116.0,0.0,0.0","107.0,0.0,0.0"
1747092393.936919,"-39.0,0.0,0.0","-23.0,0.0,0.0","119.0,0.0,0.0","111.0,0.0,0.0"
1747092393.9879167,"-40.0,0.0,0.0","-23.0,0.0,0.0","121.0,0.0,0.0","112.0,0.0,0.0"
1747092394.0382888,"-40.0,0.0,0.0","-24.0,0.0,0.0","122.0,0.0,0.0","114.0,0.0,0.0"
1747092394.0887058,"-41.0,0.0,0.0","-24.0,0.0,0.0","122.0,0.0,0.0","114.0,0.0,0.0"
1747092394.139209,"-39.0,0.0,0.0","-23.0,0.0,0.0","121.0,0.0,0.0","113.0,0.0,0.0"
1747092394.1898484,"-29.0,0.0,0.0","-13.0,0.0,0.0","114.0,0.0,0.0","104.0,0.0,0.0"
1747092394.2399168,"-21.0,0.0,0.0","-6.0,0.0,0.0","108.0,0.0,0.0","99.0,0.0,0.0"
1747092394.2900085,"-11.0,0.0,0.0","3.0,0.0,0.0","99.0,0.0,0.0","90.0,0.0,0.0"
1747092394.3400755,"10.0,0.0,0.0","24.0,0.0,0.0","77.0,0.0,0.0","70.0,0.0,0.0"
1747092394.3908107,"19.0,0.0,0.0","33.0,0.0,0.0","68.0,0.0,0.0","61.0,0.0,0.0"
1747092394.4409292,"32.0,0.0,0.0","45.0,0.0,0.0","55.0,0.0,0.0","47.0,0.0,0.0"
1747092394.4921243,"37.0,0.0,0.0","49.0,0.0,0.0","50.0,0.0,0.0","41.0,0.0,0.0"
1747092394.5430748,"42.0,0.0,0.0","54.0,0.0,0.0","44.0,0.0,0.0","35.0,0.0,0.0"
1747092394.5949087,"46.0,0.0,0.0","57.0,0.0,0.0","39.0,0.0,0.0","30.0,0.0,0.0"
1747092394.6472666,"48.0,0.0,0.0","57.0,0.0,0.0","37.0,0.0,0.0","31.0,0.0,0.0"
1747092394.6979115,"48.0,0.0,0.0","57.0,0.0,0.0","36.0,0.0,0.0","30.0,0.0,0.0"
1747092394.7481349,"48.0,0.0,0.0","57.0,0.0,0.0","37.0,0.0,0.0","30.0,0.0,0.0"
1747092394.7989068,"46.0,0.0,0.0","55.0,0.0,0.0","39.0,0.0,0.0","33.0,0.0,0.0"
1747092394.8492107,"45.0,0.0,0.0","54.0,0.0,0.0","40.0,0.0,0.0","33.0,0.0,0.0"
1747092394.8997788,"41.0,0.0,0.0","53.0,0.0,0.0","46.0,0.0,0.0","36.0,0.0,0.0"
1747092394.950324,"35.0,0.0,0.0","50.0,0.0,0.0","53.0,0.0,0.0","41.0,0.0,0.0"
1747092395.002076,"26.0,0.0,0.0","43.0,0.0,0.0","62.0,0.0,0.0","48.0,0.0,0.0"
1747092395.0521777,"19.0,0.0,0.0","34.0,0.0,0.0","70.0,0.0,0.0","58.0,0.0,0.0"
1747092395.1022332,"-10.0,0.0,0.0","-4.0,0.0,0.0","99.0,0.0,0.0","100.0,0.0,0.0"
1747092395.1533194,"-20.0,0.0,0.0","-17.0,0.0,0.0","108.0,0.0,0.0","113.0,0.0,0.0"
1747092395.2041228,"-30.0,0.0,0.0","-24.0,0.0,0.0","117.0,0.0,0.0","119.0,0.0,0.0"
1747092395.2543612,"-45.0,0.0,0.0","-33.0,0.0,0.0","128.0,0.0,0.0","126.0,0.0,0.0"
1747092395.3049552,"-49.0,0.0,0.0","-36.0,0.0,0.0","130.0,0.0,0.0","128.0,0.0,0.0"
1747092395.3553956,"-52.0,0.0,0.0","-39.0,0.0,0.0","131.0,0.0,0.0","130.0,0.0,0.0"
1747092395.4062223,"-51.0,0.0,0.0","-36.0,0.0,0.0","129.0,0.0,0.0","127.0,0.0,0.0"
1747092395.4568768,"-50.0,0.0,0.0","-35.0,0.0,0.0","128.0,0.0,0.0","125.0,0.0,0.0"
1747092395.5068955,"-49.0,0.0,0.0","-32.0,0.0,0.0","128.0,0.0,0.0","123.0,0.0,0.0"
1747092395.5573812,"-48.0,0.0,0.0","-30.0,0.0,0.0","126.0,0.0,0.0","120.0,0.0,0.0"
1747092395.6083102,"-47.0,0.0,0.0","-30.0,0.0,0.0","122.0,0.0,0.0","117.0,0.0,0.0"
1747092395.6595464,"-46.0,0.0,0.0","-30.0,0.0,0.0","118.0,0.0,0.0","114.0,0.0,0.0"
1747092395.7099073,"-38.0,0.0,0.0","-24.0,0.0,0.0","103.0,0.0,0.0","100.0,0.0,0.0"
1747092395.760122,"-31.0,0.0,0.0","-18.0,0.0,0.0","90.0,0.0,0.0","88.0,0.0,0.0"
1747092395.8102567,"-23.0,0.0,0.0","-11.0,0.0,0.0","74.0,0.0,0.0","77.0,0.0,0.0"
1747092395.8609226,"-6.0,0.0,0.0","8.0,0.0,0.0","27.0,0.0,0.0","30.0,0.0,0.0"
1747092395.9112387,"-2.0,0.0,0.0","11.0,0.0,0.0","13.0,0.0,0.0","19.0,0.0,0.0"
1747092395.961845,"-2.0,0.0,0.0","13.0,0.0,0.0","5.0,0.0,0.0","9.0,0.0,0.0"
1747092396.012442,"-3.0,0.0,0.0","8.0,0.0,0.0","-6.0,0.0,0.0","9.0,0.0,0.0"
1747092396.0625887,"-6.0,0.0,0.0","6.0,0.0,0.0","-4.0,0.0,0.0","9.0,0.0,0.0"
1747092396.1131206,"-8.0,0.0,0.0","5.0,0.0,0.0","-1.0,0.0,0.0","9.0,0.0,0.0"
1747092396.163377,"-10.0,0.0,0.0","3.0,0.0,0.0","0.0,0.0,0.0","10.0,0.0,0.0"
1747092396.2140107,"-11.0,0.0,0.0","2.0,0.0,0.0","0.0,0.0,0.0","9.0,0.0,0.0"
1747092396.2646282,"-12.0,0.0,0.0","2.0,0.0,0.0","0.0,0.0,0.0","11.0,0.0,0.0"
1747092396.3154304,"-13.0,0.0,0.0","0.0,0.0,0.0","1.0,0.0,0.0","14.0,0.0,0.0"
1747092396.3660014,"-16.0,0.0,0.0","-4.0,0.0,0.0","5.0,0.0,0.0","16.0,0.0,0.0"
1747092396.4167259,"-18.0,0.0,0.0","-5.0,0.0,0.0","0.0,0.0,0.0","4.0,0.0,0.0"
1747092396.4670362,"-19.0,0.0,0.0","-5.0,0.0,0.0","-4.0,0.0,0.0","-3.0,0.0,0.0"
1747092396.5172384,"-19.0,0.0,0.0","-5.0,0.0,0.0","-17.0,0.0,0.0","-22.0,0.0,0.0"
1747092396.5678685,"-20.0,0.0,0.0","-4.0,0.0,0.0","-24.0,0.0,0.0","-30.0,0.0,0.0"
1747092396.6180148,"-21.0,0.0,0.0","-5.0,0.0,0.0","-29.0,0.0,0.0","-37.0,0.0,0.0"
1747092396.668137,"-24.0,0.0,0.0","-6.0,0.0,0.0","-40.0,0.0,0.0","-48.0,0.0,0.0"
1747092396.7182045,"-26.0,0.0,0.0","-8.0,0.0,0.0","-40.0,0.0,0.0","-56.0,0.0,0.0"
1747092396.7685027,"-29.0,0.0,0.0","-10.0,0.0,0.0","-41.0,0.0,0.0","-68.0,0.0,0.0"
1747092396.8191617,"-32.0,0.0,0.0","-10.0,0.0,0.0","-40.0,0.0,0.0","-73.0,0.0,0.0"
1747092396.8692188,"-33.0,0.0,0.0","-10.0,0.0,0.0","-41.0,0.0,0.0","-75.0,0.0,0.0"
1747092396.9198165,"-33.0,0.0,0.0","-10.0,0.0,0.0","-42.0,0.0,0.0","-78.0,0.0,0.0"
1747092396.9699438,"-34.0,0.0,0.0","-9.0,0.0,0.0","-43.0,0.0,0.0","-81.0,0.0,0.0"
1747092397.0200007,"-34.0,0.0,0.0","-9.0,0.0,0.0","-43.0,0.0,0.0","-81.0,0.0,0.0"
1747092397.0709417,"-34.0,0.0,0.0","-9.0,0.0,0.0","-44.0,0.0,0.0","-80.0,0.0,0.0"
1747092397.1211696,"-33.0,0.0,0.0","-10.0,0.0,0.0","-44.0,0.0,0.0","-79.0,0.0,0.0"
1747092397.1712744,"-33.0,0.0,0.0","-10.0,0.0,0.0","-44.0,0.0,0.0","-79.0,0.0,0.0"
1747092397.2217941,"-32.0,0.0,0.0","-9.0,0.0,0.0","-44.0,0.0,0.0","-79.0,0.0,0.0"
1747092397.2724607,"-34.0,0.0,0.0","-11.0,0.0,0.0","-45.0,0.0,0.0","-76.0,0.0,0.0"
1747092397.3233733,"-36.0,0.0,0.0","-16.0,0.0,0.0","-44.0,0.0,0.0","-71.0,0.0,0.0"
1747092397.3740363,"-38.0,0.0,0.0","-19.0,0.0,0.0","-43.0,0.0,0.0","-70.0,0.0,0.0"
1747092397.424165,"-43.0,0.0,0.0","-29.0,0.0,0.0","-42.0,0.0,0.0","-63.0,0.0,0.0"
1747092397.4747643,"-49.0,0.0,0.0","-39.0,0.0,0.0","-43.0,0.0,0.0","-60.0,0.0,0.0"
1747092397.5354125,"-55.0,0.0,0.0","-45.0,0.0,0.0","-44.0,0.0,0.0","-59.0,0.0,0.0"
1747092397.5870802,"-57.0,0.0,0.0","-46.0,0.0,0.0","-43.0,0.0,0.0","-60.0,0.0,0.0"
1747092397.6371505,"-59.0,0.0,0.0","-48.0,0.0,0.0","-41.0,0.0,0.0","-59.0,0.0,0.0"
1747092397.6877732,"-61.0,0.0,0.0","-50.0,0.0,0.0","-42.0,0.0,0.0","-58.0,0.0,0.0"
1747092397.7379375,"-61.0,0.0,0.0","-50.0,0.0,0.0","-42.0,0.0,0.0","-58.0,0.0,0.0"
1747092397.7882059,"-62.0,0.0,0.0","-50.0,0.0,0.0","-42.0,0.0,0.0","-59.0,0.0,0.0"
1747092397.83883,"-62.0,0.0,0.0","-50.0,0.0,0.0","-43.0,0.0,0.0","-60.0,0.0,0.0"
1747092397.8889203,"-62.0,0.0,0.0","-51.0,0.0,0.0","-44.0,0.0,0.0","-60.0,0.0,0.0"
1747092397.9390125,"-62.0,0.0,0.0","-52.0,0.0,0.0","-44.0,0.0,0.0","-59.0,0.0,0.0"
1747092397.9900885,"-64.0,0.0,0.0","-55.0,0.0,0.0","-43.0,0.0,0.0","-57.0,0.0,0.0"
1747092398.0403008,"-66.0,0.0,0.0","-55.0,0.0,0.0","-41.0,0.0,0.0","-56.0,0.0,0.0"
1747092398.0907788,"-66.0,0.0,0.0","-55.0,0.0,0.0","-39.0,0.0,0.0","-55.0,0.0,0.0"
1747092398.1409757,"-66.0,0.0,0.0","-55.0,0.0,0.0","-40.0,0.0,0.0","-55.0,0.0,0.0"
1747092398.1916177,"-66.0,0.0,0.0","-55.0,0.0,0.0","-40.0,0.0,0.0","-56.0,0.0,0.0"
1747092398.2418003,"-66.0,0.0,0.0","-55.0,0.0,0.0","-40.0,0.0,0.0","-56.0,0.0,0.0"
1747092398.2924404,"-65.0,0.0,0.0","-55.0,0.0,0.0","-40.0,0.0,0.0","-57.0,0.0,0.0"
1747092398.3429413,"-66.0,0.0,0.0","-54.0,0.0,0.0","-40.0,0.0,0.0","-58.0,0.0,0.0"
1747092398.393967,"-65.0,0.0,0.0","-54.0,0.0,0.0","-40.0,0.0,0.0","-59.0,0.0,0.0"
1747092398.4441922,"-65.0,0.0,0.0","-53.0,0.0,0.0","-40.0,0.0,0.0","-60.0,0.0,0.0"
1747092398.4951186,"-65.0,0.0,0.0","-53.0,0.0,0.0","-40.0,0.0,0.0","-60.0,0.0,0.0"
1747092398.5451646,"-65.0,0.0,0.0","-53.0,0.0,0.0","-40.0,0.0,0.0","-60.0,0.0,0.0"
1747092398.5953112,"-65.0,0.0,0.0","-53.0,0.0,0.0","-40.0,0.0,0.0","-60.0,0.0,0.0"
1747092398.645943,"-65.0,0.0,0.0","-53.0,0.0,0.0","-40.0,0.0,0.0","-60.0,0.0,0.0"
1747092398.696112,"-65.0,0.0,0.0","-53.0,0.0,0.0","-40.0,0.0,0.0","-60.0,0.0,0.0"
1747092398.747089,"-65.0,0.0,0.0","-53.0,0.0,0.0","-40.0,0.0,0.0","-60.0,0.0,0.0"
1747092398.7978303,"-65.0,0.0,0.0","-53.0,0.0,0.0","-40.0,0.0,0.0","-60.0,0.0,0.0"
1747092398.8497996,"-67.0,0.0,0.0","-54.0,0.0,0.0","-35.0,0.0,0.0","-58.0,0.0,0.0"
1747092398.9009783,"-71.0,0.0,0.0","-57.0,0.0,0.0","-28.0,0.0,0.0","-52.0,0.0,0.0"
1747092398.951363,"-72.0,0.0,0.0","-61.0,0.0,0.0","-25.0,0.0,0.0","-46.0,0.0,0.0"
1747092399.001935,"-74.0,0.0,0.0","-64.0,0.0,0.0","-20.0,0.0,0.0","-40.0,0.0,0.0"
1747092399.0520139,"-79.0,0.0,0.0","-71.0,0.0,0.0","-8.0,0.0,0.0","-23.0,0.0,0.0"
1747092399.1021342,"-81.0,0.0,0.0","-73.0,0.0,0.0","-5.0,0.0,0.0","-15.0,0.0,0.0"
1747092399.1525388,"-84.0,0.0,0.0","-77.0,0.0,0.0","-1.0,0.0,0.0","-9.0,0.0,0.0"
1747092399.203263,"-85.0,0.0,0.0","-79.0,0.0,0.0","0.0,0.0,0.0","-7.0,0.0,0.0"
1747092399.253349,"-86.0,0.0,0.0","-79.0,0.0,0.0","0.0,0.0,0.0","-6.0,0.0,0.0"
1747092399.3038056,"-86.0,0.0,0.0","-79.0,0.0,0.0","0.0,0.0,0.0","-7.0,0.0,0.0"
1747092399.3541358,"-86.0,0.0,0.0","-80.0,0.0,0.0","-1.0,0.0,0.0","-8.0,0.0,0.0"
1747092399.4048731,"-86.0,0.0,0.0","-81.0,0.0,0.0","-2.0,0.0,0.0","-8.0,0.0,0.0"
1747092399.4551601,"-86.0,0.0,0.0","-81.0,0.0,0.0","-2.0,0.0,0.0","-9.0,0.0,0.0"
1747092399.5053678,"-86.0,0.0,0.0","-82.0,0.0,0.0","-3.0,0.0,0.0","-9.0,0.0,0.0"
1747092399.5557284,"-86.0,0.0,0.0","-82.0,0.0,0.0","-4.0,0.0,0.0","-9.0,0.0,0.0"
1747092399.6061525,"-87.0,0.0,0.0","-82.0,0.0,0.0","-3.0,0.0,0.0","-9.0,0.0,0.0"
1747092399.656316,"-87.0,0.0,0.0","-82.0,0.0,0.0","-3.0,0.0,0.0","-9.0,0.0,0.0"
1747092399.706908,"-87.0,0.0,0.0","-81.0,0.0,0.0","-3.0,0.0,0.0","-9.0,0.0,0.0"
1747092399.7578373,"-87.0,0.0,0.0","-81.0,0.0,0.0","-2.0,0.0,0.0","-8.0,0.0,0.0"
1747092399.8080993,"-87.0,0.0,0.0","-81.0,0.0,0.0","-1.0,0.0,0.0","-7.0,0.0,0.0"
1747092399.8588896,"-86.0,0.0,0.0","-80.0,0.0,0.0","0.0,0.0,0.0","-6.0,0.0,0.0"
1747092399.9089983,"-83.0,0.0,0.0","-78.0,0.0,0.0","3.0,0.0,0.0","0.0,0.0,0.0"
1747092399.9590847,"-80.0,0.0,0.0","-76.0,0.0,0.0","4.0,0.0,0.0","2.0,0.0,0.0"
1747092400.0098503,"-78.0,0.0,0.0","-75.0,0.0,0.0","5.0,0.0,0.0","7.0,0.0,0.0"
1747092400.060047,"-71.0,0.0,0.0","-69.0,0.0,0.0","4.0,0.0,0.0","18.0,0.0,0.0"
1747092400.1103606,"-68.0,0.0,0.0","-63.0,0.0,0.0","6.0,0.0,0.0","14.0,0.0,0.0"
1747092400.1610684,"-65.0,0.0,0.0","-58.0,0.0,0.0","7.0,0.0,0.0","19.0,0.0,0.0"
1747092400.2114418,"-57.0,0.0,0.0","-42.0,0.0,0.0","9.0,0.0,0.0","21.0,0.0,0.0"
1747092400.2618604,"-45.0,0.0,0.0","-21.0,0.0,0.0","5.0,0.0,0.0","17.0,0.0,0.0"
1747092400.3128572,"-39.0,0.0,0.0","-12.0,0.0,0.0","3.0,0.0,0.0","17.0,0.0,0.0"
1747092400.363052,"-29.0,0.0,0.0","-3.0,0.0,0.0","1.0,0.0,0.0","26.0,0.0,0.0"
1747092400.413846,"-27.0,0.0,0.0","2.0,0.0,0.0","2.0,0.0,0.0","23.0,0.0,0.0"
1747092400.464246,"-20.0,0.0,0.0","15.0,0.0,0.0","11.0,0.0,0.0","11.0,0.0,0.0"
1747092400.5142684,"-14.0,0.0,0.0","20.0,0.0,0.0","10.0,0.0,0.0","11.0,0.0,0.0"
1747092400.5649145,"-12.0,0.0,0.0","23.0,0.0,0.0","10.0,0.0,0.0","12.0,0.0,0.0"
1747092400.6157186,"-7.0,0.0,0.0","25.0,0.0,0.0","9.0,0.0,0.0","10.0,0.0,0.0"
1747092400.6662087,"0.0,0.0,0.0","26.0,0.0,0.0","4.0,0.0,0.0","11.0,0.0,0.0"
1747092400.716852,"2.0,0.0,0.0","26.0,0.0,0.0","4.0,0.0,0.0","11.0,0.0,0.0"
1747092400.7668557,"6.0,0.0,0.0","27.0,0.0,0.0","2.0,0.0,0.0","11.0,0.0,0.0"
1747092400.818718,"11.0,0.0,0.0","27.0,0.0,0.0","-3.0,0.0,0.0","11.0,0.0,0.0"
1747092400.8688242,"12.0,0.0,0.0","26.0,0.0,0.0","-2.0,0.0,0.0","11.0,0.0,0.0"
1747092400.919199,"14.0,0.0,0.0","26.0,0.0,0.0","-1.0,0.0,0.0","10.0,0.0,0.0"
1747092400.9699254,"14.0,0.0,0.0","25.0,0.0,0.0","-1.0,0.0,0.0","10.0,0.0,0.0"
1747092401.0199773,"15.0,0.0,0.0","25.0,0.0,0.0","0.0,0.0,0.0","9.0,0.0,0.0"
1747092401.0699866,"15.0,0.0,0.0","24.0,0.0,0.0","2.0,0.0,0.0","4.0,0.0,0.0"
1747092401.1201503,"15.0,0.0,0.0","20.0,0.0,0.0","4.0,0.0,0.0","2.0,0.0,0.0"
1747092401.1705623,"15.0,0.0,0.0","16.0,0.0,0.0","5.0,0.0,0.0","3.0,0.0,0.0"
1747092401.221356,"15.0,0.0,0.0","7.0,0.0,0.0","6.0,0.0,0.0","11.0,0.0,0.0"
1747092401.2719476,"15.0,0.0,0.0","2.0,0.0,0.0","7.0,0.0,0.0","17.0,0.0,0.0"
1747092401.3226016,"15.0,0.0,0.0","0.0,0.0,0.0","7.0,0.0,0.0","17.0,0.0,0.0"
1747092401.3731935,"15.0,0.0,0.0","-7.0,0.0,0.0","7.0,0.0,0.0","17.0,0.0,0.0"
1747092401.4233263,"15.0,0.0,0.0","-9.0,0.0,0.0","7.0,0.0,0.0","16.0,0.0,0.0"
1747092401.4740129,"15.0,0.0,0.0","-10.0,0.0,0.0","7.0,0.0,0.0","13.0,0.0,0.0"
1747092401.5244417,"16.0,0.0,0.0","-12.0,0.0,0.0","7.0,0.0,0.0","13.0,0.0,0.0"
1747092401.57497,"16.0,0.0,0.0","-12.0,0.0,0.0","7.0,0.0,0.0","13.0,0.0,0.0"
1747092401.6250992,"16.0,0.0,0.0","-13.0,0.0,0.0","7.0,0.0,0.0","13.0,0.0,0.0"
1747092401.676116,"16.0,0.0,0.0","-13.0,0.0,0.0","7.0,0.0,0.0","13.0,0.0,0.0"
1747092401.7270813,"16.0,0.0,0.0","-13.0,0.0,0.0","7.0,0.0,0.0","13.0,0.0,0.0"
1747092401.7777698,"16.0,0.0,0.0","-12.0,0.0,0.0","7.0,0.0,0.0","12.0,0.0,0.0"
1747092401.8279696,"16.0,0.0,0.0","-12.0,0.0,0.0","7.0,0.0,0.0","12.0,0.0,0.0"
1747092401.8789463,"16.0,0.0,0.0","-12.0,0.0,0.0","7.0,0.0,0.0","12.0,0.0,0.0"
1747092401.929128,"16.0,0.0,0.0","-12.0,0.0,0.0","7.0,0.0,0.0","12.0,0.0,0.0"
1747092401.9795084,"16.0,0.0,0.0","-12.0,0.0,0.0","6.0,0.0,0.0","12.0,0.0,0.0"
1747092402.031302,"16.0,0.0,0.0","-12.0,0.0,0.0","6.0,0.0,0.0","12.0,0.0,0.0"
1747092402.0820334,"16.0,0.0,0.0","-13.0,0.0,0.0","5.0,0.0,0.0","12.0,0.0,0.0"
1747092402.1327562,"16.0,0.0,0.0","-13.0,0.0,0.0","4.0,0.0,0.0","11.0,0.0,0.0"
1747092402.185877,"16.0,0.0,0.0","-14.0,0.0,0.0","3.0,0.0,0.0","10.0,0.0,0.0"
1747092402.23611,"16.0,0.0,0.0","-14.0,0.0,0.0","2.0,0.0,0.0","9.0,0.0,0.0"
1747092402.2867374,"15.0,0.0,0.0","-15.0,0.0,0.0","0.0,0.0,0.0","7.0,0.0,0.0"
1747092402.337095,"15.0,0.0,0.0","-15.0,0.0,0.0","0.0,0.0,0.0","8.0,0.0,0.0"
1747092402.3871882,"14.0,0.0,0.0","-15.0,0.0,0.0","0.0,0.0,0.0","8.0,0.0,0.0"
1747092402.4379106,"11.0,0.0,0.0","-14.0,0.0,0.0","0.0,0.0,0.0","10.0,0.0,0.0"
1747092402.4881804,"7.0,0.0,0.0","-13.0,0.0,0.0","3.0,0.0,0.0","11.0,0.0,0.0"
1747092402.5392683,"3.0,0.0,0.0","-13.0,0.0,0.0","4.0,0.0,0.0","12.0,0.0,0.0"
