timestamp,l_shoulder,r_shoulder,l_elbow,r_elbow,chest
1747092047.5844448,"-97.0,0.0,0.0","-88.0,0.0,0.0","0.0,0.0,0.0","0.0,0.0,0.0","0,0,0"
1747092047.6349251,"-96.0,0.0,0.0","-88.0,0.0,0.0","0.0,0.0,0.0","0.0,0.0,0.0","0,0,0"
1747092047.6849887,"-96.0,0.0,0.0","-88.0,0.0,0.0","0.0,0.0,0.0","0.0,0.0,0.0","0,0,0"
1747092047.7350867,"-96.0,0.0,0.0","-88.0,0.0,0.0","0.0,0.0,0.0","0.0,0.0,0.0","0,0,0"
1747092047.78509,"-96.0,0.0,0.0","-88.0,0.0,0.0","0.0,0.0,0.0","0.0,0.0,0.0","0,0,0"
1747092047.8353646,"-96.0,0.0,0.0","-88.0,0.0,0.0","0.0,0.0,0.0","0.0,0.0,0.0","0,0,0"
1747092047.8860083,"-96.0,0.0,0.0","-88.0,0.0,0.0","0.0,0.0,0.0","0.0,0.0,0.0","0,0,0"
1747092047.9360306,"-96.0,0.0,0.0","-88.0,0.0,0.0","0.0,0.0,0.0","0.0,0.0,0.0","0,0,0"
1747092047.9870002,"-97.0,0.0,0.0","-88.0,0.0,0.0","0.0,0.0,0.0","0.0,0.0,0.0","0,0,0"
1747092048.0375268,"-97.0,0.0,0.0","-88.0,0.0,0.0","0.0,0.0,0.0","0.0,0.0,0.0","0,0,0"
1747092048.0878778,"-97.0,0.0,0.0","-88.0,0.0,0.0","0.0,0.0,0.0","0.0,0.0,0.0","0,0,0"
1747092048.1386647,"-97.0,0.0,0.0","-88.0,0.0,0.0","0.0,0.0,0.0","0.0,0.0,0.0","0,0,0"
1747092048.1893086,"-96.0,0.0,0.0","-88.0,0.0,0.0","0.0,0.0,0.0","0.0,0.0,0.0","0,0,0"
1747092048.239915,"-97.0,0.0,0.0","-88.0,0.0,0.0","0.0,0.0,0.0","0.0,0.0,0.0","0,0,0"
1747092048.289924,"-97.0,0.0,0.0","-88.0,0.0,0.0","0.0,0.0,0.0","0.0,0.0,0.0","0,0,0"
1747092048.339954,"-97.0,0.0,0.0","-88.0,0.0,0.0","0.0,0.0,0.0","0.0,0.0,0.0","0,0,0"
1747092048.3899539,"-97.0,0.0,0.0","-88.0,0.0,0.0","0.0,0.0,0.0","0.0,0.0,0.0","0,0,0"
1747092048.440479,"-97.0,0.0,0.0","-88.0,0.0,0.0","0.0,0.0,0.0","0.0,0.0,0.0","0,0,0"
1747092048.4904807,"-96.0,0.0,0.0","-88.0,0.0,0.0","0.0,0.0,0.0","0.0,0.0,0.0","0,0,0"
1747092048.5410078,"-96.0,0.0,0.0","-88.0,0.0,0.0","0.0,0.0,0.0","0.0,0.0,0.0","0,0,0"
1747092048.5910175,"-96.0,0.0,0.0","-88.0,0.0,0.0","0.0,0.0,0.0","0.0,0.0,0.0","0,0,0"
1747092048.641093,"-97.0,0.0,0.0","-88.0,0.0,0.0","0.0,0.0,0.0","0.0,0.0,0.0","0,0,0"
1747092048.6921034,"-97.0,0.0,0.0","-88.0,0.0,0.0","0.0,0.0,0.0","0.0,0.0,0.0","0,0,0"
1747092048.742637,"-97.0,0.0,0.0","-88.0,0.0,0.0","0.0,0.0,0.0","0.0,0.0,0.0","0,0,0"
1747092048.7926404,"-97.0,0.0,0.0","-88.0,0.0,0.0","0.0,0.0,0.0","0.0,0.0,0.0","0,0,0"
1747092048.8432891,"-97.0,0.0,0.0","-88.0,0.0,0.0","0.0,0.0,0.0","0.0,0.0,0.0","0,0,0"
1747092048.893301,"-97.0,0.0,0.0","-88.0,0.0,0.0","0.0,0.0,0.0","0.0,0.0,0.0","0,0,0"
1747092048.9433427,"-96.0,0.0,0.0","-88.0,0.0,0.0","0.0,0.0,0.0","0.0,0.0,0.0","0,0,0"
1747092048.9933596,"-97.0,0.0,0.0","-88.0,0.0,0.0","0.0,0.0,0.0","0.0,0.0,0.0","0,0,0"
1747092049.0438743,"-97.0,0.0,0.0","-88.0,0.0,0.0","0.0,0.0,0.0","0.0,0.0,0.0","0,0,0"
1747092049.0938773,"-96.0,0.0,0.0","-88.0,0.0,0.0","0.0,0.0,0.0","0.0,0.0,0.0","0,0,0"
1747092049.1443946,"-96.0,0.0,0.0","-88.0,0.0,0.0","0.0,0.0,0.0","0.0,0.0,0.0","0,0,0"
1747092049.1944087,"-96.0,0.0,0.0","-88.0,0.0,0.0","0.0,0.0,0.0","0.0,0.0,0.0","0,0,0"
1747092049.2449317,"-96.0,0.0,0.0","-88.0,0.0,0.0","0.0,0.0,0.0","0.0,0.0,0.0","0,0,0"
1747092049.2949412,"-96.0,0.0,0.0","-88.0,0.0,0.0","0.0,0.0,0.0","0.0,0.0,0.0","0,0,0"
1747092049.3455107,"-96.0,0.0,0.0","-88.0,0.0,0.0","0.0,0.0,0.0","0.0,0.0,0.0","0,0,0"
1747092049.3955176,"-96.0,0.0,0.0","-88.0,0.0,0.0","0.0,0.0,0.0","0.0,0.0,0.0","0,0,0"
1747092049.4460392,"-97.0,0.0,0.0","-88.0,0.0,0.0","0.0,0.0,0.0","0.0,0.0,0.0","0,0,0"
1747092049.4960537,"-96.0,0.0,0.0","-88.0,0.0,0.0","0.0,0.0,0.0","0.0,0.0,0.0","0,0,0"
1747092049.5465739,"-96.0,0.0,0.0","-88.0,0.0,0.0","0.0,0.0,0.0","0.0,0.0,0.0","0,0,0"
1747092049.59658,"-96.0,0.0,0.0","-88.0,0.0,0.0","0.0,0.0,0.0","0.0,0.0,0.0","0,0,0"
1747092049.646644,"-96.0,0.0,0.0","-88.0,0.0,0.0","0.0,0.0,0.0","0.0,0.0,0.0","0,0,0"
1747092049.6966476,"-96.0,0.0,0.0","-88.0,0.0,0.0","0.0,0.0,0.0","0.0,0.0,0.0","0,0,0"
1747092049.7471771,"-96.0,0.0,0.0","-88.0,0.0,0.0","0.0,0.0,0.0","0.0,0.0,0.0","0,0,0"
1747092049.7977068,"-96.0,0.0,0.0","-88.0,0.0,0.0","0.0,0.0,0.0","0.0,0.0,0.0","0,0,0"
1747092049.8482234,"-96.0,0.0,0.0","-88.0,0.0,0.0","0.0,0.0,0.0","0.0,0.0,0.0","0,0,0"
1747092049.898238,"-96.0,0.0,0.0","-88.0,0.0,0.0","0.0,0.0,0.0","0.0,0.0,0.0","0,0,0"
1747092049.9487548,"-96.0,0.0,0.0","-88.0,0.0,0.0","0.0,0.0,0.0","0.0,0.0,0.0","0,0,0"
1747092049.9987597,"-96.0,0.0,0.0","-88.0,0.0,0.0","0.0,0.0,0.0","0.0,0.0,0.0","0,0,0"
1747092050.0492823,"-96.0,0.0,0.0","-88.0,0.0,0.0","0.0,0.0,0.0","0.0,0.0,0.0","0,0,0"
1747092050.0998008,"-96.0,0.0,0.0","-88.0,0.0,0.0","0.0,0.0,0.0","0.0,0.0,0.0","0,0,0"
1747092050.1505823,"-96.0,0.0,0.0","-88.0,0.0,0.0","0.0,0.0,0.0","0.0,0.0,0.0","0,0,0"
1747092050.2008536,"-96.0,0.0,0.0","-88.0,0.0,0.0","0.0,0.0,0.0","0.0,0.0,0.0","0,0,0"
1747092050.2512968,"-96.0,0.0,0.0","-88.0,0.0,0.0","0.0,0.0,0.0","0.0,0.0,0.0","0,0,0"
1747092050.3013208,"-96.0,0.0,0.0","-88.0,0.0,0.0","0.0,0.0,0.0","0.0,0.0,0.0","0,0,0"
1747092050.352187,"-96.0,0.0,0.0","-88.0,0.0,0.0","0.0,0.0,0.0","0.0,0.0,0.0","0,0,0"
1747092050.4025283,"-97.0,0.0,0.0","-88.0,0.0,0.0","0.0,0.0,0.0","0.0,0.0,0.0","0,0,0"
1747092050.4531431,"-97.0,0.0,0.0","-88.0,0.0,0.0","0.0,0.0,0.0","0.0,0.0,0.0","0,0,0"
1747092050.5037415,"-97.0,0.0,0.0","-88.0,0.0,0.0","0.0,0.0,0.0","0.0,0.0,0.0","0,0,0"
1747092050.5546596,"-97.0,0.0,0.0","-88.0,0.0,0.0","0.0,0.0,0.0","0.0,0.0,0.0","0,0,0"
1747092050.6046646,"-97.0,0.0,0.0","-88.0,0.0,0.0","0.0,0.0,0.0","0.0,0.0,0.0","0,0,0"
1747092050.654784,"-97.0,0.0,0.0","-88.0,0.0,0.0","0.0,0.0,0.0","0.0,0.0,0.0","0,0,0"
1747092050.7047942,"-97.0,0.0,0.0","-88.0,0.0,0.0","0.0,0.0,0.0","0.0,0.0,0.0","0,0,0"
1747092050.7549293,"-97.0,0.0,0.0","-88.0,0.0,0.0","0.0,0.0,0.0","0.0,0.0,0.0","0,0,0"
1747092050.8050826,"-97.0,0.0,0.0","-88.0,0.0,0.0","0.0,0.0,0.0","0.0,0.0,0.0","0,0,0"
1747092050.8556166,"-97.0,0.0,0.0","-88.0,0.0,0.0","0.0,0.0,0.0","0.0,0.0,0.0","0,0,0"
1747092050.9056268,"-96.0,0.0,0.0","-88.0,0.0,0.0","0.0,0.0,0.0","0.0,0.0,0.0","0,0,0"
1747092050.9561455,"-96.0,0.0,0.0","-88.0,0.0,0.0","0.0,0.0,0.0","0.0,0.0,0.0","0,0,0"
1747092051.006158,"-96.0,0.0,0.0","-88.0,0.0,0.0","0.0,0.0,0.0","0.0,0.0,0.0","0,0,0"
1747092051.0566728,"-96.0,0.0,0.0","-88.0,0.0,0.0","0.0,0.0,0.0","0.0,0.0,0.0","0,0,0"
1747092051.1066833,"-96.0,0.0,0.0","-88.0,0.0,0.0","0.0,0.0,0.0","0.0,0.0,0.0","0,0,0"
1747092051.1572075,"-97.0,0.0,0.0","-88.0,0.0,0.0","0.0,0.0,0.0","0.0,0.0,0.0","0,0,0"
1747092051.20722,"-97.0,0.0,0.0","-88.0,0.0,0.0","0.0,0.0,0.0","0.0,0.0,0.0","0,0,0"
1747092051.2578337,"-97.0,0.0,0.0","-88.0,0.0,0.0","0.0,0.0,0.0","0.0,0.0,0.0","0,0,0"
1747092051.3085504,"-96.0,0.0,0.0","-88.0,0.0,0.0","0.0,0.0,0.0","0.0,0.0,0.0","0,0,0"
1747092051.3595078,"-96.0,0.0,0.0","-88.0,0.0,0.0","0.0,0.0,0.0","0.0,0.0,0.0","0,0,0"
1747092051.4099877,"-97.0,0.0,0.0","-89.0,0.0,0.0","0.0,0.0,0.0","0.0,0.0,0.0","0,0,0"
1747092051.4608235,"-97.0,0.0,0.0","-89.0,0.0,0.0","0.0,0.0,0.0","0.0,0.0,0.0","0,0,0"
1747092051.5112598,"-96.0,0.0,0.0","-88.0,0.0,0.0","0.0,0.0,0.0","0.0,0.0,0.0","0,0,0"
1747092051.5617616,"-96.0,0.0,0.0","-88.0,0.0,0.0","0.0,0.0,0.0","0.0,0.0,0.0","0,0,0"
1747092051.6122968,"-96.0,0.0,0.0","-88.0,0.0,0.0","0.0,0.0,0.0","0.0,0.0,0.0","0,0,0"
1747092051.6622982,"-96.0,0.0,0.0","-88.0,0.0,0.0","0.0,0.0,0.0","0.0,0.0,0.0","0,0,0"
1747092051.7128239,"-96.0,0.0,0.0","-87.0,0.0,0.0","0.0,0.0,0.0","0.0,0.0,0.0","0,0,0"
1747092051.763821,"-96.0,0.0,0.0","-87.0,0.0,0.0","0.0,0.0,0.0","0.0,0.0,0.0","0,0,0"
1747092051.8147514,"-96.0,0.0,0.0","-85.0,0.0,0.0","0.0,0.0,0.0","0.0,0.0,0.0","0,0,0"
1747092051.8647535,"-95.0,0.0,0.0","-84.0,0.0,0.0","0.0,0.0,0.0","0.0,0.0,0.0","0,0,0"
1747092051.9148,"-95.0,0.0,0.0","-84.0,0.0,0.0","0.0,0.0,0.0","0.0,0.0,0.0","0,0,0"
1747092051.9657993,"-95.0,0.0,0.0","-85.0,0.0,0.0","0.0,0.0,0.0","0.0,0.0,0.0","0,0,0"
1747092052.0163236,"-97.0,0.0,0.0","-86.0,0.0,0.0","0.0,0.0,0.0","0.0,0.0,0.0","0,0,0"
1747092052.0663245,"-97.0,0.0,0.0","-86.0,0.0,0.0","0.0,0.0,0.0","0.0,0.0,0.0","0,0,0"
1747092052.1168585,"-96.0,0.0,0.0","-85.0,0.0,0.0","0.0,0.0,0.0","0.0,0.0,0.0","0,0,0"
1747092052.166954,"-96.0,0.0,0.0","-85.0,0.0,0.0","0.0,0.0,0.0","0.0,0.0,0.0","0,0,0"
1747092052.2184896,"-97.0,0.0,0.0","-86.0,0.0,0.0","0.0,0.0,0.0","0.0,0.0,0.0","0,0,0"
1747092052.2694848,"-97.0,0.0,0.0","-86.0,0.0,0.0","0.0,0.0,0.0","0.0,0.0,0.0","0,0,0"
1747092052.319531,"-97.0,0.0,0.0","-87.0,0.0,0.0","0.0,0.0,0.0","0.0,0.0,0.0","0,0,0"
1747092052.3695314,"-97.0,0.0,0.0","-87.0,0.0,0.0","0.0,0.0,0.0","0.0,0.0,0.0","0,0,0"
1747092052.4198012,"-97.0,0.0,0.0","-87.0,0.0,0.0","0.0,0.0,0.0","0.0,0.0,0.0","0,0,0"
1747092052.4707968,"-97.0,0.0,0.0","-87.0,0.0,0.0","0.0,0.0,0.0","0.0,0.0,0.0","0,0,0"
1747092052.5213225,"-97.0,0.0,0.0","-87.0,0.0,0.0","0.0,0.0,0.0","0.0,0.0,0.0","0,0,0"
1747092052.5713432,"-97.0,0.0,0.0","-88.0,0.0,0.0","0.0,0.0,0.0","0.0,0.0,0.0","0,0,0"
1747092052.628025,"-97.0,0.0,0.0","-88.0,0.0,0.0","0.0,0.0,0.0","0.0,0.0,0.0","0,0,0"
1747092052.6782713,"-97.0,0.0,0.0","-88.0,0.0,0.0","0.0,0.0,0.0","0.0,0.0,0.0","0,0,0"
1747092052.7288058,"-97.0,0.0,0.0","-87.0,0.0,0.0","0.0,0.0,0.0","0.0,0.0,0.0","0,0,0"
1747092052.7795117,"-97.0,0.0,0.0","-87.0,0.0,0.0","0.0,0.0,0.0","0.0,0.0,0.0","0,0,0"
1747092052.8295457,"-97.0,0.0,0.0","-87.0,0.0,0.0","0.0,0.0,0.0","0.0,0.0,0.0","0,0,0"
1747092052.8804588,"-97.0,0.0,0.0","-87.0,0.0,0.0","0.0,0.0,0.0","0.0,0.0,0.0","0,0,0"
1747092052.9309807,"-97.0,0.0,0.0","-87.0,0.0,0.0","0.0,0.0,0.0","0.0,0.0,0.0","0,0,0"
1747092052.9815397,"-97.0,0.0,0.0","-87.0,0.0,0.0","0.0,0.0,0.0","0.0,0.0,0.0","0,0,0"
1747092053.032354,"-97.0,0.0,0.0","-88.0,0.0,0.0","0.0,0.0,0.0","0.0,0.0,0.0","0,0,0"
1747092053.0829108,"-97.0,0.0,0.0","-88.0,0.0,0.0","0.0,0.0,0.0","0.0,0.0,0.0","0,0,0"
1747092053.1336308,"-97.0,0.0,0.0","-88.0,0.0,0.0","0.0,0.0,0.0","0.0,0.0,0.0","0,0,0"
1747092053.1845717,"-100.0,0.0,0.0","-92.0,0.0,0.0","0.0,0.0,0.0","0.0,0.0,0.0","0,0,0"
1747092053.234698,"-101.0,0.0,0.0","-95.0,0.0,0.0","0.0,0.0,0.0","0.0,0.0,0.0","0,0,0"
1747092053.284711,"-102.0,0.0,0.0","-98.0,0.0,0.0","0.0,0.0,0.0","0.0,0.0,0.0","0,0,0"
1747092053.3352664,"-102.0,0.0,0.0","-101.0,0.0,0.0","0.0,0.0,0.0","0.0,0.0,0.0","0,0,0"
1747092053.3852718,"-102.0,0.0,0.0","-101.0,0.0,0.0","0.0,0.0,0.0","0.0,0.0,0.0","0,0,0"
1747092053.4357884,"-101.0,0.0,0.0","-101.0,0.0,0.0","0.0,0.0,0.0","0.0,0.0,0.0","0,0,0"
1747092053.4867866,"-101.0,0.0,0.0","-101.0,0.0,0.0","0.0,0.0,0.0","0.0,0.0,0.0","0,0,0"
1747092053.5371134,"-93.0,0.0,0.0","-100.0,0.0,0.0","0.0,0.0,0.0","0.0,0.0,0.0","0,0,0"
1747092053.5881116,"-88.0,0.0,0.0","-96.0,0.0,0.0","0.0,0.0,0.0","0.0,0.0,0.0","0,0,0"
1747092053.6386323,"-82.0,0.0,0.0","-90.0,0.0,0.0","0.0,0.0,0.0","0.0,0.0,0.0","0,0,0"
1747092053.688636,"-78.0,0.0,0.0","-88.0,0.0,0.0","0.0,0.0,0.0","0.0,0.0,0.0","0,0,0"
1747092053.739163,"-74.0,0.0,0.0","-85.0,0.0,0.0","0.0,0.0,0.0","0.0,0.0,0.0","0,0,0"
1747092053.789178,"-58.0,0.0,0.0","-71.0,0.0,0.0","0.0,0.0,0.0","0.0,0.0,0.0","0,0,0"
1747092053.8392148,"-47.0,0.0,0.0","-58.0,0.0,0.0","0.0,0.0,0.0","0.0,0.0,0.0","0,0,0"
1747092053.8902078,"-43.0,0.0,0.0","-53.0,0.0,0.0","-24.0,0.0,0.0","0.0,0.0,0.0","0,0,0"
1747092053.9407265,"-37.0,0.0,0.0","-45.0,0.0,0.0","-24.0,0.0,0.0","0.0,0.0,0.0","0,0,0"
1747092053.9907303,"-29.0,0.0,0.0","-35.0,0.0,0.0","-24.0,0.0,0.0","-3.0,0.0,0.0","0,0,0"
1747092054.041118,"-24.0,0.0,0.0","-27.0,0.0,0.0","-24.0,0.0,0.0","2.0,0.0,0.0","0,0,0"
1747092054.0921223,"-20.0,0.0,0.0","-21.0,0.0,0.0","-24.0,0.0,0.0","10.0,0.0,0.0","0,0,0"
1747092054.142648,"-14.0,0.0,0.0","-13.0,0.0,0.0","-24.0,0.0,0.0","18.0,0.0,0.0","0,0,0"
1747092054.1926556,"-14.0,0.0,0.0","-13.0,0.0,0.0","-24.0,0.0,0.0","20.0,0.0,0.0","0,0,0"
1747092054.2431865,"-14.0,0.0,0.0","-13.0,0.0,0.0","-24.0,0.0,0.0","21.0,0.0,0.0","0,0,0"
1747092054.2931912,"-13.0,0.0,0.0","-13.0,0.0,0.0","-10.0,0.0,0.0","22.0,0.0,0.0","0,0,0"
1747092054.3432214,"-12.0,0.0,0.0","-13.0,0.0,0.0","-10.0,0.0,0.0","23.0,0.0,0.0","0,0,0"
1747092054.3952136,"-12.0,0.0,0.0","-13.0,0.0,0.0","-10.0,0.0,0.0","23.0,0.0,0.0","0,0,0"
1747092054.4457529,"-12.0,0.0,0.0","-14.0,0.0,0.0","-9.0,0.0,0.0","23.0,0.0,0.0","0,0,0"
1747092054.4967506,"-12.0,0.0,0.0","-14.0,0.0,0.0","-9.0,0.0,0.0","22.0,0.0,0.0","0,0,0"
1747092054.5469368,"-12.0,0.0,0.0","-16.0,0.0,0.0","-9.0,0.0,0.0","21.0,0.0,0.0","0,0,0"
1747092054.5979364,"-12.0,0.0,0.0","-16.0,0.0,0.0","-8.0,0.0,0.0","21.0,0.0,0.0","0,0,0"
1747092054.6479745,"-12.0,0.0,0.0","-16.0,0.0,0.0","-8.0,0.0,0.0","20.0,0.0,0.0","0,0,0"
1747092054.697988,"-12.0,0.0,0.0","-16.0,0.0,0.0","-8.0,0.0,0.0","20.0,0.0,0.0","0,0,0"
1747092054.7482996,"-12.0,0.0,0.0","-16.0,0.0,0.0","-8.0,0.0,0.0","20.0,0.0,0.0","0,0,0"
1747092054.7988229,"-12.0,0.0,0.0","-16.0,0.0,0.0","-8.0,0.0,0.0","20.0,0.0,0.0","0,0,0"
1747092054.849351,"-12.0,0.0,0.0","-15.0,0.0,0.0","-8.0,0.0,0.0","20.0,0.0,0.0","0,0,0"
1747092054.8993623,"-12.0,0.0,0.0","-14.0,0.0,0.0","-8.0,0.0,0.0","20.0,0.0,0.0","0,0,0"
1747092054.9494014,"-12.0,0.0,0.0","-13.0,0.0,0.0","-8.0,0.0,0.0","20.0,0.0,0.0","0,0,0"
1747092054.9994075,"-12.0,0.0,0.0","-13.0,0.0,0.0","-8.0,0.0,0.0","20.0,0.0,0.0","0,0,0"
1747092055.049935,"-12.0,0.0,0.0","-13.0,0.0,0.0","-8.0,0.0,0.0","20.0,0.0,0.0","0,0,0"
1747092055.0999486,"-12.0,0.0,0.0","-13.0,0.0,0.0","-8.0,0.0,0.0","20.0,0.0,0.0","0,0,0"
1747092055.1499963,"-12.0,0.0,0.0","-13.0,0.0,0.0","-8.0,0.0,0.0","20.0,0.0,0.0","0,0,0"
1747092055.2000048,"-12.0,0.0,0.0","-13.0,0.0,0.0","-8.0,0.0,0.0","20.0,0.0,0.0","0,0,0"
1747092055.250056,"-12.0,0.0,0.0","-13.0,0.0,0.0","-9.0,0.0,0.0","20.0,0.0,0.0","0,0,0"
1747092055.3005238,"-12.0,0.0,0.0","-13.0,0.0,0.0","-9.0,0.0,0.0","21.0,0.0,0.0","0,0,0"
1747092055.3510416,"-12.0,0.0,0.0","-13.0,0.0,0.0","-9.0,0.0,0.0","20.0,0.0,0.0","0,0,0"
1747092055.4010553,"-12.0,0.0,0.0","-13.0,0.0,0.0","-9.0,0.0,0.0","20.0,0.0,0.0","0,0,0"
1747092055.4515815,"-12.0,0.0,0.0","-13.0,0.0,0.0","-10.0,0.0,0.0","20.0,0.0,0.0","0,0,0"
1747092055.501593,"-12.0,0.0,0.0","-12.0,0.0,0.0","-10.0,0.0,0.0","20.0,0.0,0.0","0,0,0"
1747092055.552112,"-12.0,0.0,0.0","-12.0,0.0,0.0","-11.0,0.0,0.0","20.0,0.0,0.0","0,0,0"
1747092055.602115,"-12.0,0.0,0.0","-12.0,0.0,0.0","-11.0,0.0,0.0","20.0,0.0,0.0","0,0,0"
1747092055.652639,"-12.0,0.0,0.0","-12.0,0.0,0.0","-11.0,0.0,0.0","20.0,0.0,0.0","0,0,0"
1747092055.7026393,"-12.0,0.0,0.0","-12.0,0.0,0.0","-11.0,0.0,0.0","20.0,0.0,0.0","0,0,0"
1747092055.753157,"-12.0,0.0,0.0","-11.0,0.0,0.0","-11.0,0.0,0.0","21.0,0.0,0.0","0,0,0"
1747092055.803691,"-12.0,0.0,0.0","-11.0,0.0,0.0","-12.0,0.0,0.0","21.0,0.0,0.0","0,0,0"
1747092055.8542068,"-12.0,0.0,0.0","-11.0,0.0,0.0","-12.0,0.0,0.0","21.0,0.0,0.0","0,0,0"
1747092055.9042132,"-12.0,0.0,0.0","-11.0,0.0,0.0","-12.0,0.0,0.0","21.0,0.0,0.0","0,0,0"
1747092055.9547381,"-12.0,0.0,0.0","-11.0,0.0,0.0","-12.0,0.0,0.0","22.0,0.0,0.0","0,0,0"
1747092056.005269,"-12.0,0.0,0.0","-10.0,0.0,0.0","-11.0,0.0,0.0","22.0,0.0,0.0","0,0,0"
1747092056.0556018,"-11.0,0.0,0.0","-10.0,0.0,0.0","-11.0,0.0,0.0","22.0,0.0,0.0","0,0,0"
1747092056.1056128,"-11.0,0.0,0.0","-9.0,0.0,0.0","-11.0,0.0,0.0","24.0,0.0,0.0","0,0,0"
1747092056.1561296,"-10.0,0.0,0.0","-7.0,0.0,0.0","-10.0,0.0,0.0","27.0,0.0,0.0","0,0,0"
1747092056.206139,"-9.0,0.0,0.0","-5.0,0.0,0.0","-9.0,0.0,0.0","31.0,0.0,0.0","0,0,0"
1747092056.2566538,"-9.0,0.0,0.0","-3.0,0.0,0.0","-9.0,0.0,0.0","33.0,0.0,0.0","0,0,0"
1747092056.307186,"-6.0,0.0,0.0","0.0,0.0,0.0","-7.0,0.0,0.0","35.0,0.0,0.0","0,0,0"
1747092056.3577006,"-2.0,0.0,0.0","7.0,0.0,0.0","-6.0,0.0,0.0","37.0,0.0,0.0","0,0,0"
1747092056.4077163,"3.0,0.0,0.0","13.0,0.0,0.0","1.0,0.0,0.0","41.0,0.0,0.0","0,0,0"
1747092056.4583492,"8.0,0.0,0.0","21.0,0.0,0.0","5.0,0.0,0.0","43.0,0.0,0.0","0,0,0"
1747092056.508361,"12.0,0.0,0.0","27.0,0.0,0.0","10.0,0.0,0.0","47.0,0.0,0.0","0,0,0"
1747092056.5588875,"17.0,0.0,0.0","36.0,0.0,0.0","15.0,0.0,0.0","51.0,0.0,0.0","0,0,0"
1747092056.6088955,"21.0,0.0,0.0","41.0,0.0,0.0","20.0,0.0,0.0","53.0,0.0,0.0","0,0,0"
1747092056.6594784,"29.0,0.0,0.0","54.0,0.0,0.0","30.0,0.0,0.0","0.0,0.0,0.0","0,0,0"
1747092056.7096825,"34.0,0.0,0.0","60.0,0.0,0.0","37.0,0.0,0.0","0.0,0.0,0.0","0,0,0"
1747092056.7596877,"49.0,0.0,0.0","47.0,0.0,0.0","0.0,0.0,0.0","0.0,0.0,0.0","0,0,0"
1747092056.8101516,"53.0,0.0,0.0","53.0,0.0,0.0","0.0,0.0,0.0","0.0,0.0,0.0","0,0,0"
1747092056.8608754,"55.0,0.0,0.0","54.0,0.0,0.0","0.0,0.0,0.0","0.0,0.0,0.0","0,0,0"
1747092056.9118505,"57.0,0.0,0.0","56.0,0.0,0.0","0.0,0.0,0.0","0.0,0.0,0.0","0,0,0"
1747092056.9624512,"66.0,0.0,0.0","65.0,0.0,0.0","0.0,0.0,0.0","0.0,0.0,0.0","0,0,0"
1747092057.0130472,"68.0,0.0,0.0","69.0,0.0,0.0","0.0,0.0,0.0","0.0,0.0,0.0","0,0,0"
1747092057.0648174,"74.0,0.0,0.0","71.0,0.0,0.0","0.0,0.0,0.0","0.0,0.0,0.0","0,0,0"
1747092057.1150002,"77.0,0.0,0.0","74.0,0.0,0.0","0.0,0.0,0.0","0.0,0.0,0.0","0,0,0"
1747092057.1655843,"80.0,0.0,0.0","76.0,0.0,0.0","0.0,0.0,0.0","0.0,0.0,0.0","0,0,0"
1747092057.2161808,"84.0,0.0,0.0","78.0,0.0,0.0","0.0,0.0,0.0","0.0,0.0,0.0","0,0,0"
1747092057.266551,"86.0,0.0,0.0","79.0,0.0,0.0","0.0,0.0,0.0","0.0,0.0,0.0","0,0,0"
1747092057.3174644,"90.0,0.0,0.0","80.0,0.0,0.0","0.0,0.0,0.0","0.0,0.0,0.0","0,0,0"
1747092057.3685613,"91.0,0.0,0.0","81.0,0.0,0.0","0.0,0.0,0.0","0.0,0.0,0.0","0,0,0"
1747092057.4190843,"91.0,0.0,0.0","81.0,0.0,0.0","0.0,0.0,0.0","0.0,0.0,0.0","0,0,0"
1747092057.4700801,"92.0,0.0,0.0","81.0,0.0,0.0","0.0,0.0,0.0","0.0,0.0,0.0","0,0,0"
1747092057.5206108,"92.0,0.0,0.0","81.0,0.0,0.0","0.0,0.0,0.0","0.0,0.0,0.0","0,0,0"
1747092057.5716069,"93.0,0.0,0.0","81.0,0.0,0.0","0.0,0.0,0.0","0.0,0.0,0.0","0,0,0"
1747092057.6221414,"93.0,0.0,0.0","81.0,0.0,0.0","0.0,0.0,0.0","0.0,0.0,0.0","0,0,0"
1747092057.6811402,"93.0,0.0,0.0","81.0,0.0,0.0","0.0,0.0,0.0","0.0,0.0,0.0","0,0,0"
1747092057.7316637,"95.0,0.0,0.0","81.0,0.0,0.0","0.0,0.0,0.0","0.0,0.0,0.0","0,0,0"
1747092057.78266,"95.0,0.0,0.0","81.0,0.0,0.0","0.0,0.0,0.0","0.0,0.0,0.0","0,0,0"
1747092057.833717,"95.0,0.0,0.0","81.0,0.0,0.0","0.0,0.0,0.0","0.0,0.0,0.0","0,0,0"
1747092057.8847136,"95.0,0.0,0.0","81.0,0.0,0.0","0.0,0.0,0.0","0.0,0.0,0.0","0,0,0"
1747092057.9350505,"95.0,0.0,0.0","80.0,0.0,0.0","0.0,0.0,0.0","0.0,0.0,0.0","0,0,0"
1747092057.986049,"95.0,0.0,0.0","80.0,0.0,0.0","0.0,0.0,0.0","0.0,0.0,0.0","0,0,0"
1747092058.036583,"95.0,0.0,0.0","80.0,0.0,0.0","0.0,0.0,0.0","0.0,0.0,0.0","0,0,0"
1747092058.0865834,"95.0,0.0,0.0","80.0,0.0,0.0","0.0,0.0,0.0","0.0,0.0,0.0","0,0,0"
1747092058.1371067,"94.0,0.0,0.0","80.0,0.0,0.0","0.0,0.0,0.0","0.0,0.0,0.0","0,0,0"
1747092058.188106,"94.0,0.0,0.0","80.0,0.0,0.0","0.0,0.0,0.0","0.0,0.0,0.0","0,0,0"
1747092058.23865,"94.0,0.0,0.0","80.0,0.0,0.0","0.0,0.0,0.0","0.0,0.0,0.0","0,0,0"
1747092058.2886574,"94.0,0.0,0.0","80.0,0.0,0.0","0.0,0.0,0.0","0.0,0.0,0.0","0,0,0"
1747092058.3386948,"94.0,0.0,0.0","80.0,0.0,0.0","0.0,0.0,0.0","0.0,0.0,0.0","0,0,0"
1747092058.3886967,"93.0,0.0,0.0","80.0,0.0,0.0","0.0,0.0,0.0","0.0,0.0,0.0","0,0,0"
1747092058.4392264,"93.0,0.0,0.0","80.0,0.0,0.0","0.0,0.0,0.0","0.0,0.0,0.0","0,0,0"
1747092058.4902267,"93.0,0.0,0.0","80.0,0.0,0.0","0.0,0.0,0.0","0.0,0.0,0.0","0,0,0"
1747092058.540496,"92.0,0.0,0.0","80.0,0.0,0.0","0.0,0.0,0.0","0.0,0.0,0.0","0,0,0"
1747092058.59149,"91.0,0.0,0.0","80.0,0.0,0.0","0.0,0.0,0.0","0.0,0.0,0.0","0,0,0"
1747092058.6420279,"91.0,0.0,0.0","80.0,0.0,0.0","0.0,0.0,0.0","0.0,0.0,0.0","0,0,0"
1747092058.6920314,"90.0,0.0,0.0","79.0,0.0,0.0","0.0,0.0,0.0","0.0,0.0,0.0","0,0,0"
1747092058.7425601,"89.0,0.0,0.0","78.0,0.0,0.0","0.0,0.0,0.0","0.0,0.0,0.0","0,0,0"
1747092058.7931013,"85.0,0.0,0.0","76.0,0.0,0.0","0.0,0.0,0.0","0.0,0.0,0.0","0,0,0"
1747092058.8437037,"79.0,0.0,0.0","73.0,0.0,0.0","0.0,0.0,0.0","0.0,0.0,0.0","0,0,0"
1747092058.8946974,"77.0,0.0,0.0","69.0,0.0,0.0","0.0,0.0,0.0","0.0,0.0,0.0","0,0,0"
1747092058.9452264,"73.0,0.0,0.0","64.0,0.0,0.0","0.0,0.0,0.0","0.0,0.0,0.0","0,0,0"
1747092058.9962204,"68.0,0.0,0.0","59.0,0.0,0.0","0.0,0.0,0.0","0.0,0.0,0.0","0,0,0"
1747092059.0477686,"62.0,0.0,0.0","53.0,0.0,0.0","0.0,0.0,0.0","0.0,0.0,0.0","0,0,0"
1747092059.0987678,"53.0,0.0,0.0","45.0,0.0,0.0","0.0,0.0,0.0","0.0,0.0,0.0","0,0,0"
1747092059.1492956,"33.0,0.0,0.0","49.0,0.0,0.0","-24.0,0.0,0.0","0.0,0.0,0.0","0,0,0"
1747092059.1993005,"27.0,0.0,0.0","42.0,0.0,0.0","-24.0,0.0,0.0","52.0,0.0,0.0","0,0,0"
1747092059.249825,"23.0,0.0,0.0","36.0,0.0,0.0","-24.0,0.0,0.0","46.0,0.0,0.0","0,0,0"
1747092059.2998302,"14.0,0.0,0.0","25.0,0.0,0.0","-24.0,0.0,0.0","41.0,0.0,0.0","0,0,0"
1747092059.3498762,"4.0,0.0,0.0","10.0,0.0,0.0","-24.0,0.0,0.0","33.0,0.0,0.0","0,0,0"
1747092059.4003985,"-6.0,0.0,0.0","5.0,0.0,0.0","-24.0,0.0,0.0","31.0,0.0,0.0","0,0,0"
1747092059.4509232,"-10.0,0.0,0.0","-1.0,0.0,0.0","-24.0,0.0,0.0","28.0,0.0,0.0","0,0,0"
1747092059.500932,"-13.0,0.0,0.0","-3.0,0.0,0.0","-24.0,0.0,0.0","28.0,0.0,0.0","0,0,0"
1747092059.5514524,"-15.0,0.0,0.0","-9.0,0.0,0.0","-24.0,0.0,0.0","24.0,0.0,0.0","0,0,0"
1747092059.601464,"-18.0,0.0,0.0","-9.0,0.0,0.0","-24.0,0.0,0.0","21.0,0.0,0.0","0,0,0"
1747092059.6519864,"-18.0,0.0,0.0","-9.0,0.0,0.0","-24.0,0.0,0.0","20.0,0.0,0.0","0,0,0"
1747092059.7020023,"-18.0,0.0,0.0","-9.0,0.0,0.0","-24.0,0.0,0.0","20.0,0.0,0.0","0,0,0"
1747092059.7525282,"-18.0,0.0,0.0","-8.0,0.0,0.0","-24.0,0.0,0.0","20.0,0.0,0.0","0,0,0"
1747092059.8027372,"-18.0,0.0,0.0","-8.0,0.0,0.0","-24.0,0.0,0.0","20.0,0.0,0.0","0,0,0"
1747092059.853257,"-16.0,0.0,0.0","-6.0,0.0,0.0","-24.0,0.0,0.0","20.0,0.0,0.0","0,0,0"
1747092059.9032662,"-15.0,0.0,0.0","-4.0,0.0,0.0","-24.0,0.0,0.0","21.0,0.0,0.0","0,0,0"
1747092059.9532924,"-14.0,0.0,0.0","-3.0,0.0,0.0","-24.0,0.0,0.0","22.0,0.0,0.0","0,0,0"
1747092060.003301,"-14.0,0.0,0.0","-3.0,0.0,0.0","-24.0,0.0,0.0","23.0,0.0,0.0","0,0,0"
1747092060.0538192,"-13.0,0.0,0.0","-3.0,0.0,0.0","-24.0,0.0,0.0","23.0,0.0,0.0","0,0,0"
1747092060.1038284,"-11.0,0.0,0.0","-2.0,0.0,0.0","-24.0,0.0,0.0","23.0,0.0,0.0","0,0,0"
1747092060.1543498,"-11.0,0.0,0.0","-2.0,0.0,0.0","-24.0,0.0,0.0","23.0,0.0,0.0","0,0,0"
1747092060.2043567,"-11.0,0.0,0.0","-2.0,0.0,0.0","-24.0,0.0,0.0","23.0,0.0,0.0","0,0,0"
1747092060.2543898,"-10.0,0.0,0.0","-2.0,0.0,0.0","-24.0,0.0,0.0","23.0,0.0,0.0","0,0,0"
1747092060.304925,"-10.0,0.0,0.0","-3.0,0.0,0.0","-24.0,0.0,0.0","23.0,0.0,0.0","0,0,0"
1747092060.3554492,"-10.0,0.0,0.0","-3.0,0.0,0.0","-24.0,0.0,0.0","23.0,0.0,0.0","0,0,0"
1747092060.4054523,"-10.0,0.0,0.0","-4.0,0.0,0.0","-24.0,0.0,0.0","23.0,0.0,0.0","0,0,0"
1747092060.4571874,"-11.0,0.0,0.0","-4.0,0.0,0.0","-24.0,0.0,0.0","21.0,0.0,0.0","0,0,0"
1747092060.5071971,"-11.0,0.0,0.0","-6.0,0.0,0.0","-24.0,0.0,0.0","19.0,0.0,0.0","0,0,0"
1747092060.5577247,"-11.0,0.0,0.0","-6.0,0.0,0.0","-24.0,0.0,0.0","18.0,0.0,0.0","0,0,0"
1747092060.6097298,"-12.0,0.0,0.0","-7.0,0.0,0.0","-24.0,0.0,0.0","17.0,0.0,0.0","0,0,0"
1747092060.6602476,"-14.0,0.0,0.0","-11.0,0.0,0.0","-24.0,0.0,0.0","13.0,0.0,0.0","0,0,0"
1747092060.7112622,"-16.0,0.0,0.0","-13.0,0.0,0.0","-24.0,0.0,0.0","9.0,0.0,0.0","0,0,0"
1747092060.7617798,"-18.0,0.0,0.0","-18.0,0.0,0.0","-24.0,0.0,0.0","5.0,0.0,0.0","0,0,0"
1747092060.8123088,"-20.0,0.0,0.0","-20.0,0.0,0.0","-24.0,0.0,0.0","2.0,0.0,0.0","0,0,0"
1747092060.8623612,"-25.0,0.0,0.0","-30.0,0.0,0.0","-24.0,0.0,0.0","-6.0,0.0,0.0","0,0,0"
1747092060.9133658,"-33.0,0.0,0.0","-40.0,0.0,0.0","-24.0,0.0,0.0","-19.0,0.0,0.0","0,0,0"
1747092060.9638865,"-36.0,0.0,0.0","-47.0,0.0,0.0","-24.0,0.0,0.0","0.0,0.0,0.0","0,0,0"
1747092061.0138958,"-42.0,0.0,0.0","-54.0,0.0,0.0","-24.0,0.0,0.0","0.0,0.0,0.0","0,0,0"
1747092061.0639558,"-44.0,0.0,0.0","-57.0,0.0,0.0","-24.0,0.0,0.0","0.0,0.0,0.0","0,0,0"
1747092061.1139615,"-53.0,0.0,0.0","-66.0,0.0,0.0","0.0,0.0,0.0","0.0,0.0,0.0","0,0,0"
1747092061.1644974,"-66.0,0.0,0.0","-73.0,0.0,0.0","0.0,0.0,0.0","0.0,0.0,0.0","0,0,0"
1747092061.214512,"-71.0,0.0,0.0","-80.0,0.0,0.0","0.0,0.0,0.0","0.0,0.0,0.0","0,0,0"
1747092061.2650352,"-77.0,0.0,0.0","-87.0,0.0,0.0","0.0,0.0,0.0","0.0,0.0,0.0","0,0,0"
1747092061.3160691,"-83.0,0.0,0.0","-91.0,0.0,0.0","0.0,0.0,0.0","0.0,0.0,0.0","0,0,0"
1747092061.3660793,"-87.0,0.0,0.0","-94.0,0.0,0.0","0.0,0.0,0.0","0.0,0.0,0.0","0,0,0"
1747092061.416594,"-90.0,0.0,0.0","-95.0,0.0,0.0","0.0,0.0,0.0","0.0,0.0,0.0","0,0,0"
1747092061.4674208,"-93.0,0.0,0.0","-96.0,0.0,0.0","0.0,0.0,0.0","0.0,0.0,0.0","0,0,0"
1747092061.5179698,"-95.0,0.0,0.0","-97.0,0.0,0.0","0.0,0.0,0.0","0.0,0.0,0.0","0,0,0"
1747092061.568959,"-95.0,0.0,0.0","-97.0,0.0,0.0","0.0,0.0,0.0","0.0,0.0,0.0","0,0,0"
1747092061.623499,"-96.0,0.0,0.0","-97.0,0.0,0.0","0.0,0.0,0.0","0.0,0.0,0.0","0,0,0"
1747092061.6735022,"-96.0,0.0,0.0","-96.0,0.0,0.0","0.0,0.0,0.0","0.0,0.0,0.0","0,0,0"
1747092061.724033,"-97.0,0.0,0.0","-95.0,0.0,0.0","0.0,0.0,0.0","0.0,0.0,0.0","0,0,0"
1747092061.7740333,"-97.0,0.0,0.0","-94.0,0.0,0.0","0.0,0.0,0.0","0.0,0.0,0.0","0,0,0"
1747092061.82408,"-96.0,0.0,0.0","-91.0,0.0,0.0","0.0,0.0,0.0","0.0,0.0,0.0","0,0,0"
1747092061.8750825,"-96.0,0.0,0.0","-88.0,0.0,0.0","0.0,0.0,0.0","0.0,0.0,0.0","0,0,0"
1747092061.9256191,"-96.0,0.0,0.0","-87.0,0.0,0.0","0.0,0.0,0.0","0.0,0.0,0.0","0,0,0"
1747092061.97762,"-96.0,0.0,0.0","-87.0,0.0,0.0","0.0,0.0,0.0","0.0,0.0,0.0","0,0,0"
1747092062.0281346,"-96.0,0.0,0.0","-86.0,0.0,0.0","0.0,0.0,0.0","0.0,0.0,0.0","0,0,0"
1747092062.0791323,"-96.0,0.0,0.0","-86.0,0.0,0.0","0.0,0.0,0.0","0.0,0.0,0.0","0,0,0"
1747092062.13167,"-96.0,0.0,0.0","-86.0,0.0,0.0","0.0,0.0,0.0","0.0,0.0,0.0","0,0,0"
1747092062.1816719,"-95.0,0.0,0.0","-86.0,0.0,0.0","0.0,0.0,0.0","0.0,0.0,0.0","0,0,0"
1747092062.23174,"-95.0,0.0,0.0","-86.0,0.0,0.0","0.0,0.0,0.0","0.0,0.0,0.0","0,0,0"
1747092062.2817419,"-95.0,0.0,0.0","-86.0,0.0,0.0","0.0,0.0,0.0","0.0,0.0,0.0","0,0,0"
1747092062.3317873,"-95.0,0.0,0.0","-87.0,0.0,0.0","0.0,0.0,0.0","0.0,0.0,0.0","0,0,0"
1747092062.3817887,"-95.0,0.0,0.0","-87.0,0.0,0.0","0.0,0.0,0.0","0.0,0.0,0.0","0,0,0"
1747092062.432307,"-95.0,0.0,0.0","-87.0,0.0,0.0","0.0,0.0,0.0","0.0,0.0,0.0","0,0,0"
1747092062.4823081,"-94.0,0.0,0.0","-87.0,0.0,0.0","0.0,0.0,0.0","0.0,0.0,0.0","0,0,0"
1747092062.5338433,"-95.0,0.0,0.0","-88.0,0.0,0.0","0.0,0.0,0.0","0.0,0.0,0.0","0,0,0"
1747092062.58385,"-95.0,0.0,0.0","-88.0,0.0,0.0","0.0,0.0,0.0","0.0,0.0,0.0","0,0,0"
1747092062.6343718,"-96.0,0.0,0.0","-91.0,0.0,0.0","0.0,0.0,0.0","0.0,0.0,0.0","0,0,0"
1747092062.6843727,"-96.0,0.0,0.0","-93.0,0.0,0.0","0.0,0.0,0.0","0.0,0.0,0.0","0,0,0"
1747092062.7409124,"-97.0,0.0,0.0","-94.0,0.0,0.0","0.0,0.0,0.0","0.0,0.0,0.0","0,0,0"
1747092062.7909155,"-99.0,0.0,0.0","-95.0,0.0,0.0","0.0,0.0,0.0","0.0,0.0,0.0","0,0,0"
1747092062.8409567,"-99.0,0.0,0.0","-99.0,0.0,0.0","0.0,0.0,0.0","0.0,0.0,0.0","0,0,0"
1747092062.8919551,"-99.0,0.0,0.0","-100.0,0.0,0.0","0.0,0.0,0.0","0.0,0.0,0.0","0,0,0"
1747092062.9424856,"-99.0,0.0,0.0","-100.0,0.0,0.0","0.0,0.0,0.0","0.0,0.0,0.0","0,0,0"
1747092062.9934826,"-99.0,0.0,0.0","-100.0,0.0,0.0","0.0,0.0,0.0","0.0,0.0,0.0","0,0,0"
1747092063.043844,"-96.0,0.0,0.0","-100.0,0.0,0.0","0.0,0.0,0.0","0.0,0.0,0.0","0,0,0"
1747092063.0948408,"-94.0,0.0,0.0","-99.0,0.0,0.0","0.0,0.0,0.0","0.0,0.0,0.0","0,0,0"
1747092063.145376,"-92.0,0.0,0.0","-97.0,0.0,0.0","0.0,0.0,0.0","0.0,0.0,0.0","0,0,0"
1747092063.1953773,"-82.0,0.0,0.0","-89.0,0.0,0.0","0.0,0.0,0.0","0.0,0.0,0.0","0,0,0"
1747092063.2459042,"-69.0,0.0,0.0","-76.0,0.0,0.0","0.0,0.0,0.0","0.0,0.0,0.0","0,0,0"
1747092063.2959232,"-61.0,0.0,0.0","-69.0,0.0,0.0","0.0,0.0,0.0","0.0,0.0,0.0","0,0,0"
1747092063.3459492,"-58.0,0.0,0.0","-65.0,0.0,0.0","0.0,0.0,0.0","0.0,0.0,0.0","0,0,0"
1747092063.395953,"-48.0,0.0,0.0","-56.0,0.0,0.0","0.0,0.0,0.0","0.0,0.0,0.0","0,0,0"
1747092063.4464738,"-36.0,0.0,0.0","-38.0,0.0,0.0","-24.0,0.0,0.0","-34.0,0.0,0.0","0,0,0"
1747092063.496474,"-30.0,0.0,0.0","-27.0,0.0,0.0","-24.0,0.0,0.0","-20.0,0.0,0.0","0,0,0"
1747092063.5470161,"-15.0,0.0,0.0","-6.0,0.0,0.0","-24.0,0.0,0.0","0.0,0.0,0.0","0,0,0"
1747092063.5975385,"-10.0,0.0,0.0","-1.0,0.0,0.0","-24.0,0.0,0.0","13.0,0.0,0.0","0,0,0"
1747092063.6480594,"-6.0,0.0,0.0","4.0,0.0,0.0","-24.0,0.0,0.0","18.0,0.0,0.0","0,0,0"
1747092063.6990628,"-3.0,0.0,0.0","9.0,0.0,0.0","-24.0,0.0,0.0","25.0,0.0,0.0","0,0,0"
1747092063.749584,"4.0,0.0,0.0","15.0,0.0,0.0","-24.0,0.0,0.0","33.0,0.0,0.0","0,0,0"
1747092063.7995896,"5.0,0.0,0.0","15.0,0.0,0.0","-24.0,0.0,0.0","35.0,0.0,0.0","0,0,0"
1747092063.8496354,"5.0,0.0,0.0","15.0,0.0,0.0","-24.0,0.0,0.0","36.0,0.0,0.0","0,0,0"
1747092063.900634,"5.0,0.0,0.0","15.0,0.0,0.0","-24.0,0.0,0.0","36.0,0.0,0.0","0,0,0"
1747092063.9506931,"5.0,0.0,0.0","14.0,0.0,0.0","-24.0,0.0,0.0","36.0,0.0,0.0","0,0,0"
1747092064.0016866,"5.0,0.0,0.0","12.0,0.0,0.0","-24.0,0.0,0.0","35.0,0.0,0.0","0,0,0"
1747092064.0522077,"5.0,0.0,0.0","10.0,0.0,0.0","-24.0,0.0,0.0","34.0,0.0,0.0","0,0,0"
1747092064.1022093,"4.0,0.0,0.0","10.0,0.0,0.0","-24.0,0.0,0.0","33.0,0.0,0.0","0,0,0"
1747092064.1527498,"4.0,0.0,0.0","9.0,0.0,0.0","-24.0,0.0,0.0","33.0,0.0,0.0","0,0,0"
1747092064.2028859,"4.0,0.0,0.0","9.0,0.0,0.0","-24.0,0.0,0.0","32.0,0.0,0.0","0,0,0"
1747092064.2530873,"3.0,0.0,0.0","9.0,0.0,0.0","-24.0,0.0,0.0","32.0,0.0,0.0","0,0,0"
1747092064.3030999,"3.0,0.0,0.0","9.0,0.0,0.0","-24.0,0.0,0.0","32.0,0.0,0.0","0,0,0"
1747092064.3531382,"2.0,0.0,0.0","9.0,0.0,0.0","-24.0,0.0,0.0","32.0,0.0,0.0","0,0,0"
1747092064.403668,"2.0,0.0,0.0","10.0,0.0,0.0","-24.0,0.0,0.0","33.0,0.0,0.0","0,0,0"
1747092064.4541934,"2.0,0.0,0.0","10.0,0.0,0.0","-24.0,0.0,0.0","33.0,0.0,0.0","0,0,0"
1747092064.5041962,"3.0,0.0,0.0","12.0,0.0,0.0","-24.0,0.0,0.0","35.0,0.0,0.0","0,0,0"
1747092064.5547266,"4.0,0.0,0.0","13.0,0.0,0.0","-24.0,0.0,0.0","37.0,0.0,0.0","0,0,0"
1747092064.6047342,"5.0,0.0,0.0","16.0,0.0,0.0","-24.0,0.0,0.0","40.0,0.0,0.0","0,0,0"
1747092064.6552522,"6.0,0.0,0.0","19.0,0.0,0.0","18.0,0.0,0.0","42.0,0.0,0.0","0,0,0"
1747092064.705261,"7.0,0.0,0.0","23.0,0.0,0.0","20.0,0.0,0.0","44.0,0.0,0.0","0,0,0"
1747092064.756472,"14.0,0.0,0.0","32.0,0.0,0.0","21.0,0.0,0.0","48.0,0.0,0.0","0,0,0"
1747092064.8080304,"18.0,0.0,0.0","37.0,0.0,0.0","22.0,0.0,0.0","50.0,0.0,0.0","0,0,0"
1747092064.8585577,"23.0,0.0,0.0","47.0,0.0,0.0","25.0,0.0,0.0","0.0,0.0,0.0","0,0,0"
1747092064.9095652,"30.0,0.0,0.0","56.0,0.0,0.0","30.0,0.0,0.0","0.0,0.0,0.0","0,0,0"
1747092064.9600074,"34.0,0.0,0.0","46.0,0.0,0.0","33.0,0.0,0.0","0.0,0.0,0.0","0,0,0"
1747092065.0100112,"53.0,0.0,0.0","55.0,0.0,0.0","0.0,0.0,0.0","0.0,0.0,0.0","0,0,0"
1747092065.060198,"57.0,0.0,0.0","59.0,0.0,0.0","0.0,0.0,0.0","0.0,0.0,0.0","0,0,0"
1747092065.1102054,"60.0,0.0,0.0","62.0,0.0,0.0","0.0,0.0,0.0","0.0,0.0,0.0","0,0,0"
1747092065.1604617,"65.0,0.0,0.0","67.0,0.0,0.0","0.0,0.0,0.0","0.0,0.0,0.0","0,0,0"
1747092065.2104733,"71.0,0.0,0.0","72.0,0.0,0.0","0.0,0.0,0.0","0.0,0.0,0.0","0,0,0"
1747092065.2609982,"74.0,0.0,0.0","76.0,0.0,0.0","0.0,0.0,0.0","0.0,0.0,0.0","0,0,0"
1747092065.3115258,"77.0,0.0,0.0","77.0,0.0,0.0","0.0,0.0,0.0","0.0,0.0,0.0","0,0,0"
1747092065.3620393,"77.0,0.0,0.0","77.0,0.0,0.0","0.0,0.0,0.0","0.0,0.0,0.0","0,0,0"
1747092065.4120436,"82.0,0.0,0.0","79.0,0.0,0.0","0.0,0.0,0.0","0.0,0.0,0.0","0,0,0"
1747092065.4635608,"83.0,0.0,0.0","79.0,0.0,0.0","0.0,0.0,0.0","0.0,0.0,0.0","0,0,0"
1747092065.5135703,"84.0,0.0,0.0","80.0,0.0,0.0","0.0,0.0,0.0","0.0,0.0,0.0","0,0,0"
1747092065.5636156,"87.0,0.0,0.0","80.0,0.0,0.0","0.0,0.0,0.0","0.0,0.0,0.0","0,0,0"
1747092065.613624,"90.0,0.0,0.0","80.0,0.0,0.0","0.0,0.0,0.0","0.0,0.0,0.0","0,0,0"
1747092065.6641378,"93.0,0.0,0.0","80.0,0.0,0.0","0.0,0.0,0.0","0.0,0.0,0.0","0,0,0"
1747092065.7141516,"93.0,0.0,0.0","79.0,0.0,0.0","0.0,0.0,0.0","0.0,0.0,0.0","0,0,0"
1747092065.7646692,"93.0,0.0,0.0","79.0,0.0,0.0","0.0,0.0,0.0","0.0,0.0,0.0","0,0,0"
1747092065.814795,"93.0,0.0,0.0","79.0,0.0,0.0","0.0,0.0,0.0","0.0,0.0,0.0","0,0,0"
1747092065.8652012,"93.0,0.0,0.0","79.0,0.0,0.0","0.0,0.0,0.0","0.0,0.0,0.0","0,0,0"
1747092065.9152112,"93.0,0.0,0.0","78.0,0.0,0.0","0.0,0.0,0.0","0.0,0.0,0.0","0,0,0"
1747092065.965732,"93.0,0.0,0.0","78.0,0.0,0.0","0.0,0.0,0.0","0.0,0.0,0.0","0,0,0"
1747092066.0157406,"93.0,0.0,0.0","78.0,0.0,0.0","0.0,0.0,0.0","0.0,0.0,0.0","0,0,0"
1747092066.0658495,"93.0,0.0,0.0","78.0,0.0,0.0","0.0,0.0,0.0","0.0,0.0,0.0","0,0,0"
1747092066.1243944,"93.0,0.0,0.0","77.0,0.0,0.0","0.0,0.0,0.0","0.0,0.0,0.0","0,0,0"
1747092066.1753862,"92.0,0.0,0.0","77.0,0.0,0.0","0.0,0.0,0.0","0.0,0.0,0.0","0,0,0"
1747092066.225915,"92.0,0.0,0.0","77.0,0.0,0.0","0.0,0.0,0.0","0.0,0.0,0.0","0,0,0"
1747092066.2769163,"92.0,0.0,0.0","78.0,0.0,0.0","0.0,0.0,0.0","0.0,0.0,0.0","0,0,0"
1747092066.3279188,"94.0,0.0,0.0","78.0,0.0,0.0","0.0,0.0,0.0","0.0,0.0,0.0","0,0,0"
1747092066.3789172,"93.0,0.0,0.0","78.0,0.0,0.0","0.0,0.0,0.0","0.0,0.0,0.0","0,0,0"
1747092066.429606,"93.0,0.0,0.0","78.0,0.0,0.0","0.0,0.0,0.0","0.0,0.0,0.0","0,0,0"
1747092066.4796076,"92.0,0.0,0.0","78.0,0.0,0.0","0.0,0.0,0.0","0.0,0.0,0.0","0,0,0"
1747092066.5301244,"92.0,0.0,0.0","79.0,0.0,0.0","0.0,0.0,0.0","0.0,0.0,0.0","0,0,0"
1747092066.5811248,"92.0,0.0,0.0","80.0,0.0,0.0","0.0,0.0,0.0","0.0,0.0,0.0","0,0,0"
1747092066.6316462,"90.0,0.0,0.0","80.0,0.0,0.0","0.0,0.0,0.0","0.0,0.0,0.0","0,0,0"
1747092066.6818242,"89.0,0.0,0.0","80.0,0.0,0.0","0.0,0.0,0.0","0.0,0.0,0.0","0,0,0"
1747092066.732355,"89.0,0.0,0.0","80.0,0.0,0.0","0.0,0.0,0.0","0.0,0.0,0.0","0,0,0"
1747092066.783359,"89.0,0.0,0.0","80.0,0.0,0.0","0.0,0.0,0.0","0.0,0.0,0.0","0,0,0"
1747092066.8344085,"89.0,0.0,0.0","80.0,0.0,0.0","0.0,0.0,0.0","0.0,0.0,0.0","0,0,0"
1747092066.8884048,"85.0,0.0,0.0","78.0,0.0,0.0","0.0,0.0,0.0","0.0,0.0,0.0","0,0,0"
1747092066.938455,"82.0,0.0,0.0","76.0,0.0,0.0","0.0,0.0,0.0","0.0,0.0,0.0","0,0,0"
1747092066.988455,"79.0,0.0,0.0","74.0,0.0,0.0","0.0,0.0,0.0","0.0,0.0,0.0","0,0,0"
1747092067.0385494,"76.0,0.0,0.0","74.0,0.0,0.0","0.0,0.0,0.0","0.0,0.0,0.0","0,0,0"
1747092067.0885508,"75.0,0.0,0.0","73.0,0.0,0.0","0.0,0.0,0.0","0.0,0.0,0.0","0,0,0"
1747092067.1390748,"68.0,0.0,0.0","70.0,0.0,0.0","0.0,0.0,0.0","0.0,0.0,0.0","0,0,0"
1747092067.1900718,"61.0,0.0,0.0","62.0,0.0,0.0","0.0,0.0,0.0","0.0,0.0,0.0","0,0,0"
1747092067.2401323,"57.0,0.0,0.0","59.0,0.0,0.0","0.0,0.0,0.0","0.0,0.0,0.0","0,0,0"
1747092067.291137,"49.0,0.0,0.0","50.0,0.0,0.0","0.0,0.0,0.0","0.0,0.0,0.0","0,0,0"
1747092067.3421836,"48.0,0.0,0.0","48.0,0.0,0.0","0.0,0.0,0.0","0.0,0.0,0.0","0,0,0"
1747092067.39271,"34.0,0.0,0.0","46.0,0.0,0.0","-24.0,0.0,0.0","0.0,0.0,0.0","0,0,0"
1747092067.4428623,"20.0,0.0,0.0","45.0,0.0,0.0","-24.0,0.0,0.0","0.0,0.0,0.0","0,0,0"
1747092067.4938588,"8.0,0.0,0.0","29.0,0.0,0.0","-24.0,0.0,0.0","35.0,0.0,0.0","0,0,0"
1747092067.5441008,"3.0,0.0,0.0","23.0,0.0,0.0","-24.0,0.0,0.0","32.0,0.0,0.0","0,0,0"
1747092067.5951004,"-1.0,0.0,0.0","19.0,0.0,0.0","-24.0,0.0,0.0","30.0,0.0,0.0","0,0,0"
1747092067.6461494,"-10.0,0.0,0.0","5.0,0.0,0.0","-24.0,0.0,0.0","27.0,0.0,0.0","0,0,0"
1747092067.697148,"-13.0,0.0,0.0","1.0,0.0,0.0","-24.0,0.0,0.0","23.0,0.0,0.0","0,0,0"
1747092067.7474446,"-13.0,0.0,0.0","0.0,0.0,0.0","-24.0,0.0,0.0","20.0,0.0,0.0","0,0,0"
1747092067.804453,"-13.0,0.0,0.0","0.0,0.0,0.0","-24.0,0.0,0.0","20.0,0.0,0.0","0,0,0"
1747092067.854492,"-13.0,0.0,0.0","0.0,0.0,0.0","-24.0,0.0,0.0","20.0,0.0,0.0","0,0,0"
1747092067.905495,"-13.0,0.0,0.0","0.0,0.0,0.0","-24.0,0.0,0.0","20.0,0.0,0.0","0,0,0"
1747092067.956014,"-13.0,0.0,0.0","1.0,0.0,0.0","-24.0,0.0,0.0","20.0,0.0,0.0","0,0,0"
1747092068.0070195,"-10.0,0.0,0.0","2.0,0.0,0.0","-24.0,0.0,0.0","20.0,0.0,0.0","0,0,0"
1747092068.0579882,"-7.0,0.0,0.0","3.0,0.0,0.0","-24.0,0.0,0.0","20.0,0.0,0.0","0,0,0"
1747092068.1079986,"-7.0,0.0,0.0","3.0,0.0,0.0","-24.0,0.0,0.0","20.0,0.0,0.0","0,0,0"
1747092068.1585443,"-7.0,0.0,0.0","3.0,0.0,0.0","-24.0,0.0,0.0","20.0,0.0,0.0","0,0,0"
1747092068.208561,"-7.0,0.0,0.0","4.0,0.0,0.0","-24.0,0.0,0.0","20.0,0.0,0.0","0,0,0"
1747092068.2590692,"-7.0,0.0,0.0","4.0,0.0,0.0","-24.0,0.0,0.0","21.0,0.0,0.0","0,0,0"
1747092068.3091304,"-6.0,0.0,0.0","4.0,0.0,0.0","-24.0,0.0,0.0","21.0,0.0,0.0","0,0,0"
1747092068.3596458,"-6.0,0.0,0.0","4.0,0.0,0.0","-24.0,0.0,0.0","21.0,0.0,0.0","0,0,0"
1747092068.4096568,"-7.0,0.0,0.0","3.0,0.0,0.0","-24.0,0.0,0.0","20.0,0.0,0.0","0,0,0"
1747092068.460176,"-7.0,0.0,0.0","3.0,0.0,0.0","-24.0,0.0,0.0","20.0,0.0,0.0","0,0,0"
1747092068.5101867,"-7.0,0.0,0.0","3.0,0.0,0.0","-24.0,0.0,0.0","18.0,0.0,0.0","0,0,0"
1747092068.5607035,"-7.0,0.0,0.0","1.0,0.0,0.0","-24.0,0.0,0.0","15.0,0.0,0.0","0,0,0"
1747092068.6107118,"-10.0,0.0,0.0","-2.0,0.0,0.0","-24.0,0.0,0.0","11.0,0.0,0.0","0,0,0"
1747092068.6609886,"-10.0,0.0,0.0","-2.0,0.0,0.0","-24.0,0.0,0.0","11.0,0.0,0.0","0,0,0"
1747092068.711513,"-14.0,0.0,0.0","-9.0,0.0,0.0","-24.0,0.0,0.0","6.0,0.0,0.0","0,0,0"
1747092068.76203,"-17.0,0.0,0.0","-15.0,0.0,0.0","-24.0,0.0,0.0","2.0,0.0,0.0","0,0,0"
1747092068.8135598,"-23.0,0.0,0.0","-23.0,0.0,0.0","-24.0,0.0,0.0","-8.0,0.0,0.0","0,0,0"
1747092068.864084,"-31.0,0.0,0.0","-33.0,0.0,0.0","-24.0,0.0,0.0","-17.0,0.0,0.0","0,0,0"
1747092068.9140906,"-35.0,0.0,0.0","-39.0,0.0,0.0","-24.0,0.0,0.0","-24.0,0.0,0.0","0,0,0"
1747092068.9643345,"-43.0,0.0,0.0","-49.0,0.0,0.0","-24.0,0.0,0.0","0.0,0.0,0.0","0,0,0"
1747092069.014342,"-45.0,0.0,0.0","-53.0,0.0,0.0","0.0,0.0,0.0","0.0,0.0,0.0","0,0,0"
1747092069.064415,"-59.0,0.0,0.0","-66.0,0.0,0.0","0.0,0.0,0.0","0.0,0.0,0.0","0,0,0"
1747092069.1144264,"-64.0,0.0,0.0","-71.0,0.0,0.0","0.0,0.0,0.0","0.0,0.0,0.0","0,0,0"
1747092069.1649454,"-71.0,0.0,0.0","-76.0,0.0,0.0","0.0,0.0,0.0","0.0,0.0,0.0","0,0,0"
1747092069.2149532,"-76.0,0.0,0.0","-82.0,0.0,0.0","0.0,0.0,0.0","0.0,0.0,0.0","0,0,0"
1747092069.2654705,"-84.0,0.0,0.0","-92.0,0.0,0.0","0.0,0.0,0.0","0.0,0.0,0.0","0,0,0"
1747092069.3160002,"-89.0,0.0,0.0","-97.0,0.0,0.0","0.0,0.0,0.0","0.0,0.0,0.0","0,0,0"
1747092069.3665192,"-93.0,0.0,0.0","-98.0,0.0,0.0","0.0,0.0,0.0","0.0,0.0,0.0","0,0,0"
1747092069.416525,"-94.0,0.0,0.0","-98.0,0.0,0.0","0.0,0.0,0.0","0.0,0.0,0.0","0,0,0"
1747092069.4670455,"-95.0,0.0,0.0","-98.0,0.0,0.0","0.0,0.0,0.0","0.0,0.0,0.0","0,0,0"
1747092069.5180528,"-97.0,0.0,0.0","-98.0,0.0,0.0","0.0,0.0,0.0","0.0,0.0,0.0","0,0,0"
1747092069.5685754,"-98.0,0.0,0.0","-95.0,0.0,0.0","0.0,0.0,0.0","0.0,0.0,0.0","0,0,0"
1747092069.6191056,"-98.0,0.0,0.0","-93.0,0.0,0.0","0.0,0.0,0.0","0.0,0.0,0.0","0,0,0"
1747092069.6696174,"-98.0,0.0,0.0","-92.0,0.0,0.0","0.0,0.0,0.0","0.0,0.0,0.0","0,0,0"
1747092069.7196314,"-98.0,0.0,0.0","-92.0,0.0,0.0","0.0,0.0,0.0","0.0,0.0,0.0","0,0,0"
1747092069.7701457,"-97.0,0.0,0.0","-89.0,0.0,0.0","0.0,0.0,0.0","0.0,0.0,0.0","0,0,0"
1747092069.8203328,"-97.0,0.0,0.0","-88.0,0.0,0.0","0.0,0.0,0.0","0.0,0.0,0.0","0,0,0"
1747092069.8718545,"-97.0,0.0,0.0","-88.0,0.0,0.0","0.0,0.0,0.0","0.0,0.0,0.0","0,0,0"
1747092069.921876,"-96.0,0.0,0.0","-87.0,0.0,0.0","0.0,0.0,0.0","0.0,0.0,0.0","0,0,0"
1747092069.9719605,"-96.0,0.0,0.0","-87.0,0.0,0.0","0.0,0.0,0.0","0.0,0.0,0.0","0,0,0"
1747092070.0219681,"-96.0,0.0,0.0","-87.0,0.0,0.0","0.0,0.0,0.0","0.0,0.0,0.0","0,0,0"
1747092070.0721312,"-96.0,0.0,0.0","-87.0,0.0,0.0","0.0,0.0,0.0","0.0,0.0,0.0","0,0,0"
1747092070.1221359,"-96.0,0.0,0.0","-87.0,0.0,0.0","0.0,0.0,0.0","0.0,0.0,0.0","0,0,0"
1747092070.1726532,"-96.0,0.0,0.0","-87.0,0.0,0.0","0.0,0.0,0.0","0.0,0.0,0.0","0,0,0"
1747092070.2231762,"-96.0,0.0,0.0","-87.0,0.0,0.0","0.0,0.0,0.0","0.0,0.0,0.0","0,0,0"
1747092070.2731855,"-96.0,0.0,0.0","-87.0,0.0,0.0","0.0,0.0,0.0","0.0,0.0,0.0","0,0,0"
1747092070.323317,"-96.0,0.0,0.0","-88.0,0.0,0.0","0.0,0.0,0.0","0.0,0.0,0.0","0,0,0"
1747092070.3738341,"-97.0,0.0,0.0","-89.0,0.0,0.0","0.0,0.0,0.0","0.0,0.0,0.0","0,0,0"
1747092070.424369,"-97.0,0.0,0.0","-91.0,0.0,0.0","0.0,0.0,0.0","0.0,0.0,0.0","0,0,0"
1747092070.4753654,"-97.0,0.0,0.0","-93.0,0.0,0.0","0.0,0.0,0.0","0.0,0.0,0.0","0,0,0"
1747092070.5255337,"-97.0,0.0,0.0","-94.0,0.0,0.0","0.0,0.0,0.0","0.0,0.0,0.0","0,0,0"
1747092070.5755348,"-98.0,0.0,0.0","-95.0,0.0,0.0","0.0,0.0,0.0","0.0,0.0,0.0","0,0,0"
1747092070.62607,"-98.0,0.0,0.0","-99.0,0.0,0.0","0.0,0.0,0.0","0.0,0.0,0.0","0,0,0"
1747092070.6760702,"-97.0,0.0,0.0","-99.0,0.0,0.0","0.0,0.0,0.0","0.0,0.0,0.0","0,0,0"
1747092070.7265966,"-97.0,0.0,0.0","-99.0,0.0,0.0","0.0,0.0,0.0","0.0,0.0,0.0","0,0,0"
1747092070.7775931,"-97.0,0.0,0.0","-99.0,0.0,0.0","0.0,0.0,0.0","0.0,0.0,0.0","0,0,0"
1747092070.827614,"-95.0,0.0,0.0","-99.0,0.0,0.0","0.0,0.0,0.0","0.0,0.0,0.0","0,0,0"
1747092070.8786156,"-94.0,0.0,0.0","-99.0,0.0,0.0","0.0,0.0,0.0","0.0,0.0,0.0","0,0,0"
1747092070.9291408,"-91.0,0.0,0.0","-97.0,0.0,0.0","0.0,0.0,0.0","0.0,0.0,0.0","0,0,0"
1747092070.9796672,"-80.0,0.0,0.0","-87.0,0.0,0.0","0.0,0.0,0.0","0.0,0.0,0.0","0,0,0"
1747092071.0301964,"-73.0,0.0,0.0","-77.0,0.0,0.0","0.0,0.0,0.0","0.0,0.0,0.0","0,0,0"
1747092071.0811985,"-67.0,0.0,0.0","-71.0,0.0,0.0","0.0,0.0,0.0","0.0,0.0,0.0","0,0,0"
1747092071.131725,"-62.0,0.0,0.0","-66.0,0.0,0.0","0.0,0.0,0.0","0.0,0.0,0.0","0,0,0"
1747092071.1827228,"-45.0,0.0,0.0","-50.0,0.0,0.0","0.0,0.0,0.0","0.0,0.0,0.0","0,0,0"
1747092071.2351797,"-41.0,0.0,0.0","-47.0,0.0,0.0","-76.0,0.0,0.0","0.0,0.0,0.0","0,0,0"
1747092071.2861817,"-33.0,0.0,0.0","-36.0,0.0,0.0","-60.0,0.0,0.0","-11.0,0.0,0.0","0,0,0"
1747092071.3382287,"-27.0,0.0,0.0","-25.0,0.0,0.0","-52.0,0.0,0.0","-3.0,0.0,0.0","0,0,0"
1747092071.3882287,"-20.0,0.0,0.0","-16.0,0.0,0.0","-40.0,0.0,0.0","6.0,0.0,0.0","0,0,0"
1747092071.4389617,"-15.0,0.0,0.0","-8.0,0.0,0.0","-31.0,0.0,0.0","14.0,0.0,0.0","0,0,0"
1747092071.4894755,"-6.0,0.0,0.0","4.0,0.0,0.0","-19.0,0.0,0.0","25.0,0.0,0.0","0,0,0"
1747092071.5400145,"-1.0,0.0,0.0","9.0,0.0,0.0","-12.0,0.0,0.0","29.0,0.0,0.0","0,0,0"
1747092071.5910118,"0.0,0.0,0.0","11.0,0.0,0.0","-9.0,0.0,0.0","30.0,0.0,0.0","0,0,0"
1747092071.6413176,"2.0,0.0,0.0","12.0,0.0,0.0","-3.0,0.0,0.0","35.0,0.0,0.0","0,0,0"
1747092071.6923168,"2.0,0.0,0.0","12.0,0.0,0.0","-1.0,0.0,0.0","36.0,0.0,0.0","0,0,0"
1747092071.7438526,"2.0,0.0,0.0","13.0,0.0,0.0","0.0,0.0,0.0","37.0,0.0,0.0","0,0,0"
1747092071.7948616,"2.0,0.0,0.0","13.0,0.0,0.0","1.0,0.0,0.0","38.0,0.0,0.0","0,0,0"
1747092071.8454297,"2.0,0.0,0.0","12.0,0.0,0.0","1.0,0.0,0.0","38.0,0.0,0.0","0,0,0"
1747092071.8964307,"2.0,0.0,0.0","12.0,0.0,0.0","1.0,0.0,0.0","38.0,0.0,0.0","0,0,0"
1747092071.946965,"2.0,0.0,0.0","12.0,0.0,0.0","1.0,0.0,0.0","38.0,0.0,0.0","0,0,0"
1747092071.9969652,"2.0,0.0,0.0","12.0,0.0,0.0","1.0,0.0,0.0","38.0,0.0,0.0","0,0,0"
1747092072.0474966,"1.0,0.0,0.0","12.0,0.0,0.0","1.0,0.0,0.0","38.0,0.0,0.0","0,0,0"
1747092072.0974977,"1.0,0.0,0.0","11.0,0.0,0.0","1.0,0.0,0.0","38.0,0.0,0.0","0,0,0"
1747092072.148031,"1.0,0.0,0.0","11.0,0.0,0.0","1.0,0.0,0.0","38.0,0.0,0.0","0,0,0"
1747092072.1990287,"1.0,0.0,0.0","12.0,0.0,0.0","1.0,0.0,0.0","38.0,0.0,0.0","0,0,0"
1747092072.2495568,"1.0,0.0,0.0","12.0,0.0,0.0","1.0,0.0,0.0","38.0,0.0,0.0","0,0,0"
1747092072.300556,"1.0,0.0,0.0","12.0,0.0,0.0","1.0,0.0,0.0","38.0,0.0,0.0","0,0,0"
1747092072.3511305,"1.0,0.0,0.0","13.0,0.0,0.0","1.0,0.0,0.0","39.0,0.0,0.0","0,0,0"
1747092072.4021294,"2.0,0.0,0.0","14.0,0.0,0.0","2.0,0.0,0.0","41.0,0.0,0.0","0,0,0"
1747092072.4526665,"4.0,0.0,0.0","17.0,0.0,0.0","4.0,0.0,0.0","44.0,0.0,0.0","0,0,0"
1747092072.5036619,"7.0,0.0,0.0","20.0,0.0,0.0","6.0,0.0,0.0","47.0,0.0,0.0","0,0,0"
1747092072.5541863,"10.0,0.0,0.0","24.0,0.0,0.0","7.0,0.0,0.0","48.0,0.0,0.0","0,0,0"
1747092072.6041896,"14.0,0.0,0.0","32.0,0.0,0.0","8.0,0.0,0.0","48.0,0.0,0.0","0,0,0"
1747092072.65472,"14.0,0.0,0.0","32.0,0.0,0.0","8.0,0.0,0.0","48.0,0.0,0.0","0,0,0"
1747092072.7057185,"22.0,0.0,0.0","42.0,0.0,0.0","15.0,0.0,0.0","54.0,0.0,0.0","0,0,0"
1747092072.7562456,"26.0,0.0,0.0","50.0,0.0,0.0","20.0,0.0,0.0","0.0,0.0,0.0","0,0,0"
1747092072.806658,"33.0,0.0,0.0","58.0,0.0,0.0","28.0,0.0,0.0","0.0,0.0,0.0","0,0,0"
1747092072.8642135,"53.0,0.0,0.0","53.0,0.0,0.0","0.0,0.0,0.0","0.0,0.0,0.0","0,0,0"
1747092072.9142241,"58.0,0.0,0.0","59.0,0.0,0.0","0.0,0.0,0.0","0.0,0.0,0.0","0,0,0"
1747092072.964752,"63.0,0.0,0.0","62.0,0.0,0.0","0.0,0.0,0.0","0.0,0.0,0.0","0,0,0"
1747092073.0147548,"69.0,0.0,0.0","69.0,0.0,0.0","0.0,0.0,0.0","0.0,0.0,0.0","0,0,0"
1747092073.0651095,"71.0,0.0,0.0","70.0,0.0,0.0","0.0,0.0,0.0","0.0,0.0,0.0","0,0,0"
1747092073.1151237,"77.0,0.0,0.0","72.0,0.0,0.0","0.0,0.0,0.0","0.0,0.0,0.0","0,0,0"
1747092073.1666415,"83.0,0.0,0.0","76.0,0.0,0.0","0.0,0.0,0.0","0.0,0.0,0.0","0,0,0"
1747092073.217171,"85.0,0.0,0.0","77.0,0.0,0.0","0.0,0.0,0.0","0.0,0.0,0.0","0,0,0"
1747092073.2676864,"87.0,0.0,0.0","78.0,0.0,0.0","0.0,0.0,0.0","0.0,0.0,0.0","0,0,0"
1747092073.3177843,"89.0,0.0,0.0","78.0,0.0,0.0","0.0,0.0,0.0","0.0,0.0,0.0","0,0,0"
1747092073.3682563,"89.0,0.0,0.0","78.0,0.0,0.0","0.0,0.0,0.0","0.0,0.0,0.0","0,0,0"
1747092073.4183056,"90.0,0.0,0.0","78.0,0.0,0.0","0.0,0.0,0.0","0.0,0.0,0.0","0,0,0"
1747092073.4683416,"91.0,0.0,0.0","79.0,0.0,0.0","0.0,0.0,0.0","0.0,0.0,0.0","0,0,0"
1747092073.5184867,"91.0,0.0,0.0","79.0,0.0,0.0","0.0,0.0,0.0","0.0,0.0,0.0","0,0,0"
1747092073.569494,"92.0,0.0,0.0","77.0,0.0,0.0","0.0,0.0,0.0","0.0,0.0,0.0","0,0,0"
1747092073.6204357,"92.0,0.0,0.0","77.0,0.0,0.0","0.0,0.0,0.0","0.0,0.0,0.0","0,0,0"
1747092073.6715393,"92.0,0.0,0.0","76.0,0.0,0.0","0.0,0.0,0.0","0.0,0.0,0.0","0,0,0"
1747092073.723204,"91.0,0.0,0.0","76.0,0.0,0.0","0.0,0.0,0.0","0.0,0.0,0.0","0,0,0"
1747092073.773807,"92.0,0.0,0.0","75.0,0.0,0.0","0.0,0.0,0.0","0.0,0.0,0.0","0,0,0"
1747092073.8239453,"92.0,0.0,0.0","75.0,0.0,0.0","0.0,0.0,0.0","0.0,0.0,0.0","0,0,0"
1747092073.8744886,"92.0,0.0,0.0","75.0,0.0,0.0","0.0,0.0,0.0","0.0,0.0,0.0","0,0,0"
1747092073.9251041,"91.0,0.0,0.0","75.0,0.0,0.0","0.0,0.0,0.0","0.0,0.0,0.0","0,0,0"
1747092073.9758642,"91.0,0.0,0.0","75.0,0.0,0.0","0.0,0.0,0.0","0.0,0.0,0.0","0,0,0"
1747092074.0265048,"90.0,0.0,0.0","75.0,0.0,0.0","0.0,0.0,0.0","0.0,0.0,0.0","0,0,0"
1747092074.07715,"90.0,0.0,0.0","75.0,0.0,0.0","0.0,0.0,0.0","0.0,0.0,0.0","0,0,0"
1747092074.127328,"90.0,0.0,0.0","75.0,0.0,0.0","0.0,0.0,0.0","0.0,0.0,0.0","0,0,0"
1747092074.1779108,"90.0,0.0,0.0","75.0,0.0,0.0","0.0,0.0,0.0","0.0,0.0,0.0","0,0,0"
1747092074.2281494,"90.0,0.0,0.0","75.0,0.0,0.0","0.0,0.0,0.0","0.0,0.0,0.0","0,0,0"
1747092074.278707,"90.0,0.0,0.0","75.0,0.0,0.0","0.0,0.0,0.0","0.0,0.0,0.0","0,0,0"
1747092074.3288863,"89.0,0.0,0.0","75.0,0.0,0.0","0.0,0.0,0.0","0.0,0.0,0.0","0,0,0"
1747092074.3790128,"89.0,0.0,0.0","75.0,0.0,0.0","0.0,0.0,0.0","0.0,0.0,0.0","0,0,0"
1747092074.4290302,"89.0,0.0,0.0","75.0,0.0,0.0","0.0,0.0,0.0","0.0,0.0,0.0","0,0,0"
1747092074.4805973,"89.0,0.0,0.0","75.0,0.0,0.0","0.0,0.0,0.0","0.0,0.0,0.0","0,0,0"
1747092074.5310771,"88.0,0.0,0.0","75.0,0.0,0.0","0.0,0.0,0.0","0.0,0.0,0.0","0,0,0"
1747092074.5815556,"86.0,0.0,0.0","74.0,0.0,0.0","0.0,0.0,0.0","0.0,0.0,0.0","0,0,0"
1747092074.63181,"85.0,0.0,0.0","74.0,0.0,0.0","0.0,0.0,0.0","0.0,0.0,0.0","0,0,0"
1747092074.6824331,"81.0,0.0,0.0","71.0,0.0,0.0","0.0,0.0,0.0","0.0,0.0,0.0","0,0,0"
1747092074.7346897,"80.0,0.0,0.0","70.0,0.0,0.0","0.0,0.0,0.0","0.0,0.0,0.0","0,0,0"
1747092074.7850516,"78.0,0.0,0.0","68.0,0.0,0.0","0.0,0.0,0.0","0.0,0.0,0.0","0,0,0"
1747092074.8357491,"75.0,0.0,0.0","64.0,0.0,0.0","0.0,0.0,0.0","0.0,0.0,0.0","0,0,0"
1747092074.887019,"72.0,0.0,0.0","60.0,0.0,0.0","0.0,0.0,0.0","0.0,0.0,0.0","0,0,0"
1747092074.9385967,"71.0,0.0,0.0","60.0,0.0,0.0","0.0,0.0,0.0","0.0,0.0,0.0","0,0,0"
1747092074.9888482,"69.0,0.0,0.0","58.0,0.0,0.0","0.0,0.0,0.0","0.0,0.0,0.0","0,0,0"
1747092075.043844,"64.0,0.0,0.0","56.0,0.0,0.0","0.0,0.0,0.0","0.0,0.0,0.0","0,0,0"
1747092075.097003,"59.0,0.0,0.0","53.0,0.0,0.0","0.0,0.0,0.0","0.0,0.0,0.0","0,0,0"
1747092075.1476626,"53.0,0.0,0.0","49.0,0.0,0.0","0.0,0.0,0.0","0.0,0.0,0.0","0,0,0"
1747092075.1980278,"47.0,0.0,0.0","60.0,0.0,0.0","0.0,0.0,0.0","0.0,0.0,0.0","0,0,0"
1747092075.2487042,"29.0,0.0,0.0","45.0,0.0,0.0","-24.0,0.0,0.0","0.0,0.0,0.0","0,0,0"
1747092075.298776,"23.0,0.0,0.0","37.0,0.0,0.0","-24.0,0.0,0.0","44.0,0.0,0.0","0,0,0"
1747092075.3488178,"16.0,0.0,0.0","23.0,0.0,0.0","-24.0,0.0,0.0","40.0,0.0,0.0","0,0,0"
1747092075.3995934,"3.0,0.0,0.0","14.0,0.0,0.0","-24.0,0.0,0.0","34.0,0.0,0.0","0,0,0"
1747092075.450276,"0.0,0.0,0.0","9.0,0.0,0.0","-24.0,0.0,0.0","32.0,0.0,0.0","0,0,0"
1747092075.50087,"-10.0,0.0,0.0","-5.0,0.0,0.0","-24.0,0.0,0.0","26.0,0.0,0.0","0,0,0"
1747092075.5514493,"-13.0,0.0,0.0","-5.0,0.0,0.0","-24.0,0.0,0.0","24.0,0.0,0.0","0,0,0"
1747092075.6029878,"-15.0,0.0,0.0","-8.0,0.0,0.0","-24.0,0.0,0.0","21.0,0.0,0.0","0,0,0"
1747092075.6536012,"-16.0,0.0,0.0","-8.0,0.0,0.0","-24.0,0.0,0.0","18.0,0.0,0.0","0,0,0"
1747092075.703666,"-16.0,0.0,0.0","-8.0,0.0,0.0","-24.0,0.0,0.0","17.0,0.0,0.0","0,0,0"
1747092075.7537906,"-16.0,0.0,0.0","-8.0,0.0,0.0","-24.0,0.0,0.0","17.0,0.0,0.0","0,0,0"
1747092075.803848,"-16.0,0.0,0.0","-8.0,0.0,0.0","-24.0,0.0,0.0","17.0,0.0,0.0","0,0,0"
1747092075.8545454,"-14.0,0.0,0.0","-6.0,0.0,0.0","-24.0,0.0,0.0","17.0,0.0,0.0","0,0,0"
1747092075.9050705,"-13.0,0.0,0.0","-6.0,0.0,0.0","-24.0,0.0,0.0","17.0,0.0,0.0","0,0,0"
1747092075.9558342,"-13.0,0.0,0.0","-6.0,0.0,0.0","-24.0,0.0,0.0","17.0,0.0,0.0","0,0,0"
1747092076.0058804,"-13.0,0.0,0.0","-6.0,0.0,0.0","-24.0,0.0,0.0","17.0,0.0,0.0","0,0,0"
1747092076.0567756,"-13.0,0.0,0.0","-6.0,0.0,0.0","-24.0,0.0,0.0","17.0,0.0,0.0","0,0,0"
1747092076.1068687,"-13.0,0.0,0.0","-6.0,0.0,0.0","-24.0,0.0,0.0","17.0,0.0,0.0","0,0,0"
1747092076.1570423,"-12.0,0.0,0.0","-6.0,0.0,0.0","-24.0,0.0,0.0","18.0,0.0,0.0","0,0,0"
1747092076.2076366,"-12.0,0.0,0.0","-6.0,0.0,0.0","-24.0,0.0,0.0","18.0,0.0,0.0","0,0,0"
1747092076.2582197,"-12.0,0.0,0.0","-6.0,0.0,0.0","-24.0,0.0,0.0","18.0,0.0,0.0","0,0,0"
1747092076.308756,"-12.0,0.0,0.0","-6.0,0.0,0.0","-24.0,0.0,0.0","18.0,0.0,0.0","0,0,0"
1747092076.3598626,"-12.0,0.0,0.0","-6.0,0.0,0.0","-24.0,0.0,0.0","19.0,0.0,0.0","0,0,0"
1747092076.409894,"-12.0,0.0,0.0","-6.0,0.0,0.0","-24.0,0.0,0.0","19.0,0.0,0.0","0,0,0"
1747092076.4607604,"-12.0,0.0,0.0","-6.0,0.0,0.0","-24.0,0.0,0.0","19.0,0.0,0.0","0,0,0"
1747092076.511593,"-11.0,0.0,0.0","-6.0,0.0,0.0","-24.0,0.0,0.0","20.0,0.0,0.0","0,0,0"
1747092076.5621433,"-11.0,0.0,0.0","-6.0,0.0,0.0","-24.0,0.0,0.0","21.0,0.0,0.0","0,0,0"
1747092076.6132777,"-11.0,0.0,0.0","-6.0,0.0,0.0","-24.0,0.0,0.0","22.0,0.0,0.0","0,0,0"
1747092076.6638522,"-11.0,0.0,0.0","-5.0,0.0,0.0","-24.0,0.0,0.0","23.0,0.0,0.0","0,0,0"
1747092076.713921,"-9.0,0.0,0.0","1.0,0.0,0.0","-24.0,0.0,0.0","31.0,0.0,0.0","0,0,0"
1747092076.7639844,"-5.0,0.0,0.0","5.0,0.0,0.0","-24.0,0.0,0.0","41.0,0.0,0.0","0,0,0"
1747092076.8142965,"0.0,0.0,0.0","15.0,0.0,0.0","-24.0,0.0,0.0","57.0,0.0,0.0","0,0,0"
1747092076.8646488,"3.0,0.0,0.0","17.0,0.0,0.0","-24.0,0.0,0.0","63.0,0.0,0.0","0,0,0"
1747092076.9154851,"4.0,0.0,0.0","21.0,0.0,0.0","-24.0,0.0,0.0","75.0,0.0,0.0","0,0,0"
1747092076.9660645,"5.0,0.0,0.0","22.0,0.0,0.0","-24.0,0.0,0.0","85.0,0.0,0.0","0,0,0"
1747092077.0168467,"5.0,0.0,0.0","23.0,0.0,0.0","21.0,0.0,0.0","86.0,0.0,0.0","0,0,0"
1747092077.0671644,"5.0,0.0,0.0","23.0,0.0,0.0","68.0,0.0,0.0","86.0,0.0,0.0","0,0,0"
1747092077.117869,"5.0,0.0,0.0","23.0,0.0,0.0","70.0,0.0,0.0","86.0,0.0,0.0","0,0,0"
1747092077.169598,"5.0,0.0,0.0","22.0,0.0,0.0","75.0,0.0,0.0","83.0,0.0,0.0","0,0,0"
1747092077.2199318,"4.0,0.0,0.0","22.0,0.0,0.0","76.0,0.0,0.0","81.0,0.0,0.0","0,0,0"
1747092077.270771,"3.0,0.0,0.0","22.0,0.0,0.0","77.0,0.0,0.0","80.0,0.0,0.0","0,0,0"
1747092077.3216283,"3.0,0.0,0.0","22.0,0.0,0.0","77.0,0.0,0.0","80.0,0.0,0.0","0,0,0"
1747092077.372195,"2.0,0.0,0.0","22.0,0.0,0.0","77.0,0.0,0.0","80.0,0.0,0.0","0,0,0"
1747092077.422945,"2.0,0.0,0.0","22.0,0.0,0.0","77.0,0.0,0.0","80.0,0.0,0.0","0,0,0"
1747092077.4737577,"2.0,0.0,0.0","22.0,0.0,0.0","77.0,0.0,0.0","79.0,0.0,0.0","0,0,0"
1747092077.523877,"2.0,0.0,0.0","21.0,0.0,0.0","77.0,0.0,0.0","79.0,0.0,0.0","0,0,0"
1747092077.5748465,"2.0,0.0,0.0","21.0,0.0,0.0","77.0,0.0,0.0","79.0,0.0,0.0","0,0,0"
1747092077.6249418,"1.0,0.0,0.0","20.0,0.0,0.0","77.0,0.0,0.0","78.0,0.0,0.0","0,0,0"
1747092077.675565,"1.0,0.0,0.0","19.0,0.0,0.0","77.0,0.0,0.0","78.0,0.0,0.0","0,0,0"
1747092077.7261276,"1.0,0.0,0.0","19.0,0.0,0.0","77.0,0.0,0.0","79.0,0.0,0.0","0,0,0"
1747092077.7765408,"1.0,0.0,0.0","18.0,0.0,0.0","76.0,0.0,0.0","78.0,0.0,0.0","0,0,0"
1747092077.8267915,"0.0,0.0,0.0","18.0,0.0,0.0","76.0,0.0,0.0","78.0,0.0,0.0","0,0,0"
1747092077.8769217,"0.0,0.0,0.0","18.0,0.0,0.0","76.0,0.0,0.0","79.0,0.0,0.0","0,0,0"
1747092077.937532,"0.0,0.0,0.0","18.0,0.0,0.0","76.0,0.0,0.0","79.0,0.0,0.0","0,0,0"
1747092077.9877603,"0.0,0.0,0.0","18.0,0.0,0.0","76.0,0.0,0.0","79.0,0.0,0.0","0,0,0"
1747092078.037832,"0.0,0.0,0.0","18.0,0.0,0.0","77.0,0.0,0.0","79.0,0.0,0.0","0,0,0"
1747092078.0881512,"0.0,0.0,0.0","18.0,0.0,0.0","77.0,0.0,0.0","79.0,0.0,0.0","0,0,0"
1747092078.1388824,"0.0,0.0,0.0","17.0,0.0,0.0","76.0,0.0,0.0","79.0,0.0,0.0","0,0,0"
1747092078.1897209,"-1.0,0.0,0.0","17.0,0.0,0.0","76.0,0.0,0.0","79.0,0.0,0.0","0,0,0"
1747092078.2428317,"-1.0,0.0,0.0","17.0,0.0,0.0","76.0,0.0,0.0","79.0,0.0,0.0","0,0,0"
1747092078.2931535,"-1.0,0.0,0.0","17.0,0.0,0.0","76.0,0.0,0.0","79.0,0.0,0.0","0,0,0"
1747092078.3435712,"-1.0,0.0,0.0","16.0,0.0,0.0","76.0,0.0,0.0","78.0,0.0,0.0","0,0,0"
1747092078.3945704,"-2.0,0.0,0.0","16.0,0.0,0.0","75.0,0.0,0.0","78.0,0.0,0.0","0,0,0"
1747092078.44472,"-2.0,0.0,0.0","16.0,0.0,0.0","75.0,0.0,0.0","78.0,0.0,0.0","0,0,0"
1747092078.4948907,"-2.0,0.0,0.0","16.0,0.0,0.0","75.0,0.0,0.0","78.0,0.0,0.0","0,0,0"
1747092078.546587,"-2.0,0.0,0.0","16.0,0.0,0.0","75.0,0.0,0.0","78.0,0.0,0.0","0,0,0"
1747092078.5969026,"-2.0,0.0,0.0","15.0,0.0,0.0","75.0,0.0,0.0","79.0,0.0,0.0","0,0,0"
1747092078.6519637,"-2.0,0.0,0.0","15.0,0.0,0.0","75.0,0.0,0.0","79.0,0.0,0.0","0,0,0"
1747092078.7024288,"-2.0,0.0,0.0","14.0,0.0,0.0","75.0,0.0,0.0","79.0,0.0,0.0","0,0,0"
1747092078.7530222,"-2.0,0.0,0.0","14.0,0.0,0.0","75.0,0.0,0.0","78.0,0.0,0.0","0,0,0"
1747092078.8036485,"-2.0,0.0,0.0","14.0,0.0,0.0","75.0,0.0,0.0","78.0,0.0,0.0","0,0,0"
1747092078.8546205,"-3.0,0.0,0.0","13.0,0.0,0.0","74.0,0.0,0.0","78.0,0.0,0.0","0,0,0"
1747092078.9046865,"-3.0,0.0,0.0","13.0,0.0,0.0","75.0,0.0,0.0","78.0,0.0,0.0","0,0,0"
1747092078.9608762,"-3.0,0.0,0.0","13.0,0.0,0.0","75.0,0.0,0.0","79.0,0.0,0.0","0,0,0"
1747092079.0110295,"-3.0,0.0,0.0","12.0,0.0,0.0","74.0,0.0,0.0","78.0,0.0,0.0","0,0,0"
1747092079.0617113,"-3.0,0.0,0.0","11.0,0.0,0.0","73.0,0.0,0.0","78.0,0.0,0.0","0,0,0"
1747092079.112538,"-4.0,0.0,0.0","11.0,0.0,0.0","73.0,0.0,0.0","78.0,0.0,0.0","0,0,0"
1747092079.1631277,"-5.0,0.0,0.0","10.0,0.0,0.0","72.0,0.0,0.0","77.0,0.0,0.0","0,0,0"
1747092079.2132354,"-6.0,0.0,0.0","9.0,0.0,0.0","72.0,0.0,0.0","77.0,0.0,0.0","0,0,0"
1747092079.2634282,"-6.0,0.0,0.0","9.0,0.0,0.0","71.0,0.0,0.0","77.0,0.0,0.0","0,0,0"
1747092079.3148012,"-8.0,0.0,0.0","7.0,0.0,0.0","68.0,0.0,0.0","77.0,0.0,0.0","0,0,0"
1747092079.3663003,"-9.0,0.0,0.0","4.0,0.0,0.0","65.0,0.0,0.0","76.0,0.0,0.0","0,0,0"
1747092079.4175913,"-12.0,0.0,0.0","1.0,0.0,0.0","65.0,0.0,0.0","76.0,0.0,0.0","0,0,0"
1747092079.467877,"-14.0,0.0,0.0","-4.0,0.0,0.0","65.0,0.0,0.0","77.0,0.0,0.0","0,0,0"
1747092079.5181866,"-30.0,0.0,0.0","-19.0,0.0,0.0","65.0,0.0,0.0","77.0,0.0,0.0","0,0,0"
1747092079.5684118,"-35.0,0.0,0.0","-26.0,0.0,0.0","65.0,0.0,0.0","77.0,0.0,0.0","0,0,0"
1747092079.61995,"-37.0,0.0,0.0","-35.0,0.0,0.0","74.0,0.0,0.0","84.0,0.0,0.0","0,0,0"
1747092079.6699517,"-46.0,0.0,0.0","-46.0,0.0,0.0","0.0,0.0,0.0","0.0,0.0,0.0","0,0,0"
1747092079.719986,"-55.0,0.0,0.0","-60.0,0.0,0.0","0.0,0.0,0.0","0.0,0.0,0.0","0,0,0"
1747092079.7711024,"-56.0,0.0,0.0","-64.0,0.0,0.0","0.0,0.0,0.0","0.0,0.0,0.0","0,0,0"
1747092079.821738,"-59.0,0.0,0.0","-65.0,0.0,0.0","0.0,0.0,0.0","0.0,0.0,0.0","0,0,0"
1747092079.873829,"-61.0,0.0,0.0","-67.0,0.0,0.0","0.0,0.0,0.0","0.0,0.0,0.0","0,0,0"
1747092079.9239016,"-61.0,0.0,0.0","-68.0,0.0,0.0","0.0,0.0,0.0","0.0,0.0,0.0","0,0,0"
1747092079.973976,"-62.0,0.0,0.0","-68.0,0.0,0.0","0.0,0.0,0.0","0.0,0.0,0.0","0,0,0"
1747092080.0245786,"-62.0,0.0,0.0","-68.0,0.0,0.0","0.0,0.0,0.0","0.0,0.0,0.0","0,0,0"
1747092080.0747142,"-62.0,0.0,0.0","-68.0,0.0,0.0","0.0,0.0,0.0","0.0,0.0,0.0","0,0,0"
1747092080.125254,"-62.0,0.0,0.0","-68.0,0.0,0.0","0.0,0.0,0.0","0.0,0.0,0.0","0,0,0"
1747092080.1757429,"-62.0,0.0,0.0","-67.0,0.0,0.0","0.0,0.0,0.0","0.0,0.0,0.0","0,0,0"
1747092080.226321,"-62.0,0.0,0.0","-67.0,0.0,0.0","0.0,0.0,0.0","0.0,0.0,0.0","0,0,0"
1747092080.2771723,"-62.0,0.0,0.0","-67.0,0.0,0.0","0.0,0.0,0.0","0.0,0.0,0.0","0,0,0"
1747092080.3278062,"-62.0,0.0,0.0","-67.0,0.0,0.0","0.0,0.0,0.0","0.0,0.0,0.0","0,0,0"
1747092080.3787627,"-62.0,0.0,0.0","-66.0,0.0,0.0","0.0,0.0,0.0","0.0,0.0,0.0","0,0,0"
1747092080.4289744,"-62.0,0.0,0.0","-66.0,0.0,0.0","0.0,0.0,0.0","0.0,0.0,0.0","0,0,0"
1747092080.4795558,"-62.0,0.0,0.0","-66.0,0.0,0.0","0.0,0.0,0.0","0.0,0.0,0.0","0,0,0"
1747092080.529857,"-62.0,0.0,0.0","-66.0,0.0,0.0","0.0,0.0,0.0","0.0,0.0,0.0","0,0,0"
1747092080.5798824,"-61.0,0.0,0.0","-66.0,0.0,0.0","0.0,0.0,0.0","0.0,0.0,0.0","0,0,0"
1747092080.6299677,"-61.0,0.0,0.0","-66.0,0.0,0.0","0.0,0.0,0.0","0.0,0.0,0.0","0,0,0"
1747092080.6807616,"-61.0,0.0,0.0","-66.0,0.0,0.0","0.0,0.0,0.0","0.0,0.0,0.0","0,0,0"
1747092080.7308257,"-61.0,0.0,0.0","-66.0,0.0,0.0","0.0,0.0,0.0","0.0,0.0,0.0","0,0,0"
1747092080.780872,"-61.0,0.0,0.0","-66.0,0.0,0.0","0.0,0.0,0.0","0.0,0.0,0.0","0,0,0"
1747092080.8308766,"-61.0,0.0,0.0","-66.0,0.0,0.0","0.0,0.0,0.0","0.0,0.0,0.0","0,0,0"
1747092080.8819351,"-61.0,0.0,0.0","-67.0,0.0,0.0","0.0,0.0,0.0","0.0,0.0,0.0","0,0,0"
1747092080.9334316,"-61.0,0.0,0.0","-67.0,0.0,0.0","0.0,0.0,0.0","0.0,0.0,0.0","0,0,0"
1747092080.9834445,"-62.0,0.0,0.0","-67.0,0.0,0.0","0.0,0.0,0.0","0.0,0.0,0.0","0,0,0"
1747092081.0343368,"-62.0,0.0,0.0","-67.0,0.0,0.0","0.0,0.0,0.0","0.0,0.0,0.0","0,0,0"
1747092081.084464,"-62.0,0.0,0.0","-67.0,0.0,0.0","0.0,0.0,0.0","0.0,0.0,0.0","0,0,0"
1747092081.1350143,"-62.0,0.0,0.0","-67.0,0.0,0.0","0.0,0.0,0.0","0.0,0.0,0.0","0,0,0"
1747092081.1851847,"-61.0,0.0,0.0","-67.0,0.0,0.0","0.0,0.0,0.0","0.0,0.0,0.0","0,0,0"
1747092081.2355335,"-61.0,0.0,0.0","-65.0,0.0,0.0","0.0,0.0,0.0","0.0,0.0,0.0","0,0,0"
1747092081.2857392,"-59.0,0.0,0.0","-57.0,0.0,0.0","0.0,0.0,0.0","0.0,0.0,0.0","0,0,0"
1747092081.335915,"-57.0,0.0,0.0","-55.0,0.0,0.0","0.0,0.0,0.0","0.0,0.0,0.0","0,0,0"
1747092081.3867738,"-49.0,0.0,0.0","-47.0,0.0,0.0","0.0,0.0,0.0","0.0,0.0,0.0","0,0,0"
1747092081.4376585,"-46.0,0.0,0.0","-40.0,0.0,0.0","0.0,0.0,0.0","8.0,0.0,0.0","0,0,0"
1747092081.4880805,"-43.0,0.0,0.0","-36.0,0.0,0.0","-24.0,0.0,0.0","7.0,0.0,0.0","0,0,0"
1747092081.5388882,"-41.0,0.0,0.0","-33.0,0.0,0.0","-24.0,0.0,0.0","5.0,0.0,0.0","0,0,0"
1747092081.5896792,"-41.0,0.0,0.0","-32.0,0.0,0.0","-24.0,0.0,0.0","5.0,0.0,0.0","0,0,0"
1747092081.6409507,"-40.0,0.0,0.0","-31.0,0.0,0.0","-24.0,0.0,0.0","5.0,0.0,0.0","0,0,0"
1747092081.6915681,"-40.0,0.0,0.0","-31.0,0.0,0.0","-24.0,0.0,0.0","5.0,0.0,0.0","0,0,0"
1747092081.7423968,"-40.0,0.0,0.0","-31.0,0.0,0.0","-24.0,0.0,0.0","5.0,0.0,0.0","0,0,0"
1747092081.7924552,"-40.0,0.0,0.0","-31.0,0.0,0.0","-24.0,0.0,0.0","5.0,0.0,0.0","0,0,0"
1747092081.842669,"-40.0,0.0,0.0","-31.0,0.0,0.0","-24.0,0.0,0.0","5.0,0.0,0.0","0,0,0"
1747092081.8928604,"-40.0,0.0,0.0","-32.0,0.0,0.0","-24.0,0.0,0.0","4.0,0.0,0.0","0,0,0"
1747092081.9435928,"-40.0,0.0,0.0","-32.0,0.0,0.0","-24.0,0.0,0.0","4.0,0.0,0.0","0,0,0"
1747092081.9940138,"-40.0,0.0,0.0","-32.0,0.0,0.0","-52.0,0.0,0.0","4.0,0.0,0.0","0,0,0"
1747092082.0450892,"-41.0,0.0,0.0","-32.0,0.0,0.0","-53.0,0.0,0.0","3.0,0.0,0.0","0,0,0"
1747092082.096833,"-41.0,0.0,0.0","-33.0,0.0,0.0","-53.0,0.0,0.0","3.0,0.0,0.0","0,0,0"
1747092082.1468897,"-41.0,0.0,0.0","-33.0,0.0,0.0","-53.0,0.0,0.0","3.0,0.0,0.0","0,0,0"
1747092082.1977088,"-41.0,0.0,0.0","-33.0,0.0,0.0","-53.0,0.0,0.0","3.0,0.0,0.0","0,0,0"
1747092082.2482862,"-41.0,0.0,0.0","-35.0,0.0,0.0","-54.0,0.0,0.0","0.0,0.0,0.0","0,0,0"
1747092082.2984147,"-44.0,0.0,0.0","-40.0,0.0,0.0","-57.0,0.0,0.0","-5.0,0.0,0.0","0,0,0"
1747092082.3486183,"-46.0,0.0,0.0","-42.0,0.0,0.0","0.0,0.0,0.0","-8.0,0.0,0.0","0,0,0"
1747092082.4000146,"-49.0,0.0,0.0","-47.0,0.0,0.0","0.0,0.0,0.0","0.0,0.0,0.0","0,0,0"
1747092082.4507253,"-52.0,0.0,0.0","-56.0,0.0,0.0","0.0,0.0,0.0","0.0,0.0,0.0","0,0,0"
1747092082.5008945,"-54.0,0.0,0.0","-56.0,0.0,0.0","0.0,0.0,0.0","0.0,0.0,0.0","0,0,0"
1747092082.5516212,"-58.0,0.0,0.0","-60.0,0.0,0.0","0.0,0.0,0.0","0.0,0.0,0.0","0,0,0"
1747092082.601686,"-63.0,0.0,0.0","-67.0,0.0,0.0","0.0,0.0,0.0","0.0,0.0,0.0","0,0,0"
1747092082.6518228,"-66.0,0.0,0.0","-69.0,0.0,0.0","0.0,0.0,0.0","0.0,0.0,0.0","0,0,0"
1747092082.702878,"-71.0,0.0,0.0","-73.0,0.0,0.0","0.0,0.0,0.0","0.0,0.0,0.0","0,0,0"
1747092082.7535424,"-78.0,0.0,0.0","-79.0,0.0,0.0","0.0,0.0,0.0","0.0,0.0,0.0","0,0,0"
1747092082.8035867,"-83.0,0.0,0.0","-84.0,0.0,0.0","0.0,0.0,0.0","0.0,0.0,0.0","0,0,0"
1747092082.8540106,"-84.0,0.0,0.0","-88.0,0.0,0.0","0.0,0.0,0.0","0.0,0.0,0.0","0,0,0"
1747092082.9045913,"-92.0,0.0,0.0","-90.0,0.0,0.0","0.0,0.0,0.0","0.0,0.0,0.0","0,0,0"
1747092082.9547071,"-95.0,0.0,0.0","-93.0,0.0,0.0","0.0,0.0,0.0","0.0,0.0,0.0","0,0,0"
1747092083.0192623,"-95.0,0.0,0.0","-93.0,0.0,0.0","0.0,0.0,0.0","0.0,0.0,0.0","0,0,0"
1747092083.0709534,"-96.0,0.0,0.0","-93.0,0.0,0.0","0.0,0.0,0.0","0.0,0.0,0.0","0,0,0"
1747092083.1230423,"-97.0,0.0,0.0","-94.0,0.0,0.0","0.0,0.0,0.0","0.0,0.0,0.0","0,0,0"
1747092083.1736512,"-97.0,0.0,0.0","-94.0,0.0,0.0","0.0,0.0,0.0","0.0,0.0,0.0","0,0,0"
1747092083.223712,"-98.0,0.0,0.0","-94.0,0.0,0.0","0.0,0.0,0.0","0.0,0.0,0.0","0,0,0"
1747092083.2737572,"-98.0,0.0,0.0","-94.0,0.0,0.0","0.0,0.0,0.0","0.0,0.0,0.0","0,0,0"
1747092083.3247643,"-98.0,0.0,0.0","-94.0,0.0,0.0","0.0,0.0,0.0","0.0,0.0,0.0","0,0,0"
1747092083.3748195,"-97.0,0.0,0.0","-93.0,0.0,0.0","0.0,0.0,0.0","0.0,0.0,0.0","0,0,0"
1747092083.4249961,"-98.0,0.0,0.0","-93.0,0.0,0.0","0.0,0.0,0.0","0.0,0.0,0.0","0,0,0"
1747092083.4755304,"-98.0,0.0,0.0","-95.0,0.0,0.0","0.0,0.0,0.0","0.0,0.0,0.0","0,0,0"
1747092083.52581,"-98.0,0.0,0.0","-96.0,0.0,0.0","0.0,0.0,0.0","0.0,0.0,0.0","0,0,0"
1747092083.5786834,"-101.0,0.0,0.0","-99.0,0.0,0.0","0.0,0.0,0.0","0.0,0.0,0.0","0,0,0"
1747092083.629722,"-101.0,0.0,0.0","-99.0,0.0,0.0","0.0,0.0,0.0","0.0,0.0,0.0","0,0,0"
1747092083.6826797,"-104.0,0.0,0.0","-107.0,0.0,0.0","0.0,0.0,0.0","0.0,0.0,0.0","0,0,0"
1747092083.7335403,"-104.0,0.0,0.0","-107.0,0.0,0.0","0.0,0.0,0.0","0.0,0.0,0.0","0,0,0"
1747092083.7845082,"-102.0,0.0,0.0","-107.0,0.0,0.0","0.0,0.0,0.0","0.0,0.0,0.0","0,0,0"
1747092083.8351557,"-102.0,0.0,0.0","-107.0,0.0,0.0","0.0,0.0,0.0","0.0,0.0,0.0","0,0,0"
1747092083.8852928,"-95.0,0.0,0.0","-100.0,0.0,0.0","0.0,0.0,0.0","0.0,0.0,0.0","0,0,0"
1747092083.9356709,"-95.0,0.0,0.0","-100.0,0.0,0.0","0.0,0.0,0.0","0.0,0.0,0.0","0,0,0"
1747092083.9857671,"-91.0,0.0,0.0","-97.0,0.0,0.0","0.0,0.0,0.0","0.0,0.0,0.0","0,0,0"
1747092084.035833,"-78.0,0.0,0.0","-86.0,0.0,0.0","0.0,0.0,0.0","0.0,0.0,0.0","0,0,0"
1747092084.0859494,"-72.0,0.0,0.0","-79.0,0.0,0.0","0.0,0.0,0.0","0.0,0.0,0.0","0,0,0"
1747092084.1366208,"-71.0,0.0,0.0","-79.0,0.0,0.0","0.0,0.0,0.0","0.0,0.0,0.0","0,0,0"
1747092084.1875896,"-71.0,0.0,0.0","-79.0,0.0,0.0","0.0,0.0,0.0","0.0,0.0,0.0","0,0,0"
1747092084.2376034,"-71.0,0.0,0.0","-79.0,0.0,0.0","0.0,0.0,0.0","0.0,0.0,0.0","0,0,0"
1747092084.2879148,"-70.0,0.0,0.0","-79.0,0.0,0.0","0.0,0.0,0.0","0.0,0.0,0.0","0,0,0"
1747092084.338422,"-70.0,0.0,0.0","-79.0,0.0,0.0","0.0,0.0,0.0","0.0,0.0,0.0","0,0,0"
1747092084.3888614,"-72.0,0.0,0.0","-80.0,0.0,0.0","0.0,0.0,0.0","0.0,0.0,0.0","0,0,0"
1747092084.439723,"-73.0,0.0,0.0","-81.0,0.0,0.0","0.0,0.0,0.0","0.0,0.0,0.0","0,0,0"
1747092084.4905145,"-74.0,0.0,0.0","-82.0,0.0,0.0","0.0,0.0,0.0","0.0,0.0,0.0","0,0,0"
1747092084.541215,"-74.0,0.0,0.0","-83.0,0.0,0.0","0.0,0.0,0.0","0.0,0.0,0.0","0,0,0"
1747092084.5920098,"-77.0,0.0,0.0","-86.0,0.0,0.0","0.0,0.0,0.0","0.0,0.0,0.0","0,0,0"
1747092084.6422434,"-78.0,0.0,0.0","-87.0,0.0,0.0","0.0,0.0,0.0","0.0,0.0,0.0","0,0,0"
1747092084.692827,"-79.0,0.0,0.0","-85.0,0.0,0.0","0.0,0.0,0.0","0.0,0.0,0.0","0,0,0"
1747092084.7428768,"-79.0,0.0,0.0","-86.0,0.0,0.0","0.0,0.0,0.0","0.0,0.0,0.0","0,0,0"
1747092084.7929308,"-80.0,0.0,0.0","-87.0,0.0,0.0","0.0,0.0,0.0","0.0,0.0,0.0","0,0,0"
1747092084.84356,"-80.0,0.0,0.0","-86.0,0.0,0.0","0.0,0.0,0.0","0.0,0.0,0.0","0,0,0"
1747092084.8946733,"-80.0,0.0,0.0","-86.0,0.0,0.0","0.0,0.0,0.0","0.0,0.0,0.0","0,0,0"
1747092084.945268,"-80.0,0.0,0.0","-86.0,0.0,0.0","0.0,0.0,0.0","0.0,0.0,0.0","0,0,0"
1747092084.9958193,"-80.0,0.0,0.0","-86.0,0.0,0.0","0.0,0.0,0.0","0.0,0.0,0.0","0,0,0"
1747092085.045957,"-80.0,0.0,0.0","-86.0,0.0,0.0","0.0,0.0,0.0","0.0,0.0,0.0","0,0,0"
1747092085.0977592,"-80.0,0.0,0.0","-86.0,0.0,0.0","0.0,0.0,0.0","0.0,0.0,0.0","0,0,0"
1747092085.1509027,"-79.0,0.0,0.0","-86.0,0.0,0.0","0.0,0.0,0.0","0.0,0.0,0.0","0,0,0"
1747092085.2011461,"-79.0,0.0,0.0","-86.0,0.0,0.0","0.0,0.0,0.0","0.0,0.0,0.0","0,0,0"
1747092085.252141,"-79.0,0.0,0.0","-86.0,0.0,0.0","0.0,0.0,0.0","0.0,0.0,0.0","0,0,0"
1747092085.3027303,"-79.0,0.0,0.0","-85.0,0.0,0.0","0.0,0.0,0.0","0.0,0.0,0.0","0,0,0"
1747092085.3539374,"-79.0,0.0,0.0","-85.0,0.0,0.0","0.0,0.0,0.0","0.0,0.0,0.0","0,0,0"
1747092085.404674,"-79.0,0.0,0.0","-85.0,0.0,0.0","0.0,0.0,0.0","0.0,0.0,0.0","0,0,0"
1747092085.454876,"-78.0,0.0,0.0","-85.0,0.0,0.0","0.0,0.0,0.0","0.0,0.0,0.0","0,0,0"
1747092085.5050752,"-78.0,0.0,0.0","-85.0,0.0,0.0","0.0,0.0,0.0","0.0,0.0,0.0","0,0,0"
1747092085.5552104,"-77.0,0.0,0.0","-85.0,0.0,0.0","0.0,0.0,0.0","0.0,0.0,0.0","0,0,0"
1747092085.6088374,"-76.0,0.0,0.0","-84.0,0.0,0.0","0.0,0.0,0.0","0.0,0.0,0.0","0,0,0"
1747092085.6598344,"-76.0,0.0,0.0","-84.0,0.0,0.0","0.0,0.0,0.0","0.0,0.0,0.0","0,0,0"
1747092085.709848,"-76.0,0.0,0.0","-84.0,0.0,0.0","0.0,0.0,0.0","0.0,0.0,0.0","0,0,0"
1747092085.7608285,"-76.0,0.0,0.0","-84.0,0.0,0.0","0.0,0.0,0.0","0.0,0.0,0.0","0,0,0"
1747092085.8109071,"-76.0,0.0,0.0","-83.0,0.0,0.0","0.0,0.0,0.0","0.0,0.0,0.0","0,0,0"
1747092085.8609781,"-77.0,0.0,0.0","-84.0,0.0,0.0","0.0,0.0,0.0","0.0,0.0,0.0","0,0,0"
1747092085.9126775,"-83.0,0.0,0.0","-86.0,0.0,0.0","0.0,0.0,0.0","0.0,0.0,0.0","0,0,0"
1747092085.9631307,"-87.0,0.0,0.0","-92.0,0.0,0.0","0.0,0.0,0.0","0.0,0.0,0.0","0,0,0"
1747092086.0132968,"-97.0,0.0,0.0","-100.0,0.0,0.0","0.0,0.0,0.0","0.0,0.0,0.0","0,0,0"
1747092086.063563,"-100.0,0.0,0.0","-100.0,0.0,0.0","0.0,0.0,0.0","0.0,0.0,0.0","0,0,0"
1747092086.1149242,"-100.0,0.0,0.0","-100.0,0.0,0.0","0.0,0.0,0.0","0.0,0.0,0.0","0,0,0"
1747092086.1655178,"-100.0,0.0,0.0","-100.0,0.0,0.0","0.0,0.0,0.0","0.0,0.0,0.0","0,0,0"
1747092086.2166157,"-99.0,0.0,0.0","-98.0,0.0,0.0","0.0,0.0,0.0","0.0,0.0,0.0","0,0,0"
1747092086.2667658,"-99.0,0.0,0.0","-97.0,0.0,0.0","0.0,0.0,0.0","0.0,0.0,0.0","0,0,0"
1747092086.3172765,"-98.0,0.0,0.0","-93.0,0.0,0.0","0.0,0.0,0.0","0.0,0.0,0.0","0,0,0"
1747092086.3673654,"-98.0,0.0,0.0","-92.0,0.0,0.0","0.0,0.0,0.0","0.0,0.0,0.0","0,0,0"
1747092086.418082,"-98.0,0.0,0.0","-93.0,0.0,0.0","0.0,0.0,0.0","0.0,0.0,0.0","0,0,0"
1747092086.4687011,"-98.0,0.0,0.0","-93.0,0.0,0.0","0.0,0.0,0.0","0.0,0.0,0.0","0,0,0"
1747092086.5197916,"-98.0,0.0,0.0","-94.0,0.0,0.0","0.0,0.0,0.0","0.0,0.0,0.0","0,0,0"
1747092086.5698822,"-98.0,0.0,0.0","-94.0,0.0,0.0","0.0,0.0,0.0","0.0,0.0,0.0","0,0,0"
1747092086.6231365,"-97.0,0.0,0.0","-94.0,0.0,0.0","0.0,0.0,0.0","0.0,0.0,0.0","0,0,0"
1747092086.6736803,"-97.0,0.0,0.0","-100.0,0.0,0.0","0.0,0.0,0.0","0.0,0.0,0.0","0,0,0"
1747092086.7238307,"-97.0,0.0,0.0","-104.0,0.0,0.0","0.0,0.0,0.0","0.0,0.0,0.0","0,0,0"
1747092086.7740836,"-97.0,0.0,0.0","-104.0,0.0,0.0","0.0,0.0,0.0","0.0,0.0,0.0","0,0,0"
1747092086.8246467,"-97.0,0.0,0.0","-104.0,0.0,0.0","0.0,0.0,0.0","0.0,0.0,0.0","0,0,0"
1747092086.8747714,"-97.0,0.0,0.0","-104.0,0.0,0.0","0.0,0.0,0.0","0.0,0.0,0.0","0,0,0"
1747092086.924872,"-96.0,0.0,0.0","-104.0,0.0,0.0","0.0,0.0,0.0","0.0,0.0,0.0","0,0,0"
1747092086.9756563,"-96.0,0.0,0.0","-104.0,0.0,0.0","0.0,0.0,0.0","0.0,0.0,0.0","0,0,0"
1747092087.0262806,"-96.0,0.0,0.0","-100.0,0.0,0.0","0.0,0.0,0.0","0.0,0.0,0.0","0,0,0"
1747092087.0764854,"-96.0,0.0,0.0","-100.0,0.0,0.0","0.0,0.0,0.0","0.0,0.0,0.0","0,0,0"
1747092087.127099,"-96.0,0.0,0.0","-69.0,0.0,0.0","0.0,0.0,0.0","0.0,0.0,0.0","0,0,0"
1747092087.1772332,"-96.0,0.0,0.0","-56.0,0.0,0.0","0.0,0.0,0.0","0.0,0.0,0.0","0,0,0"
1747092087.2282038,"-96.0,0.0,0.0","-35.0,0.0,0.0","0.0,0.0,0.0","-24.0,0.0,0.0","0,0,0"
1747092087.278586,"-96.0,0.0,0.0","-33.0,0.0,0.0","0.0,0.0,0.0","-19.0,0.0,0.0","0,0,0"
1747092087.3297677,"-96.0,0.0,0.0","-20.0,0.0,0.0","0.0,0.0,0.0","2.0,0.0,0.0","0,0,0"
1747092087.3797922,"-96.0,0.0,0.0","-18.0,0.0,0.0","0.0,0.0,0.0","3.0,0.0,0.0","0,0,0"
1747092087.4301605,"-96.0,0.0,0.0","-12.0,0.0,0.0","0.0,0.0,0.0","12.0,0.0,0.0","0,0,0"
1747092087.48083,"-96.0,0.0,0.0","-12.0,0.0,0.0","0.0,0.0,0.0","15.0,0.0,0.0","0,0,0"
1747092087.530966,"-96.0,0.0,0.0","-10.0,0.0,0.0","0.0,0.0,0.0","20.0,0.0,0.0","0,0,0"
1747092087.5817745,"-96.0,0.0,0.0","-10.0,0.0,0.0","0.0,0.0,0.0","20.0,0.0,0.0","0,0,0"
1747092087.632612,"-96.0,0.0,0.0","-10.0,0.0,0.0","0.0,0.0,0.0","21.0,0.0,0.0","0,0,0"
1747092087.6826527,"-96.0,0.0,0.0","-10.0,0.0,0.0","0.0,0.0,0.0","21.0,0.0,0.0","0,0,0"
1747092087.732794,"-96.0,0.0,0.0","-10.0,0.0,0.0","0.0,0.0,0.0","21.0,0.0,0.0","0,0,0"
1747092087.7835515,"-96.0,0.0,0.0","-10.0,0.0,0.0","0.0,0.0,0.0","20.0,0.0,0.0","0,0,0"
1747092087.8338268,"-96.0,0.0,0.0","-10.0,0.0,0.0","0.0,0.0,0.0","20.0,0.0,0.0","0,0,0"
1747092087.883996,"-96.0,0.0,0.0","-11.0,0.0,0.0","0.0,0.0,0.0","20.0,0.0,0.0","0,0,0"
1747092087.9388683,"-96.0,0.0,0.0","-13.0,0.0,0.0","0.0,0.0,0.0","19.0,0.0,0.0","0,0,0"
1747092087.98976,"-96.0,0.0,0.0","-14.0,0.0,0.0","0.0,0.0,0.0","18.0,0.0,0.0","0,0,0"
1747092088.0398664,"-96.0,0.0,0.0","-15.0,0.0,0.0","0.0,0.0,0.0","18.0,0.0,0.0","0,0,0"
1747092088.0969841,"-96.0,0.0,0.0","-15.0,0.0,0.0","0.0,0.0,0.0","18.0,0.0,0.0","0,0,0"
1747092088.147071,"-96.0,0.0,0.0","-15.0,0.0,0.0","0.0,0.0,0.0","17.0,0.0,0.0","0,0,0"
1747092088.1972241,"-96.0,0.0,0.0","-15.0,0.0,0.0","0.0,0.0,0.0","15.0,0.0,0.0","0,0,0"
1747092088.247939,"-96.0,0.0,0.0","-16.0,0.0,0.0","0.0,0.0,0.0","15.0,0.0,0.0","0,0,0"
1747092088.2988827,"-96.0,0.0,0.0","-17.0,0.0,0.0","0.0,0.0,0.0","12.0,0.0,0.0","0,0,0"
1747092088.3498235,"-96.0,0.0,0.0","-17.0,0.0,0.0","0.0,0.0,0.0","11.0,0.0,0.0","0,0,0"
1747092088.4010148,"-96.0,0.0,0.0","-18.0,0.0,0.0","0.0,0.0,0.0","4.0,0.0,0.0","0,0,0"
1747092088.4517944,"-96.0,0.0,0.0","-19.0,0.0,0.0","0.0,0.0,0.0","-9.0,0.0,0.0","0,0,0"
1747092088.5024054,"-97.0,0.0,0.0","-34.0,0.0,0.0","0.0,0.0,0.0","-28.0,0.0,0.0","0,0,0"
1747092088.5528655,"-98.0,0.0,0.0","-50.0,0.0,0.0","0.0,0.0,0.0","0.0,0.0,0.0","0,0,0"
1747092088.6029823,"-98.0,0.0,0.0","-58.0,0.0,0.0","0.0,0.0,0.0","0.0,0.0,0.0","0,0,0"
1747092088.6538718,"-98.0,0.0,0.0","-77.0,0.0,0.0","0.0,0.0,0.0","0.0,0.0,0.0","0,0,0"
1747092088.7055964,"-98.0,0.0,0.0","-93.0,0.0,0.0","0.0,0.0,0.0","0.0,0.0,0.0","0,0,0"
1747092088.757689,"-97.0,0.0,0.0","-104.0,0.0,0.0","0.0,0.0,0.0","0.0,0.0,0.0","0,0,0"
1747092088.8077345,"-97.0,0.0,0.0","-105.0,0.0,0.0","0.0,0.0,0.0","0.0,0.0,0.0","0,0,0"
1747092088.8599222,"-96.0,0.0,0.0","-105.0,0.0,0.0","0.0,0.0,0.0","0.0,0.0,0.0","0,0,0"
1747092088.9105432,"-96.0,0.0,0.0","-105.0,0.0,0.0","0.0,0.0,0.0","0.0,0.0,0.0","0,0,0"
1747092088.96088,"-95.0,0.0,0.0","-105.0,0.0,0.0","0.0,0.0,0.0","0.0,0.0,0.0","0,0,0"
1747092089.0116813,"-95.0,0.0,0.0","-105.0,0.0,0.0","0.0,0.0,0.0","0.0,0.0,0.0","0,0,0"
1747092089.06184,"-95.0,0.0,0.0","-108.0,0.0,0.0","0.0,0.0,0.0","0.0,0.0,0.0","0,0,0"
1747092089.11204,"-95.0,0.0,0.0","-108.0,0.0,0.0","0.0,0.0,0.0","0.0,0.0,0.0","0,0,0"
1747092089.1638,"-95.0,0.0,0.0","-109.0,0.0,0.0","0.0,0.0,0.0","0.0,0.0,0.0","0,0,0"
1747092089.214196,"-96.0,0.0,0.0","-109.0,0.0,0.0","0.0,0.0,0.0","0.0,0.0,0.0","0,0,0"
1747092089.2648149,"-96.0,0.0,0.0","-109.0,0.0,0.0","0.0,0.0,0.0","0.0,0.0,0.0","0,0,0"
1747092089.31484,"-96.0,0.0,0.0","-109.0,0.0,0.0","0.0,0.0,0.0","0.0,0.0,0.0","0,0,0"
1747092089.3655264,"-96.0,0.0,0.0","-106.0,0.0,0.0","0.0,0.0,0.0","0.0,0.0,0.0","0,0,0"
1747092089.4161565,"-96.0,0.0,0.0","-106.0,0.0,0.0","0.0,0.0,0.0","0.0,0.0,0.0","0,0,0"
1747092089.4671812,"-96.0,0.0,0.0","-93.0,0.0,0.0","0.0,0.0,0.0","0.0,0.0,0.0","0,0,0"
1747092089.517371,"-96.0,0.0,0.0","-86.0,0.0,0.0","0.0,0.0,0.0","0.0,0.0,0.0","0,0,0"
1747092089.5674973,"-96.0,0.0,0.0","-75.0,0.0,0.0","0.0,0.0,0.0","0.0,0.0,0.0","0,0,0"
1747092089.6181633,"-96.0,0.0,0.0","-60.0,0.0,0.0","0.0,0.0,0.0","0.0,0.0,0.0","0,0,0"
1747092089.668884,"-96.0,0.0,0.0","-46.0,0.0,0.0","0.0,0.0,0.0","0.0,0.0,0.0","0,0,0"
1747092089.7197878,"-96.0,0.0,0.0","-24.0,0.0,0.0","0.0,0.0,0.0","-9.0,0.0,0.0","0,0,0"
1747092089.7705793,"-96.0,0.0,0.0","-24.0,0.0,0.0","0.0,0.0,0.0","-9.0,0.0,0.0","0,0,0"
1747092089.8216276,"-96.0,0.0,0.0","-9.0,0.0,0.0","0.0,0.0,0.0","6.0,0.0,0.0","0,0,0"
1747092089.8718078,"-96.0,0.0,0.0","-7.0,0.0,0.0","0.0,0.0,0.0","12.0,0.0,0.0","0,0,0"
1747092089.9238513,"-96.0,0.0,0.0","-7.0,0.0,0.0","0.0,0.0,0.0","12.0,0.0,0.0","0,0,0"
1747092089.9775712,"-96.0,0.0,0.0","-7.0,0.0,0.0","0.0,0.0,0.0","12.0,0.0,0.0","0,0,0"
1747092090.0298297,"-96.0,0.0,0.0","-7.0,0.0,0.0","0.0,0.0,0.0","12.0,0.0,0.0","0,0,0"
1747092090.0805337,"-96.0,0.0,0.0","-19.0,0.0,0.0","0.0,0.0,0.0","-4.0,0.0,0.0","0,0,0"
1747092090.1306577,"-96.0,0.0,0.0","-19.0,0.0,0.0","0.0,0.0,0.0","-4.0,0.0,0.0","0,0,0"
1747092090.1814942,"-97.0,0.0,0.0","-41.0,0.0,0.0","0.0,0.0,0.0","-29.0,0.0,0.0","0,0,0"
1747092090.2315934,"-96.0,0.0,0.0","-50.0,0.0,0.0","0.0,0.0,0.0","0.0,0.0,0.0","0,0,0"
1747092090.2826834,"-96.0,0.0,0.0","-62.0,0.0,0.0","0.0,0.0,0.0","0.0,0.0,0.0","0,0,0"
1747092090.3329146,"-96.0,0.0,0.0","-75.0,0.0,0.0","0.0,0.0,0.0","0.0,0.0,0.0","0,0,0"
1747092090.3835351,"-97.0,0.0,0.0","-92.0,0.0,0.0","0.0,0.0,0.0","0.0,0.0,0.0","0,0,0"
1747092090.4336612,"-96.0,0.0,0.0","-94.0,0.0,0.0","0.0,0.0,0.0","0.0,0.0,0.0","0,0,0"
1747092090.48388,"-96.0,0.0,0.0","-95.0,0.0,0.0","0.0,0.0,0.0","0.0,0.0,0.0","0,0,0"
1747092090.5357568,"-96.0,0.0,0.0","-98.0,0.0,0.0","0.0,0.0,0.0","0.0,0.0,0.0","0,0,0"
1747092090.5867567,"-96.0,0.0,0.0","-98.0,0.0,0.0","0.0,0.0,0.0","0.0,0.0,0.0","0,0,0"
1747092090.638626,"-96.0,0.0,0.0","-100.0,0.0,0.0","0.0,0.0,0.0","0.0,0.0,0.0","0,0,0"
1747092090.6897452,"-96.0,0.0,0.0","-100.0,0.0,0.0","0.0,0.0,0.0","0.0,0.0,0.0","0,0,0"
1747092090.7402267,"-96.0,0.0,0.0","-102.0,0.0,0.0","0.0,0.0,0.0","0.0,0.0,0.0","0,0,0"
1747092090.790609,"-96.0,0.0,0.0","-104.0,0.0,0.0","0.0,0.0,0.0","0.0,0.0,0.0","0,0,0"
1747092090.841604,"-96.0,0.0,0.0","-105.0,0.0,0.0","0.0,0.0,0.0","0.0,0.0,0.0","0,0,0"
1747092090.8916347,"-96.0,0.0,0.0","-106.0,0.0,0.0","0.0,0.0,0.0","0.0,0.0,0.0","0,0,0"
1747092090.9425104,"-96.0,0.0,0.0","-106.0,0.0,0.0","0.0,0.0,0.0","0.0,0.0,0.0","0,0,0"
1747092090.9934967,"-97.0,0.0,0.0","-106.0,0.0,0.0","0.0,0.0,0.0","0.0,0.0,0.0","0,0,0"
1747092091.0437858,"-96.0,0.0,0.0","-105.0,0.0,0.0","0.0,0.0,0.0","0.0,0.0,0.0","0,0,0"
1747092091.0940459,"-96.0,0.0,0.0","-104.0,0.0,0.0","0.0,0.0,0.0","0.0,0.0,0.0","0,0,0"
1747092091.1448638,"-97.0,0.0,0.0","-101.0,0.0,0.0","0.0,0.0,0.0","0.0,0.0,0.0","0,0,0"
1747092091.1949637,"-97.0,0.0,0.0","-82.0,0.0,0.0","0.0,0.0,0.0","0.0,0.0,0.0","0,0,0"
1747092091.245617,"-96.0,0.0,0.0","-79.0,0.0,0.0","0.0,0.0,0.0","0.0,0.0,0.0","0,0,0"
1747092091.2957227,"-96.0,0.0,0.0","-65.0,0.0,0.0","0.0,0.0,0.0","0.0,0.0,0.0","0,0,0"
1747092091.345853,"-96.0,0.0,0.0","-54.0,0.0,0.0","0.0,0.0,0.0","0.0,0.0,0.0","0,0,0"
1747092091.396508,"-96.0,0.0,0.0","-35.0,0.0,0.0","0.0,0.0,0.0","-29.0,0.0,0.0","0,0,0"
1747092091.44679,"-96.0,0.0,0.0","-26.0,0.0,0.0","0.0,0.0,0.0","-17.0,0.0,0.0","0,0,0"
1747092091.4978662,"-95.0,0.0,0.0","-6.0,0.0,0.0","0.0,0.0,0.0","7.0,0.0,0.0","0,0,0"
1747092091.548591,"-95.0,0.0,0.0","0.0,0.0,0.0","0.0,0.0,0.0","16.0,0.0,0.0","0,0,0"
1747092091.5991764,"-95.0,0.0,0.0","4.0,0.0,0.0","0.0,0.0,0.0","22.0,0.0,0.0","0,0,0"
1747092091.6505919,"-96.0,0.0,0.0","4.0,0.0,0.0","0.0,0.0,0.0","22.0,0.0,0.0","0,0,0"
1747092091.7007685,"-96.0,0.0,0.0","4.0,0.0,0.0","0.0,0.0,0.0","22.0,0.0,0.0","0,0,0"
1747092091.751426,"-96.0,0.0,0.0","4.0,0.0,0.0","0.0,0.0,0.0","22.0,0.0,0.0","0,0,0"
1747092091.801582,"-96.0,0.0,0.0","4.0,0.0,0.0","0.0,0.0,0.0","22.0,0.0,0.0","0,0,0"
1747092091.8518395,"-96.0,0.0,0.0","2.0,0.0,0.0","0.0,0.0,0.0","18.0,0.0,0.0","0,0,0"
1747092091.9028895,"-96.0,0.0,0.0","-2.0,0.0,0.0","0.0,0.0,0.0","15.0,0.0,0.0","0,0,0"
1747092091.9555562,"-96.0,0.0,0.0","-14.0,0.0,0.0","0.0,0.0,0.0","-1.0,0.0,0.0","0,0,0"
1747092092.006095,"-97.0,0.0,0.0","-30.0,0.0,0.0","0.0,0.0,0.0","-18.0,0.0,0.0","0,0,0"
1747092092.0567615,"-96.0,0.0,0.0","-45.0,0.0,0.0","0.0,0.0,0.0","0.0,0.0,0.0","0,0,0"
1747092092.1074357,"-96.0,0.0,0.0","-60.0,0.0,0.0","0.0,0.0,0.0","0.0,0.0,0.0","0,0,0"
1747092092.157633,"-96.0,0.0,0.0","-66.0,0.0,0.0","0.0,0.0,0.0","0.0,0.0,0.0","0,0,0"
1747092092.2078247,"-96.0,0.0,0.0","-78.0,0.0,0.0","0.0,0.0,0.0","0.0,0.0,0.0","0,0,0"
1747092092.2585626,"-96.0,0.0,0.0","-80.0,0.0,0.0","0.0,0.0,0.0","0.0,0.0,0.0","0,0,0"
1747092092.3087406,"-96.0,0.0,0.0","-83.0,0.0,0.0","0.0,0.0,0.0","0.0,0.0,0.0","0,0,0"
1747092092.3595195,"-96.0,0.0,0.0","-97.0,0.0,0.0","0.0,0.0,0.0","0.0,0.0,0.0","0,0,0"
1747092092.411492,"-96.0,0.0,0.0","-100.0,0.0,0.0","0.0,0.0,0.0","0.0,0.0,0.0","0,0,0"
1747092092.4615731,"-96.0,0.0,0.0","-101.0,0.0,0.0","0.0,0.0,0.0","0.0,0.0,0.0","0,0,0"
1747092092.5119152,"-96.0,0.0,0.0","-103.0,0.0,0.0","0.0,0.0,0.0","0.0,0.0,0.0","0,0,0"
1747092092.5625994,"-95.0,0.0,0.0","-103.0,0.0,0.0","0.0,0.0,0.0","0.0,0.0,0.0","0,0,0"
1747092092.6127546,"-95.0,0.0,0.0","-103.0,0.0,0.0","0.0,0.0,0.0","0.0,0.0,0.0","0,0,0"
1747092092.6628017,"-96.0,0.0,0.0","-104.0,0.0,0.0","0.0,0.0,0.0","0.0,0.0,0.0","0,0,0"
1747092092.7136855,"-96.0,0.0,0.0","-107.0,0.0,0.0","0.0,0.0,0.0","0.0,0.0,0.0","0,0,0"
1747092092.7644782,"-97.0,0.0,0.0","-107.0,0.0,0.0","0.0,0.0,0.0","0.0,0.0,0.0","0,0,0"
1747092092.8149972,"-97.0,0.0,0.0","-107.0,0.0,0.0","0.0,0.0,0.0","0.0,0.0,0.0","0,0,0"
1747092092.8651052,"-97.0,0.0,0.0","-107.0,0.0,0.0","0.0,0.0,0.0","0.0,0.0,0.0","0,0,0"
1747092092.9157844,"-97.0,0.0,0.0","-106.0,0.0,0.0","0.0,0.0,0.0","0.0,0.0,0.0","0,0,0"
1747092092.9665458,"-97.0,0.0,0.0","-103.0,0.0,0.0","0.0,0.0,0.0","0.0,0.0,0.0","0,0,0"
1747092093.017539,"-97.0,0.0,0.0","-81.0,0.0,0.0","0.0,0.0,0.0","0.0,0.0,0.0","0,0,0"
1747092093.067574,"-96.0,0.0,0.0","-74.0,0.0,0.0","0.0,0.0,0.0","0.0,0.0,0.0","0,0,0"
1747092093.1184285,"-96.0,0.0,0.0","-67.0,0.0,0.0","0.0,0.0,0.0","0.0,0.0,0.0","0,0,0"
1747092093.1776283,"-95.0,0.0,0.0","-57.0,0.0,0.0","0.0,0.0,0.0","0.0,0.0,0.0","0,0,0"
1747092093.2276907,"-95.0,0.0,0.0","-49.0,0.0,0.0","0.0,0.0,0.0","0.0,0.0,0.0","0,0,0"
1747092093.2777693,"-95.0,0.0,0.0","-10.0,0.0,0.0","0.0,0.0,0.0","2.0,0.0,0.0","0,0,0"
1747092093.3288445,"-95.0,0.0,0.0","-1.0,0.0,0.0","0.0,0.0,0.0","10.0,0.0,0.0","0,0,0"
1747092093.3795617,"-95.0,0.0,0.0","11.0,0.0,0.0","0.0,0.0,0.0","20.0,0.0,0.0","0,0,0"
1747092093.4305289,"-95.0,0.0,0.0","11.0,0.0,0.0","0.0,0.0,0.0","20.0,0.0,0.0","0,0,0"
1747092093.4807155,"-95.0,0.0,0.0","11.0,0.0,0.0","0.0,0.0,0.0","20.0,0.0,0.0","0,0,0"
1747092093.531519,"-96.0,0.0,0.0","11.0,0.0,0.0","0.0,0.0,0.0","20.0,0.0,0.0","0,0,0"
1747092093.5815432,"-96.0,0.0,0.0","11.0,0.0,0.0","0.0,0.0,0.0","20.0,0.0,0.0","0,0,0"
1747092093.6316915,"-96.0,0.0,0.0","11.0,0.0,0.0","0.0,0.0,0.0","20.0,0.0,0.0","0,0,0"
1747092093.6818862,"-97.0,0.0,0.0","8.0,0.0,0.0","0.0,0.0,0.0","17.0,0.0,0.0","0,0,0"
1747092093.7355795,"-97.0,0.0,0.0","-14.0,0.0,0.0","0.0,0.0,0.0","-13.0,0.0,0.0","0,0,0"
1747092093.787882,"-97.0,0.0,0.0","-42.0,0.0,0.0","0.0,0.0,0.0","-41.0,0.0,0.0","0,0,0"
1747092093.838531,"-97.0,0.0,0.0","-62.0,0.0,0.0","0.0,0.0,0.0","0.0,0.0,0.0","0,0,0"
1747092093.8886015,"-97.0,0.0,0.0","-80.0,0.0,0.0","0.0,0.0,0.0","0.0,0.0,0.0","0,0,0"
1747092093.9394188,"-97.0,0.0,0.0","-80.0,0.0,0.0","0.0,0.0,0.0","0.0,0.0,0.0","0,0,0"
1747092093.9907563,"-96.0,0.0,0.0","-98.0,0.0,0.0","0.0,0.0,0.0","0.0,0.0,0.0","0,0,0"
1747092094.0414455,"-96.0,0.0,0.0","-100.0,0.0,0.0","0.0,0.0,0.0","0.0,0.0,0.0","0,0,0"
1747092094.0921502,"-95.0,0.0,0.0","-100.0,0.0,0.0","0.0,0.0,0.0","0.0,0.0,0.0","0,0,0"
1747092094.1422696,"-95.0,0.0,0.0","-100.0,0.0,0.0","0.0,0.0,0.0","0.0,0.0,0.0","0,0,0"
1747092094.1924198,"-95.0,0.0,0.0","-100.0,0.0,0.0","0.0,0.0,0.0","0.0,0.0,0.0","0,0,0"
1747092094.2431128,"-95.0,0.0,0.0","-100.0,0.0,0.0","0.0,0.0,0.0","0.0,0.0,0.0","0,0,0"
1747092094.2936077,"-95.0,0.0,0.0","-98.0,0.0,0.0","0.0,0.0,0.0","0.0,0.0,0.0","0,0,0"
1747092094.3437588,"-96.0,0.0,0.0","-95.0,0.0,0.0","0.0,0.0,0.0","0.0,0.0,0.0","0,0,0"
1747092094.3946235,"-98.0,0.0,0.0","-95.0,0.0,0.0","0.0,0.0,0.0","0.0,0.0,0.0","0,0,0"
1747092094.4448097,"-101.0,0.0,0.0","-91.0,0.0,0.0","0.0,0.0,0.0","0.0,0.0,0.0","0,0,0"
1747092094.495458,"-101.0,0.0,0.0","-90.0,0.0,0.0","0.0,0.0,0.0","0.0,0.0,0.0","0,0,0"
1747092094.546005,"-101.0,0.0,0.0","-90.0,0.0,0.0","0.0,0.0,0.0","0.0,0.0,0.0","0,0,0"
1747092094.5979886,"-102.0,0.0,0.0","-88.0,0.0,0.0","0.0,0.0,0.0","0.0,0.0,0.0","0,0,0"
1747092094.6481805,"-102.0,0.0,0.0","-88.0,0.0,0.0","0.0,0.0,0.0","0.0,0.0,0.0","0,0,0"
1747092094.6987026,"-100.0,0.0,0.0","-88.0,0.0,0.0","0.0,0.0,0.0","0.0,0.0,0.0","0,0,0"
1747092094.7501025,"-99.0,0.0,0.0","-88.0,0.0,0.0","0.0,0.0,0.0","0.0,0.0,0.0","0,0,0"
1747092094.8006835,"-84.0,0.0,0.0","-88.0,0.0,0.0","0.0,0.0,0.0","0.0,0.0,0.0","0,0,0"
1747092094.850772,"-84.0,0.0,0.0","-88.0,0.0,0.0","0.0,0.0,0.0","0.0,0.0,0.0","0,0,0"
1747092094.9016814,"-78.0,0.0,0.0","-88.0,0.0,0.0","0.0,0.0,0.0","0.0,0.0,0.0","0,0,0"
1747092094.9517362,"-72.0,0.0,0.0","-88.0,0.0,0.0","0.0,0.0,0.0","0.0,0.0,0.0","0,0,0"
1747092095.0018125,"-72.0,0.0,0.0","-88.0,0.0,0.0","0.0,0.0,0.0","0.0,0.0,0.0","0,0,0"
1747092095.0518894,"-42.0,0.0,0.0","-88.0,0.0,0.0","-24.0,0.0,0.0","0.0,0.0,0.0","0,0,0"
1747092095.1030395,"-18.0,0.0,0.0","-88.0,0.0,0.0","-24.0,0.0,0.0","0.0,0.0,0.0","0,0,0"
1747092095.1533787,"-5.0,0.0,0.0","-88.0,0.0,0.0","-24.0,0.0,0.0","0.0,0.0,0.0","0,0,0"
1747092095.2036405,"-5.0,0.0,0.0","-88.0,0.0,0.0","-24.0,0.0,0.0","0.0,0.0,0.0","0,0,0"
1747092095.254624,"-5.0,0.0,0.0","-88.0,0.0,0.0","-24.0,0.0,0.0","0.0,0.0,0.0","0,0,0"
1747092095.3047452,"-5.0,0.0,0.0","-88.0,0.0,0.0","-24.0,0.0,0.0","0.0,0.0,0.0","0,0,0"
1747092095.3557866,"-5.0,0.0,0.0","-88.0,0.0,0.0","-24.0,0.0,0.0","0.0,0.0,0.0","0,0,0"
1747092095.4064536,"-9.0,0.0,0.0","-88.0,0.0,0.0","-24.0,0.0,0.0","0.0,0.0,0.0","0,0,0"
1747092095.4565063,"-15.0,0.0,0.0","-88.0,0.0,0.0","-24.0,0.0,0.0","0.0,0.0,0.0","0,0,0"
1747092095.5071406,"-22.0,0.0,0.0","-88.0,0.0,0.0","-24.0,0.0,0.0","0.0,0.0,0.0","0,0,0"
1747092095.5579765,"-29.0,0.0,0.0","-88.0,0.0,0.0","-24.0,0.0,0.0","0.0,0.0,0.0","0,0,0"
1747092095.6083188,"-50.0,0.0,0.0","-88.0,0.0,0.0","0.0,0.0,0.0","0.0,0.0,0.0","0,0,0"
1747092095.658793,"-56.0,0.0,0.0","-88.0,0.0,0.0","0.0,0.0,0.0","0.0,0.0,0.0","0,0,0"
1747092095.7097657,"-79.0,0.0,0.0","-88.0,0.0,0.0","0.0,0.0,0.0","0.0,0.0,0.0","0,0,0"
1747092095.7606838,"-85.0,0.0,0.0","-88.0,0.0,0.0","0.0,0.0,0.0","0.0,0.0,0.0","0,0,0"
1747092095.8108113,"-89.0,0.0,0.0","-88.0,0.0,0.0","0.0,0.0,0.0","0.0,0.0,0.0","0,0,0"
1747092095.8614466,"-93.0,0.0,0.0","-88.0,0.0,0.0","0.0,0.0,0.0","0.0,0.0,0.0","0,0,0"
1747092095.9115827,"-101.0,0.0,0.0","-89.0,0.0,0.0","0.0,0.0,0.0","0.0,0.0,0.0","0,0,0"
1747092095.9616978,"-103.0,0.0,0.0","-89.0,0.0,0.0","0.0,0.0,0.0","0.0,0.0,0.0","0,0,0"
1747092096.0118139,"-103.0,0.0,0.0","-89.0,0.0,0.0","0.0,0.0,0.0","0.0,0.0,0.0","0,0,0"
1747092096.0619743,"-103.0,0.0,0.0","-89.0,0.0,0.0","0.0,0.0,0.0","0.0,0.0,0.0","0,0,0"
1747092096.1125994,"-103.0,0.0,0.0","-89.0,0.0,0.0","0.0,0.0,0.0","0.0,0.0,0.0","0,0,0"
1747092096.1631782,"-103.0,0.0,0.0","-89.0,0.0,0.0","0.0,0.0,0.0","0.0,0.0,0.0","0,0,0"
1747092096.2138014,"-103.0,0.0,0.0","-89.0,0.0,0.0","0.0,0.0,0.0","0.0,0.0,0.0","0,0,0"
1747092096.2639046,"-103.0,0.0,0.0","-89.0,0.0,0.0","0.0,0.0,0.0","0.0,0.0,0.0","0,0,0"
1747092096.3145506,"-103.0,0.0,0.0","-89.0,0.0,0.0","0.0,0.0,0.0","0.0,0.0,0.0","0,0,0"
1747092096.3646288,"-102.0,0.0,0.0","-88.0,0.0,0.0","0.0,0.0,0.0","0.0,0.0,0.0","0,0,0"
1747092096.4146872,"-101.0,0.0,0.0","-88.0,0.0,0.0","0.0,0.0,0.0","0.0,0.0,0.0","0,0,0"
1747092096.4654381,"-97.0,0.0,0.0","-88.0,0.0,0.0","0.0,0.0,0.0","0.0,0.0,0.0","0,0,0"
1747092096.5154405,"-88.0,0.0,0.0","-88.0,0.0,0.0","0.0,0.0,0.0","0.0,0.0,0.0","0,0,0"
1747092096.566171,"-69.0,0.0,0.0","-88.0,0.0,0.0","0.0,0.0,0.0","0.0,0.0,0.0","0,0,0"
1747092096.6168315,"-52.0,0.0,0.0","-88.0,0.0,0.0","0.0,0.0,0.0","0.0,0.0,0.0","0,0,0"
1747092096.6673949,"-40.0,0.0,0.0","-88.0,0.0,0.0","-24.0,0.0,0.0","0.0,0.0,0.0","0,0,0"
1747092096.7178373,"-27.0,0.0,0.0","-88.0,0.0,0.0","-24.0,0.0,0.0","0.0,0.0,0.0","0,0,0"
1747092096.76855,"-18.0,0.0,0.0","-88.0,0.0,0.0","-24.0,0.0,0.0","0.0,0.0,0.0","0,0,0"
1747092096.818655,"-8.0,0.0,0.0","-88.0,0.0,0.0","-24.0,0.0,0.0","0.0,0.0,0.0","0,0,0"
1747092096.8694384,"-3.0,0.0,0.0","-88.0,0.0,0.0","-24.0,0.0,0.0","0.0,0.0,0.0","0,0,0"
1747092096.9197233,"-3.0,0.0,0.0","-88.0,0.0,0.0","-24.0,0.0,0.0","0.0,0.0,0.0","0,0,0"
1747092096.9704168,"-3.0,0.0,0.0","-88.0,0.0,0.0","-24.0,0.0,0.0","0.0,0.0,0.0","0,0,0"
1747092097.0204508,"-3.0,0.0,0.0","-88.0,0.0,0.0","-24.0,0.0,0.0","0.0,0.0,0.0","0,0,0"
1747092097.0718224,"-3.0,0.0,0.0","-88.0,0.0,0.0","-24.0,0.0,0.0","0.0,0.0,0.0","0,0,0"
1747092097.121988,"-3.0,0.0,0.0","-88.0,0.0,0.0","-24.0,0.0,0.0","0.0,0.0,0.0","0,0,0"
1747092097.1727586,"-7.0,0.0,0.0","-88.0,0.0,0.0","-24.0,0.0,0.0","0.0,0.0,0.0","0,0,0"
1747092097.2240195,"-11.0,0.0,0.0","-88.0,0.0,0.0","-24.0,0.0,0.0","0.0,0.0,0.0","0,0,0"
1747092097.2746453,"-16.0,0.0,0.0","-88.0,0.0,0.0","-24.0,0.0,0.0","0.0,0.0,0.0","0,0,0"
1747092097.3250835,"-31.0,0.0,0.0","-88.0,0.0,0.0","-24.0,0.0,0.0","0.0,0.0,0.0","0,0,0"
1747092097.3752832,"-43.0,0.0,0.0","-88.0,0.0,0.0","-24.0,0.0,0.0","0.0,0.0,0.0","0,0,0"
1747092097.4253438,"-58.0,0.0,0.0","-88.0,0.0,0.0","0.0,0.0,0.0","0.0,0.0,0.0","0,0,0"
1747092097.4754791,"-93.0,0.0,0.0","-88.0,0.0,0.0","0.0,0.0,0.0","0.0,0.0,0.0","0,0,0"
1747092097.5278409,"-97.0,0.0,0.0","-88.0,0.0,0.0","0.0,0.0,0.0","0.0,0.0,0.0","0,0,0"
1747092097.5781984,"-99.0,0.0,0.0","-88.0,0.0,0.0","0.0,0.0,0.0","0.0,0.0,0.0","0,0,0"
1747092097.6294754,"-99.0,0.0,0.0","-88.0,0.0,0.0","0.0,0.0,0.0","0.0,0.0,0.0","0,0,0"
1747092097.6798463,"-101.0,0.0,0.0","-88.0,0.0,0.0","0.0,0.0,0.0","0.0,0.0,0.0","0,0,0"
1747092097.731256,"-102.0,0.0,0.0","-88.0,0.0,0.0","0.0,0.0,0.0","0.0,0.0,0.0","0,0,0"
1747092097.7816482,"-102.0,0.0,0.0","-88.0,0.0,0.0","0.0,0.0,0.0","0.0,0.0,0.0","0,0,0"
1747092097.8318586,"-102.0,0.0,0.0","-88.0,0.0,0.0","0.0,0.0,0.0","0.0,0.0,0.0","0,0,0"
1747092097.882835,"-103.0,0.0,0.0","-88.0,0.0,0.0","0.0,0.0,0.0","0.0,0.0,0.0","0,0,0"
1747092097.933646,"-102.0,0.0,0.0","-88.0,0.0,0.0","0.0,0.0,0.0","0.0,0.0,0.0","0,0,0"
1747092097.9844851,"-102.0,0.0,0.0","-88.0,0.0,0.0","0.0,0.0,0.0","0.0,0.0,0.0","0,0,0"
1747092098.034535,"-102.0,0.0,0.0","-88.0,0.0,0.0","0.0,0.0,0.0","0.0,0.0,0.0","0,0,0"
1747092098.0914426,"-102.0,0.0,0.0","-88.0,0.0,0.0","0.0,0.0,0.0","0.0,0.0,0.0","0,0,0"
1747092098.141652,"-100.0,0.0,0.0","-88.0,0.0,0.0","0.0,0.0,0.0","0.0,0.0,0.0","0,0,0"
1747092098.1920311,"-95.0,0.0,0.0","-88.0,0.0,0.0","0.0,0.0,0.0","0.0,0.0,0.0","0,0,0"
1747092098.247661,"-85.0,0.0,0.0","-87.0,0.0,0.0","0.0,0.0,0.0","0.0,0.0,0.0","0,0,0"
1747092098.2997878,"-73.0,0.0,0.0","-87.0,0.0,0.0","0.0,0.0,0.0","0.0,0.0,0.0","0,0,0"
1747092098.3504226,"-57.0,0.0,0.0","-87.0,0.0,0.0","0.0,0.0,0.0","0.0,0.0,0.0","0,0,0"
1747092098.4009948,"-45.0,0.0,0.0","-87.0,0.0,0.0","0.0,0.0,0.0","0.0,0.0,0.0","0,0,0"
1747092098.451774,"-28.0,0.0,0.0","-87.0,0.0,0.0","-24.0,0.0,0.0","0.0,0.0,0.0","0,0,0"
1747092098.5019896,"-24.0,0.0,0.0","-87.0,0.0,0.0","-24.0,0.0,0.0","0.0,0.0,0.0","0,0,0"
1747092098.552624,"-21.0,0.0,0.0","-87.0,0.0,0.0","-24.0,0.0,0.0","0.0,0.0,0.0","0,0,0"
1747092098.6029031,"-9.0,0.0,0.0","-87.0,0.0,0.0","-24.0,0.0,0.0","0.0,0.0,0.0","0,0,0"
1747092098.6536982,"0.0,0.0,0.0","-87.0,0.0,0.0","-24.0,0.0,0.0","0.0,0.0,0.0","0,0,0"
1747092098.7056384,"3.0,0.0,0.0","-87.0,0.0,0.0","-24.0,0.0,0.0","0.0,0.0,0.0","0,0,0"
1747092098.7556515,"3.0,0.0,0.0","-87.0,0.0,0.0","-24.0,0.0,0.0","0.0,0.0,0.0","0,0,0"
1747092098.8057737,"3.0,0.0,0.0","-87.0,0.0,0.0","-24.0,0.0,0.0","0.0,0.0,0.0","0,0,0"
1747092098.8565793,"3.0,0.0,0.0","-87.0,0.0,0.0","-24.0,0.0,0.0","0.0,0.0,0.0","0,0,0"
1747092098.9067447,"3.0,0.0,0.0","-87.0,0.0,0.0","-24.0,0.0,0.0","0.0,0.0,0.0","0,0,0"
1747092098.9567828,"2.0,0.0,0.0","-87.0,0.0,0.0","-24.0,0.0,0.0","0.0,0.0,0.0","0,0,0"
1747092099.007473,"-11.0,0.0,0.0","-87.0,0.0,0.0","-24.0,0.0,0.0","0.0,0.0,0.0","0,0,0"
1747092099.0582523,"-26.0,0.0,0.0","-87.0,0.0,0.0","-24.0,0.0,0.0","0.0,0.0,0.0","0,0,0"
1747092099.1087067,"-37.0,0.0,0.0","-87.0,0.0,0.0","-24.0,0.0,0.0","0.0,0.0,0.0","0,0,0"
1747092099.1588254,"-49.0,0.0,0.0","-87.0,0.0,0.0","0.0,0.0,0.0","0.0,0.0,0.0","0,0,0"
1747092099.209575,"-68.0,0.0,0.0","-87.0,0.0,0.0","0.0,0.0,0.0","0.0,0.0,0.0","0,0,0"
1747092099.2600617,"-80.0,0.0,0.0","-87.0,0.0,0.0","0.0,0.0,0.0","0.0,0.0,0.0","0,0,0"
1747092099.3104494,"-92.0,0.0,0.0","-87.0,0.0,0.0","0.0,0.0,0.0","0.0,0.0,0.0","0,0,0"
1747092099.360491,"-92.0,0.0,0.0","-87.0,0.0,0.0","0.0,0.0,0.0","0.0,0.0,0.0","0,0,0"
1747092099.4114616,"-101.0,0.0,0.0","-88.0,0.0,0.0","0.0,0.0,0.0","0.0,0.0,0.0","0,0,0"
1747092099.4629247,"-101.0,0.0,0.0","-88.0,0.0,0.0","0.0,0.0,0.0","0.0,0.0,0.0","0,0,0"
1747092099.5131633,"-103.0,0.0,0.0","-87.0,0.0,0.0","0.0,0.0,0.0","0.0,0.0,0.0","0,0,0"
1747092099.563327,"-103.0,0.0,0.0","-88.0,0.0,0.0","0.0,0.0,0.0","0.0,0.0,0.0","0,0,0"
1747092099.613698,"-103.0,0.0,0.0","-88.0,0.0,0.0","0.0,0.0,0.0","0.0,0.0,0.0","0,0,0"
1747092099.6638238,"-103.0,0.0,0.0","-88.0,0.0,0.0","0.0,0.0,0.0","0.0,0.0,0.0","0,0,0"
1747092099.7140644,"-103.0,0.0,0.0","-88.0,0.0,0.0","0.0,0.0,0.0","0.0,0.0,0.0","0,0,0"
1747092099.7648706,"-103.0,0.0,0.0","-88.0,0.0,0.0","0.0,0.0,0.0","0.0,0.0,0.0","0,0,0"
1747092099.8155649,"-102.0,0.0,0.0","-88.0,0.0,0.0","0.0,0.0,0.0","0.0,0.0,0.0","0,0,0"
1747092099.865658,"-102.0,0.0,0.0","-87.0,0.0,0.0","0.0,0.0,0.0","0.0,0.0,0.0","0,0,0"
1747092099.9158156,"-99.0,0.0,0.0","-87.0,0.0,0.0","0.0,0.0,0.0","0.0,0.0,0.0","0,0,0"
1747092099.9662912,"-96.0,0.0,0.0","-87.0,0.0,0.0","0.0,0.0,0.0","0.0,0.0,0.0","0,0,0"
1747092100.0164092,"-80.0,0.0,0.0","-87.0,0.0,0.0","0.0,0.0,0.0","0.0,0.0,0.0","0,0,0"
1747092100.0668461,"-73.0,0.0,0.0","-87.0,0.0,0.0","0.0,0.0,0.0","0.0,0.0,0.0","0,0,0"
1747092100.116884,"-49.0,0.0,0.0","-87.0,0.0,0.0","0.0,0.0,0.0","0.0,0.0,0.0","0,0,0"
1747092100.1675212,"-38.0,0.0,0.0","-87.0,0.0,0.0","-24.0,0.0,0.0","0.0,0.0,0.0","0,0,0"
1747092100.2185175,"-25.0,0.0,0.0","-86.0,0.0,0.0","-24.0,0.0,0.0","0.0,0.0,0.0","0,0,0"
1747092100.269482,"-17.0,0.0,0.0","-87.0,0.0,0.0","-24.0,0.0,0.0","0.0,0.0,0.0","0,0,0"
1747092100.3197658,"-10.0,0.0,0.0","-87.0,0.0,0.0","-24.0,0.0,0.0","0.0,0.0,0.0","0,0,0"
1747092100.370403,"0.0,0.0,0.0","-87.0,0.0,0.0","-24.0,0.0,0.0","0.0,0.0,0.0","0,0,0"
1747092100.4211597,"0.0,0.0,0.0","-87.0,0.0,0.0","-24.0,0.0,0.0","0.0,0.0,0.0","0,0,0"
1747092100.4723482,"0.0,0.0,0.0","-87.0,0.0,0.0","-24.0,0.0,0.0","0.0,0.0,0.0","0,0,0"
1747092100.5226111,"0.0,0.0,0.0","-87.0,0.0,0.0","-24.0,0.0,0.0","0.0,0.0,0.0","0,0,0"
1747092100.5726612,"0.0,0.0,0.0","-87.0,0.0,0.0","-24.0,0.0,0.0","0.0,0.0,0.0","0,0,0"
1747092100.622718,"-1.0,0.0,0.0","-87.0,0.0,0.0","-24.0,0.0,0.0","0.0,0.0,0.0","0,0,0"
1747092100.672818,"-23.0,0.0,0.0","-87.0,0.0,0.0","-24.0,0.0,0.0","0.0,0.0,0.0","0,0,0"
1747092100.7235029,"-25.0,0.0,0.0","-87.0,0.0,0.0","-24.0,0.0,0.0","0.0,0.0,0.0","0,0,0"
1747092100.7736797,"-40.0,0.0,0.0","-87.0,0.0,0.0","-24.0,0.0,0.0","0.0,0.0,0.0","0,0,0"
1747092100.8243775,"-46.0,0.0,0.0","-87.0,0.0,0.0","0.0,0.0,0.0","0.0,0.0,0.0","0,0,0"
1747092100.8745282,"-64.0,0.0,0.0","-87.0,0.0,0.0","0.0,0.0,0.0","0.0,0.0,0.0","0,0,0"
1747092100.9253476,"-78.0,0.0,0.0","-88.0,0.0,0.0","0.0,0.0,0.0","0.0,0.0,0.0","0,0,0"
1747092100.9759712,"-92.0,0.0,0.0","-88.0,0.0,0.0","0.0,0.0,0.0","0.0,0.0,0.0","0,0,0"
1747092101.026064,"-97.0,0.0,0.0","-88.0,0.0,0.0","0.0,0.0,0.0","0.0,0.0,0.0","0,0,0"
1747092101.0766008,"-98.0,0.0,0.0","-88.0,0.0,0.0","0.0,0.0,0.0","0.0,0.0,0.0","0,0,0"
1747092101.127229,"-98.0,0.0,0.0","-88.0,0.0,0.0","0.0,0.0,0.0","0.0,0.0,0.0","0,0,0"
1747092101.1776848,"-99.0,0.0,0.0","-88.0,0.0,0.0","0.0,0.0,0.0","0.0,0.0,0.0","0,0,0"
1747092101.2278907,"-99.0,0.0,0.0","-88.0,0.0,0.0","0.0,0.0,0.0","0.0,0.0,0.0","0,0,0"
1747092101.2785387,"-98.0,0.0,0.0","-88.0,0.0,0.0","0.0,0.0,0.0","0.0,0.0,0.0","0,0,0"
1747092101.329765,"-98.0,0.0,0.0","-89.0,0.0,0.0","0.0,0.0,0.0","0.0,0.0,0.0","0,0,0"
1747092101.3804648,"-98.0,0.0,0.0","-89.0,0.0,0.0","0.0,0.0,0.0","0.0,0.0,0.0","0,0,0"
1747092101.4312491,"-98.0,0.0,0.0","-89.0,0.0,0.0","0.0,0.0,0.0","0.0,0.0,0.0","0,0,0"
1747092101.4814005,"-99.0,0.0,0.0","-91.0,0.0,0.0","0.0,0.0,0.0","0.0,0.0,0.0","0,0,0"
1747092101.5332346,"-101.0,0.0,0.0","-92.0,0.0,0.0","0.0,0.0,0.0","0.0,0.0,0.0","0,0,0"
1747092101.583851,"-104.0,0.0,0.0","-97.0,0.0,0.0","0.0,0.0,0.0","0.0,0.0,0.0","0,0,0"
1747092101.6344771,"-104.0,0.0,0.0","-103.0,0.0,0.0","0.0,0.0,0.0","0.0,0.0,0.0","0,0,0"
1747092101.6845374,"-104.0,0.0,0.0","-104.0,0.0,0.0","0.0,0.0,0.0","0.0,0.0,0.0","0,0,0"
1747092101.7346675,"-104.0,0.0,0.0","-104.0,0.0,0.0","0.0,0.0,0.0","0.0,0.0,0.0","0,0,0"
1747092101.7855113,"-104.0,0.0,0.0","-104.0,0.0,0.0","0.0,0.0,0.0","0.0,0.0,0.0","0,0,0"
1747092101.835594,"-102.0,0.0,0.0","-104.0,0.0,0.0","0.0,0.0,0.0","0.0,0.0,0.0","0,0,0"
1747092101.8856497,"-93.0,0.0,0.0","-104.0,0.0,0.0","0.0,0.0,0.0","0.0,0.0,0.0","0,0,0"
1747092101.935822,"-84.0,0.0,0.0","-92.0,0.0,0.0","0.0,0.0,0.0","0.0,0.0,0.0","0,0,0"
1747092101.9860191,"-73.0,0.0,0.0","-81.0,0.0,0.0","0.0,0.0,0.0","0.0,0.0,0.0","0,0,0"
1747092102.0367227,"-66.0,0.0,0.0","-75.0,0.0,0.0","0.0,0.0,0.0","0.0,0.0,0.0","0,0,0"
1747092102.087618,"-43.0,0.0,0.0","-59.0,0.0,0.0","-24.0,0.0,0.0","0.0,0.0,0.0","0,0,0"
1747092102.1386073,"-27.0,0.0,0.0","-34.0,0.0,0.0","-24.0,0.0,0.0","-26.0,0.0,0.0","0,0,0"
1747092102.1889584,"-17.0,0.0,0.0","-19.0,0.0,0.0","-24.0,0.0,0.0","-11.0,0.0,0.0","0,0,0"
1747092102.2396488,"-10.0,0.0,0.0","-15.0,0.0,0.0","-24.0,0.0,0.0","4.0,0.0,0.0","0,0,0"
1747092102.2897077,"-4.0,0.0,0.0","-7.0,0.0,0.0","-24.0,0.0,0.0","15.0,0.0,0.0","0,0,0"
1747092102.3397472,"-3.0,0.0,0.0","-6.0,0.0,0.0","-24.0,0.0,0.0","21.0,0.0,0.0","0,0,0"
1747092102.3903472,"-1.0,0.0,0.0","-4.0,0.0,0.0","-24.0,0.0,0.0","25.0,0.0,0.0","0,0,0"
1747092102.4404323,"-1.0,0.0,0.0","-4.0,0.0,0.0","-24.0,0.0,0.0","25.0,0.0,0.0","0,0,0"
1747092102.4905355,"-1.0,0.0,0.0","-4.0,0.0,0.0","-24.0,0.0,0.0","25.0,0.0,0.0","0,0,0"
1747092102.5414653,"-1.0,0.0,0.0","-4.0,0.0,0.0","-24.0,0.0,0.0","25.0,0.0,0.0","0,0,0"
1747092102.5924745,"-3.0,0.0,0.0","-5.0,0.0,0.0","-24.0,0.0,0.0","23.0,0.0,0.0","0,0,0"
1747092102.6428,"-5.0,0.0,0.0","-7.0,0.0,0.0","-24.0,0.0,0.0","17.0,0.0,0.0","0,0,0"
1747092102.6935198,"-9.0,0.0,0.0","-13.0,0.0,0.0","-24.0,0.0,0.0","9.0,0.0,0.0","0,0,0"
1747092102.7438812,"-13.0,0.0,0.0","-20.0,0.0,0.0","-24.0,0.0,0.0","0.0,0.0,0.0","0,0,0"
1747092102.7944624,"-22.0,0.0,0.0","-30.0,0.0,0.0","-24.0,0.0,0.0","-13.0,0.0,0.0","0,0,0"
1747092102.8454108,"-27.0,0.0,0.0","-37.0,0.0,0.0","-24.0,0.0,0.0","-19.0,0.0,0.0","0,0,0"
1747092102.8958333,"-35.0,0.0,0.0","-49.0,0.0,0.0","-24.0,0.0,0.0","0.0,0.0,0.0","0,0,0"
1747092102.946209,"-43.0,0.0,0.0","-61.0,0.0,0.0","-24.0,0.0,0.0","0.0,0.0,0.0","0,0,0"
1747092102.996838,"-47.0,0.0,0.0","-64.0,0.0,0.0","0.0,0.0,0.0","0.0,0.0,0.0","0,0,0"
1747092103.0475166,"-69.0,0.0,0.0","-79.0,0.0,0.0","0.0,0.0,0.0","0.0,0.0,0.0","0,0,0"
1747092103.098123,"-83.0,0.0,0.0","-92.0,0.0,0.0","0.0,0.0,0.0","0.0,0.0,0.0","0,0,0"
1747092103.1482823,"-91.0,0.0,0.0","-97.0,0.0,0.0","0.0,0.0,0.0","0.0,0.0,0.0","0,0,0"
1747092103.1996489,"-94.0,0.0,0.0","-99.0,0.0,0.0","0.0,0.0,0.0","0.0,0.0,0.0","0,0,0"
1747092103.2506373,"-101.0,0.0,0.0","-100.0,0.0,0.0","0.0,0.0,0.0","0.0,0.0,0.0","0,0,0"
1747092103.305864,"-103.0,0.0,0.0","-101.0,0.0,0.0","0.0,0.0,0.0","0.0,0.0,0.0","0,0,0"
1747092103.3579478,"-103.0,0.0,0.0","-102.0,0.0,0.0","0.0,0.0,0.0","0.0,0.0,0.0","0,0,0"
1747092103.4093225,"-103.0,0.0,0.0","-102.0,0.0,0.0","0.0,0.0,0.0","0.0,0.0,0.0","0,0,0"
1747092103.459681,"-102.0,0.0,0.0","-103.0,0.0,0.0","0.0,0.0,0.0","0.0,0.0,0.0","0,0,0"
1747092103.5106435,"-103.0,0.0,0.0","-102.0,0.0,0.0","0.0,0.0,0.0","0.0,0.0,0.0","0,0,0"
1747092103.5607722,"-103.0,0.0,0.0","-102.0,0.0,0.0","0.0,0.0,0.0","0.0,0.0,0.0","0,0,0"
1747092103.6117716,"-104.0,0.0,0.0","-103.0,0.0,0.0","0.0,0.0,0.0","0.0,0.0,0.0","0,0,0"
1747092103.6625547,"-102.0,0.0,0.0","-104.0,0.0,0.0","0.0,0.0,0.0","0.0,0.0,0.0","0,0,0"
1747092103.7135324,"-102.0,0.0,0.0","-104.0,0.0,0.0","0.0,0.0,0.0","0.0,0.0,0.0","0,0,0"
1747092103.7637928,"-101.0,0.0,0.0","-102.0,0.0,0.0","0.0,0.0,0.0","0.0,0.0,0.0","0,0,0"
1747092103.8144543,"-100.0,0.0,0.0","-102.0,0.0,0.0","0.0,0.0,0.0","0.0,0.0,0.0","0,0,0"
1747092103.864728,"-100.0,0.0,0.0","-102.0,0.0,0.0","0.0,0.0,0.0","0.0,0.0,0.0","0,0,0"
1747092103.9148912,"-93.0,0.0,0.0","-98.0,0.0,0.0","0.0,0.0,0.0","0.0,0.0,0.0","0,0,0"
1747092103.96552,"-89.0,0.0,0.0","-92.0,0.0,0.0","0.0,0.0,0.0","0.0,0.0,0.0","0,0,0"
1747092104.015799,"-69.0,0.0,0.0","-78.0,0.0,0.0","0.0,0.0,0.0","0.0,0.0,0.0","0,0,0"
1747092104.0664446,"-65.0,0.0,0.0","-71.0,0.0,0.0","0.0,0.0,0.0","0.0,0.0,0.0","0,0,0"
1747092104.1172938,"-53.0,0.0,0.0","-65.0,0.0,0.0","0.0,0.0,0.0","0.0,0.0,0.0","0,0,0"
1747092104.167609,"-42.0,0.0,0.0","-50.0,0.0,0.0","-24.0,0.0,0.0","0.0,0.0,0.0","0,0,0"
1747092104.21812,"-27.0,0.0,0.0","-29.0,0.0,0.0","-24.0,0.0,0.0","-14.0,0.0,0.0","0,0,0"
1747092104.2693686,"-27.0,0.0,0.0","-29.0,0.0,0.0","-24.0,0.0,0.0","-14.0,0.0,0.0","0,0,0"
1747092104.3196394,"-20.0,0.0,0.0","-22.0,0.0,0.0","-24.0,0.0,0.0","-6.0,0.0,0.0","0,0,0"
1747092104.3697014,"-8.0,0.0,0.0","-8.0,0.0,0.0","-24.0,0.0,0.0","16.0,0.0,0.0","0,0,0"
1747092104.421544,"-6.0,0.0,0.0","-4.0,0.0,0.0","-24.0,0.0,0.0","21.0,0.0,0.0","0,0,0"
1747092104.4718454,"-1.0,0.0,0.0","2.0,0.0,0.0","-24.0,0.0,0.0","30.0,0.0,0.0","0,0,0"
1747092104.5225198,"0.0,0.0,0.0","3.0,0.0,0.0","-24.0,0.0,0.0","33.0,0.0,0.0","0,0,0"
1747092104.5726597,"1.0,0.0,0.0","3.0,0.0,0.0","-24.0,0.0,0.0","36.0,0.0,0.0","0,0,0"
1747092104.6226814,"1.0,0.0,0.0","3.0,0.0,0.0","-24.0,0.0,0.0","37.0,0.0,0.0","0,0,0"
1747092104.6733184,"2.0,0.0,0.0","3.0,0.0,0.0","-24.0,0.0,0.0","37.0,0.0,0.0","0,0,0"
1747092104.72498,"2.0,0.0,0.0","3.0,0.0,0.0","-24.0,0.0,0.0","37.0,0.0,0.0","0,0,0"
1747092104.7755413,"2.0,0.0,0.0","3.0,0.0,0.0","-24.0,0.0,0.0","37.0,0.0,0.0","0,0,0"
1747092104.8256655,"1.0,0.0,0.0","1.0,0.0,0.0","13.0,0.0,0.0","36.0,0.0,0.0","0,0,0"
1747092104.87578,"1.0,0.0,0.0","0.0,0.0,0.0","13.0,0.0,0.0","36.0,0.0,0.0","0,0,0"
1747092104.9264624,"1.0,0.0,0.0","-1.0,0.0,0.0","13.0,0.0,0.0","36.0,0.0,0.0","0,0,0"
1747092104.9764903,"1.0,0.0,0.0","-1.0,0.0,0.0","13.0,0.0,0.0","35.0,0.0,0.0","0,0,0"
1747092105.0265706,"1.0,0.0,0.0","-1.0,0.0,0.0","13.0,0.0,0.0","34.0,0.0,0.0","0,0,0"
1747092105.076934,"1.0,0.0,0.0","-2.0,0.0,0.0","13.0,0.0,0.0","32.0,0.0,0.0","0,0,0"
1747092105.1270864,"0.0,0.0,0.0","-2.0,0.0,0.0","13.0,0.0,0.0","30.0,0.0,0.0","0,0,0"
1747092105.1774495,"0.0,0.0,0.0","-4.0,0.0,0.0","12.0,0.0,0.0","28.0,0.0,0.0","0,0,0"
1747092105.2282374,"-1.0,0.0,0.0","-5.0,0.0,0.0","10.0,0.0,0.0","24.0,0.0,0.0","0,0,0"
1747092105.2796638,"-3.0,0.0,0.0","-12.0,0.0,0.0","7.0,0.0,0.0","17.0,0.0,0.0","0,0,0"
1747092105.3303986,"-5.0,0.0,0.0","-17.0,0.0,0.0","4.0,0.0,0.0","13.0,0.0,0.0","0,0,0"
1747092105.3807206,"-7.0,0.0,0.0","-22.0,0.0,0.0","2.0,0.0,0.0","11.0,0.0,0.0","0,0,0"
1747092105.430842,"-8.0,0.0,0.0","-24.0,0.0,0.0","2.0,0.0,0.0","9.0,0.0,0.0","0,0,0"
1747092105.4827664,"-10.0,0.0,0.0","-33.0,0.0,0.0","0.0,0.0,0.0","4.0,0.0,0.0","0,0,0"
1747092105.533572,"-11.0,0.0,0.0","-38.0,0.0,0.0","0.0,0.0,0.0","2.0,0.0,0.0","0,0,0"
1747092105.584142,"-11.0,0.0,0.0","-38.0,0.0,0.0","-1.0,0.0,0.0","1.0,0.0,0.0","0,0,0"
1747092105.6347642,"-11.0,0.0,0.0","-38.0,0.0,0.0","-2.0,0.0,0.0","0.0,0.0,0.0","0,0,0"
1747092105.685335,"-11.0,0.0,0.0","-38.0,0.0,0.0","-3.0,0.0,0.0","-2.0,0.0,0.0","0,0,0"
1747092105.7365723,"-12.0,0.0,0.0","-39.0,0.0,0.0","-3.0,0.0,0.0","-4.0,0.0,0.0","0,0,0"
1747092105.786638,"-12.0,0.0,0.0","-39.0,0.0,0.0","-3.0,0.0,0.0","-4.0,0.0,0.0","0,0,0"
1747092105.8367698,"-11.0,0.0,0.0","-38.0,0.0,0.0","-4.0,0.0,0.0","-5.0,0.0,0.0","0,0,0"
1747092105.8873818,"-11.0,0.0,0.0","-38.0,0.0,0.0","-4.0,0.0,0.0","-5.0,0.0,0.0","0,0,0"
1747092105.937456,"-11.0,0.0,0.0","-38.0,0.0,0.0","-4.0,0.0,0.0","-5.0,0.0,0.0","0,0,0"
1747092105.988408,"-11.0,0.0,0.0","-36.0,0.0,0.0","-4.0,0.0,0.0","-4.0,0.0,0.0","0,0,0"
1747092106.0393403,"-11.0,0.0,0.0","-36.0,0.0,0.0","-4.0,0.0,0.0","-4.0,0.0,0.0","0,0,0"
1747092106.089424,"-11.0,0.0,0.0","-35.0,0.0,0.0","-5.0,0.0,0.0","-4.0,0.0,0.0","0,0,0"
1747092106.141513,"-12.0,0.0,0.0","-34.0,0.0,0.0","-5.0,0.0,0.0","-4.0,0.0,0.0","0,0,0"
1747092106.192203,"-12.0,0.0,0.0","-35.0,0.0,0.0","-13.0,0.0,0.0","-5.0,0.0,0.0","0,0,0"
1747092106.2422888,"-12.0,0.0,0.0","-35.0,0.0,0.0","-17.0,0.0,0.0","-6.0,0.0,0.0","0,0,0"
1747092106.2929904,"-16.0,0.0,0.0","-35.0,0.0,0.0","-37.0,0.0,0.0","-18.0,0.0,0.0","0,0,0"
1747092106.343632,"-22.0,0.0,0.0","-35.0,0.0,0.0","-53.0,0.0,0.0","-23.0,0.0,0.0","0,0,0"
1747092106.3946483,"-45.0,0.0,0.0","-55.0,0.0,0.0","0.0,0.0,0.0","0.0,0.0,0.0","0,0,0"
1747092106.445599,"-52.0,0.0,0.0","-63.0,0.0,0.0","0.0,0.0,0.0","0.0,0.0,0.0","0,0,0"
1747092106.4956443,"-82.0,0.0,0.0","-83.0,0.0,0.0","0.0,0.0,0.0","0.0,0.0,0.0","0,0,0"
1747092106.546368,"-98.0,0.0,0.0","-99.0,0.0,0.0","0.0,0.0,0.0","0.0,0.0,0.0","0,0,0"
1747092106.5964859,"-104.0,0.0,0.0","-104.0,0.0,0.0","0.0,0.0,0.0","0.0,0.0,0.0","0,0,0"
1747092106.646848,"-105.0,0.0,0.0","-104.0,0.0,0.0","0.0,0.0,0.0","0.0,0.0,0.0","0,0,0"
1747092106.6972897,"-105.0,0.0,0.0","-105.0,0.0,0.0","0.0,0.0,0.0","0.0,0.0,0.0","0,0,0"
1747092106.7481627,"-105.0,0.0,0.0","-105.0,0.0,0.0","0.0,0.0,0.0","0.0,0.0,0.0","0,0,0"
1747092106.799298,"-104.0,0.0,0.0","-105.0,0.0,0.0","0.0,0.0,0.0","0.0,0.0,0.0","0,0,0"
1747092106.850614,"-102.0,0.0,0.0","-103.0,0.0,0.0","0.0,0.0,0.0","0.0,0.0,0.0","0,0,0"
1747092106.900722,"-102.0,0.0,0.0","-102.0,0.0,0.0","0.0,0.0,0.0","0.0,0.0,0.0","0,0,0"
1747092106.9513814,"-103.0,0.0,0.0","-101.0,0.0,0.0","0.0,0.0,0.0","0.0,0.0,0.0","0,0,0"
1747092107.002614,"-103.0,0.0,0.0","-101.0,0.0,0.0","0.0,0.0,0.0","0.0,0.0,0.0","0,0,0"
1747092107.0535312,"-103.0,0.0,0.0","-102.0,0.0,0.0","0.0,0.0,0.0","0.0,0.0,0.0","0,0,0"
1747092107.1041574,"-102.0,0.0,0.0","-102.0,0.0,0.0","0.0,0.0,0.0","0.0,0.0,0.0","0,0,0"
1747092107.1556578,"-104.0,0.0,0.0","-102.0,0.0,0.0","0.0,0.0,0.0","0.0,0.0,0.0","0,0,0"
1747092107.2056706,"-104.0,0.0,0.0","-102.0,0.0,0.0","0.0,0.0,0.0","0.0,0.0,0.0","0,0,0"
1747092107.2563179,"-104.0,0.0,0.0","-102.0,0.0,0.0","0.0,0.0,0.0","0.0,0.0,0.0","0,0,0"
1747092107.307644,"-104.0,0.0,0.0","-101.0,0.0,0.0","0.0,0.0,0.0","0.0,0.0,0.0","0,0,0"
1747092107.3577292,"-102.0,0.0,0.0","-101.0,0.0,0.0","0.0,0.0,0.0","0.0,0.0,0.0","0,0,0"
1747092107.407821,"-93.0,0.0,0.0","-99.0,0.0,0.0","0.0,0.0,0.0","0.0,0.0,0.0","0,0,0"
1747092107.4584625,"-84.0,0.0,0.0","-95.0,0.0,0.0","0.0,0.0,0.0","0.0,0.0,0.0","0,0,0"
1747092107.508649,"-62.0,0.0,0.0","-72.0,0.0,0.0","0.0,0.0,0.0","0.0,0.0,0.0","0,0,0"
1747092107.5595927,"-55.0,0.0,0.0","-69.0,0.0,0.0","0.0,0.0,0.0","0.0,0.0,0.0","0,0,0"
1747092107.6096854,"-40.0,0.0,0.0","-50.0,0.0,0.0","-41.0,0.0,0.0","0.0,0.0,0.0","0,0,0"
1747092107.6603284,"-27.0,0.0,0.0","-40.0,0.0,0.0","-24.0,0.0,0.0","-23.0,0.0,0.0","0,0,0"
1747092107.7105355,"-20.0,0.0,0.0","-30.0,0.0,0.0","-24.0,0.0,0.0","-6.0,0.0,0.0","0,0,0"
1747092107.761287,"-13.0,0.0,0.0","-21.0,0.0,0.0","-24.0,0.0,0.0","-6.0,0.0,0.0","0,0,0"
1747092107.8116972,"-1.0,0.0,0.0","-6.0,0.0,0.0","-11.0,0.0,0.0","7.0,0.0,0.0","0,0,0"
1747092107.8622928,"5.0,0.0,0.0","3.0,0.0,0.0","1.0,0.0,0.0","22.0,0.0,0.0","0,0,0"
1747092107.912837,"7.0,0.0,0.0","4.0,0.0,0.0","5.0,0.0,0.0","23.0,0.0,0.0","0,0,0"
1747092107.9634638,"7.0,0.0,0.0","4.0,0.0,0.0","5.0,0.0,0.0","23.0,0.0,0.0","0,0,0"
1747092108.0140266,"7.0,0.0,0.0","4.0,0.0,0.0","5.0,0.0,0.0","23.0,0.0,0.0","0,0,0"
1747092108.0646708,"7.0,0.0,0.0","4.0,0.0,0.0","5.0,0.0,0.0","23.0,0.0,0.0","0,0,0"
1747092108.115141,"7.0,0.0,0.0","4.0,0.0,0.0","4.0,0.0,0.0","21.0,0.0,0.0","0,0,0"
1747092108.165356,"4.0,0.0,0.0","3.0,0.0,0.0","-2.0,0.0,0.0","18.0,0.0,0.0","0,0,0"
1747092108.216051,"-5.0,0.0,0.0","-8.0,0.0,0.0","-24.0,0.0,0.0","0.0,0.0,0.0","0,0,0"
1747092108.2661622,"-18.0,0.0,0.0","-19.0,0.0,0.0","-24.0,0.0,0.0","-11.0,0.0,0.0","0,0,0"
1747092108.3171496,"-33.0,0.0,0.0","-36.0,0.0,0.0","-24.0,0.0,0.0","-43.0,0.0,0.0","0,0,0"
1747092108.3755958,"-43.0,0.0,0.0","-48.0,0.0,0.0","-24.0,0.0,0.0","0.0,0.0,0.0","0,0,0"
1747092108.4267664,"-51.0,0.0,0.0","-63.0,0.0,0.0","0.0,0.0,0.0","0.0,0.0,0.0","0,0,0"
1747092108.4775264,"-82.0,0.0,0.0","-91.0,0.0,0.0","0.0,0.0,0.0","0.0,0.0,0.0","0,0,0"
1747092108.527558,"-87.0,0.0,0.0","-96.0,0.0,0.0","0.0,0.0,0.0","0.0,0.0,0.0","0,0,0"
1747092108.5786765,"-97.0,0.0,0.0","-98.0,0.0,0.0","0.0,0.0,0.0","0.0,0.0,0.0","0,0,0"
1747092108.6296158,"-99.0,0.0,0.0","-98.0,0.0,0.0","0.0,0.0,0.0","0.0,0.0,0.0","0,0,0"
1747092108.6804554,"-100.0,0.0,0.0","-104.0,0.0,0.0","0.0,0.0,0.0","0.0,0.0,0.0","0,0,0"
1747092108.7306297,"-100.0,0.0,0.0","-104.0,0.0,0.0","0.0,0.0,0.0","0.0,0.0,0.0","0,0,0"
1747092108.7823927,"-100.0,0.0,0.0","-100.0,0.0,0.0","0.0,0.0,0.0","0.0,0.0,0.0","0,0,0"
1747092108.8330445,"-100.0,0.0,0.0","-99.0,0.0,0.0","0.0,0.0,0.0","0.0,0.0,0.0","0,0,0"
1747092108.883634,"-100.0,0.0,0.0","-98.0,0.0,0.0","0.0,0.0,0.0","0.0,0.0,0.0","0,0,0"
1747092108.9347517,"-99.0,0.0,0.0","-98.0,0.0,0.0","0.0,0.0,0.0","0.0,0.0,0.0","0,0,0"
1747092108.9854984,"-98.0,0.0,0.0","-98.0,0.0,0.0","0.0,0.0,0.0","0.0,0.0,0.0","0,0,0"
1747092109.0355732,"-97.0,0.0,0.0","-98.0,0.0,0.0","0.0,0.0,0.0","0.0,0.0,0.0","0,0,0"
1747092109.0856616,"-97.0,0.0,0.0","-99.0,0.0,0.0","0.0,0.0,0.0","0.0,0.0,0.0","0,0,0"
1747092109.1372776,"-96.0,0.0,0.0","-102.0,0.0,0.0","0.0,0.0,0.0","0.0,0.0,0.0","0,0,0"
1747092109.1874082,"-95.0,0.0,0.0","-102.0,0.0,0.0","0.0,0.0,0.0","0.0,0.0,0.0","0,0,0"
1747092109.2376366,"-95.0,0.0,0.0","-102.0,0.0,0.0","0.0,0.0,0.0","0.0,0.0,0.0","0,0,0"
1747092109.2883244,"-95.0,0.0,0.0","-102.0,0.0,0.0","0.0,0.0,0.0","0.0,0.0,0.0","0,0,0"
1747092109.3385768,"-96.0,0.0,0.0","-102.0,0.0,0.0","0.0,0.0,0.0","0.0,0.0,0.0","0,0,0"
1747092109.3892581,"-96.0,0.0,0.0","-102.0,0.0,0.0","0.0,0.0,0.0","0.0,0.0,0.0","0,0,0"
1747092109.4402707,"-96.0,0.0,0.0","-99.0,0.0,0.0","0.0,0.0,0.0","0.0,0.0,0.0","0,0,0"
1747092109.4923234,"-96.0,0.0,0.0","-88.0,0.0,0.0","0.0,0.0,0.0","0.0,0.0,0.0","0,0,0"
1747092109.5425851,"-96.0,0.0,0.0","-82.0,0.0,0.0","0.0,0.0,0.0","0.0,0.0,0.0","0,0,0"
1747092109.5926201,"-96.0,0.0,0.0","-55.0,0.0,0.0","0.0,0.0,0.0","0.0,0.0,0.0","0,0,0"
1747092109.6442583,"-96.0,0.0,0.0","-35.0,0.0,0.0","0.0,0.0,0.0","-42.0,0.0,0.0","0,0,0"
1747092109.6947992,"-96.0,0.0,0.0","-12.0,0.0,0.0","0.0,0.0,0.0","-18.0,0.0,0.0","0,0,0"
1747092109.7454855,"-96.0,0.0,0.0","-1.0,0.0,0.0","0.0,0.0,0.0","-9.0,0.0,0.0","0,0,0"
1747092109.7955525,"-96.0,0.0,0.0","21.0,0.0,0.0","0.0,0.0,0.0","14.0,0.0,0.0","0,0,0"
1747092109.8456109,"-96.0,0.0,0.0","44.0,0.0,0.0","0.0,0.0,0.0","33.0,0.0,0.0","0,0,0"
1747092109.8957927,"-96.0,0.0,0.0","51.0,0.0,0.0","0.0,0.0,0.0","0.0,0.0,0.0","0,0,0"
1747092109.9459672,"-96.0,0.0,0.0","52.0,0.0,0.0","0.0,0.0,0.0","0.0,0.0,0.0","0,0,0"
1747092109.9971561,"-97.0,0.0,0.0","59.0,0.0,0.0","0.0,0.0,0.0","0.0,0.0,0.0","0,0,0"
1747092110.049576,"-97.0,0.0,0.0","67.0,0.0,0.0","0.0,0.0,0.0","0.0,0.0,0.0","0,0,0"
1747092110.0996804,"-97.0,0.0,0.0","73.0,0.0,0.0","0.0,0.0,0.0","0.0,0.0,0.0","0,0,0"
1747092110.1497142,"-96.0,0.0,0.0","76.0,0.0,0.0","0.0,0.0,0.0","0.0,0.0,0.0","0,0,0"
1747092110.2005055,"-95.0,0.0,0.0","77.0,0.0,0.0","0.0,0.0,0.0","0.0,0.0,0.0","0,0,0"
1747092110.2505338,"-95.0,0.0,0.0","78.0,0.0,0.0","0.0,0.0,0.0","0.0,0.0,0.0","0,0,0"
1747092110.3014128,"-95.0,0.0,0.0","78.0,0.0,0.0","0.0,0.0,0.0","0.0,0.0,0.0","0,0,0"
1747092110.3516521,"-95.0,0.0,0.0","78.0,0.0,0.0","0.0,0.0,0.0","0.0,0.0,0.0","0,0,0"
1747092110.401678,"-95.0,0.0,0.0","78.0,0.0,0.0","0.0,0.0,0.0","0.0,0.0,0.0","0,0,0"
1747092110.4519815,"-95.0,0.0,0.0","77.0,0.0,0.0","0.0,0.0,0.0","0.0,0.0,0.0","0,0,0"
1747092110.5024228,"-95.0,0.0,0.0","77.0,0.0,0.0","0.0,0.0,0.0","0.0,0.0,0.0","0,0,0"
1747092110.5527306,"-95.0,0.0,0.0","75.0,0.0,0.0","0.0,0.0,0.0","0.0,0.0,0.0","0,0,0"
1747092110.6037135,"-95.0,0.0,0.0","75.0,0.0,0.0","0.0,0.0,0.0","0.0,0.0,0.0","0,0,0"
1747092110.6545105,"-95.0,0.0,0.0","75.0,0.0,0.0","0.0,0.0,0.0","0.0,0.0,0.0","0,0,0"
1747092110.7046673,"-95.0,0.0,0.0","75.0,0.0,0.0","0.0,0.0,0.0","0.0,0.0,0.0","0,0,0"
1747092110.7553296,"-95.0,0.0,0.0","75.0,0.0,0.0","0.0,0.0,0.0","0.0,0.0,0.0","0,0,0"
1747092110.805394,"-96.0,0.0,0.0","75.0,0.0,0.0","0.0,0.0,0.0","0.0,0.0,0.0","0,0,0"
1747092110.8556406,"-96.0,0.0,0.0","75.0,0.0,0.0","0.0,0.0,0.0","0.0,0.0,0.0","0,0,0"
1747092110.9057229,"-96.0,0.0,0.0","76.0,0.0,0.0","0.0,0.0,0.0","0.0,0.0,0.0","0,0,0"
1747092110.9563599,"-96.0,0.0,0.0","77.0,0.0,0.0","0.0,0.0,0.0","0.0,0.0,0.0","0,0,0"
1747092111.006436,"-96.0,0.0,0.0","79.0,0.0,0.0","0.0,0.0,0.0","0.0,0.0,0.0","0,0,0"
1747092111.057621,"-95.0,0.0,0.0","78.0,0.0,0.0","0.0,0.0,0.0","0.0,0.0,0.0","0,0,0"
1747092111.108447,"-96.0,0.0,0.0","78.0,0.0,0.0","0.0,0.0,0.0","0.0,0.0,0.0","0,0,0"
1747092111.1585686,"-96.0,0.0,0.0","77.0,0.0,0.0","0.0,0.0,0.0","0.0,0.0,0.0","0,0,0"
1747092111.2092943,"-96.0,0.0,0.0","76.0,0.0,0.0","0.0,0.0,0.0","0.0,0.0,0.0","0,0,0"
1747092111.2595272,"-95.0,0.0,0.0","70.0,0.0,0.0","0.0,0.0,0.0","0.0,0.0,0.0","0,0,0"
1747092111.3096964,"-96.0,0.0,0.0","67.0,0.0,0.0","0.0,0.0,0.0","0.0,0.0,0.0","0,0,0"
1747092111.3602738,"-95.0,0.0,0.0","53.0,0.0,0.0","0.0,0.0,0.0","0.0,0.0,0.0","0,0,0"
1747092111.4102974,"-95.0,0.0,0.0","52.0,0.0,0.0","0.0,0.0,0.0","0.0,0.0,0.0","0,0,0"
1747092111.4607763,"-95.0,0.0,0.0","54.0,0.0,0.0","0.0,0.0,0.0","0.0,0.0,0.0","0,0,0"
1747092111.5113664,"-95.0,0.0,0.0","43.0,0.0,0.0","0.0,0.0,0.0","38.0,0.0,0.0","0,0,0"
1747092111.562288,"-95.0,0.0,0.0","35.0,0.0,0.0","0.0,0.0,0.0","30.0,0.0,0.0","0,0,0"
1747092111.612391,"-95.0,0.0,0.0","6.0,0.0,0.0","0.0,0.0,0.0","5.0,0.0,0.0","0,0,0"
1747092111.6640658,"-95.0,0.0,0.0","-2.0,0.0,0.0","0.0,0.0,0.0","-4.0,0.0,0.0","0,0,0"
1747092111.7151897,"-96.0,0.0,0.0","-24.0,0.0,0.0","0.0,0.0,0.0","-25.0,0.0,0.0","0,0,0"
1747092111.7653518,"-95.0,0.0,0.0","-36.0,0.0,0.0","0.0,0.0,0.0","-36.0,0.0,0.0","0,0,0"
1747092111.815979,"-96.0,0.0,0.0","-54.0,0.0,0.0","0.0,0.0,0.0","0.0,0.0,0.0","0,0,0"
1747092111.8661523,"-96.0,0.0,0.0","-68.0,0.0,0.0","0.0,0.0,0.0","0.0,0.0,0.0","0,0,0"
1747092111.9162378,"-96.0,0.0,0.0","-87.0,0.0,0.0","0.0,0.0,0.0","0.0,0.0,0.0","0,0,0"
1747092111.9666479,"-96.0,0.0,0.0","-96.0,0.0,0.0","0.0,0.0,0.0","0.0,0.0,0.0","0,0,0"
1747092112.016932,"-96.0,0.0,0.0","-97.0,0.0,0.0","0.0,0.0,0.0","0.0,0.0,0.0","0,0,0"
1747092112.0674062,"-96.0,0.0,0.0","-98.0,0.0,0.0","0.0,0.0,0.0","0.0,0.0,0.0","0,0,0"
1747092112.1177833,"-96.0,0.0,0.0","-99.0,0.0,0.0","0.0,0.0,0.0","0.0,0.0,0.0","0,0,0"
1747092112.1686943,"-96.0,0.0,0.0","-99.0,0.0,0.0","0.0,0.0,0.0","0.0,0.0,0.0","0,0,0"
1747092112.2187045,"-96.0,0.0,0.0","-99.0,0.0,0.0","0.0,0.0,0.0","0.0,0.0,0.0","0,0,0"
1747092112.269266,"-96.0,0.0,0.0","-99.0,0.0,0.0","0.0,0.0,0.0","0.0,0.0,0.0","0,0,0"
1747092112.319538,"-96.0,0.0,0.0","-97.0,0.0,0.0","0.0,0.0,0.0","0.0,0.0,0.0","0,0,0"
1747092112.3697217,"-96.0,0.0,0.0","-97.0,0.0,0.0","0.0,0.0,0.0","0.0,0.0,0.0","0,0,0"
1747092112.4207175,"-96.0,0.0,0.0","-97.0,0.0,0.0","0.0,0.0,0.0","0.0,0.0,0.0","0,0,0"
1747092112.4713295,"-96.0,0.0,0.0","-98.0,0.0,0.0","0.0,0.0,0.0","0.0,0.0,0.0","0,0,0"
1747092112.5214598,"-96.0,0.0,0.0","-99.0,0.0,0.0","0.0,0.0,0.0","0.0,0.0,0.0","0,0,0"
1747092112.5719259,"-96.0,0.0,0.0","-99.0,0.0,0.0","0.0,0.0,0.0","0.0,0.0,0.0","0,0,0"
1747092112.6220188,"-96.0,0.0,0.0","-99.0,0.0,0.0","0.0,0.0,0.0","0.0,0.0,0.0","0,0,0"
1747092112.6727898,"-96.0,0.0,0.0","-101.0,0.0,0.0","0.0,0.0,0.0","0.0,0.0,0.0","0,0,0"
1747092112.7244844,"-96.0,0.0,0.0","-101.0,0.0,0.0","0.0,0.0,0.0","0.0,0.0,0.0","0,0,0"
1747092112.7745342,"-96.0,0.0,0.0","-101.0,0.0,0.0","0.0,0.0,0.0","0.0,0.0,0.0","0,0,0"
1747092112.8286533,"-96.0,0.0,0.0","-101.0,0.0,0.0","0.0,0.0,0.0","0.0,0.0,0.0","0,0,0"
1747092112.8826287,"-96.0,0.0,0.0","-101.0,0.0,0.0","0.0,0.0,0.0","0.0,0.0,0.0","0,0,0"
1747092112.9340804,"-96.0,0.0,0.0","-101.0,0.0,0.0","0.0,0.0,0.0","0.0,0.0,0.0","0,0,0"
1747092112.984568,"-96.0,0.0,0.0","-81.0,0.0,0.0","0.0,0.0,0.0","0.0,0.0,0.0","0,0,0"
1747092113.0352826,"-95.0,0.0,0.0","-57.0,0.0,0.0","0.0,0.0,0.0","0.0,0.0,0.0","0,0,0"
1747092113.085713,"-95.0,0.0,0.0","-45.0,0.0,0.0","0.0,0.0,0.0","0.0,0.0,0.0","0,0,0"
1747092113.1358852,"-95.0,0.0,0.0","-33.0,0.0,0.0","0.0,0.0,0.0","-37.0,0.0,0.0","0,0,0"
1747092113.1865563,"-95.0,0.0,0.0","-18.0,0.0,0.0","0.0,0.0,0.0","-19.0,0.0,0.0","0,0,0"
1747092113.2371457,"-95.0,0.0,0.0","0.0,0.0,0.0","0.0,0.0,0.0","-3.0,0.0,0.0","0,0,0"
1747092113.287641,"-95.0,0.0,0.0","27.0,0.0,0.0","0.0,0.0,0.0","22.0,0.0,0.0","0,0,0"
1747092113.3379762,"-95.0,0.0,0.0","27.0,0.0,0.0","0.0,0.0,0.0","22.0,0.0,0.0","0,0,0"
1747092113.3880744,"-95.0,0.0,0.0","55.0,0.0,0.0","0.0,0.0,0.0","0.0,0.0,0.0","0,0,0"
1747092113.4463563,"-95.0,0.0,0.0","55.0,0.0,0.0","0.0,0.0,0.0","0.0,0.0,0.0","0,0,0"
1747092113.4964943,"-96.0,0.0,0.0","58.0,0.0,0.0","0.0,0.0,0.0","0.0,0.0,0.0","0,0,0"
1747092113.5466108,"-96.0,0.0,0.0","62.0,0.0,0.0","0.0,0.0,0.0","0.0,0.0,0.0","0,0,0"
1747092113.5966988,"-96.0,0.0,0.0","70.0,0.0,0.0","0.0,0.0,0.0","0.0,0.0,0.0","0,0,0"
1747092113.6473124,"-96.0,0.0,0.0","71.0,0.0,0.0","0.0,0.0,0.0","0.0,0.0,0.0","0,0,0"
1747092113.6974018,"-96.0,0.0,0.0","74.0,0.0,0.0","0.0,0.0,0.0","0.0,0.0,0.0","0,0,0"
1747092113.7483432,"-96.0,0.0,0.0","77.0,0.0,0.0","0.0,0.0,0.0","0.0,0.0,0.0","0,0,0"
1747092113.798382,"-96.0,0.0,0.0","78.0,0.0,0.0","0.0,0.0,0.0","0.0,0.0,0.0","0,0,0"
1747092113.8485556,"-96.0,0.0,0.0","78.0,0.0,0.0","0.0,0.0,0.0","0.0,0.0,0.0","0,0,0"
1747092113.9004169,"-96.0,0.0,0.0","78.0,0.0,0.0","0.0,0.0,0.0","0.0,0.0,0.0","0,0,0"
1747092113.950546,"-95.0,0.0,0.0","79.0,0.0,0.0","0.0,0.0,0.0","0.0,0.0,0.0","0,0,0"
1747092114.0014708,"-95.0,0.0,0.0","79.0,0.0,0.0","0.0,0.0,0.0","0.0,0.0,0.0","0,0,0"
1747092114.0515969,"-95.0,0.0,0.0","79.0,0.0,0.0","0.0,0.0,0.0","0.0,0.0,0.0","0,0,0"
1747092114.1024542,"-95.0,0.0,0.0","80.0,0.0,0.0","0.0,0.0,0.0","0.0,0.0,0.0","0,0,0"
1747092114.1531324,"-95.0,0.0,0.0","78.0,0.0,0.0","0.0,0.0,0.0","0.0,0.0,0.0","0,0,0"
1747092114.2033274,"-95.0,0.0,0.0","78.0,0.0,0.0","0.0,0.0,0.0","0.0,0.0,0.0","0,0,0"
1747092114.2540987,"-95.0,0.0,0.0","78.0,0.0,0.0","0.0,0.0,0.0","0.0,0.0,0.0","0,0,0"
1747092114.304299,"-95.0,0.0,0.0","78.0,0.0,0.0","0.0,0.0,0.0","0.0,0.0,0.0","0,0,0"
1747092114.3552325,"-95.0,0.0,0.0","79.0,0.0,0.0","0.0,0.0,0.0","0.0,0.0,0.0","0,0,0"
1747092114.4057605,"-95.0,0.0,0.0","79.0,0.0,0.0","0.0,0.0,0.0","0.0,0.0,0.0","0,0,0"
1747092114.456281,"-95.0,0.0,0.0","79.0,0.0,0.0","0.0,0.0,0.0","0.0,0.0,0.0","0,0,0"
1747092114.5063841,"-95.0,0.0,0.0","79.0,0.0,0.0","0.0,0.0,0.0","0.0,0.0,0.0","0,0,0"
1747092114.5565367,"-95.0,0.0,0.0","79.0,0.0,0.0","0.0,0.0,0.0","0.0,0.0,0.0","0,0,0"
1747092114.6066155,"-95.0,0.0,0.0","80.0,0.0,0.0","0.0,0.0,0.0","0.0,0.0,0.0","0,0,0"
1747092114.65676,"-95.0,0.0,0.0","80.0,0.0,0.0","0.0,0.0,0.0","0.0,0.0,0.0","0,0,0"
1747092114.7094052,"-95.0,0.0,0.0","79.0,0.0,0.0","0.0,0.0,0.0","0.0,0.0,0.0","0,0,0"
1747092114.7605662,"-95.0,0.0,0.0","79.0,0.0,0.0","0.0,0.0,0.0","0.0,0.0,0.0","0,0,0"
1747092114.810614,"-95.0,0.0,0.0","79.0,0.0,0.0","0.0,0.0,0.0","0.0,0.0,0.0","0,0,0"
1747092114.8612561,"-95.0,0.0,0.0","79.0,0.0,0.0","0.0,0.0,0.0","0.0,0.0,0.0","0,0,0"
1747092114.9115613,"-95.0,0.0,0.0","79.0,0.0,0.0","0.0,0.0,0.0","0.0,0.0,0.0","0,0,0"
1747092114.9625292,"-95.0,0.0,0.0","78.0,0.0,0.0","0.0,0.0,0.0","0.0,0.0,0.0","0,0,0"
1747092115.012658,"-95.0,0.0,0.0","78.0,0.0,0.0","0.0,0.0,0.0","0.0,0.0,0.0","0,0,0"
1747092115.0627942,"-95.0,0.0,0.0","78.0,0.0,0.0","0.0,0.0,0.0","0.0,0.0,0.0","0,0,0"
1747092115.113472,"-95.0,0.0,0.0","78.0,0.0,0.0","0.0,0.0,0.0","0.0,0.0,0.0","0,0,0"
1747092115.1651523,"-95.0,0.0,0.0","78.0,0.0,0.0","0.0,0.0,0.0","0.0,0.0,0.0","0,0,0"
1747092115.215589,"-95.0,0.0,0.0","78.0,0.0,0.0","0.0,0.0,0.0","0.0,0.0,0.0","0,0,0"
1747092115.2664871,"-95.0,0.0,0.0","76.0,0.0,0.0","0.0,0.0,0.0","0.0,0.0,0.0","0,0,0"
1747092115.3167863,"-95.0,0.0,0.0","76.0,0.0,0.0","0.0,0.0,0.0","0.0,0.0,0.0","0,0,0"
1747092115.3676703,"-95.0,0.0,0.0","74.0,0.0,0.0","0.0,0.0,0.0","0.0,0.0,0.0","0,0,0"
1747092115.4190736,"-95.0,0.0,0.0","74.0,0.0,0.0","0.0,0.0,0.0","0.0,0.0,0.0","0,0,0"
1747092115.46933,"-95.0,0.0,0.0","73.0,0.0,0.0","0.0,0.0,0.0","0.0,0.0,0.0","0,0,0"
1747092115.5202506,"-95.0,0.0,0.0","71.0,0.0,0.0","0.0,0.0,0.0","0.0,0.0,0.0","0,0,0"
1747092115.5702844,"-95.0,0.0,0.0","71.0,0.0,0.0","0.0,0.0,0.0","0.0,0.0,0.0","0,0,0"
1747092115.6204991,"-96.0,0.0,0.0","61.0,0.0,0.0","0.0,0.0,0.0","0.0,0.0,0.0","0,0,0"
1747092115.671436,"-96.0,0.0,0.0","59.0,0.0,0.0","0.0,0.0,0.0","0.0,0.0,0.0","0,0,0"
1747092115.7220962,"-95.0,0.0,0.0","47.0,0.0,0.0","0.0,0.0,0.0","0.0,0.0,0.0","0,0,0"
1747092115.7723207,"-96.0,0.0,0.0","44.0,0.0,0.0","0.0,0.0,0.0","29.0,0.0,0.0","0,0,0"
1747092115.8224943,"-96.0,0.0,0.0","32.0,0.0,0.0","0.0,0.0,0.0","20.0,0.0,0.0","0,0,0"
1747092115.8729014,"-96.0,0.0,0.0","22.0,0.0,0.0","0.0,0.0,0.0","10.0,0.0,0.0","0,0,0"
1747092115.9236312,"-96.0,0.0,0.0","0.0,0.0,0.0","0.0,0.0,0.0","-8.0,0.0,0.0","0,0,0"
1747092115.9744766,"-96.0,0.0,0.0","-26.0,0.0,0.0","0.0,0.0,0.0","-30.0,0.0,0.0","0,0,0"
1747092116.0264678,"-96.0,0.0,0.0","-36.0,0.0,0.0","0.0,0.0,0.0","-37.0,0.0,0.0","0,0,0"
1747092116.0770788,"-95.0,0.0,0.0","-59.0,0.0,0.0","0.0,0.0,0.0","0.0,0.0,0.0","0,0,0"
1747092116.1272752,"-95.0,0.0,0.0","-74.0,0.0,0.0","0.0,0.0,0.0","0.0,0.0,0.0","0,0,0"
1747092116.1773849,"-95.0,0.0,0.0","-81.0,0.0,0.0","0.0,0.0,0.0","0.0,0.0,0.0","0,0,0"
1747092116.2285004,"-95.0,0.0,0.0","-94.0,0.0,0.0","0.0,0.0,0.0","0.0,0.0,0.0","0,0,0"
1747092116.278521,"-95.0,0.0,0.0","-95.0,0.0,0.0","0.0,0.0,0.0","0.0,0.0,0.0","0,0,0"
1747092116.329226,"-95.0,0.0,0.0","-95.0,0.0,0.0","0.0,0.0,0.0","0.0,0.0,0.0","0,0,0"
1747092116.379428,"-95.0,0.0,0.0","-95.0,0.0,0.0","0.0,0.0,0.0","0.0,0.0,0.0","0,0,0"
1747092116.4305696,"-95.0,0.0,0.0","-97.0,0.0,0.0","0.0,0.0,0.0","0.0,0.0,0.0","0,0,0"
1747092116.481691,"-95.0,0.0,0.0","-97.0,0.0,0.0","0.0,0.0,0.0","0.0,0.0,0.0","0,0,0"
1747092116.532459,"-96.0,0.0,0.0","-96.0,0.0,0.0","0.0,0.0,0.0","0.0,0.0,0.0","0,0,0"
1747092116.5830917,"-96.0,0.0,0.0","-96.0,0.0,0.0","0.0,0.0,0.0","0.0,0.0,0.0","0,0,0"
1747092116.634009,"-96.0,0.0,0.0","-94.0,0.0,0.0","0.0,0.0,0.0","0.0,0.0,0.0","0,0,0"
1747092116.6845145,"-96.0,0.0,0.0","-94.0,0.0,0.0","0.0,0.0,0.0","0.0,0.0,0.0","0,0,0"
1747092116.7352383,"-96.0,0.0,0.0","-95.0,0.0,0.0","0.0,0.0,0.0","0.0,0.0,0.0","0,0,0"
1747092116.7854297,"-96.0,0.0,0.0","-96.0,0.0,0.0","0.0,0.0,0.0","0.0,0.0,0.0","0,0,0"
1747092116.835552,"-96.0,0.0,0.0","-98.0,0.0,0.0","0.0,0.0,0.0","0.0,0.0,0.0","0,0,0"
1747092116.885706,"-96.0,0.0,0.0","-99.0,0.0,0.0","0.0,0.0,0.0","0.0,0.0,0.0","0,0,0"
1747092116.937589,"-96.0,0.0,0.0","-99.0,0.0,0.0","0.0,0.0,0.0","0.0,0.0,0.0","0,0,0"
1747092116.9877234,"-96.0,0.0,0.0","-99.0,0.0,0.0","0.0,0.0,0.0","0.0,0.0,0.0","0,0,0"
1747092117.0385113,"-96.0,0.0,0.0","-99.0,0.0,0.0","0.0,0.0,0.0","0.0,0.0,0.0","0,0,0"
1747092117.0886762,"-96.0,0.0,0.0","-99.0,0.0,0.0","0.0,0.0,0.0","0.0,0.0,0.0","0,0,0"
1747092117.1395497,"-96.0,0.0,0.0","-99.0,0.0,0.0","0.0,0.0,0.0","0.0,0.0,0.0","0,0,0"
1747092117.1902702,"-96.0,0.0,0.0","-87.0,0.0,0.0","0.0,0.0,0.0","0.0,0.0,0.0","0,0,0"
1747092117.2403123,"-96.0,0.0,0.0","-80.0,0.0,0.0","0.0,0.0,0.0","0.0,0.0,0.0","0,0,0"
1747092117.2912552,"-96.0,0.0,0.0","-65.0,0.0,0.0","0.0,0.0,0.0","0.0,0.0,0.0","0,0,0"
1747092117.3415685,"-95.0,0.0,0.0","-60.0,0.0,0.0","0.0,0.0,0.0","0.0,0.0,0.0","0,0,0"
1747092117.392017,"-95.0,0.0,0.0","-60.0,0.0,0.0","0.0,0.0,0.0","0.0,0.0,0.0","0,0,0"
1747092117.4424772,"-95.0,0.0,0.0","-8.0,0.0,0.0","0.0,0.0,0.0","-30.0,0.0,0.0","0,0,0"
1747092117.4934452,"-95.0,0.0,0.0","0.0,0.0,0.0","0.0,0.0,0.0","-21.0,0.0,0.0","0,0,0"
1747092117.5438602,"-95.0,0.0,0.0","23.0,0.0,0.0","0.0,0.0,0.0","-1.0,0.0,0.0","0,0,0"
1747092117.5953815,"-95.0,0.0,0.0","56.0,0.0,0.0","0.0,0.0,0.0","0.0,0.0,0.0","0,0,0"
1747092117.6463568,"-95.0,0.0,0.0","47.0,0.0,0.0","0.0,0.0,0.0","0.0,0.0,0.0","0,0,0"
1747092117.6984088,"-95.0,0.0,0.0","63.0,0.0,0.0","0.0,0.0,0.0","0.0,0.0,0.0","0,0,0"
1747092117.74875,"-95.0,0.0,0.0","66.0,0.0,0.0","0.0,0.0,0.0","0.0,0.0,0.0","0,0,0"
1747092117.799202,"-95.0,0.0,0.0","72.0,0.0,0.0","0.0,0.0,0.0","0.0,0.0,0.0","0,0,0"
1747092117.8495727,"-95.0,0.0,0.0","74.0,0.0,0.0","0.0,0.0,0.0","0.0,0.0,0.0","0,0,0"
1747092117.900238,"-95.0,0.0,0.0","75.0,0.0,0.0","0.0,0.0,0.0","0.0,0.0,0.0","0,0,0"
1747092117.950291,"-95.0,0.0,0.0","76.0,0.0,0.0","0.0,0.0,0.0","0.0,0.0,0.0","0,0,0"
1747092118.0005484,"-95.0,0.0,0.0","76.0,0.0,0.0","0.0,0.0,0.0","0.0,0.0,0.0","0,0,0"
1747092118.0509067,"-95.0,0.0,0.0","77.0,0.0,0.0","0.0,0.0,0.0","0.0,0.0,0.0","0,0,0"
1747092118.101416,"-95.0,0.0,0.0","77.0,0.0,0.0","0.0,0.0,0.0","0.0,0.0,0.0","0,0,0"
1747092118.1522849,"-95.0,0.0,0.0","77.0,0.0,0.0","0.0,0.0,0.0","0.0,0.0,0.0","0,0,0"
1747092118.203272,"-95.0,0.0,0.0","77.0,0.0,0.0","0.0,0.0,0.0","0.0,0.0,0.0","0,0,0"
1747092118.254184,"-95.0,0.0,0.0","76.0,0.0,0.0","0.0,0.0,0.0","0.0,0.0,0.0","0,0,0"
1747092118.3043008,"-95.0,0.0,0.0","75.0,0.0,0.0","0.0,0.0,0.0","0.0,0.0,0.0","0,0,0"
1747092118.3552144,"-95.0,0.0,0.0","74.0,0.0,0.0","0.0,0.0,0.0","0.0,0.0,0.0","0,0,0"
1747092118.4057822,"-95.0,0.0,0.0","74.0,0.0,0.0","0.0,0.0,0.0","0.0,0.0,0.0","0,0,0"
1747092118.4559221,"-95.0,0.0,0.0","74.0,0.0,0.0","0.0,0.0,0.0","0.0,0.0,0.0","0,0,0"
1747092118.5129974,"-95.0,0.0,0.0","73.0,0.0,0.0","0.0,0.0,0.0","0.0,0.0,0.0","0,0,0"
1747092118.563553,"-95.0,0.0,0.0","72.0,0.0,0.0","0.0,0.0,0.0","0.0,0.0,0.0","0,0,0"
1747092118.6136134,"-95.0,0.0,0.0","71.0,0.0,0.0","0.0,0.0,0.0","0.0,0.0,0.0","0,0,0"
1747092118.664869,"-95.0,0.0,0.0","70.0,0.0,0.0","0.0,0.0,0.0","0.0,0.0,0.0","0,0,0"
1747092118.715284,"-95.0,0.0,0.0","65.0,0.0,0.0","0.0,0.0,0.0","0.0,0.0,0.0","0,0,0"
1747092118.765421,"-95.0,0.0,0.0","61.0,0.0,0.0","0.0,0.0,0.0","0.0,0.0,0.0","0,0,0"
1747092118.8161047,"-95.0,0.0,0.0","52.0,0.0,0.0","0.0,0.0,0.0","0.0,0.0,0.0","0,0,0"
1747092118.8665886,"-95.0,0.0,0.0","46.0,0.0,0.0","0.0,0.0,0.0","0.0,0.0,0.0","0,0,0"
1747092118.9175184,"-95.0,0.0,0.0","50.0,0.0,0.0","0.0,0.0,0.0","0.0,0.0,0.0","0,0,0"
1747092118.9697926,"-95.0,0.0,0.0","37.0,0.0,0.0","0.0,0.0,0.0","29.0,0.0,0.0","0,0,0"
1747092119.0207286,"-95.0,0.0,0.0","28.0,0.0,0.0","0.0,0.0,0.0","22.0,0.0,0.0","0,0,0"
1747092119.071409,"-95.0,0.0,0.0","0.0,0.0,0.0","0.0,0.0,0.0","-2.0,0.0,0.0","0,0,0"
1747092119.1215503,"-95.0,0.0,0.0","-6.0,0.0,0.0","0.0,0.0,0.0","-10.0,0.0,0.0","0,0,0"
1747092119.1722114,"-95.0,0.0,0.0","-36.0,0.0,0.0","0.0,0.0,0.0","-37.0,0.0,0.0","0,0,0"
1747092119.2231503,"-95.0,0.0,0.0","-48.0,0.0,0.0","0.0,0.0,0.0","0.0,0.0,0.0","0,0,0"
1747092119.273375,"-95.0,0.0,0.0","-67.0,0.0,0.0","0.0,0.0,0.0","0.0,0.0,0.0","0,0,0"
1747092119.323798,"-95.0,0.0,0.0","-75.0,0.0,0.0","0.0,0.0,0.0","0.0,0.0,0.0","0,0,0"
1747092119.4020562,"-95.0,0.0,0.0","-95.0,0.0,0.0","0.0,0.0,0.0","0.0,0.0,0.0","0,0,0"
1747092119.4555137,"-95.0,0.0,0.0","-100.0,0.0,0.0","0.0,0.0,0.0","0.0,0.0,0.0","0,0,0"
1747092119.5061822,"-95.0,0.0,0.0","-100.0,0.0,0.0","0.0,0.0,0.0","0.0,0.0,0.0","0,0,0"
1747092119.556672,"-95.0,0.0,0.0","-100.0,0.0,0.0","0.0,0.0,0.0","0.0,0.0,0.0","0,0,0"
1747092119.607355,"-97.0,0.0,0.0","-100.0,0.0,0.0","0.0,0.0,0.0","0.0,0.0,0.0","0,0,0"
1747092119.6577036,"-98.0,0.0,0.0","-100.0,0.0,0.0","0.0,0.0,0.0","0.0,0.0,0.0","0,0,0"
1747092119.707847,"-99.0,0.0,0.0","-98.0,0.0,0.0","0.0,0.0,0.0","0.0,0.0,0.0","0,0,0"
1747092119.7584383,"-100.0,0.0,0.0","-95.0,0.0,0.0","0.0,0.0,0.0","0.0,0.0,0.0","0,0,0"
1747092119.8094134,"-100.0,0.0,0.0","-92.0,0.0,0.0","0.0,0.0,0.0","0.0,0.0,0.0","0,0,0"
1747092119.860415,"-100.0,0.0,0.0","-89.0,0.0,0.0","0.0,0.0,0.0","0.0,0.0,0.0","0,0,0"
1747092119.9105828,"-100.0,0.0,0.0","-88.0,0.0,0.0","0.0,0.0,0.0","0.0,0.0,0.0","0,0,0"
1747092119.9613256,"-100.0,0.0,0.0","-88.0,0.0,0.0","0.0,0.0,0.0","0.0,0.0,0.0","0,0,0"
1747092120.0116255,"-100.0,0.0,0.0","-88.0,0.0,0.0","0.0,0.0,0.0","0.0,0.0,0.0","0,0,0"
1747092120.0621033,"-94.0,0.0,0.0","-87.0,0.0,0.0","0.0,0.0,0.0","0.0,0.0,0.0","0,0,0"
1747092120.1130698,"-62.0,0.0,0.0","-87.0,0.0,0.0","0.0,0.0,0.0","0.0,0.0,0.0","0,0,0"
1747092120.1638231,"-40.0,0.0,0.0","-87.0,0.0,0.0","-24.0,0.0,0.0","0.0,0.0,0.0","0,0,0"
1747092120.2139285,"-30.0,0.0,0.0","-87.0,0.0,0.0","-24.0,0.0,0.0","0.0,0.0,0.0","0,0,0"
1747092120.264667,"-11.0,0.0,0.0","-87.0,0.0,0.0","-24.0,0.0,0.0","0.0,0.0,0.0","0,0,0"
1747092120.314834,"3.0,0.0,0.0","-87.0,0.0,0.0","-24.0,0.0,0.0","0.0,0.0,0.0","0,0,0"
1747092120.3650584,"3.0,0.0,0.0","-87.0,0.0,0.0","-24.0,0.0,0.0","0.0,0.0,0.0","0,0,0"
1747092120.4156387,"33.0,0.0,0.0","-86.0,0.0,0.0","-24.0,0.0,0.0","0.0,0.0,0.0","0,0,0"
1747092120.4662688,"52.0,0.0,0.0","-86.0,0.0,0.0","0.0,0.0,0.0","0.0,0.0,0.0","0,0,0"
1747092120.5164845,"62.0,0.0,0.0","-86.0,0.0,0.0","0.0,0.0,0.0","0.0,0.0,0.0","0,0,0"
1747092120.5669658,"69.0,0.0,0.0","-87.0,0.0,0.0","0.0,0.0,0.0","0.0,0.0,0.0","0,0,0"
1747092120.6177015,"71.0,0.0,0.0","-87.0,0.0,0.0","0.0,0.0,0.0","0.0,0.0,0.0","0,0,0"
1747092120.6686113,"75.0,0.0,0.0","-87.0,0.0,0.0","0.0,0.0,0.0","0.0,0.0,0.0","0,0,0"
1747092120.7192564,"84.0,0.0,0.0","-87.0,0.0,0.0","0.0,0.0,0.0","0.0,0.0,0.0","0,0,0"
1747092120.76943,"85.0,0.0,0.0","-87.0,0.0,0.0","0.0,0.0,0.0","0.0,0.0,0.0","0,0,0"
1747092120.8208792,"85.0,0.0,0.0","-87.0,0.0,0.0","0.0,0.0,0.0","0.0,0.0,0.0","0,0,0"
1747092120.8715174,"86.0,0.0,0.0","-87.0,0.0,0.0","0.0,0.0,0.0","0.0,0.0,0.0","0,0,0"
1747092120.922251,"87.0,0.0,0.0","-87.0,0.0,0.0","0.0,0.0,0.0","0.0,0.0,0.0","0,0,0"
1747092120.972652,"87.0,0.0,0.0","-87.0,0.0,0.0","0.0,0.0,0.0","0.0,0.0,0.0","0,0,0"
1747092121.0242906,"87.0,0.0,0.0","-87.0,0.0,0.0","0.0,0.0,0.0","0.0,0.0,0.0","0,0,0"
1747092121.0744143,"87.0,0.0,0.0","-87.0,0.0,0.0","0.0,0.0,0.0","0.0,0.0,0.0","0,0,0"
1747092121.125262,"87.0,0.0,0.0","-87.0,0.0,0.0","0.0,0.0,0.0","0.0,0.0,0.0","0,0,0"
1747092121.17664,"87.0,0.0,0.0","-87.0,0.0,0.0","0.0,0.0,0.0","0.0,0.0,0.0","0,0,0"
1747092121.227266,"87.0,0.0,0.0","-87.0,0.0,0.0","0.0,0.0,0.0","0.0,0.0,0.0","0,0,0"
1747092121.2774854,"87.0,0.0,0.0","-87.0,0.0,0.0","0.0,0.0,0.0","0.0,0.0,0.0","0,0,0"
1747092121.327656,"87.0,0.0,0.0","-86.0,0.0,0.0","0.0,0.0,0.0","0.0,0.0,0.0","0,0,0"
1747092121.37827,"86.0,0.0,0.0","-86.0,0.0,0.0","0.0,0.0,0.0","0.0,0.0,0.0","0,0,0"
1747092121.4292486,"86.0,0.0,0.0","-86.0,0.0,0.0","0.0,0.0,0.0","0.0,0.0,0.0","0,0,0"
1747092121.479919,"86.0,0.0,0.0","-86.0,0.0,0.0","0.0,0.0,0.0","0.0,0.0,0.0","0,0,0"
1747092121.530172,"86.0,0.0,0.0","-86.0,0.0,0.0","0.0,0.0,0.0","0.0,0.0,0.0","0,0,0"
1747092121.5803509,"85.0,0.0,0.0","-86.0,0.0,0.0","0.0,0.0,0.0","0.0,0.0,0.0","0,0,0"
1747092121.6317265,"83.0,0.0,0.0","-86.0,0.0,0.0","0.0,0.0,0.0","0.0,0.0,0.0","0,0,0"
1747092121.681915,"79.0,0.0,0.0","-85.0,0.0,0.0","0.0,0.0,0.0","0.0,0.0,0.0","0,0,0"
1747092121.7325082,"78.0,0.0,0.0","-85.0,0.0,0.0","0.0,0.0,0.0","0.0,0.0,0.0","0,0,0"
1747092121.7826185,"74.0,0.0,0.0","-86.0,0.0,0.0","0.0,0.0,0.0","0.0,0.0,0.0","0,0,0"
1747092121.8332503,"69.0,0.0,0.0","-85.0,0.0,0.0","0.0,0.0,0.0","0.0,0.0,0.0","0,0,0"
1747092121.883432,"58.0,0.0,0.0","-85.0,0.0,0.0","0.0,0.0,0.0","0.0,0.0,0.0","0,0,0"
1747092121.933563,"45.0,0.0,0.0","-85.0,0.0,0.0","0.0,0.0,0.0","0.0,0.0,0.0","0,0,0"
1747092121.9841897,"30.0,0.0,0.0","-85.0,0.0,0.0","-24.0,0.0,0.0","0.0,0.0,0.0","0,0,0"
1747092122.0356314,"20.0,0.0,0.0","-85.0,0.0,0.0","-24.0,0.0,0.0","0.0,0.0,0.0","0,0,0"
1747092122.0861988,"-2.0,0.0,0.0","-85.0,0.0,0.0","-24.0,0.0,0.0","0.0,0.0,0.0","0,0,0"
1747092122.1366582,"-21.0,0.0,0.0","-85.0,0.0,0.0","-24.0,0.0,0.0","0.0,0.0,0.0","0,0,0"
1747092122.1893165,"-28.0,0.0,0.0","-86.0,0.0,0.0","-24.0,0.0,0.0","0.0,0.0,0.0","0,0,0"
1747092122.2393906,"-55.0,0.0,0.0","-86.0,0.0,0.0","0.0,0.0,0.0","0.0,0.0,0.0","0,0,0"
1747092122.289867,"-85.0,0.0,0.0","-86.0,0.0,0.0","0.0,0.0,0.0","0.0,0.0,0.0","0,0,0"
1747092122.3405643,"-98.0,0.0,0.0","-86.0,0.0,0.0","0.0,0.0,0.0","0.0,0.0,0.0","0,0,0"
1747092122.3911953,"-105.0,0.0,0.0","-86.0,0.0,0.0","0.0,0.0,0.0","0.0,0.0,0.0","0,0,0"
1747092122.4414847,"-107.0,0.0,0.0","-87.0,0.0,0.0","0.0,0.0,0.0","0.0,0.0,0.0","0,0,0"
1747092122.4916246,"-107.0,0.0,0.0","-87.0,0.0,0.0","0.0,0.0,0.0","0.0,0.0,0.0","0,0,0"
1747092122.5420554,"-107.0,0.0,0.0","-87.0,0.0,0.0","0.0,0.0,0.0","0.0,0.0,0.0","0,0,0"
1747092122.5926638,"-108.0,0.0,0.0","-87.0,0.0,0.0","0.0,0.0,0.0","0.0,0.0,0.0","0,0,0"
1747092122.6426654,"-107.0,0.0,0.0","-87.0,0.0,0.0","0.0,0.0,0.0","0.0,0.0,0.0","0,0,0"
1747092122.6932125,"-105.0,0.0,0.0","-87.0,0.0,0.0","0.0,0.0,0.0","0.0,0.0,0.0","0,0,0"
1747092122.7438662,"-105.0,0.0,0.0","-87.0,0.0,0.0","0.0,0.0,0.0","0.0,0.0,0.0","0,0,0"
1747092122.79407,"-104.0,0.0,0.0","-87.0,0.0,0.0","0.0,0.0,0.0","0.0,0.0,0.0","0,0,0"
1747092122.844338,"-103.0,0.0,0.0","-87.0,0.0,0.0","0.0,0.0,0.0","0.0,0.0,0.0","0,0,0"
1747092122.894471,"-102.0,0.0,0.0","-87.0,0.0,0.0","0.0,0.0,0.0","0.0,0.0,0.0","0,0,0"
1747092122.944611,"-102.0,0.0,0.0","-87.0,0.0,0.0","0.0,0.0,0.0","0.0,0.0,0.0","0,0,0"
1747092122.9956017,"-102.0,0.0,0.0","-87.0,0.0,0.0","0.0,0.0,0.0","0.0,0.0,0.0","0,0,0"
1747092123.0461125,"-87.0,0.0,0.0","-86.0,0.0,0.0","0.0,0.0,0.0","0.0,0.0,0.0","0,0,0"
1747092123.0964067,"-82.0,0.0,0.0","-86.0,0.0,0.0","0.0,0.0,0.0","0.0,0.0,0.0","0,0,0"
1747092123.1468549,"-54.0,0.0,0.0","-86.0,0.0,0.0","0.0,0.0,0.0","0.0,0.0,0.0","0,0,0"
1747092123.1975,"-40.0,0.0,0.0","-86.0,0.0,0.0","-24.0,0.0,0.0","0.0,0.0,0.0","0,0,0"
1747092123.2476368,"-21.0,0.0,0.0","-85.0,0.0,0.0","-24.0,0.0,0.0","0.0,0.0,0.0","0,0,0"
1747092123.2982597,"-16.0,0.0,0.0","-86.0,0.0,0.0","-24.0,0.0,0.0","0.0,0.0,0.0","0,0,0"
1747092123.348522,"2.0,0.0,0.0","-86.0,0.0,0.0","-24.0,0.0,0.0","0.0,0.0,0.0","0,0,0"
1747092123.3992932,"13.0,0.0,0.0","-86.0,0.0,0.0","-24.0,0.0,0.0","0.0,0.0,0.0","0,0,0"
1747092123.449468,"24.0,0.0,0.0","-86.0,0.0,0.0","-24.0,0.0,0.0","0.0,0.0,0.0","0,0,0"
1747092123.5004025,"30.0,0.0,0.0","-86.0,0.0,0.0","-24.0,0.0,0.0","0.0,0.0,0.0","0,0,0"
1747092123.5523136,"57.0,0.0,0.0","-85.0,0.0,0.0","0.0,0.0,0.0","0.0,0.0,0.0","0,0,0"
1747092123.610451,"67.0,0.0,0.0","-85.0,0.0,0.0","0.0,0.0,0.0","0.0,0.0,0.0","0,0,0"
1747092123.6612196,"71.0,0.0,0.0","-85.0,0.0,0.0","0.0,0.0,0.0","0.0,0.0,0.0","0,0,0"
1747092123.7115324,"76.0,0.0,0.0","-85.0,0.0,0.0","0.0,0.0,0.0","0.0,0.0,0.0","0,0,0"
1747092123.7632837,"78.0,0.0,0.0","-85.0,0.0,0.0","0.0,0.0,0.0","0.0,0.0,0.0","0,0,0"
1747092123.8143895,"82.0,0.0,0.0","-85.0,0.0,0.0","0.0,0.0,0.0","0.0,0.0,0.0","0,0,0"
1747092123.8645952,"84.0,0.0,0.0","-85.0,0.0,0.0","0.0,0.0,0.0","0.0,0.0,0.0","0,0,0"
1747092123.9151456,"84.0,0.0,0.0","-85.0,0.0,0.0","0.0,0.0,0.0","0.0,0.0,0.0","0,0,0"
1747092123.9654982,"84.0,0.0,0.0","-85.0,0.0,0.0","0.0,0.0,0.0","0.0,0.0,0.0","0,0,0"
1747092124.0159538,"84.0,0.0,0.0","-85.0,0.0,0.0","0.0,0.0,0.0","0.0,0.0,0.0","0,0,0"
1747092124.066619,"84.0,0.0,0.0","-85.0,0.0,0.0","0.0,0.0,0.0","0.0,0.0,0.0","0,0,0"
1747092124.117111,"85.0,0.0,0.0","-85.0,0.0,0.0","0.0,0.0,0.0","0.0,0.0,0.0","0,0,0"
1747092124.1673138,"85.0,0.0,0.0","-85.0,0.0,0.0","0.0,0.0,0.0","0.0,0.0,0.0","0,0,0"
1747092124.2174776,"86.0,0.0,0.0","-85.0,0.0,0.0","0.0,0.0,0.0","0.0,0.0,0.0","0,0,0"
1747092124.2674816,"85.0,0.0,0.0","-85.0,0.0,0.0","0.0,0.0,0.0","0.0,0.0,0.0","0,0,0"
1747092124.3191845,"85.0,0.0,0.0","-85.0,0.0,0.0","0.0,0.0,0.0","0.0,0.0,0.0","0,0,0"
1747092124.370181,"85.0,0.0,0.0","-85.0,0.0,0.0","0.0,0.0,0.0","0.0,0.0,0.0","0,0,0"
1747092124.4216437,"85.0,0.0,0.0","-85.0,0.0,0.0","0.0,0.0,0.0","0.0,0.0,0.0","0,0,0"
1747092124.4725616,"84.0,0.0,0.0","-85.0,0.0,0.0","0.0,0.0,0.0","0.0,0.0,0.0","0,0,0"
1747092124.5230885,"84.0,0.0,0.0","-85.0,0.0,0.0","0.0,0.0,0.0","0.0,0.0,0.0","0,0,0"
1747092124.573255,"83.0,0.0,0.0","-85.0,0.0,0.0","0.0,0.0,0.0","0.0,0.0,0.0","0,0,0"
1747092124.623604,"83.0,0.0,0.0","-85.0,0.0,0.0","0.0,0.0,0.0","0.0,0.0,0.0","0,0,0"
1747092124.674317,"82.0,0.0,0.0","-85.0,0.0,0.0","0.0,0.0,0.0","0.0,0.0,0.0","0,0,0"
1747092124.724953,"81.0,0.0,0.0","-85.0,0.0,0.0","0.0,0.0,0.0","0.0,0.0,0.0","0,0,0"
1747092124.7751439,"81.0,0.0,0.0","-85.0,0.0,0.0","0.0,0.0,0.0","0.0,0.0,0.0","0,0,0"
1747092124.825834,"78.0,0.0,0.0","-85.0,0.0,0.0","0.0,0.0,0.0","0.0,0.0,0.0","0,0,0"
1747092124.8764808,"67.0,0.0,0.0","-85.0,0.0,0.0","0.0,0.0,0.0","0.0,0.0,0.0","0,0,0"
1747092124.9266279,"54.0,0.0,0.0","-84.0,0.0,0.0","0.0,0.0,0.0","0.0,0.0,0.0","0,0,0"
1747092124.9771814,"31.0,0.0,0.0","-84.0,0.0,0.0","-24.0,0.0,0.0","0.0,0.0,0.0","0,0,0"
1747092125.027401,"24.0,0.0,0.0","-84.0,0.0,0.0","-24.0,0.0,0.0","0.0,0.0,0.0","0,0,0"
1747092125.077968,"20.0,0.0,0.0","-84.0,0.0,0.0","-24.0,0.0,0.0","0.0,0.0,0.0","0,0,0"
1747092125.1283166,"-3.0,0.0,0.0","-84.0,0.0,0.0","-24.0,0.0,0.0","0.0,0.0,0.0","0,0,0"
1747092125.1785617,"-12.0,0.0,0.0","-85.0,0.0,0.0","-24.0,0.0,0.0","0.0,0.0,0.0","0,0,0"
1747092125.229284,"-31.0,0.0,0.0","-85.0,0.0,0.0","-24.0,0.0,0.0","0.0,0.0,0.0","0,0,0"
1747092125.2794526,"-48.0,0.0,0.0","-85.0,0.0,0.0","0.0,0.0,0.0","0.0,0.0,0.0","0,0,0"
1747092125.3301835,"-72.0,0.0,0.0","-85.0,0.0,0.0","0.0,0.0,0.0","0.0,0.0,0.0","0,0,0"
1747092125.3804724,"-80.0,0.0,0.0","-85.0,0.0,0.0","0.0,0.0,0.0","0.0,0.0,0.0","0,0,0"
1747092125.4305084,"-92.0,0.0,0.0","-86.0,0.0,0.0","0.0,0.0,0.0","0.0,0.0,0.0","0,0,0"
1747092125.4809287,"-96.0,0.0,0.0","-86.0,0.0,0.0","0.0,0.0,0.0","0.0,0.0,0.0","0,0,0"
1747092125.5311186,"-99.0,0.0,0.0","-86.0,0.0,0.0","0.0,0.0,0.0","0.0,0.0,0.0","0,0,0"
1747092125.581367,"-99.0,0.0,0.0","-86.0,0.0,0.0","0.0,0.0,0.0","0.0,0.0,0.0","0,0,0"
1747092125.6324532,"-99.0,0.0,0.0","-86.0,0.0,0.0","0.0,0.0,0.0","0.0,0.0,0.0","0,0,0"
1747092125.68306,"-99.0,0.0,0.0","-86.0,0.0,0.0","0.0,0.0,0.0","0.0,0.0,0.0","0,0,0"
1747092125.733368,"-99.0,0.0,0.0","-87.0,0.0,0.0","0.0,0.0,0.0","0.0,0.0,0.0","0,0,0"
1747092125.7842658,"-98.0,0.0,0.0","-87.0,0.0,0.0","0.0,0.0,0.0","0.0,0.0,0.0","0,0,0"
1747092125.8343139,"-98.0,0.0,0.0","-88.0,0.0,0.0","0.0,0.0,0.0","0.0,0.0,0.0","0,0,0"
1747092125.8844533,"-98.0,0.0,0.0","-88.0,0.0,0.0","0.0,0.0,0.0","0.0,0.0,0.0","0,0,0"
1747092125.9353971,"-98.0,0.0,0.0","-88.0,0.0,0.0","0.0,0.0,0.0","0.0,0.0,0.0","0,0,0"
1747092125.9863815,"-98.0,0.0,0.0","-96.0,0.0,0.0","0.0,0.0,0.0","0.0,0.0,0.0","0,0,0"
1747092126.0369623,"-103.0,0.0,0.0","-102.0,0.0,0.0","0.0,0.0,0.0","0.0,0.0,0.0","0,0,0"
1747092126.0872664,"-103.0,0.0,0.0","-102.0,0.0,0.0","0.0,0.0,0.0","0.0,0.0,0.0","0,0,0"
1747092126.1376958,"-103.0,0.0,0.0","-102.0,0.0,0.0","0.0,0.0,0.0","0.0,0.0,0.0","0,0,0"
1747092126.18781,"-103.0,0.0,0.0","-102.0,0.0,0.0","0.0,0.0,0.0","0.0,0.0,0.0","0,0,0"
1747092126.2379687,"-103.0,0.0,0.0","-102.0,0.0,0.0","0.0,0.0,0.0","0.0,0.0,0.0","0,0,0"
1747092126.2881389,"-95.0,0.0,0.0","-97.0,0.0,0.0","0.0,0.0,0.0","0.0,0.0,0.0","0,0,0"
1747092126.3391824,"-83.0,0.0,0.0","-89.0,0.0,0.0","0.0,0.0,0.0","0.0,0.0,0.0","0,0,0"
1747092126.3894334,"-71.0,0.0,0.0","-71.0,0.0,0.0","0.0,0.0,0.0","0.0,0.0,0.0","0,0,0"
1747092126.4402676,"-50.0,0.0,0.0","-54.0,0.0,0.0","0.0,0.0,0.0","0.0,0.0,0.0","0,0,0"
1747092126.4912424,"-35.0,0.0,0.0","-34.0,0.0,0.0","-24.0,0.0,0.0","-42.0,0.0,0.0","0,0,0"
1747092126.5419436,"-21.0,0.0,0.0","-13.0,0.0,0.0","-24.0,0.0,0.0","-30.0,0.0,0.0","0,0,0"
1747092126.5923402,"-16.0,0.0,0.0","-6.0,0.0,0.0","-24.0,0.0,0.0","-22.0,0.0,0.0","0,0,0"
1747092126.6426134,"-10.0,0.0,0.0","3.0,0.0,0.0","-24.0,0.0,0.0","-11.0,0.0,0.0","0,0,0"
1747092126.6932418,"-2.0,0.0,0.0","12.0,0.0,0.0","-24.0,0.0,0.0","-2.0,0.0,0.0","0,0,0"
1747092126.7439961,"5.0,0.0,0.0","21.0,0.0,0.0","-24.0,0.0,0.0","5.0,0.0,0.0","0,0,0"
1747092126.7946105,"19.0,0.0,0.0","35.0,0.0,0.0","-24.0,0.0,0.0","14.0,0.0,0.0","0,0,0"
1747092126.8478146,"33.0,0.0,0.0","54.0,0.0,0.0","-24.0,0.0,0.0","0.0,0.0,0.0","0,0,0"
1747092126.8985925,"63.0,0.0,0.0","57.0,0.0,0.0","0.0,0.0,0.0","0.0,0.0,0.0","0,0,0"
1747092126.9502788,"71.0,0.0,0.0","62.0,0.0,0.0","0.0,0.0,0.0","0.0,0.0,0.0","0,0,0"
1747092127.0005486,"71.0,0.0,0.0","62.0,0.0,0.0","0.0,0.0,0.0","0.0,0.0,0.0","0,0,0"
1747092127.0525067,"73.0,0.0,0.0","64.0,0.0,0.0","0.0,0.0,0.0","0.0,0.0,0.0","0,0,0"
1747092127.104176,"75.0,0.0,0.0","64.0,0.0,0.0","0.0,0.0,0.0","0.0,0.0,0.0","0,0,0"
1747092127.1551542,"79.0,0.0,0.0","64.0,0.0,0.0","0.0,0.0,0.0","0.0,0.0,0.0","0,0,0"
1747092127.2056966,"80.0,0.0,0.0","64.0,0.0,0.0","0.0,0.0,0.0","0.0,0.0,0.0","0,0,0"
1747092127.2563574,"81.0,0.0,0.0","64.0,0.0,0.0","0.0,0.0,0.0","0.0,0.0,0.0","0,0,0"
1747092127.3066378,"82.0,0.0,0.0","64.0,0.0,0.0","0.0,0.0,0.0","0.0,0.0,0.0","0,0,0"
1747092127.3582387,"82.0,0.0,0.0","63.0,0.0,0.0","0.0,0.0,0.0","0.0,0.0,0.0","0,0,0"
1747092127.409119,"82.0,0.0,0.0","62.0,0.0,0.0","0.0,0.0,0.0","0.0,0.0,0.0","0,0,0"
1747092127.4592528,"81.0,0.0,0.0","62.0,0.0,0.0","0.0,0.0,0.0","0.0,0.0,0.0","0,0,0"
1747092127.5101342,"80.0,0.0,0.0","62.0,0.0,0.0","0.0,0.0,0.0","0.0,0.0,0.0","0,0,0"
1747092127.5602565,"79.0,0.0,0.0","62.0,0.0,0.0","0.0,0.0,0.0","0.0,0.0,0.0","0,0,0"
1747092127.6103253,"79.0,0.0,0.0","62.0,0.0,0.0","0.0,0.0,0.0","0.0,0.0,0.0","0,0,0"
1747092127.6624982,"78.0,0.0,0.0","61.0,0.0,0.0","0.0,0.0,0.0","0.0,0.0,0.0","0,0,0"
1747092127.7125137,"74.0,0.0,0.0","61.0,0.0,0.0","0.0,0.0,0.0","0.0,0.0,0.0","0,0,0"
1747092127.763434,"74.0,0.0,0.0","61.0,0.0,0.0","0.0,0.0,0.0","0.0,0.0,0.0","0,0,0"
1747092127.814414,"69.0,0.0,0.0","60.0,0.0,0.0","0.0,0.0,0.0","0.0,0.0,0.0","0,0,0"
1747092127.8645701,"65.0,0.0,0.0","59.0,0.0,0.0","0.0,0.0,0.0","0.0,0.0,0.0","0,0,0"
1747092127.9154904,"65.0,0.0,0.0","59.0,0.0,0.0","0.0,0.0,0.0","0.0,0.0,0.0","0,0,0"
1747092127.9655669,"60.0,0.0,0.0","58.0,0.0,0.0","0.0,0.0,0.0","0.0,0.0,0.0","0,0,0"
1747092128.0156121,"58.0,0.0,0.0","56.0,0.0,0.0","0.0,0.0,0.0","0.0,0.0,0.0","0,0,0"
1747092128.065634,"49.0,0.0,0.0","49.0,0.0,0.0","0.0,0.0,0.0","0.0,0.0,0.0","0,0,0"
1747092128.1158683,"47.0,0.0,0.0","47.0,0.0,0.0","0.0,0.0,0.0","0.0,0.0,0.0","0,0,0"
1747092128.1666474,"24.0,0.0,0.0","52.0,0.0,0.0","-8.0,0.0,0.0","0.0,0.0,0.0","0,0,0"
1747092128.2173338,"12.0,0.0,0.0","43.0,0.0,0.0","-28.0,0.0,0.0","30.0,0.0,0.0","0,0,0"
1747092128.2678666,"-7.0,0.0,0.0","20.0,0.0,0.0","-57.0,0.0,0.0","13.0,0.0,0.0","0,0,0"
1747092128.3181958,"-14.0,0.0,0.0","10.0,0.0,0.0","-72.0,0.0,0.0","6.0,0.0,0.0","0,0,0"
1747092128.3704798,"-30.0,0.0,0.0","-12.0,0.0,0.0","-92.0,0.0,0.0","-13.0,0.0,0.0","0,0,0"
1747092128.4211357,"-42.0,0.0,0.0","-27.0,0.0,0.0","-121.0,0.0,0.0","-27.0,0.0,0.0","0,0,0"
1747092128.4712846,"-63.0,0.0,0.0","-54.0,0.0,0.0","0.0,0.0,0.0","0.0,0.0,0.0","0,0,0"
1747092128.5216382,"-86.0,0.0,0.0","-77.0,0.0,0.0","0.0,0.0,0.0","0.0,0.0,0.0","0,0,0"
1747092128.5732443,"-89.0,0.0,0.0","-84.0,0.0,0.0","0.0,0.0,0.0","0.0,0.0,0.0","0,0,0"
1747092128.6232932,"-99.0,0.0,0.0","-98.0,0.0,0.0","0.0,0.0,0.0","0.0,0.0,0.0","0,0,0"
1747092128.679457,"-99.0,0.0,0.0","-100.0,0.0,0.0","0.0,0.0,0.0","0.0,0.0,0.0","0,0,0"
1747092128.7295265,"-102.0,0.0,0.0","-103.0,0.0,0.0","0.0,0.0,0.0","0.0,0.0,0.0","0,0,0"
1747092128.779577,"-102.0,0.0,0.0","-103.0,0.0,0.0","0.0,0.0,0.0","0.0,0.0,0.0","0,0,0"
1747092128.8302076,"-102.0,0.0,0.0","-104.0,0.0,0.0","0.0,0.0,0.0","0.0,0.0,0.0","0,0,0"
1747092128.88021,"-102.0,0.0,0.0","-104.0,0.0,0.0","0.0,0.0,0.0","0.0,0.0,0.0","0,0,0"
1747092128.930624,"-101.0,0.0,0.0","-104.0,0.0,0.0","0.0,0.0,0.0","0.0,0.0,0.0","0,0,0"
1747092128.981834,"-101.0,0.0,0.0","-104.0,0.0,0.0","0.0,0.0,0.0","0.0,0.0,0.0","0,0,0"
1747092129.0323477,"-101.0,0.0,0.0","-104.0,0.0,0.0","0.0,0.0,0.0","0.0,0.0,0.0","0,0,0"
1747092129.0832117,"-101.0,0.0,0.0","-104.0,0.0,0.0","0.0,0.0,0.0","0.0,0.0,0.0","0,0,0"
1747092129.1340272,"-101.0,0.0,0.0","-103.0,0.0,0.0","0.0,0.0,0.0","0.0,0.0,0.0","0,0,0"
1747092129.1846073,"-99.0,0.0,0.0","-102.0,0.0,0.0","0.0,0.0,0.0","0.0,0.0,0.0","0,0,0"
1747092129.2349572,"-99.0,0.0,0.0","-99.0,0.0,0.0","0.0,0.0,0.0","0.0,0.0,0.0","0,0,0"
1747092129.2855146,"-98.0,0.0,0.0","-99.0,0.0,0.0","0.0,0.0,0.0","0.0,0.0,0.0","0,0,0"
1747092129.3356283,"-94.0,0.0,0.0","-98.0,0.0,0.0","0.0,0.0,0.0","0.0,0.0,0.0","0,0,0"
1747092129.3863435,"-82.0,0.0,0.0","-82.0,0.0,0.0","0.0,0.0,0.0","0.0,0.0,0.0","0,0,0"
1747092129.437304,"-74.0,0.0,0.0","-76.0,0.0,0.0","0.0,0.0,0.0","0.0,0.0,0.0","0,0,0"
1747092129.4874046,"-54.0,0.0,0.0","-56.0,0.0,0.0","0.0,0.0,0.0","0.0,0.0,0.0","0,0,0"
1747092129.5380924,"-40.0,0.0,0.0","-43.0,0.0,0.0","-24.0,0.0,0.0","-43.0,0.0,0.0","0,0,0"
1747092129.589265,"-36.0,0.0,0.0","-34.0,0.0,0.0","-24.0,0.0,0.0","-36.0,0.0,0.0","0,0,0"
1747092129.6393728,"-17.0,0.0,0.0","-9.0,0.0,0.0","-24.0,0.0,0.0","-14.0,0.0,0.0","0,0,0"
1747092129.690163,"11.0,0.0,0.0","24.0,0.0,0.0","-24.0,0.0,0.0","5.0,0.0,0.0","0,0,0"
1747092129.7411456,"52.0,0.0,0.0","62.0,0.0,0.0","0.0,0.0,0.0","0.0,0.0,0.0","0,0,0"
1747092129.7914906,"61.0,0.0,0.0","58.0,0.0,0.0","0.0,0.0,0.0","0.0,0.0,0.0","0,0,0"
1747092129.8416567,"66.0,0.0,0.0","63.0,0.0,0.0","0.0,0.0,0.0","0.0,0.0,0.0","0,0,0"
1747092129.892252,"67.0,0.0,0.0","64.0,0.0,0.0","0.0,0.0,0.0","0.0,0.0,0.0","0,0,0"
1747092129.9423249,"75.0,0.0,0.0","69.0,0.0,0.0","0.0,0.0,0.0","0.0,0.0,0.0","0,0,0"
1747092129.992378,"76.0,0.0,0.0","69.0,0.0,0.0","0.0,0.0,0.0","0.0,0.0,0.0","0,0,0"
1747092130.0424652,"80.0,0.0,0.0","70.0,0.0,0.0","0.0,0.0,0.0","0.0,0.0,0.0","0,0,0"
1747092130.093537,"82.0,0.0,0.0","70.0,0.0,0.0","0.0,0.0,0.0","0.0,0.0,0.0","0,0,0"
1747092130.144203,"83.0,0.0,0.0","70.0,0.0,0.0","0.0,0.0,0.0","0.0,0.0,0.0","0,0,0"
1747092130.194523,"84.0,0.0,0.0","71.0,0.0,0.0","0.0,0.0,0.0","0.0,0.0,0.0","0,0,0"
1747092130.244666,"85.0,0.0,0.0","71.0,0.0,0.0","0.0,0.0,0.0","0.0,0.0,0.0","0,0,0"
1747092130.295365,"86.0,0.0,0.0","70.0,0.0,0.0","0.0,0.0,0.0","0.0,0.0,0.0","0,0,0"
1747092130.3458233,"87.0,0.0,0.0","70.0,0.0,0.0","0.0,0.0,0.0","0.0,0.0,0.0","0,0,0"
1747092130.396374,"87.0,0.0,0.0","70.0,0.0,0.0","0.0,0.0,0.0","0.0,0.0,0.0","0,0,0"
1747092130.4464662,"88.0,0.0,0.0","70.0,0.0,0.0","0.0,0.0,0.0","0.0,0.0,0.0","0,0,0"
1747092130.4983544,"88.0,0.0,0.0","69.0,0.0,0.0","0.0,0.0,0.0","0.0,0.0,0.0","0,0,0"
1747092130.549352,"88.0,0.0,0.0","70.0,0.0,0.0","0.0,0.0,0.0","0.0,0.0,0.0","0,0,0"
1747092130.6084688,"88.0,0.0,0.0","70.0,0.0,0.0","0.0,0.0,0.0","0.0,0.0,0.0","0,0,0"
1747092130.6602662,"87.0,0.0,0.0","70.0,0.0,0.0","0.0,0.0,0.0","0.0,0.0,0.0","0,0,0"
1747092130.7104096,"87.0,0.0,0.0","70.0,0.0,0.0","0.0,0.0,0.0","0.0,0.0,0.0","0,0,0"
1747092130.7610157,"86.0,0.0,0.0","70.0,0.0,0.0","0.0,0.0,0.0","0.0,0.0,0.0","0,0,0"
1747092130.8112333,"84.0,0.0,0.0","68.0,0.0,0.0","0.0,0.0,0.0","0.0,0.0,0.0","0,0,0"
1747092130.8613935,"82.0,0.0,0.0","67.0,0.0,0.0","0.0,0.0,0.0","0.0,0.0,0.0","0,0,0"
1747092130.9119196,"82.0,0.0,0.0","67.0,0.0,0.0","0.0,0.0,0.0","0.0,0.0,0.0","0,0,0"
1747092130.9627047,"77.0,0.0,0.0","67.0,0.0,0.0","0.0,0.0,0.0","0.0,0.0,0.0","0,0,0"
1747092131.0137792,"74.0,0.0,0.0","61.0,0.0,0.0","0.0,0.0,0.0","0.0,0.0,0.0","0,0,0"
1747092131.0641646,"67.0,0.0,0.0","60.0,0.0,0.0","0.0,0.0,0.0","0.0,0.0,0.0","0,0,0"
1747092131.1144533,"62.0,0.0,0.0","58.0,0.0,0.0","0.0,0.0,0.0","0.0,0.0,0.0","0,0,0"
1747092131.1646318,"51.0,0.0,0.0","49.0,0.0,0.0","0.0,0.0,0.0","0.0,0.0,0.0","0,0,0"
1747092131.2153482,"48.0,0.0,0.0","45.0,0.0,0.0","0.0,0.0,0.0","0.0,0.0,0.0","0,0,0"
1747092131.2662864,"20.0,0.0,0.0","43.0,0.0,0.0","-13.0,0.0,0.0","30.0,0.0,0.0","0,0,0"
1747092131.3170388,"0.0,0.0,0.0","20.0,0.0,0.0","-24.0,0.0,0.0","20.0,0.0,0.0","0,0,0"
1747092131.3678045,"-7.0,0.0,0.0","12.0,0.0,0.0","-24.0,0.0,0.0","12.0,0.0,0.0","0,0,0"
1747092131.4215674,"-26.0,0.0,0.0","-3.0,0.0,0.0","-24.0,0.0,0.0","-6.0,0.0,0.0","0,0,0"
1747092131.47195,"-42.0,0.0,0.0","-29.0,0.0,0.0","-24.0,0.0,0.0","-21.0,0.0,0.0","0,0,0"
1747092131.5226152,"-42.0,0.0,0.0","-29.0,0.0,0.0","-24.0,0.0,0.0","-21.0,0.0,0.0","0,0,0"
1747092131.5738978,"-60.0,0.0,0.0","-57.0,0.0,0.0","0.0,0.0,0.0","0.0,0.0,0.0","0,0,0"
1747092131.6240933,"-73.0,0.0,0.0","-69.0,0.0,0.0","0.0,0.0,0.0","0.0,0.0,0.0","0,0,0"
1747092131.674256,"-85.0,0.0,0.0","-81.0,0.0,0.0","0.0,0.0,0.0","0.0,0.0,0.0","0,0,0"
1747092131.725155,"-96.0,0.0,0.0","-97.0,0.0,0.0","0.0,0.0,0.0","0.0,0.0,0.0","0,0,0"
1747092131.775275,"-96.0,0.0,0.0","-97.0,0.0,0.0","0.0,0.0,0.0","0.0,0.0,0.0","0,0,0"
1747092131.8254924,"-96.0,0.0,0.0","-97.0,0.0,0.0","0.0,0.0,0.0","0.0,0.0,0.0","0,0,0"
1747092131.87718,"-96.0,0.0,0.0","-98.0,0.0,0.0","0.0,0.0,0.0","0.0,0.0,0.0","0,0,0"
1747092131.9277213,"-97.0,0.0,0.0","-99.0,0.0,0.0","0.0,0.0,0.0","0.0,0.0,0.0","0,0,0"
1747092131.977746,"-98.0,0.0,0.0","-99.0,0.0,0.0","0.0,0.0,0.0","0.0,0.0,0.0","0,0,0"
1747092132.028549,"-97.0,0.0,0.0","-98.0,0.0,0.0","0.0,0.0,0.0","0.0,0.0,0.0","0,0,0"
1747092132.0794947,"-97.0,0.0,0.0","-97.0,0.0,0.0","0.0,0.0,0.0","0.0,0.0,0.0","0,0,0"
1747092132.129623,"-95.0,0.0,0.0","-94.0,0.0,0.0","0.0,0.0,0.0","0.0,0.0,0.0","0,0,0"
1747092132.1804414,"-95.0,0.0,0.0","-90.0,0.0,0.0","0.0,0.0,0.0","0.0,0.0,0.0","0,0,0"
1747092132.2311482,"-96.0,0.0,0.0","-89.0,0.0,0.0","0.0,0.0,0.0","0.0,0.0,0.0","0,0,0"
1747092132.2812495,"-96.0,0.0,0.0","-89.0,0.0,0.0","0.0,0.0,0.0","0.0,0.0,0.0","0,0,0"
1747092132.3324504,"-97.0,0.0,0.0","-89.0,0.0,0.0","0.0,0.0,0.0","0.0,0.0,0.0","0,0,0"
1747092132.3825738,"-97.0,0.0,0.0","-89.0,0.0,0.0","0.0,0.0,0.0","0.0,0.0,0.0","0,0,0"
1747092132.4326246,"-97.0,0.0,0.0","-90.0,0.0,0.0","0.0,0.0,0.0","0.0,0.0,0.0","0,0,0"
1747092132.4834652,"-97.0,0.0,0.0","-90.0,0.0,0.0","0.0,0.0,0.0","0.0,0.0,0.0","0,0,0"
1747092132.5341158,"-101.0,0.0,0.0","-98.0,0.0,0.0","0.0,0.0,0.0","0.0,0.0,0.0","0,0,0"
1747092132.5843403,"-101.0,0.0,0.0","-100.0,0.0,0.0","0.0,0.0,0.0","0.0,0.0,0.0","0,0,0"
1747092132.635011,"-101.0,0.0,0.0","-101.0,0.0,0.0","0.0,0.0,0.0","0.0,0.0,0.0","0,0,0"
1747092132.685668,"-101.0,0.0,0.0","-101.0,0.0,0.0","0.0,0.0,0.0","0.0,0.0,0.0","0,0,0"
1747092132.7357924,"-101.0,0.0,0.0","-101.0,0.0,0.0","0.0,0.0,0.0","0.0,0.0,0.0","0,0,0"
1747092132.7861836,"-101.0,0.0,0.0","-101.0,0.0,0.0","0.0,0.0,0.0","0.0,0.0,0.0","0,0,0"
1747092132.8362665,"-101.0,0.0,0.0","-101.0,0.0,0.0","0.0,0.0,0.0","0.0,0.0,0.0","0,0,0"
1747092132.8864012,"-100.0,0.0,0.0","-101.0,0.0,0.0","0.0,0.0,0.0","0.0,0.0,0.0","0,0,0"
1747092132.9370835,"-88.0,0.0,0.0","-97.0,0.0,0.0","0.0,0.0,0.0","0.0,0.0,0.0","0,0,0"
1747092132.9892871,"-66.0,0.0,0.0","-78.0,0.0,0.0","0.0,0.0,0.0","0.0,0.0,0.0","0,0,0"
1747092133.0394032,"-59.0,0.0,0.0","-71.0,0.0,0.0","0.0,0.0,0.0","0.0,0.0,0.0","0,0,0"
1747092133.0902386,"-40.0,0.0,0.0","-47.0,0.0,0.0","-24.0,0.0,0.0","0.0,0.0,0.0","0,0,0"
1747092133.1405368,"-26.0,0.0,0.0","-33.0,0.0,0.0","-24.0,0.0,0.0","-21.0,0.0,0.0","0,0,0"
1747092133.1906893,"-21.0,0.0,0.0","-22.0,0.0,0.0","-24.0,0.0,0.0","-6.0,0.0,0.0","0,0,0"
1747092133.241412,"-17.0,0.0,0.0","-18.0,0.0,0.0","-24.0,0.0,0.0","0.0,0.0,0.0","0,0,0"
1747092133.2935271,"-8.0,0.0,0.0","-12.0,0.0,0.0","-24.0,0.0,0.0","10.0,0.0,0.0","0,0,0"
1747092133.3437266,"-8.0,0.0,0.0","-4.0,0.0,0.0","-24.0,0.0,0.0","23.0,0.0,0.0","0,0,0"
1747092133.3943346,"-8.0,0.0,0.0","-3.0,0.0,0.0","-24.0,0.0,0.0","27.0,0.0,0.0","0,0,0"
1747092133.446771,"-8.0,0.0,0.0","-3.0,0.0,0.0","-24.0,0.0,0.0","27.0,0.0,0.0","0,0,0"
1747092133.497138,"-8.0,0.0,0.0","-2.0,0.0,0.0","-24.0,0.0,0.0","28.0,0.0,0.0","0,0,0"
1747092133.5471668,"-9.0,0.0,0.0","-1.0,0.0,0.0","-24.0,0.0,0.0","30.0,0.0,0.0","0,0,0"
1747092133.5973358,"-9.0,0.0,0.0","-1.0,0.0,0.0","-24.0,0.0,0.0","30.0,0.0,0.0","0,0,0"
1747092133.648265,"-9.0,0.0,0.0","0.0,0.0,0.0","-24.0,0.0,0.0","32.0,0.0,0.0","0,0,0"
1747092133.699819,"-9.0,0.0,0.0","0.0,0.0,0.0","-24.0,0.0,0.0","32.0,0.0,0.0","0,0,0"
1747092133.7564921,"-10.0,0.0,0.0","1.0,0.0,0.0","-24.0,0.0,0.0","33.0,0.0,0.0","0,0,0"
1747092133.8065867,"-10.0,0.0,0.0","1.0,0.0,0.0","-24.0,0.0,0.0","33.0,0.0,0.0","0,0,0"
1747092133.8572464,"-10.0,0.0,0.0","3.0,0.0,0.0","-24.0,0.0,0.0","34.0,0.0,0.0","0,0,0"
1747092133.9074688,"-10.0,0.0,0.0","6.0,0.0,0.0","-24.0,0.0,0.0","34.0,0.0,0.0","0,0,0"
1747092133.9582832,"-10.0,0.0,0.0","6.0,0.0,0.0","-24.0,0.0,0.0","34.0,0.0,0.0","0,0,0"
1747092134.0093763,"-11.0,0.0,0.0","7.0,0.0,0.0","-24.0,0.0,0.0","34.0,0.0,0.0","0,0,0"
1747092134.0603347,"-10.0,0.0,0.0","7.0,0.0,0.0","-24.0,0.0,0.0","34.0,0.0,0.0","0,0,0"
1747092134.1110556,"-10.0,0.0,0.0","7.0,0.0,0.0","-24.0,0.0,0.0","34.0,0.0,0.0","0,0,0"
1747092134.1635354,"-10.0,0.0,0.0","7.0,0.0,0.0","-24.0,0.0,0.0","33.0,0.0,0.0","0,0,0"
1747092134.2137053,"-9.0,0.0,0.0","5.0,0.0,0.0","-24.0,0.0,0.0","29.0,0.0,0.0","0,0,0"
1747092134.2643933,"-7.0,0.0,0.0","-2.0,0.0,0.0","-24.0,0.0,0.0","17.0,0.0,0.0","0,0,0"
1747092134.3150494,"-5.0,0.0,0.0","-6.0,0.0,0.0","-24.0,0.0,0.0","11.0,0.0,0.0","0,0,0"
1747092134.36511,"-2.0,0.0,0.0","-13.0,0.0,0.0","-24.0,0.0,0.0","-1.0,0.0,0.0","0,0,0"
1747092134.4156857,"3.0,0.0,0.0","-27.0,0.0,0.0","-24.0,0.0,0.0","-14.0,0.0,0.0","0,0,0"
1747092134.4657066,"4.0,0.0,0.0","-33.0,0.0,0.0","-24.0,0.0,0.0","-23.0,0.0,0.0","0,0,0"
1747092134.518522,"9.0,0.0,0.0","-51.0,0.0,0.0","-24.0,0.0,0.0","0.0,0.0,0.0","0,0,0"
1747092134.5692723,"10.0,0.0,0.0","-55.0,0.0,0.0","-24.0,0.0,0.0","0.0,0.0,0.0","0,0,0"
1747092134.62014,"18.0,0.0,0.0","-69.0,0.0,0.0","-24.0,0.0,0.0","0.0,0.0,0.0","0,0,0"
1747092134.6704676,"19.0,0.0,0.0","-70.0,0.0,0.0","-24.0,0.0,0.0","0.0,0.0,0.0","0,0,0"
1747092134.721299,"25.0,0.0,0.0","-87.0,0.0,0.0","-24.0,0.0,0.0","0.0,0.0,0.0","0,0,0"
1747092134.7726865,"29.0,0.0,0.0","-91.0,0.0,0.0","-24.0,0.0,0.0","0.0,0.0,0.0","0,0,0"
1747092134.823364,"33.0,0.0,0.0","-97.0,0.0,0.0","-24.0,0.0,0.0","0.0,0.0,0.0","0,0,0"
1747092134.874315,"48.0,0.0,0.0","-97.0,0.0,0.0","0.0,0.0,0.0","0.0,0.0,0.0","0,0,0"
1747092134.9251351,"49.0,0.0,0.0","-97.0,0.0,0.0","0.0,0.0,0.0","0.0,0.0,0.0","0,0,0"
1747092134.9755752,"50.0,0.0,0.0","-97.0,0.0,0.0","0.0,0.0,0.0","0.0,0.0,0.0","0,0,0"
1747092135.0264106,"52.0,0.0,0.0","-97.0,0.0,0.0","0.0,0.0,0.0","0.0,0.0,0.0","0,0,0"
1747092135.0772905,"53.0,0.0,0.0","-94.0,0.0,0.0","0.0,0.0,0.0","0.0,0.0,0.0","0,0,0"
1747092135.1273706,"53.0,0.0,0.0","-91.0,0.0,0.0","0.0,0.0,0.0","0.0,0.0,0.0","0,0,0"
1747092135.1779923,"54.0,0.0,0.0","-88.0,0.0,0.0","0.0,0.0,0.0","0.0,0.0,0.0","0,0,0"
1747092135.2281752,"55.0,0.0,0.0","-88.0,0.0,0.0","0.0,0.0,0.0","0.0,0.0,0.0","0,0,0"
1747092135.2782395,"55.0,0.0,0.0","-88.0,0.0,0.0","0.0,0.0,0.0","0.0,0.0,0.0","0,0,0"
1747092135.3291962,"55.0,0.0,0.0","-88.0,0.0,0.0","0.0,0.0,0.0","0.0,0.0,0.0","0,0,0"
1747092135.380224,"55.0,0.0,0.0","-88.0,0.0,0.0","0.0,0.0,0.0","0.0,0.0,0.0","0,0,0"
1747092135.4314463,"55.0,0.0,0.0","-90.0,0.0,0.0","0.0,0.0,0.0","0.0,0.0,0.0","0,0,0"
1747092135.4822688,"55.0,0.0,0.0","-91.0,0.0,0.0","0.0,0.0,0.0","0.0,0.0,0.0","0,0,0"
1747092135.5325608,"55.0,0.0,0.0","-94.0,0.0,0.0","0.0,0.0,0.0","0.0,0.0,0.0","0,0,0"
1747092135.5826468,"50.0,0.0,0.0","-99.0,0.0,0.0","0.0,0.0,0.0","0.0,0.0,0.0","0,0,0"
1747092135.6330023,"34.0,0.0,0.0","-99.0,0.0,0.0","-24.0,0.0,0.0","0.0,0.0,0.0","0,0,0"
1747092135.685132,"27.0,0.0,0.0","-99.0,0.0,0.0","-24.0,0.0,0.0","0.0,0.0,0.0","0,0,0"
1747092135.735742,"20.0,0.0,0.0","-99.0,0.0,0.0","-24.0,0.0,0.0","0.0,0.0,0.0","0,0,0"
1747092135.7867467,"14.0,0.0,0.0","-99.0,0.0,0.0","-24.0,0.0,0.0","0.0,0.0,0.0","0,0,0"
1747092135.8369577,"5.0,0.0,0.0","-88.0,0.0,0.0","-24.0,0.0,0.0","0.0,0.0,0.0","0,0,0"
1747092135.8870564,"-8.0,0.0,0.0","-80.0,0.0,0.0","-24.0,0.0,0.0","0.0,0.0,0.0","0,0,0"
1747092135.9373276,"-8.0,0.0,0.0","-80.0,0.0,0.0","-24.0,0.0,0.0","0.0,0.0,0.0","0,0,0"
1747092135.9894917,"-8.0,0.0,0.0","-80.0,0.0,0.0","-24.0,0.0,0.0","0.0,0.0,0.0","0,0,0"
1747092136.0404065,"-19.0,0.0,0.0","-67.0,0.0,0.0","-24.0,0.0,0.0","0.0,0.0,0.0","0,0,0"
1747092136.0910995,"-31.0,0.0,0.0","-55.0,0.0,0.0","-24.0,0.0,0.0","0.0,0.0,0.0","0,0,0"
1747092136.1421483,"-49.0,0.0,0.0","-33.0,0.0,0.0","0.0,0.0,0.0","-18.0,0.0,0.0","0,0,0"
1747092136.1930866,"-60.0,0.0,0.0","-25.0,0.0,0.0","0.0,0.0,0.0","-8.0,0.0,0.0","0,0,0"
1747092136.2434647,"-76.0,0.0,0.0","-7.0,0.0,0.0","0.0,0.0,0.0","16.0,0.0,0.0","0,0,0"
1747092136.293675,"-80.0,0.0,0.0","2.0,0.0,0.0","0.0,0.0,0.0","22.0,0.0,0.0","0,0,0"
1747092136.3451545,"-91.0,0.0,0.0","11.0,0.0,0.0","0.0,0.0,0.0","34.0,0.0,0.0","0,0,0"
1747092136.3955548,"-92.0,0.0,0.0","15.0,0.0,0.0","0.0,0.0,0.0","37.0,0.0,0.0","0,0,0"
1747092136.446393,"-94.0,0.0,0.0","24.0,0.0,0.0","0.0,0.0,0.0","46.0,0.0,0.0","0,0,0"
1747092136.4964628,"-95.0,0.0,0.0","27.0,0.0,0.0","0.0,0.0,0.0","46.0,0.0,0.0","0,0,0"
1747092136.5471146,"-96.0,0.0,0.0","35.0,0.0,0.0","0.0,0.0,0.0","53.0,0.0,0.0","0,0,0"
1747092136.5975273,"-97.0,0.0,0.0","38.0,0.0,0.0","0.0,0.0,0.0","54.0,0.0,0.0","0,0,0"
1747092136.6476357,"-98.0,0.0,0.0","38.0,0.0,0.0","0.0,0.0,0.0","54.0,0.0,0.0","0,0,0"
1747092136.6980174,"-100.0,0.0,0.0","38.0,0.0,0.0","0.0,0.0,0.0","54.0,0.0,0.0","0,0,0"
1747092136.7494817,"-100.0,0.0,0.0","38.0,0.0,0.0","0.0,0.0,0.0","54.0,0.0,0.0","0,0,0"
1747092136.8001995,"-100.0,0.0,0.0","36.0,0.0,0.0","0.0,0.0,0.0","52.0,0.0,0.0","0,0,0"
1747092136.8504956,"-100.0,0.0,0.0","30.0,0.0,0.0","0.0,0.0,0.0","45.0,0.0,0.0","0,0,0"
1747092136.9010856,"-98.0,0.0,0.0","17.0,0.0,0.0","0.0,0.0,0.0","34.0,0.0,0.0","0,0,0"
1747092136.951293,"-94.0,0.0,0.0","8.0,0.0,0.0","0.0,0.0,0.0","24.0,0.0,0.0","0,0,0"
1747092137.0018184,"-85.0,0.0,0.0","-7.0,0.0,0.0","0.0,0.0,0.0","10.0,0.0,0.0","0,0,0"
1747092137.0523586,"-82.0,0.0,0.0","-13.0,0.0,0.0","0.0,0.0,0.0","7.0,0.0,0.0","0,0,0"
1747092137.1024556,"-80.0,0.0,0.0","-17.0,0.0,0.0","0.0,0.0,0.0","5.0,0.0,0.0","0,0,0"
1747092137.1528275,"-66.0,0.0,0.0","-26.0,0.0,0.0","0.0,0.0,0.0","-7.0,0.0,0.0","0,0,0"
1747092137.2030656,"-45.0,0.0,0.0","-42.0,0.0,0.0","0.0,0.0,0.0","-22.0,0.0,0.0","0,0,0"
1747092137.2540207,"-35.0,0.0,0.0","-54.0,0.0,0.0","-24.0,0.0,0.0","0.0,0.0,0.0","0,0,0"
1747092137.3041677,"-24.0,0.0,0.0","-60.0,0.0,0.0","-24.0,0.0,0.0","0.0,0.0,0.0","0,0,0"
1747092137.3542805,"-19.0,0.0,0.0","-64.0,0.0,0.0","-24.0,0.0,0.0","0.0,0.0,0.0","0,0,0"
1747092137.4044542,"-7.0,0.0,0.0","-70.0,0.0,0.0","-24.0,0.0,0.0","0.0,0.0,0.0","0,0,0"
1747092137.455147,"-4.0,0.0,0.0","-71.0,0.0,0.0","-24.0,0.0,0.0","0.0,0.0,0.0","0,0,0"
1747092137.5056581,"8.0,0.0,0.0","-75.0,0.0,0.0","-24.0,0.0,0.0","0.0,0.0,0.0","0,0,0"
1747092137.5562558,"9.0,0.0,0.0","-77.0,0.0,0.0","-24.0,0.0,0.0","0.0,0.0,0.0","0,0,0"
1747092137.606325,"9.0,0.0,0.0","-78.0,0.0,0.0","-24.0,0.0,0.0","0.0,0.0,0.0","0,0,0"
1747092137.6563609,"9.0,0.0,0.0","-78.0,0.0,0.0","-24.0,0.0,0.0","0.0,0.0,0.0","0,0,0"
1747092137.7212079,"9.0,0.0,0.0","-77.0,0.0,0.0","-24.0,0.0,0.0","0.0,0.0,0.0","0,0,0"
1747092137.771515,"7.0,0.0,0.0","-77.0,0.0,0.0","-24.0,0.0,0.0","0.0,0.0,0.0","0,0,0"
1747092137.8222222,"2.0,0.0,0.0","-77.0,0.0,0.0","-24.0,0.0,0.0","0.0,0.0,0.0","0,0,0"
1747092137.8730717,"0.0,0.0,0.0","-76.0,0.0,0.0","-24.0,0.0,0.0","0.0,0.0,0.0","0,0,0"
1747092137.923093,"-6.0,0.0,0.0","-70.0,0.0,0.0","-24.0,0.0,0.0","0.0,0.0,0.0","0,0,0"
1747092137.9732573,"-6.0,0.0,0.0","-70.0,0.0,0.0","-24.0,0.0,0.0","0.0,0.0,0.0","0,0,0"
1747092138.0238848,"-21.0,0.0,0.0","-56.0,0.0,0.0","-24.0,0.0,0.0","0.0,0.0,0.0","0,0,0"
1747092138.0739682,"-31.0,0.0,0.0","-38.0,0.0,0.0","-24.0,0.0,0.0","-27.0,0.0,0.0","0,0,0"
1747092138.1242468,"-43.0,0.0,0.0","-24.0,0.0,0.0","-24.0,0.0,0.0","-10.0,0.0,0.0","0,0,0"
1747092138.1751523,"-49.0,0.0,0.0","-13.0,0.0,0.0","0.0,0.0,0.0","-3.0,0.0,0.0","0,0,0"
1747092138.2253046,"-61.0,0.0,0.0","0.0,0.0,0.0","0.0,0.0,0.0","16.0,0.0,0.0","0,0,0"
1747092138.2754314,"-63.0,0.0,0.0","3.0,0.0,0.0","0.0,0.0,0.0","19.0,0.0,0.0","0,0,0"
1747092138.3255663,"-70.0,0.0,0.0","14.0,0.0,0.0","0.0,0.0,0.0","32.0,0.0,0.0","0,0,0"
1747092138.3757558,"-71.0,0.0,0.0","16.0,0.0,0.0","0.0,0.0,0.0","33.0,0.0,0.0","0,0,0"
1747092138.4262428,"-71.0,0.0,0.0","17.0,0.0,0.0","0.0,0.0,0.0","36.0,0.0,0.0","0,0,0"
1747092138.4765644,"-71.0,0.0,0.0","18.0,0.0,0.0","0.0,0.0,0.0","36.0,0.0,0.0","0,0,0"
1747092138.5271568,"-71.0,0.0,0.0","18.0,0.0,0.0","0.0,0.0,0.0","36.0,0.0,0.0","0,0,0"
1747092138.577237,"-71.0,0.0,0.0","18.0,0.0,0.0","0.0,0.0,0.0","36.0,0.0,0.0","0,0,0"
1747092138.6277108,"-70.0,0.0,0.0","17.0,0.0,0.0","0.0,0.0,0.0","35.0,0.0,0.0","0,0,0"
1747092138.679332,"-59.0,0.0,0.0","3.0,0.0,0.0","0.0,0.0,0.0","21.0,0.0,0.0","0,0,0"
1747092138.7301364,"-56.0,0.0,0.0","0.0,0.0,0.0","0.0,0.0,0.0","19.0,0.0,0.0","0,0,0"
1747092138.7804532,"-46.0,0.0,0.0","-11.0,0.0,0.0","0.0,0.0,0.0","10.0,0.0,0.0","0,0,0"
1747092138.835272,"-42.0,0.0,0.0","-14.0,0.0,0.0","-24.0,0.0,0.0","6.0,0.0,0.0","0,0,0"
1747092138.885341,"-31.0,0.0,0.0","-29.0,0.0,0.0","-24.0,0.0,0.0","-6.0,0.0,0.0","0,0,0"
1747092138.935638,"-23.0,0.0,0.0","-39.0,0.0,0.0","-24.0,0.0,0.0","-18.0,0.0,0.0","0,0,0"
1747092138.9862232,"-11.0,0.0,0.0","-46.0,0.0,0.0","-24.0,0.0,0.0","0.0,0.0,0.0","0,0,0"
1747092139.0367823,"-6.0,0.0,0.0","-54.0,0.0,0.0","-24.0,0.0,0.0","0.0,0.0,0.0","0,0,0"
1747092139.0873704,"-2.0,0.0,0.0","-55.0,0.0,0.0","-24.0,0.0,0.0","0.0,0.0,0.0","0,0,0"
1747092139.1380377,"5.0,0.0,0.0","-59.0,0.0,0.0","-24.0,0.0,0.0","0.0,0.0,0.0","0,0,0"
1747092139.1886299,"9.0,0.0,0.0","-68.0,0.0,0.0","-24.0,0.0,0.0","0.0,0.0,0.0","0,0,0"
1747092139.2386372,"9.0,0.0,0.0","-69.0,0.0,0.0","-24.0,0.0,0.0","0.0,0.0,0.0","0,0,0"
1747092139.2894068,"9.0,0.0,0.0","-69.0,0.0,0.0","-24.0,0.0,0.0","0.0,0.0,0.0","0,0,0"
1747092139.3412597,"9.0,0.0,0.0","-69.0,0.0,0.0","-24.0,0.0,0.0","0.0,0.0,0.0","0,0,0"
1747092139.3919969,"9.0,0.0,0.0","-69.0,0.0,0.0","-24.0,0.0,0.0","0.0,0.0,0.0","0,0,0"
1747092139.442625,"4.0,0.0,0.0","-69.0,0.0,0.0","-24.0,0.0,0.0","0.0,0.0,0.0","0,0,0"
1747092139.4930327,"-3.0,0.0,0.0","-65.0,0.0,0.0","-24.0,0.0,0.0","0.0,0.0,0.0","0,0,0"
1747092139.5437477,"-8.0,0.0,0.0","-60.0,0.0,0.0","-24.0,0.0,0.0","0.0,0.0,0.0","0,0,0"
1747092139.5944655,"-16.0,0.0,0.0","-53.0,0.0,0.0","-24.0,0.0,0.0","0.0,0.0,0.0","0,0,0"
1747092139.6453466,"-20.0,0.0,0.0","-49.0,0.0,0.0","-24.0,0.0,0.0","0.0,0.0,0.0","0,0,0"
1747092139.695532,"-24.0,0.0,0.0","-39.0,0.0,0.0","-24.0,0.0,0.0","-23.0,0.0,0.0","0,0,0"
1747092139.745772,"-27.0,0.0,0.0","-35.0,0.0,0.0","-24.0,0.0,0.0","-20.0,0.0,0.0","0,0,0"
1747092139.796856,"-31.0,0.0,0.0","-31.0,0.0,0.0","-24.0,0.0,0.0","-15.0,0.0,0.0","0,0,0"
1747092139.847187,"-39.0,0.0,0.0","-15.0,0.0,0.0","-24.0,0.0,0.0","3.0,0.0,0.0","0,0,0"
1747092139.8979998,"-41.0,0.0,0.0","-10.0,0.0,0.0","-24.0,0.0,0.0","13.0,0.0,0.0","0,0,0"
1747092139.9481125,"-41.0,0.0,0.0","-10.0,0.0,0.0","-24.0,0.0,0.0","20.0,0.0,0.0","0,0,0"
1747092139.9982994,"-41.0,0.0,0.0","-10.0,0.0,0.0","-24.0,0.0,0.0","20.0,0.0,0.0","0,0,0"
1747092140.048398,"-41.0,0.0,0.0","-10.0,0.0,0.0","-24.0,0.0,0.0","20.0,0.0,0.0","0,0,0"
1747092140.0985537,"-41.0,0.0,0.0","-10.0,0.0,0.0","-24.0,0.0,0.0","20.0,0.0,0.0","0,0,0"
1747092140.1492946,"-39.0,0.0,0.0","-11.0,0.0,0.0","-24.0,0.0,0.0","20.0,0.0,0.0","0,0,0"
1747092140.1996417,"-36.0,0.0,0.0","-13.0,0.0,0.0","-24.0,0.0,0.0","19.0,0.0,0.0","0,0,0"
1747092140.2511733,"-35.0,0.0,0.0","-17.0,0.0,0.0","-24.0,0.0,0.0","17.0,0.0,0.0","0,0,0"
1747092140.3012018,"-34.0,0.0,0.0","-19.0,0.0,0.0","-24.0,0.0,0.0","16.0,0.0,0.0","0,0,0"
1747092140.3514986,"-33.0,0.0,0.0","-21.0,0.0,0.0","-24.0,0.0,0.0","14.0,0.0,0.0","0,0,0"
1747092140.40237,"-33.0,0.0,0.0","-32.0,0.0,0.0","-24.0,0.0,0.0","3.0,0.0,0.0","0,0,0"
1747092140.453428,"-33.0,0.0,0.0","-32.0,0.0,0.0","-24.0,0.0,0.0","3.0,0.0,0.0","0,0,0"
1747092140.5036514,"-33.0,0.0,0.0","-38.0,0.0,0.0","-24.0,0.0,0.0","-10.0,0.0,0.0","0,0,0"
1747092140.5538719,"-33.0,0.0,0.0","-46.0,0.0,0.0","-24.0,0.0,0.0","0.0,0.0,0.0","0,0,0"
1747092140.6039653,"-36.0,0.0,0.0","-50.0,0.0,0.0","-24.0,0.0,0.0","0.0,0.0,0.0","0,0,0"
1747092140.6543984,"-36.0,0.0,0.0","-52.0,0.0,0.0","-24.0,0.0,0.0","0.0,0.0,0.0","0,0,0"
1747092140.7050211,"-37.0,0.0,0.0","-55.0,0.0,0.0","-39.0,0.0,0.0","0.0,0.0,0.0","0,0,0"
1747092140.75566,"-38.0,0.0,0.0","-57.0,0.0,0.0","-39.0,0.0,0.0","0.0,0.0,0.0","0,0,0"
1747092140.8062518,"-39.0,0.0,0.0","-58.0,0.0,0.0","-45.0,0.0,0.0","0.0,0.0,0.0","0,0,0"
1747092140.8563752,"-40.0,0.0,0.0","-60.0,0.0,0.0","-84.0,0.0,0.0","0.0,0.0,0.0","0,0,0"
1747092140.9073389,"-40.0,0.0,0.0","-60.0,0.0,0.0","-84.0,0.0,0.0","0.0,0.0,0.0","0,0,0"
1747092140.9574335,"-45.0,0.0,0.0","-72.0,0.0,0.0","0.0,0.0,0.0","0.0,0.0,0.0","0,0,0"
1747092141.0074537,"-45.0,0.0,0.0","-73.0,0.0,0.0","0.0,0.0,0.0","0.0,0.0,0.0","0,0,0"
1747092141.0582583,"-45.0,0.0,0.0","-73.0,0.0,0.0","0.0,0.0,0.0","0.0,0.0,0.0","0,0,0"
1747092141.1082883,"-45.0,0.0,0.0","-73.0,0.0,0.0","0.0,0.0,0.0","0.0,0.0,0.0","0,0,0"
1747092141.1583595,"-46.0,0.0,0.0","-73.0,0.0,0.0","0.0,0.0,0.0","0.0,0.0,0.0","0,0,0"
1747092141.209295,"-46.0,0.0,0.0","-74.0,0.0,0.0","0.0,0.0,0.0","0.0,0.0,0.0","0,0,0"
1747092141.2594748,"-46.0,0.0,0.0","-74.0,0.0,0.0","0.0,0.0,0.0","0.0,0.0,0.0","0,0,0"
1747092141.309971,"-47.0,0.0,0.0","-73.0,0.0,0.0","0.0,0.0,0.0","0.0,0.0,0.0","0,0,0"
1747092141.3605134,"-47.0,0.0,0.0","-73.0,0.0,0.0","0.0,0.0,0.0","0.0,0.0,0.0","0,0,0"
1747092141.4113696,"-47.0,0.0,0.0","-73.0,0.0,0.0","0.0,0.0,0.0","0.0,0.0,0.0","0,0,0"
1747092141.4616528,"-47.0,0.0,0.0","-73.0,0.0,0.0","0.0,0.0,0.0","0.0,0.0,0.0","0,0,0"
1747092141.512466,"-48.0,0.0,0.0","-73.0,0.0,0.0","0.0,0.0,0.0","0.0,0.0,0.0","0,0,0"
1747092141.5631142,"-48.0,0.0,0.0","-73.0,0.0,0.0","0.0,0.0,0.0","0.0,0.0,0.0","0,0,0"
1747092141.613316,"-49.0,0.0,0.0","-74.0,0.0,0.0","0.0,0.0,0.0","0.0,0.0,0.0","0,0,0"
1747092141.66401,"-48.0,0.0,0.0","-74.0,0.0,0.0","0.0,0.0,0.0","0.0,0.0,0.0","0,0,0"
1747092141.7149713,"-48.0,0.0,0.0","-74.0,0.0,0.0","0.0,0.0,0.0","0.0,0.0,0.0","0,0,0"
1747092141.7651975,"-48.0,0.0,0.0","-74.0,0.0,0.0","0.0,0.0,0.0","0.0,0.0,0.0","0,0,0"
1747092141.8154519,"-48.0,0.0,0.0","-74.0,0.0,0.0","0.0,0.0,0.0","0.0,0.0,0.0","0,0,0"
1747092141.8656328,"-48.0,0.0,0.0","-75.0,0.0,0.0","0.0,0.0,0.0","0.0,0.0,0.0","0,0,0"
1747092141.9159873,"-48.0,0.0,0.0","-75.0,0.0,0.0","0.0,0.0,0.0","0.0,0.0,0.0","0,0,0"
1747092141.9665372,"-48.0,0.0,0.0","-76.0,0.0,0.0","0.0,0.0,0.0","0.0,0.0,0.0","0,0,0"
1747092142.0169864,"-48.0,0.0,0.0","-76.0,0.0,0.0","0.0,0.0,0.0","0.0,0.0,0.0","0,0,0"
1747092142.0680664,"-47.0,0.0,0.0","-75.0,0.0,0.0","0.0,0.0,0.0","0.0,0.0,0.0","0,0,0"
1747092142.1190042,"-47.0,0.0,0.0","-75.0,0.0,0.0","0.0,0.0,0.0","0.0,0.0,0.0","0,0,0"
1747092142.169144,"-47.0,0.0,0.0","-75.0,0.0,0.0","0.0,0.0,0.0","0.0,0.0,0.0","0,0,0"
1747092142.2192771,"-47.0,0.0,0.0","-75.0,0.0,0.0","0.0,0.0,0.0","0.0,0.0,0.0","0,0,0"
1747092142.2701395,"-47.0,0.0,0.0","-75.0,0.0,0.0","0.0,0.0,0.0","0.0,0.0,0.0","0,0,0"
1747092142.3201482,"-47.0,0.0,0.0","-75.0,0.0,0.0","0.0,0.0,0.0","0.0,0.0,0.0","0,0,0"
1747092142.3710308,"-47.0,0.0,0.0","-75.0,0.0,0.0","0.0,0.0,0.0","0.0,0.0,0.0","0,0,0"
1747092142.421328,"-47.0,0.0,0.0","-75.0,0.0,0.0","0.0,0.0,0.0","0.0,0.0,0.0","0,0,0"
1747092142.4714756,"-47.0,0.0,0.0","-75.0,0.0,0.0","0.0,0.0,0.0","0.0,0.0,0.0","0,0,0"
1747092142.522095,"-47.0,0.0,0.0","-74.0,0.0,0.0","0.0,0.0,0.0","0.0,0.0,0.0","0,0,0"
1747092142.5721328,"-48.0,0.0,0.0","-74.0,0.0,0.0","0.0,0.0,0.0","0.0,0.0,0.0","0,0,0"
1747092142.6234548,"-48.0,0.0,0.0","-74.0,0.0,0.0","0.0,0.0,0.0","0.0,0.0,0.0","0,0,0"
1747092142.6740391,"-48.0,0.0,0.0","-74.0,0.0,0.0","0.0,0.0,0.0","0.0,0.0,0.0","0,0,0"
1747092142.7241538,"-48.0,0.0,0.0","-74.0,0.0,0.0","0.0,0.0,0.0","0.0,0.0,0.0","0,0,0"
1747092142.7742286,"-48.0,0.0,0.0","-74.0,0.0,0.0","0.0,0.0,0.0","0.0,0.0,0.0","0,0,0"
1747092142.824252,"-47.0,0.0,0.0","-75.0,0.0,0.0","0.0,0.0,0.0","0.0,0.0,0.0","0,0,0"
1747092142.875019,"-48.0,0.0,0.0","-75.0,0.0,0.0","0.0,0.0,0.0","0.0,0.0,0.0","0,0,0"
1747092142.9256113,"-48.0,0.0,0.0","-75.0,0.0,0.0","0.0,0.0,0.0","0.0,0.0,0.0","0,0,0"
1747092142.9760113,"-48.0,0.0,0.0","-75.0,0.0,0.0","0.0,0.0,0.0","0.0,0.0,0.0","0,0,0"
1747092143.0270312,"-48.0,0.0,0.0","-76.0,0.0,0.0","0.0,0.0,0.0","0.0,0.0,0.0","0,0,0"
1747092143.0776134,"-48.0,0.0,0.0","-76.0,0.0,0.0","0.0,0.0,0.0","0.0,0.0,0.0","0,0,0"
1747092143.1282794,"-49.0,0.0,0.0","-76.0,0.0,0.0","0.0,0.0,0.0","0.0,0.0,0.0","0,0,0"
1747092143.179222,"-50.0,0.0,0.0","-76.0,0.0,0.0","0.0,0.0,0.0","0.0,0.0,0.0","0,0,0"
1747092143.2293868,"-51.0,0.0,0.0","-75.0,0.0,0.0","0.0,0.0,0.0","0.0,0.0,0.0","0,0,0"
1747092143.2800524,"-51.0,0.0,0.0","-75.0,0.0,0.0","0.0,0.0,0.0","0.0,0.0,0.0","0,0,0"
1747092143.330198,"-51.0,0.0,0.0","-75.0,0.0,0.0","0.0,0.0,0.0","0.0,0.0,0.0","0,0,0"
1747092143.3810394,"-53.0,0.0,0.0","-76.0,0.0,0.0","0.0,0.0,0.0","0.0,0.0,0.0","0,0,0"
1747092143.431093,"-58.0,0.0,0.0","-76.0,0.0,0.0","0.0,0.0,0.0","0.0,0.0,0.0","0,0,0"
1747092143.4811172,"-62.0,0.0,0.0","-77.0,0.0,0.0","0.0,0.0,0.0","0.0,0.0,0.0","0,0,0"
1747092143.5312977,"-69.0,0.0,0.0","-83.0,0.0,0.0","0.0,0.0,0.0","0.0,0.0,0.0","0,0,0"
1747092143.581769,"-75.0,0.0,0.0","-85.0,0.0,0.0","0.0,0.0,0.0","0.0,0.0,0.0","0,0,0"
1747092143.6323712,"-76.0,0.0,0.0","-86.0,0.0,0.0","0.0,0.0,0.0","0.0,0.0,0.0","0,0,0"
1747092143.6829808,"-77.0,0.0,0.0","-87.0,0.0,0.0","0.0,0.0,0.0","0.0,0.0,0.0","0,0,0"
1747092143.7330914,"-77.0,0.0,0.0","-87.0,0.0,0.0","0.0,0.0,0.0","0.0,0.0,0.0","0,0,0"
1747092143.78399,"-77.0,0.0,0.0","-87.0,0.0,0.0","0.0,0.0,0.0","0.0,0.0,0.0","0,0,0"
1747092143.8344793,"-77.0,0.0,0.0","-87.0,0.0,0.0","0.0,0.0,0.0","0.0,0.0,0.0","0,0,0"
1747092143.8932102,"-77.0,0.0,0.0","-87.0,0.0,0.0","0.0,0.0,0.0","0.0,0.0,0.0","0,0,0"
1747092143.943353,"-77.0,0.0,0.0","-88.0,0.0,0.0","0.0,0.0,0.0","0.0,0.0,0.0","0,0,0"
1747092143.9934142,"-77.0,0.0,0.0","-88.0,0.0,0.0","0.0,0.0,0.0","0.0,0.0,0.0","0,0,0"
1747092144.0440931,"-76.0,0.0,0.0","-88.0,0.0,0.0","0.0,0.0,0.0","0.0,0.0,0.0","0,0,0"
1747092144.0956404,"-76.0,0.0,0.0","-88.0,0.0,0.0","0.0,0.0,0.0","0.0,0.0,0.0","0,0,0"
1747092144.146569,"-76.0,0.0,0.0","-88.0,0.0,0.0","0.0,0.0,0.0","0.0,0.0,0.0","0,0,0"
1747092144.197209,"-76.0,0.0,0.0","-88.0,0.0,0.0","0.0,0.0,0.0","0.0,0.0,0.0","0,0,0"
1747092144.247512,"-76.0,0.0,0.0","-88.0,0.0,0.0","0.0,0.0,0.0","0.0,0.0,0.0","0,0,0"
1747092144.2980428,"-74.0,0.0,0.0","-88.0,0.0,0.0","0.0,0.0,0.0","0.0,0.0,0.0","0,0,0"
1747092144.3491552,"-74.0,0.0,0.0","-88.0,0.0,0.0","0.0,0.0,0.0","0.0,0.0,0.0","0,0,0"
1747092144.400881,"-72.0,0.0,0.0","-87.0,0.0,0.0","0.0,0.0,0.0","0.0,0.0,0.0","0,0,0"
1747092144.4514394,"-70.0,0.0,0.0","-86.0,0.0,0.0","0.0,0.0,0.0","0.0,0.0,0.0","0,0,0"
1747092144.5015786,"-68.0,0.0,0.0","-83.0,0.0,0.0","0.0,0.0,0.0","0.0,0.0,0.0","0,0,0"
1747092144.552088,"-65.0,0.0,0.0","-83.0,0.0,0.0","0.0,0.0,0.0","0.0,0.0,0.0","0,0,0"
1747092144.602947,"-61.0,0.0,0.0","-82.0,0.0,0.0","0.0,0.0,0.0","0.0,0.0,0.0","0,0,0"
1747092144.6532083,"-61.0,0.0,0.0","-82.0,0.0,0.0","0.0,0.0,0.0","0.0,0.0,0.0","0,0,0"
1747092144.7040055,"-60.0,0.0,0.0","-77.0,0.0,0.0","0.0,0.0,0.0","0.0,0.0,0.0","0,0,0"
1747092144.7549264,"-47.0,0.0,0.0","-71.0,0.0,0.0","0.0,0.0,0.0","0.0,0.0,0.0","0,0,0"
1747092144.8057506,"-45.0,0.0,0.0","-65.0,0.0,0.0","0.0,0.0,0.0","0.0,0.0,0.0","0,0,0"
1747092144.8560028,"-44.0,0.0,0.0","-65.0,0.0,0.0","-130.0,0.0,0.0","0.0,0.0,0.0","0,0,0"
1747092144.9067574,"-44.0,0.0,0.0","-64.0,0.0,0.0","-128.0,0.0,0.0","0.0,0.0,0.0","0,0,0"
1747092144.9584017,"-42.0,0.0,0.0","-62.0,0.0,0.0","-126.0,0.0,0.0","0.0,0.0,0.0","0,0,0"
1747092145.0091903,"-42.0,0.0,0.0","-62.0,0.0,0.0","-126.0,0.0,0.0","0.0,0.0,0.0","0,0,0"
1747092145.0601282,"-42.0,0.0,0.0","-63.0,0.0,0.0","-126.0,0.0,0.0","0.0,0.0,0.0","0,0,0"
1747092145.1109674,"-42.0,0.0,0.0","-63.0,0.0,0.0","-126.0,0.0,0.0","0.0,0.0,0.0","0,0,0"
1747092145.1614203,"-44.0,0.0,0.0","-66.0,0.0,0.0","-129.0,0.0,0.0","0.0,0.0,0.0","0,0,0"
1747092145.212127,"-44.0,0.0,0.0","-66.0,0.0,0.0","-129.0,0.0,0.0","0.0,0.0,0.0","0,0,0"
1747092145.2628093,"-45.0,0.0,0.0","-67.0,0.0,0.0","0.0,0.0,0.0","0.0,0.0,0.0","0,0,0"
1747092145.3136036,"-47.0,0.0,0.0","-67.0,0.0,0.0","0.0,0.0,0.0","0.0,0.0,0.0","0,0,0"
1747092145.363935,"-48.0,0.0,0.0","-67.0,0.0,0.0","0.0,0.0,0.0","0.0,0.0,0.0","0,0,0"
1747092145.4143577,"-48.0,0.0,0.0","-67.0,0.0,0.0","0.0,0.0,0.0","0.0,0.0,0.0","0,0,0"
1747092145.4643793,"-48.0,0.0,0.0","-68.0,0.0,0.0","0.0,0.0,0.0","0.0,0.0,0.0","0,0,0"
1747092145.5149684,"-49.0,0.0,0.0","-70.0,0.0,0.0","0.0,0.0,0.0","0.0,0.0,0.0","0,0,0"
1747092145.5676253,"-49.0,0.0,0.0","-70.0,0.0,0.0","0.0,0.0,0.0","0.0,0.0,0.0","0,0,0"
1747092145.617797,"-49.0,0.0,0.0","-70.0,0.0,0.0","0.0,0.0,0.0","0.0,0.0,0.0","0,0,0"
1747092145.6691084,"-49.0,0.0,0.0","-69.0,0.0,0.0","0.0,0.0,0.0","0.0,0.0,0.0","0,0,0"
1747092145.72018,"-48.0,0.0,0.0","-68.0,0.0,0.0","0.0,0.0,0.0","0.0,0.0,0.0","0,0,0"
1747092145.7703884,"-48.0,0.0,0.0","-68.0,0.0,0.0","0.0,0.0,0.0","0.0,0.0,0.0","0,0,0"
1747092145.8213637,"-47.0,0.0,0.0","-68.0,0.0,0.0","0.0,0.0,0.0","0.0,0.0,0.0","0,0,0"
1747092145.8720095,"-47.0,0.0,0.0","-66.0,0.0,0.0","0.0,0.0,0.0","0.0,0.0,0.0","0,0,0"
1747092145.922711,"-44.0,0.0,0.0","-55.0,0.0,0.0","-24.0,0.0,0.0","0.0,0.0,0.0","0,0,0"
1747092145.973386,"-44.0,0.0,0.0","-55.0,0.0,0.0","-24.0,0.0,0.0","0.0,0.0,0.0","0,0,0"
1747092146.0235643,"-35.0,0.0,0.0","-39.0,0.0,0.0","-24.0,0.0,0.0","-7.0,0.0,0.0","0,0,0"
1747092146.074855,"-28.0,0.0,0.0","-32.0,0.0,0.0","-24.0,0.0,0.0","-4.0,0.0,0.0","0,0,0"
1747092146.1250904,"-25.0,0.0,0.0","-18.0,0.0,0.0","-24.0,0.0,0.0","2.0,0.0,0.0","0,0,0"
1747092146.1755989,"-22.0,0.0,0.0","-15.0,0.0,0.0","-24.0,0.0,0.0","4.0,0.0,0.0","0,0,0"
1747092146.2262218,"-19.0,0.0,0.0","-11.0,0.0,0.0","-24.0,0.0,0.0","7.0,0.0,0.0","0,0,0"
1747092146.2769377,"-17.0,0.0,0.0","-10.0,0.0,0.0","-24.0,0.0,0.0","10.0,0.0,0.0","0,0,0"
1747092146.3274121,"-16.0,0.0,0.0","-8.0,0.0,0.0","-24.0,0.0,0.0","10.0,0.0,0.0","0,0,0"
1747092146.377829,"-14.0,0.0,0.0","-8.0,0.0,0.0","-24.0,0.0,0.0","11.0,0.0,0.0","0,0,0"
1747092146.4279032,"-14.0,0.0,0.0","-7.0,0.0,0.0","-24.0,0.0,0.0","11.0,0.0,0.0","0,0,0"
1747092146.4792624,"-15.0,0.0,0.0","-8.0,0.0,0.0","-24.0,0.0,0.0","13.0,0.0,0.0","0,0,0"
1747092146.5302238,"-15.0,0.0,0.0","-7.0,0.0,0.0","-24.0,0.0,0.0","14.0,0.0,0.0","0,0,0"
1747092146.581177,"-14.0,0.0,0.0","-7.0,0.0,0.0","-24.0,0.0,0.0","14.0,0.0,0.0","0,0,0"
1747092146.6313047,"-14.0,0.0,0.0","-7.0,0.0,0.0","-24.0,0.0,0.0","16.0,0.0,0.0","0,0,0"
1747092146.6822886,"-14.0,0.0,0.0","-7.0,0.0,0.0","-24.0,0.0,0.0","17.0,0.0,0.0","0,0,0"
1747092146.7324698,"-14.0,0.0,0.0","-6.0,0.0,0.0","-24.0,0.0,0.0","19.0,0.0,0.0","0,0,0"
1747092146.783411,"-13.0,0.0,0.0","-5.0,0.0,0.0","-24.0,0.0,0.0","23.0,0.0,0.0","0,0,0"
1747092146.8340845,"-8.0,0.0,0.0","0.0,0.0,0.0","-24.0,0.0,0.0","37.0,0.0,0.0","0,0,0"
1747092146.884394,"-7.0,0.0,0.0","2.0,0.0,0.0","-24.0,0.0,0.0","40.0,0.0,0.0","0,0,0"
1747092146.934519,"-7.0,0.0,0.0","6.0,0.0,0.0","-24.0,0.0,0.0","51.0,0.0,0.0","0,0,0"
1747092146.9851193,"-7.0,0.0,0.0","6.0,0.0,0.0","-24.0,0.0,0.0","59.0,0.0,0.0","0,0,0"
1747092147.035149,"-5.0,0.0,0.0","7.0,0.0,0.0","-24.0,0.0,0.0","76.0,0.0,0.0","0,0,0"
1747092147.0851939,"-5.0,0.0,0.0","7.0,0.0,0.0","-24.0,0.0,0.0","77.0,0.0,0.0","0,0,0"
1747092147.1360512,"-5.0,0.0,0.0","7.0,0.0,0.0","-24.0,0.0,0.0","79.0,0.0,0.0","0,0,0"
1747092147.1864166,"-5.0,0.0,0.0","6.0,0.0,0.0","-24.0,0.0,0.0","79.0,0.0,0.0","0,0,0"
1747092147.2386115,"-5.0,0.0,0.0","6.0,0.0,0.0","-24.0,0.0,0.0","79.0,0.0,0.0","0,0,0"
1747092147.2893457,"-8.0,0.0,0.0","6.0,0.0,0.0","-24.0,0.0,0.0","77.0,0.0,0.0","0,0,0"
1747092147.3394027,"-8.0,0.0,0.0","6.0,0.0,0.0","-24.0,0.0,0.0","77.0,0.0,0.0","0,0,0"
1747092147.390028,"-10.0,0.0,0.0","5.0,0.0,0.0","-24.0,0.0,0.0","74.0,0.0,0.0","0,0,0"
1747092147.4419866,"-11.0,0.0,0.0","0.0,0.0,0.0","-24.0,0.0,0.0","71.0,0.0,0.0","0,0,0"
1747092147.49207,"-13.0,0.0,0.0","-3.0,0.0,0.0","-24.0,0.0,0.0","71.0,0.0,0.0","0,0,0"
1747092147.5422537,"-14.0,0.0,0.0","-5.0,0.0,0.0","-24.0,0.0,0.0","71.0,0.0,0.0","0,0,0"
1747092147.5924027,"-15.0,0.0,0.0","-8.0,0.0,0.0","78.0,0.0,0.0","71.0,0.0,0.0","0,0,0"
1747092147.6431656,"-16.0,0.0,0.0","-8.0,0.0,0.0","78.0,0.0,0.0","72.0,0.0,0.0","0,0,0"
1747092147.6940544,"-17.0,0.0,0.0","-9.0,0.0,0.0","81.0,0.0,0.0","74.0,0.0,0.0","0,0,0"
1747092147.7444015,"-17.0,0.0,0.0","-9.0,0.0,0.0","82.0,0.0,0.0","75.0,0.0,0.0","0,0,0"
1747092147.794437,"-17.0,0.0,0.0","-9.0,0.0,0.0","84.0,0.0,0.0","76.0,0.0,0.0","0,0,0"
1747092147.844649,"-17.0,0.0,0.0","-9.0,0.0,0.0","84.0,0.0,0.0","76.0,0.0,0.0","0,0,0"
1747092147.895482,"-17.0,0.0,0.0","-9.0,0.0,0.0","85.0,0.0,0.0","78.0,0.0,0.0","0,0,0"
1747092147.945825,"-16.0,0.0,0.0","-9.0,0.0,0.0","91.0,0.0,0.0","83.0,0.0,0.0","0,0,0"
1747092147.9966726,"-14.0,0.0,0.0","-9.0,0.0,0.0","91.0,0.0,0.0","83.0,0.0,0.0","0,0,0"
1747092148.0471833,"-12.0,0.0,0.0","-8.0,0.0,0.0","91.0,0.0,0.0","83.0,0.0,0.0","0,0,0"
1747092148.0981057,"-10.0,0.0,0.0","-5.0,0.0,0.0","91.0,0.0,0.0","83.0,0.0,0.0","0,0,0"
1747092148.1481452,"-9.0,0.0,0.0","-2.0,0.0,0.0","96.0,0.0,0.0","83.0,0.0,0.0","0,0,0"
1747092148.1993215,"-7.0,0.0,0.0","4.0,0.0,0.0","97.0,0.0,0.0","82.0,0.0,0.0","0,0,0"
1747092148.2493563,"2.0,0.0,0.0","17.0,0.0,0.0","87.0,0.0,0.0","75.0,0.0,0.0","0,0,0"
1747092148.3002844,"7.0,0.0,0.0","23.0,0.0,0.0","86.0,0.0,0.0","75.0,0.0,0.0","0,0,0"
1747092148.3509881,"20.0,0.0,0.0","41.0,0.0,0.0","84.0,0.0,0.0","74.0,0.0,0.0","0,0,0"
1747092148.4015186,"24.0,0.0,0.0","47.0,0.0,0.0","84.0,0.0,0.0","0.0,0.0,0.0","0,0,0"
1747092148.4518704,"48.0,0.0,0.0","61.0,0.0,0.0","0.0,0.0,0.0","0.0,0.0,0.0","0,0,0"
1747092148.5020282,"53.0,0.0,0.0","48.0,0.0,0.0","0.0,0.0,0.0","0.0,0.0,0.0","0,0,0"
1747092148.552687,"62.0,0.0,0.0","58.0,0.0,0.0","0.0,0.0,0.0","0.0,0.0,0.0","0,0,0"
1747092148.6029015,"71.0,0.0,0.0","60.0,0.0,0.0","0.0,0.0,0.0","0.0,0.0,0.0","0,0,0"
1747092148.6534224,"72.0,0.0,0.0","61.0,0.0,0.0","0.0,0.0,0.0","0.0,0.0,0.0","0,0,0"
1747092148.7043462,"74.0,0.0,0.0","64.0,0.0,0.0","0.0,0.0,0.0","0.0,0.0,0.0","0,0,0"
1747092148.7545106,"77.0,0.0,0.0","66.0,0.0,0.0","0.0,0.0,0.0","0.0,0.0,0.0","0,0,0"
1747092148.804772,"81.0,0.0,0.0","68.0,0.0,0.0","0.0,0.0,0.0","0.0,0.0,0.0","0,0,0"
1747092148.8555386,"81.0,0.0,0.0","68.0,0.0,0.0","0.0,0.0,0.0","0.0,0.0,0.0","0,0,0"
1747092148.905874,"84.0,0.0,0.0","70.0,0.0,0.0","0.0,0.0,0.0","0.0,0.0,0.0","0,0,0"
1747092148.9634104,"84.0,0.0,0.0","71.0,0.0,0.0","0.0,0.0,0.0","0.0,0.0,0.0","0,0,0"
1747092149.014379,"86.0,0.0,0.0","72.0,0.0,0.0","0.0,0.0,0.0","0.0,0.0,0.0","0,0,0"
1747092149.0650837,"86.0,0.0,0.0","73.0,0.0,0.0","0.0,0.0,0.0","0.0,0.0,0.0","0,0,0"
1747092149.117356,"88.0,0.0,0.0","73.0,0.0,0.0","0.0,0.0,0.0","0.0,0.0,0.0","0,0,0"
1747092149.1680207,"88.0,0.0,0.0","74.0,0.0,0.0","0.0,0.0,0.0","0.0,0.0,0.0","0,0,0"
1747092149.218194,"88.0,0.0,0.0","74.0,0.0,0.0","0.0,0.0,0.0","0.0,0.0,0.0","0,0,0"
1747092149.26922,"88.0,0.0,0.0","73.0,0.0,0.0","0.0,0.0,0.0","0.0,0.0,0.0","0,0,0"
1747092149.3201911,"86.0,0.0,0.0","73.0,0.0,0.0","0.0,0.0,0.0","0.0,0.0,0.0","0,0,0"
1747092149.3711505,"85.0,0.0,0.0","72.0,0.0,0.0","0.0,0.0,0.0","0.0,0.0,0.0","0,0,0"
1747092149.421646,"85.0,0.0,0.0","72.0,0.0,0.0","0.0,0.0,0.0","0.0,0.0,0.0","0,0,0"
1747092149.4723115,"84.0,0.0,0.0","71.0,0.0,0.0","0.0,0.0,0.0","0.0,0.0,0.0","0,0,0"
1747092149.5231621,"83.0,0.0,0.0","70.0,0.0,0.0","0.0,0.0,0.0","0.0,0.0,0.0","0,0,0"
1747092149.5742207,"82.0,0.0,0.0","69.0,0.0,0.0","0.0,0.0,0.0","0.0,0.0,0.0","0,0,0"
1747092149.6250558,"81.0,0.0,0.0","67.0,0.0,0.0","0.0,0.0,0.0","0.0,0.0,0.0","0,0,0"
1747092149.6750941,"79.0,0.0,0.0","65.0,0.0,0.0","0.0,0.0,0.0","0.0,0.0,0.0","0,0,0"
1747092149.7254038,"77.0,0.0,0.0","62.0,0.0,0.0","0.0,0.0,0.0","0.0,0.0,0.0","0,0,0"
1747092149.7754862,"72.0,0.0,0.0","57.0,0.0,0.0","0.0,0.0,0.0","0.0,0.0,0.0","0,0,0"
1747092149.826255,"62.0,0.0,0.0","55.0,0.0,0.0","0.0,0.0,0.0","0.0,0.0,0.0","0,0,0"
1747092149.8765302,"56.0,0.0,0.0","51.0,0.0,0.0","0.0,0.0,0.0","0.0,0.0,0.0","0,0,0"
1747092149.9271948,"50.0,0.0,0.0","60.0,0.0,0.0","0.0,0.0,0.0","0.0,0.0,0.0","0,0,0"
1747092149.9791842,"29.0,0.0,0.0","52.0,0.0,0.0","-24.0,0.0,0.0","0.0,0.0,0.0","0,0,0"
1747092150.0302594,"26.0,0.0,0.0","45.0,0.0,0.0","-24.0,0.0,0.0","0.0,0.0,0.0","0,0,0"
1747092150.0816605,"19.0,0.0,0.0","35.0,0.0,0.0","-24.0,0.0,0.0","81.0,0.0,0.0","0,0,0"
1747092150.1321917,"10.0,0.0,0.0","18.0,0.0,0.0","-24.0,0.0,0.0","82.0,0.0,0.0","0,0,0"
1747092150.1826088,"-3.0,0.0,0.0","8.0,0.0,0.0","-24.0,0.0,0.0","82.0,0.0,0.0","0,0,0"
1747092150.2329311,"-6.0,0.0,0.0","3.0,0.0,0.0","-24.0,0.0,0.0","80.0,0.0,0.0","0,0,0"
1747092150.283495,"-13.0,0.0,0.0","-1.0,0.0,0.0","80.0,0.0,0.0","78.0,0.0,0.0","0,0,0"
1747092150.334162,"-14.0,0.0,0.0","-3.0,0.0,0.0","80.0,0.0,0.0","77.0,0.0,0.0","0,0,0"
1747092150.3843265,"-14.0,0.0,0.0","-5.0,0.0,0.0","82.0,0.0,0.0","76.0,0.0,0.0","0,0,0"
1747092150.4350977,"-15.0,0.0,0.0","-5.0,0.0,0.0","83.0,0.0,0.0","76.0,0.0,0.0","0,0,0"
1747092150.4857209,"-18.0,0.0,0.0","-8.0,0.0,0.0","86.0,0.0,0.0","74.0,0.0,0.0","0,0,0"
1747092150.5362995,"-19.0,0.0,0.0","-9.0,0.0,0.0","92.0,0.0,0.0","74.0,0.0,0.0","0,0,0"
1747092150.5863473,"-19.0,0.0,0.0","-9.0,0.0,0.0","94.0,0.0,0.0","74.0,0.0,0.0","0,0,0"
1747092150.6369696,"-19.0,0.0,0.0","-9.0,0.0,0.0","94.0,0.0,0.0","74.0,0.0,0.0","0,0,0"
1747092150.6877267,"-19.0,0.0,0.0","-9.0,0.0,0.0","99.0,0.0,0.0","77.0,0.0,0.0","0,0,0"
1747092150.738274,"-18.0,0.0,0.0","-8.0,0.0,0.0","103.0,0.0,0.0","79.0,0.0,0.0","0,0,0"
1747092150.7883153,"-18.0,0.0,0.0","-6.0,0.0,0.0","103.0,0.0,0.0","80.0,0.0,0.0","0,0,0"
1747092150.839152,"-15.0,0.0,0.0","-6.0,0.0,0.0","104.0,0.0,0.0","80.0,0.0,0.0","0,0,0"
1747092150.8892696,"-14.0,0.0,0.0","-2.0,0.0,0.0","104.0,0.0,0.0","80.0,0.0,0.0","0,0,0"
1747092150.9394758,"-7.0,0.0,0.0","7.0,0.0,0.0","104.0,0.0,0.0","80.0,0.0,0.0","0,0,0"
1747092150.990209,"-5.0,0.0,0.0","14.0,0.0,0.0","100.0,0.0,0.0","80.0,0.0,0.0","0,0,0"
1747092151.0409415,"0.0,0.0,0.0","27.0,0.0,0.0","90.0,0.0,0.0","76.0,0.0,0.0","0,0,0"
1747092151.0910897,"15.0,0.0,0.0","42.0,0.0,0.0","84.0,0.0,0.0","69.0,0.0,0.0","0,0,0"
1747092151.1416585,"29.0,0.0,0.0","53.0,0.0,0.0","82.0,0.0,0.0","0.0,0.0,0.0","0,0,0"
1747092151.192539,"48.0,0.0,0.0","47.0,0.0,0.0","0.0,0.0,0.0","0.0,0.0,0.0","0,0,0"
1747092151.2431147,"62.0,0.0,0.0","56.0,0.0,0.0","0.0,0.0,0.0","0.0,0.0,0.0","0,0,0"
1747092151.2939343,"67.0,0.0,0.0","61.0,0.0,0.0","0.0,0.0,0.0","0.0,0.0,0.0","0,0,0"
1747092151.3442273,"69.0,0.0,0.0","64.0,0.0,0.0","0.0,0.0,0.0","0.0,0.0,0.0","0,0,0"
1747092151.3949778,"77.0,0.0,0.0","67.0,0.0,0.0","0.0,0.0,0.0","0.0,0.0,0.0","0,0,0"
1747092151.445258,"82.0,0.0,0.0","70.0,0.0,0.0","0.0,0.0,0.0","0.0,0.0,0.0","0,0,0"
1747092151.495748,"82.0,0.0,0.0","71.0,0.0,0.0","0.0,0.0,0.0","0.0,0.0,0.0","0,0,0"
1747092151.5461318,"83.0,0.0,0.0","71.0,0.0,0.0","0.0,0.0,0.0","0.0,0.0,0.0","0,0,0"
1747092151.5964744,"83.0,0.0,0.0","71.0,0.0,0.0","0.0,0.0,0.0","0.0,0.0,0.0","0,0,0"
1747092151.6471908,"84.0,0.0,0.0","72.0,0.0,0.0","0.0,0.0,0.0","0.0,0.0,0.0","0,0,0"
1747092151.6981788,"84.0,0.0,0.0","74.0,0.0,0.0","0.0,0.0,0.0","0.0,0.0,0.0","0,0,0"
1747092151.748714,"85.0,0.0,0.0","74.0,0.0,0.0","0.0,0.0,0.0","0.0,0.0,0.0","0,0,0"
1747092151.7989905,"85.0,0.0,0.0","74.0,0.0,0.0","0.0,0.0,0.0","0.0,0.0,0.0","0,0,0"
1747092151.8494306,"85.0,0.0,0.0","74.0,0.0,0.0","0.0,0.0,0.0","0.0,0.0,0.0","0,0,0"
1747092151.8999279,"85.0,0.0,0.0","73.0,0.0,0.0","0.0,0.0,0.0","0.0,0.0,0.0","0,0,0"
1747092151.9503403,"84.0,0.0,0.0","73.0,0.0,0.0","0.0,0.0,0.0","0.0,0.0,0.0","0,0,0"
1747092152.0010147,"84.0,0.0,0.0","73.0,0.0,0.0","0.0,0.0,0.0","0.0,0.0,0.0","0,0,0"
1747092152.0522614,"84.0,0.0,0.0","73.0,0.0,0.0","0.0,0.0,0.0","0.0,0.0,0.0","0,0,0"
1747092152.1024802,"84.0,0.0,0.0","72.0,0.0,0.0","0.0,0.0,0.0","0.0,0.0,0.0","0,0,0"
1747092152.1531947,"83.0,0.0,0.0","71.0,0.0,0.0","0.0,0.0,0.0","0.0,0.0,0.0","0,0,0"
1747092152.2042453,"82.0,0.0,0.0","69.0,0.0,0.0","0.0,0.0,0.0","0.0,0.0,0.0","0,0,0"
1747092152.2544343,"81.0,0.0,0.0","67.0,0.0,0.0","0.0,0.0,0.0","0.0,0.0,0.0","0,0,0"
1747092152.3051548,"78.0,0.0,0.0","63.0,0.0,0.0","0.0,0.0,0.0","0.0,0.0,0.0","0,0,0"
1747092152.3558345,"75.0,0.0,0.0","59.0,0.0,0.0","0.0,0.0,0.0","0.0,0.0,0.0","0,0,0"
1747092152.4063914,"71.0,0.0,0.0","54.0,0.0,0.0","0.0,0.0,0.0","0.0,0.0,0.0","0,0,0"
1747092152.4570825,"63.0,0.0,0.0","47.0,0.0,0.0","0.0,0.0,0.0","0.0,0.0,0.0","0,0,0"
1747092152.5077841,"62.0,0.0,0.0","62.0,0.0,0.0","0.0,0.0,0.0","0.0,0.0,0.0","0,0,0"
1747092152.5577972,"51.0,0.0,0.0","58.0,0.0,0.0","0.0,0.0,0.0","0.0,0.0,0.0","0,0,0"
1747092152.6083508,"33.0,0.0,0.0","47.0,0.0,0.0","-24.0,0.0,0.0","0.0,0.0,0.0","0,0,0"
1747092152.6589475,"27.0,0.0,0.0","36.0,0.0,0.0","-24.0,0.0,0.0","81.0,0.0,0.0","0,0,0"
1747092152.7092373,"26.0,0.0,0.0","34.0,0.0,0.0","-24.0,0.0,0.0","81.0,0.0,0.0","0,0,0"
1747092152.7593434,"11.0,0.0,0.0","26.0,0.0,0.0","80.0,0.0,0.0","80.0,0.0,0.0","0,0,0"
1747092152.8102107,"8.0,0.0,0.0","20.0,0.0,0.0","82.0,0.0,0.0","78.0,0.0,0.0","0,0,0"
1747092152.8605328,"-1.0,0.0,0.0","11.0,0.0,0.0","82.0,0.0,0.0","77.0,0.0,0.0","0,0,0"
1747092152.9111679,"-6.0,0.0,0.0","8.0,0.0,0.0","82.0,0.0,0.0","79.0,0.0,0.0","0,0,0"
1747092152.9617536,"-13.0,0.0,0.0","-5.0,0.0,0.0","86.0,0.0,0.0","79.0,0.0,0.0","0,0,0"
1747092153.012426,"-13.0,0.0,0.0","-5.0,0.0,0.0","86.0,0.0,0.0","79.0,0.0,0.0","0,0,0"
1747092153.0630994,"-20.0,0.0,0.0","-15.0,0.0,0.0","85.0,0.0,0.0","75.0,0.0,0.0","0,0,0"
1747092153.1178007,"-23.0,0.0,0.0","-15.0,0.0,0.0","85.0,0.0,0.0","72.0,0.0,0.0","0,0,0"
1747092153.1689718,"-24.0,0.0,0.0","-16.0,0.0,0.0","85.0,0.0,0.0","71.0,0.0,0.0","0,0,0"
1747092153.2199655,"-26.0,0.0,0.0","-17.0,0.0,0.0","83.0,0.0,0.0","71.0,0.0,0.0","0,0,0"
1747092153.2703598,"-28.0,0.0,0.0","-18.0,0.0,0.0","82.0,0.0,0.0","72.0,0.0,0.0","0,0,0"
1747092153.3211143,"-29.0,0.0,0.0","-18.0,0.0,0.0","79.0,0.0,0.0","72.0,0.0,0.0","0,0,0"
1747092153.371895,"-31.0,0.0,0.0","-19.0,0.0,0.0","79.0,0.0,0.0","72.0,0.0,0.0","0,0,0"
1747092153.4221122,"-31.0,0.0,0.0","-19.0,0.0,0.0","79.0,0.0,0.0","72.0,0.0,0.0","0,0,0"
1747092153.4722717,"-31.0,0.0,0.0","-20.0,0.0,0.0","79.0,0.0,0.0","72.0,0.0,0.0","0,0,0"
1747092153.5249147,"-31.0,0.0,0.0","-20.0,0.0,0.0","79.0,0.0,0.0","74.0,0.0,0.0","0,0,0"
1747092153.582517,"-31.0,0.0,0.0","-20.0,0.0,0.0","85.0,0.0,0.0","75.0,0.0,0.0","0,0,0"
1747092153.6329634,"-31.0,0.0,0.0","-20.0,0.0,0.0","90.0,0.0,0.0","78.0,0.0,0.0","0,0,0"
1747092153.6835284,"-31.0,0.0,0.0","-20.0,0.0,0.0","93.0,0.0,0.0","78.0,0.0,0.0","0,0,0"
1747092153.7340147,"-29.0,0.0,0.0","-17.0,0.0,0.0","97.0,0.0,0.0","78.0,0.0,0.0","0,0,0"
1747092153.7846751,"-26.0,0.0,0.0","-13.0,0.0,0.0","98.0,0.0,0.0","78.0,0.0,0.0","0,0,0"
1747092153.8349547,"-24.0,0.0,0.0","-11.0,0.0,0.0","98.0,0.0,0.0","79.0,0.0,0.0","0,0,0"
1747092153.8851585,"-21.0,0.0,0.0","-7.0,0.0,0.0","98.0,0.0,0.0","78.0,0.0,0.0","0,0,0"
1747092153.9373157,"-21.0,0.0,0.0","-7.0,0.0,0.0","98.0,0.0,0.0","78.0,0.0,0.0","0,0,0"
1747092153.9879181,"-16.0,0.0,0.0","-1.0,0.0,0.0","98.0,0.0,0.0","77.0,0.0,0.0","0,0,0"
1747092154.0453975,"-4.0,0.0,0.0","18.0,0.0,0.0","93.0,0.0,0.0","74.0,0.0,0.0","0,0,0"
1747092154.0970397,"2.0,0.0,0.0","24.0,0.0,0.0","91.0,0.0,0.0","74.0,0.0,0.0","0,0,0"
1747092154.1470995,"13.0,0.0,0.0","39.0,0.0,0.0","82.0,0.0,0.0","73.0,0.0,0.0","0,0,0"
1747092154.1972136,"21.0,0.0,0.0","51.0,0.0,0.0","81.0,0.0,0.0","0.0,0.0,0.0","0,0,0"
1747092154.247276,"45.0,0.0,0.0","61.0,0.0,0.0","0.0,0.0,0.0","0.0,0.0,0.0","0,0,0"
1747092154.2979898,"45.0,0.0,0.0","61.0,0.0,0.0","0.0,0.0,0.0","0.0,0.0,0.0","0,0,0"
1747092154.3488233,"45.0,0.0,0.0","61.0,0.0,0.0","0.0,0.0,0.0","0.0,0.0,0.0","0,0,0"
1747092154.3988824,"56.0,0.0,0.0","54.0,0.0,0.0","0.0,0.0,0.0","0.0,0.0,0.0","0,0,0"
1747092154.4489536,"60.0,0.0,0.0","56.0,0.0,0.0","0.0,0.0,0.0","0.0,0.0,0.0","0,0,0"
1747092154.4992337,"72.0,0.0,0.0","66.0,0.0,0.0","0.0,0.0,0.0","0.0,0.0,0.0","0,0,0"
1747092154.549551,"73.0,0.0,0.0","69.0,0.0,0.0","0.0,0.0,0.0","0.0,0.0,0.0","0,0,0"
1747092154.6001618,"78.0,0.0,0.0","70.0,0.0,0.0","0.0,0.0,0.0","0.0,0.0,0.0","0,0,0"
1747092154.650357,"81.0,0.0,0.0","71.0,0.0,0.0","0.0,0.0,0.0","0.0,0.0,0.0","0,0,0"
1747092154.7020345,"83.0,0.0,0.0","71.0,0.0,0.0","0.0,0.0,0.0","0.0,0.0,0.0","0,0,0"
1747092154.752129,"85.0,0.0,0.0","71.0,0.0,0.0","0.0,0.0,0.0","0.0,0.0,0.0","0,0,0"
1747092154.8029382,"85.0,0.0,0.0","72.0,0.0,0.0","0.0,0.0,0.0","0.0,0.0,0.0","0,0,0"
1747092154.8530838,"85.0,0.0,0.0","73.0,0.0,0.0","0.0,0.0,0.0","0.0,0.0,0.0","0,0,0"
1747092154.903305,"84.0,0.0,0.0","72.0,0.0,0.0","0.0,0.0,0.0","0.0,0.0,0.0","0,0,0"
1747092154.953755,"84.0,0.0,0.0","71.0,0.0,0.0","0.0,0.0,0.0","0.0,0.0,0.0","0,0,0"
1747092155.0066903,"84.0,0.0,0.0","72.0,0.0,0.0","0.0,0.0,0.0","0.0,0.0,0.0","0,0,0"
1747092155.0567994,"84.0,0.0,0.0","73.0,0.0,0.0","0.0,0.0,0.0","0.0,0.0,0.0","0,0,0"
1747092155.1076126,"82.0,0.0,0.0","73.0,0.0,0.0","0.0,0.0,0.0","0.0,0.0,0.0","0,0,0"
1747092155.1590126,"82.0,0.0,0.0","73.0,0.0,0.0","0.0,0.0,0.0","0.0,0.0,0.0","0,0,0"
1747092155.209675,"80.0,0.0,0.0","69.0,0.0,0.0","0.0,0.0,0.0","0.0,0.0,0.0","0,0,0"
1747092155.2599523,"80.0,0.0,0.0","69.0,0.0,0.0","0.0,0.0,0.0","0.0,0.0,0.0","0,0,0"
1747092155.3100429,"80.0,0.0,0.0","68.0,0.0,0.0","0.0,0.0,0.0","0.0,0.0,0.0","0,0,0"
1747092155.3601508,"78.0,0.0,0.0","63.0,0.0,0.0","0.0,0.0,0.0","0.0,0.0,0.0","0,0,0"
1747092155.4102037,"74.0,0.0,0.0","56.0,0.0,0.0","0.0,0.0,0.0","0.0,0.0,0.0","0,0,0"
1747092155.4603298,"67.0,0.0,0.0","52.0,0.0,0.0","0.0,0.0,0.0","0.0,0.0,0.0","0,0,0"
1747092155.5104532,"65.0,0.0,0.0","50.0,0.0,0.0","0.0,0.0,0.0","0.0,0.0,0.0","0,0,0"
1747092155.5614157,"60.0,0.0,0.0","47.0,0.0,0.0","0.0,0.0,0.0","0.0,0.0,0.0","0,0,0"
1747092155.6119742,"54.0,0.0,0.0","61.0,0.0,0.0","0.0,0.0,0.0","0.0,0.0,0.0","0,0,0"
1747092155.6621785,"48.0,0.0,0.0","53.0,0.0,0.0","0.0,0.0,0.0","0.0,0.0,0.0","0,0,0"
1747092155.712835,"25.0,0.0,0.0","44.0,0.0,0.0","-24.0,0.0,0.0","75.0,0.0,0.0","0,0,0"
1747092155.7640233,"20.0,0.0,0.0","37.0,0.0,0.0","-24.0,0.0,0.0","71.0,0.0,0.0","0,0,0"
1747092155.8155553,"13.0,0.0,0.0","33.0,0.0,0.0","-24.0,0.0,0.0","71.0,0.0,0.0","0,0,0"
1747092155.8661346,"8.0,0.0,0.0","23.0,0.0,0.0","-24.0,0.0,0.0","71.0,0.0,0.0","0,0,0"
1747092155.9162984,"3.0,0.0,0.0","21.0,0.0,0.0","-24.0,0.0,0.0","71.0,0.0,0.0","0,0,0"
1747092155.9665267,"-6.0,0.0,0.0","6.0,0.0,0.0","-24.0,0.0,0.0","71.0,0.0,0.0","0,0,0"
1747092156.0170827,"-10.0,0.0,0.0","1.0,0.0,0.0","-24.0,0.0,0.0","71.0,0.0,0.0","0,0,0"
1747092156.0680807,"-13.0,0.0,0.0","-6.0,0.0,0.0","-24.0,0.0,0.0","73.0,0.0,0.0","0,0,0"
1747092156.1181471,"-20.0,0.0,0.0","-13.0,0.0,0.0","-24.0,0.0,0.0","79.0,0.0,0.0","0,0,0"
1747092156.1690485,"-21.0,0.0,0.0","-16.0,0.0,0.0","-24.0,0.0,0.0","81.0,0.0,0.0","0,0,0"
1747092156.219111,"-23.0,0.0,0.0","-23.0,0.0,0.0","-24.0,0.0,0.0","82.0,0.0,0.0","0,0,0"
1747092156.2691822,"-25.0,0.0,0.0","-23.0,0.0,0.0","-24.0,0.0,0.0","82.0,0.0,0.0","0,0,0"
1747092156.3200457,"-26.0,0.0,0.0","-23.0,0.0,0.0","-24.0,0.0,0.0","82.0,0.0,0.0","0,0,0"
1747092156.3709006,"-28.0,0.0,0.0","-23.0,0.0,0.0","-24.0,0.0,0.0","82.0,0.0,0.0","0,0,0"
1747092156.4210377,"-28.0,0.0,0.0","-23.0,0.0,0.0","-24.0,0.0,0.0","81.0,0.0,0.0","0,0,0"
1747092156.4726465,"-29.0,0.0,0.0","-23.0,0.0,0.0","-24.0,0.0,0.0","82.0,0.0,0.0","0,0,0"
1747092156.5236464,"-29.0,0.0,0.0","-23.0,0.0,0.0","-24.0,0.0,0.0","82.0,0.0,0.0","0,0,0"
1747092156.575388,"-29.0,0.0,0.0","-22.0,0.0,0.0","-24.0,0.0,0.0","82.0,0.0,0.0","0,0,0"
1747092156.6262283,"-29.0,0.0,0.0","-21.0,0.0,0.0","-24.0,0.0,0.0","82.0,0.0,0.0","0,0,0"
1747092156.676807,"-28.0,0.0,0.0","-20.0,0.0,0.0","-24.0,0.0,0.0","82.0,0.0,0.0","0,0,0"
1747092156.727156,"-26.0,0.0,0.0","-17.0,0.0,0.0","-24.0,0.0,0.0","85.0,0.0,0.0","0,0,0"
1747092156.7792408,"-24.0,0.0,0.0","-12.0,0.0,0.0","-24.0,0.0,0.0","85.0,0.0,0.0","0,0,0"
1747092156.8292773,"-22.0,0.0,0.0","-11.0,0.0,0.0","-24.0,0.0,0.0","85.0,0.0,0.0","0,0,0"
1747092156.8799684,"-19.0,0.0,0.0","-8.0,0.0,0.0","-24.0,0.0,0.0","85.0,0.0,0.0","0,0,0"
1747092156.9303658,"-18.0,0.0,0.0","-7.0,0.0,0.0","-24.0,0.0,0.0","84.0,0.0,0.0","0,0,0"
1747092156.9811425,"-10.0,0.0,0.0","14.0,0.0,0.0","-24.0,0.0,0.0","76.0,0.0,0.0","0,0,0"
1747092157.0321305,"-10.0,0.0,0.0","14.0,0.0,0.0","-24.0,0.0,0.0","76.0,0.0,0.0","0,0,0"
1747092157.0829482,"6.0,0.0,0.0","32.0,0.0,0.0","-24.0,0.0,0.0","73.0,0.0,0.0","0,0,0"
1747092157.1334229,"16.0,0.0,0.0","43.0,0.0,0.0","-24.0,0.0,0.0","72.0,0.0,0.0","0,0,0"
1747092157.1843696,"26.0,0.0,0.0","57.0,0.0,0.0","-24.0,0.0,0.0","0.0,0.0,0.0","0,0,0"
1747092157.23494,"29.0,0.0,0.0","58.0,0.0,0.0","-24.0,0.0,0.0","0.0,0.0,0.0","0,0,0"
1747092157.2853324,"51.0,0.0,0.0","50.0,0.0,0.0","0.0,0.0,0.0","0.0,0.0,0.0","0,0,0"
1747092157.3360746,"56.0,0.0,0.0","54.0,0.0,0.0","0.0,0.0,0.0","0.0,0.0,0.0","0,0,0"
1747092157.3864255,"61.0,0.0,0.0","56.0,0.0,0.0","0.0,0.0,0.0","0.0,0.0,0.0","0,0,0"
1747092157.4367008,"66.0,0.0,0.0","63.0,0.0,0.0","0.0,0.0,0.0","0.0,0.0,0.0","0,0,0"
1747092157.4870257,"69.0,0.0,0.0","64.0,0.0,0.0","0.0,0.0,0.0","0.0,0.0,0.0","0,0,0"
1747092157.5374563,"72.0,0.0,0.0","67.0,0.0,0.0","0.0,0.0,0.0","0.0,0.0,0.0","0,0,0"
1747092157.5876822,"76.0,0.0,0.0","69.0,0.0,0.0","0.0,0.0,0.0","0.0,0.0,0.0","0,0,0"
1747092157.6382408,"77.0,0.0,0.0","69.0,0.0,0.0","0.0,0.0,0.0","0.0,0.0,0.0","0,0,0"
1747092157.6890569,"79.0,0.0,0.0","70.0,0.0,0.0","0.0,0.0,0.0","0.0,0.0,0.0","0,0,0"
1747092157.7399502,"81.0,0.0,0.0","70.0,0.0,0.0","0.0,0.0,0.0","0.0,0.0,0.0","0,0,0"
1747092157.7900379,"82.0,0.0,0.0","70.0,0.0,0.0","0.0,0.0,0.0","0.0,0.0,0.0","0,0,0"
1747092157.8403118,"83.0,0.0,0.0","71.0,0.0,0.0","0.0,0.0,0.0","0.0,0.0,0.0","0,0,0"
1747092157.8909602,"81.0,0.0,0.0","71.0,0.0,0.0","0.0,0.0,0.0","0.0,0.0,0.0","0,0,0"
1747092157.94212,"81.0,0.0,0.0","71.0,0.0,0.0","0.0,0.0,0.0","0.0,0.0,0.0","0,0,0"
1747092157.9922698,"81.0,0.0,0.0","70.0,0.0,0.0","0.0,0.0,0.0","0.0,0.0,0.0","0,0,0"
1747092158.044555,"80.0,0.0,0.0","70.0,0.0,0.0","0.0,0.0,0.0","0.0,0.0,0.0","0,0,0"
1747092158.0950727,"80.0,0.0,0.0","70.0,0.0,0.0","0.0,0.0,0.0","0.0,0.0,0.0","0,0,0"
1747092158.145152,"80.0,0.0,0.0","69.0,0.0,0.0","0.0,0.0,0.0","0.0,0.0,0.0","0,0,0"
1747092158.1960697,"78.0,0.0,0.0","66.0,0.0,0.0","0.0,0.0,0.0","0.0,0.0,0.0","0,0,0"
1747092158.2461808,"77.0,0.0,0.0","64.0,0.0,0.0","0.0,0.0,0.0","0.0,0.0,0.0","0,0,0"
1747092158.2962763,"76.0,0.0,0.0","63.0,0.0,0.0","0.0,0.0,0.0","0.0,0.0,0.0","0,0,0"
1747092158.3470643,"73.0,0.0,0.0","62.0,0.0,0.0","0.0,0.0,0.0","0.0,0.0,0.0","0,0,0"
1747092158.3976398,"68.0,0.0,0.0","55.0,0.0,0.0","0.0,0.0,0.0","0.0,0.0,0.0","0,0,0"
1747092158.4481943,"66.0,0.0,0.0","52.0,0.0,0.0","0.0,0.0,0.0","0.0,0.0,0.0","0,0,0"
1747092158.4982796,"59.0,0.0,0.0","61.0,0.0,0.0","0.0,0.0,0.0","0.0,0.0,0.0","0,0,0"
1747092158.5488389,"55.0,0.0,0.0","58.0,0.0,0.0","0.0,0.0,0.0","0.0,0.0,0.0","0,0,0"
1747092158.599126,"33.0,0.0,0.0","52.0,0.0,0.0","-24.0,0.0,0.0","0.0,0.0,0.0","0,0,0"
1747092158.649177,"33.0,0.0,0.0","52.0,0.0,0.0","-24.0,0.0,0.0","0.0,0.0,0.0","0,0,0"
1747092158.6993105,"26.0,0.0,0.0","35.0,0.0,0.0","-24.0,0.0,0.0","86.0,0.0,0.0","0,0,0"
1747092158.7498415,"20.0,0.0,0.0","31.0,0.0,0.0","-24.0,0.0,0.0","86.0,0.0,0.0","0,0,0"
1747092158.7999527,"5.0,0.0,0.0","16.0,0.0,0.0","-24.0,0.0,0.0","84.0,0.0,0.0","0,0,0"
1747092158.851281,"2.0,0.0,0.0","14.0,0.0,0.0","-24.0,0.0,0.0","81.0,0.0,0.0","0,0,0"
1747092158.902244,"-6.0,0.0,0.0","-1.0,0.0,0.0","-24.0,0.0,0.0","75.0,0.0,0.0","0,0,0"
1747092158.9529276,"-8.0,0.0,0.0","-3.0,0.0,0.0","-24.0,0.0,0.0","75.0,0.0,0.0","0,0,0"
1747092159.0031197,"-19.0,0.0,0.0","-14.0,0.0,0.0","-24.0,0.0,0.0","75.0,0.0,0.0","0,0,0"
1747092159.0538363,"-19.0,0.0,0.0","-14.0,0.0,0.0","-24.0,0.0,0.0","75.0,0.0,0.0","0,0,0"
1747092159.1118655,"-23.0,0.0,0.0","-20.0,0.0,0.0","-24.0,0.0,0.0","75.0,0.0,0.0","0,0,0"
1747092159.1623058,"-25.0,0.0,0.0","-22.0,0.0,0.0","-24.0,0.0,0.0","76.0,0.0,0.0","0,0,0"
1747092159.2138906,"-28.0,0.0,0.0","-27.0,0.0,0.0","-24.0,0.0,0.0","79.0,0.0,0.0","0,0,0"
1747092159.264533,"-31.0,0.0,0.0","-32.0,0.0,0.0","-24.0,0.0,0.0","79.0,0.0,0.0","0,0,0"
1747092159.3150673,"-34.0,0.0,0.0","-32.0,0.0,0.0","-24.0,0.0,0.0","80.0,0.0,0.0","0,0,0"
1747092159.365232,"-34.0,0.0,0.0","-32.0,0.0,0.0","-24.0,0.0,0.0","80.0,0.0,0.0","0,0,0"
1747092159.4157705,"-34.0,0.0,0.0","-32.0,0.0,0.0","-24.0,0.0,0.0","82.0,0.0,0.0","0,0,0"
1747092159.465784,"-34.0,0.0,0.0","-32.0,0.0,0.0","-24.0,0.0,0.0","82.0,0.0,0.0","0,0,0"
1747092159.516854,"-34.0,0.0,0.0","-32.0,0.0,0.0","-24.0,0.0,0.0","82.0,0.0,0.0","0,0,0"
1747092159.567139,"-34.0,0.0,0.0","-31.0,0.0,0.0","-24.0,0.0,0.0","82.0,0.0,0.0","0,0,0"
1747092159.6193018,"-31.0,0.0,0.0","-29.0,0.0,0.0","-24.0,0.0,0.0","86.0,0.0,0.0","0,0,0"
1747092159.669386,"-29.0,0.0,0.0","-25.0,0.0,0.0","-24.0,0.0,0.0","86.0,0.0,0.0","0,0,0"
1747092159.7199693,"-27.0,0.0,0.0","-22.0,0.0,0.0","-24.0,0.0,0.0","86.0,0.0,0.0","0,0,0"
1747092159.7712333,"-27.0,0.0,0.0","-22.0,0.0,0.0","-24.0,0.0,0.0","86.0,0.0,0.0","0,0,0"
1747092159.821987,"-25.0,0.0,0.0","-14.0,0.0,0.0","-24.0,0.0,0.0","86.0,0.0,0.0","0,0,0"
1747092159.8728187,"-15.0,0.0,0.0","-5.0,0.0,0.0","-24.0,0.0,0.0","83.0,0.0,0.0","0,0,0"
1747092159.9230075,"-7.0,0.0,0.0","11.0,0.0,0.0","-24.0,0.0,0.0","73.0,0.0,0.0","0,0,0"
1747092159.9735863,"1.0,0.0,0.0","21.0,0.0,0.0","-24.0,0.0,0.0","71.0,0.0,0.0","0,0,0"
1747092160.0237563,"11.0,0.0,0.0","36.0,0.0,0.0","-24.0,0.0,0.0","71.0,0.0,0.0","0,0,0"
1747092160.0745509,"19.0,0.0,0.0","43.0,0.0,0.0","-24.0,0.0,0.0","69.0,0.0,0.0","0,0,0"
1747092160.1253316,"20.0,0.0,0.0","47.0,0.0,0.0","-24.0,0.0,0.0","0.0,0.0,0.0","0,0,0"
1747092160.178884,"46.0,0.0,0.0","48.0,0.0,0.0","0.0,0.0,0.0","0.0,0.0,0.0","0,0,0"
1747092160.2302094,"50.0,0.0,0.0","51.0,0.0,0.0","0.0,0.0,0.0","0.0,0.0,0.0","0,0,0"
1747092160.2811182,"58.0,0.0,0.0","53.0,0.0,0.0","0.0,0.0,0.0","0.0,0.0,0.0","0,0,0"
1747092160.3313105,"58.0,0.0,0.0","53.0,0.0,0.0","0.0,0.0,0.0","0.0,0.0,0.0","0,0,0"
1747092160.381457,"68.0,0.0,0.0","65.0,0.0,0.0","0.0,0.0,0.0","0.0,0.0,0.0","0,0,0"
1747092160.43201,"71.0,0.0,0.0","66.0,0.0,0.0","0.0,0.0,0.0","0.0,0.0,0.0","0,0,0"
1747092160.482427,"74.0,0.0,0.0","67.0,0.0,0.0","0.0,0.0,0.0","0.0,0.0,0.0","0,0,0"
1747092160.5328646,"76.0,0.0,0.0","67.0,0.0,0.0","0.0,0.0,0.0","0.0,0.0,0.0","0,0,0"
1747092160.5831819,"77.0,0.0,0.0","67.0,0.0,0.0","0.0,0.0,0.0","0.0,0.0,0.0","0,0,0"
1747092160.6332142,"78.0,0.0,0.0","68.0,0.0,0.0","0.0,0.0,0.0","0.0,0.0,0.0","0,0,0"
1747092160.6836407,"79.0,0.0,0.0","69.0,0.0,0.0","0.0,0.0,0.0","0.0,0.0,0.0","0,0,0"
1747092160.7344542,"80.0,0.0,0.0","70.0,0.0,0.0","0.0,0.0,0.0","0.0,0.0,0.0","0,0,0"
1747092160.7846096,"81.0,0.0,0.0","69.0,0.0,0.0","0.0,0.0,0.0","0.0,0.0,0.0","0,0,0"
1747092160.8347363,"82.0,0.0,0.0","69.0,0.0,0.0","0.0,0.0,0.0","0.0,0.0,0.0","0,0,0"
1747092160.8851132,"82.0,0.0,0.0","69.0,0.0,0.0","0.0,0.0,0.0","0.0,0.0,0.0","0,0,0"
1747092160.9357975,"80.0,0.0,0.0","69.0,0.0,0.0","0.0,0.0,0.0","0.0,0.0,0.0","0,0,0"
1747092160.9859545,"80.0,0.0,0.0","69.0,0.0,0.0","0.0,0.0,0.0","0.0,0.0,0.0","0,0,0"
1747092161.0362985,"80.0,0.0,0.0","69.0,0.0,0.0","0.0,0.0,0.0","0.0,0.0,0.0","0,0,0"
1747092161.086468,"80.0,0.0,0.0","69.0,0.0,0.0","0.0,0.0,0.0","0.0,0.0,0.0","0,0,0"
1747092161.136589,"79.0,0.0,0.0","67.0,0.0,0.0","0.0,0.0,0.0","0.0,0.0,0.0","0,0,0"
1747092161.1873064,"78.0,0.0,0.0","64.0,0.0,0.0","0.0,0.0,0.0","0.0,0.0,0.0","0,0,0"
1747092161.2376375,"76.0,0.0,0.0","62.0,0.0,0.0","0.0,0.0,0.0","0.0,0.0,0.0","0,0,0"
1747092161.2881904,"75.0,0.0,0.0","55.0,0.0,0.0","0.0,0.0,0.0","0.0,0.0,0.0","0,0,0"
1747092161.338823,"75.0,0.0,0.0","55.0,0.0,0.0","0.0,0.0,0.0","0.0,0.0,0.0","0,0,0"
1747092161.3892763,"70.0,0.0,0.0","51.0,0.0,0.0","0.0,0.0,0.0","0.0,0.0,0.0","0,0,0"
1747092161.4400933,"67.0,0.0,0.0","47.0,0.0,0.0","0.0,0.0,0.0","0.0,0.0,0.0","0,0,0"
1747092161.4909663,"62.0,0.0,0.0","59.0,0.0,0.0","0.0,0.0,0.0","0.0,0.0,0.0","0,0,0"
1747092161.5412703,"49.0,0.0,0.0","56.0,0.0,0.0","0.0,0.0,0.0","0.0,0.0,0.0","0,0,0"
1747092161.5929186,"47.0,0.0,0.0","49.0,0.0,0.0","0.0,0.0,0.0","0.0,0.0,0.0","0,0,0"
1747092161.6429586,"31.0,0.0,0.0","43.0,0.0,0.0","-24.0,0.0,0.0","79.0,0.0,0.0","0,0,0"
1747092161.6934855,"22.0,0.0,0.0","29.0,0.0,0.0","66.0,0.0,0.0","76.0,0.0,0.0","0,0,0"
1747092161.743853,"19.0,0.0,0.0","28.0,0.0,0.0","71.0,0.0,0.0","74.0,0.0,0.0","0,0,0"
1747092161.794109,"14.0,0.0,0.0","25.0,0.0,0.0","74.0,0.0,0.0","74.0,0.0,0.0","0,0,0"
1747092161.8448124,"-2.0,0.0,0.0","15.0,0.0,0.0","81.0,0.0,0.0","74.0,0.0,0.0","0,0,0"
1747092161.8950534,"-8.0,0.0,0.0","1.0,0.0,0.0","85.0,0.0,0.0","74.0,0.0,0.0","0,0,0"
1747092161.9459648,"-16.0,0.0,0.0","-7.0,0.0,0.0","87.0,0.0,0.0","77.0,0.0,0.0","0,0,0"
1747092161.9960654,"-22.0,0.0,0.0","-16.0,0.0,0.0","88.0,0.0,0.0","80.0,0.0,0.0","0,0,0"
1747092162.0469115,"-24.0,0.0,0.0","-18.0,0.0,0.0","91.0,0.0,0.0","83.0,0.0,0.0","0,0,0"
1747092162.097283,"-28.0,0.0,0.0","-26.0,0.0,0.0","96.0,0.0,0.0","85.0,0.0,0.0","0,0,0"
1747092162.148316,"-29.0,0.0,0.0","-29.0,0.0,0.0","96.0,0.0,0.0","85.0,0.0,0.0","0,0,0"
1747092162.1985128,"-34.0,0.0,0.0","-29.0,0.0,0.0","96.0,0.0,0.0","85.0,0.0,0.0","0,0,0"
1747092162.2491064,"-35.0,0.0,0.0","-29.0,0.0,0.0","96.0,0.0,0.0","84.0,0.0,0.0","0,0,0"
1747092162.299182,"-35.0,0.0,0.0","-29.0,0.0,0.0","96.0,0.0,0.0","84.0,0.0,0.0","0,0,0"
1747092162.349373,"-35.0,0.0,0.0","-29.0,0.0,0.0","97.0,0.0,0.0","86.0,0.0,0.0","0,0,0"
1747092162.400181,"-35.0,0.0,0.0","-27.0,0.0,0.0","97.0,0.0,0.0","86.0,0.0,0.0","0,0,0"
1747092162.450222,"-35.0,0.0,0.0","-26.0,0.0,0.0","97.0,0.0,0.0","86.0,0.0,0.0","0,0,0"
1747092162.501374,"-35.0,0.0,0.0","-26.0,0.0,0.0","97.0,0.0,0.0","86.0,0.0,0.0","0,0,0"
1747092162.5523243,"-33.0,0.0,0.0","-25.0,0.0,0.0","97.0,0.0,0.0","89.0,0.0,0.0","0,0,0"
1747092162.602516,"-31.0,0.0,0.0","-24.0,0.0,0.0","98.0,0.0,0.0","89.0,0.0,0.0","0,0,0"
1747092162.6533422,"-29.0,0.0,0.0","-23.0,0.0,0.0","98.0,0.0,0.0","89.0,0.0,0.0","0,0,0"
1747092162.7040303,"-25.0,0.0,0.0","-16.0,0.0,0.0","98.0,0.0,0.0","89.0,0.0,0.0","0,0,0"
1747092162.7554123,"-22.0,0.0,0.0","-12.0,0.0,0.0","98.0,0.0,0.0","89.0,0.0,0.0","0,0,0"
1747092162.8059683,"-17.0,0.0,0.0","-5.0,0.0,0.0","97.0,0.0,0.0","86.0,0.0,0.0","0,0,0"
1747092162.856501,"-12.0,0.0,0.0","3.0,0.0,0.0","94.0,0.0,0.0","84.0,0.0,0.0","0,0,0"
1747092162.907773,"-4.0,0.0,0.0","18.0,0.0,0.0","93.0,0.0,0.0","78.0,0.0,0.0","0,0,0"
1747092162.958193,"3.0,0.0,0.0","26.0,0.0,0.0","86.0,0.0,0.0","70.0,0.0,0.0","0,0,0"
1747092163.0089765,"13.0,0.0,0.0","45.0,0.0,0.0","84.0,0.0,0.0","0.0,0.0,0.0","0,0,0"
1747092163.0598783,"21.0,0.0,0.0","52.0,0.0,0.0","84.0,0.0,0.0","0.0,0.0,0.0","0,0,0"
1747092163.1098945,"21.0,0.0,0.0","52.0,0.0,0.0","84.0,0.0,0.0","0.0,0.0,0.0","0,0,0"
1747092163.1600106,"28.0,0.0,0.0","57.0,0.0,0.0","80.0,0.0,0.0","0.0,0.0,0.0","0,0,0"
1747092163.210255,"52.0,0.0,0.0","51.0,0.0,0.0","0.0,0.0,0.0","0.0,0.0,0.0","0,0,0"
1747092163.2618032,"67.0,0.0,0.0","60.0,0.0,0.0","0.0,0.0,0.0","0.0,0.0,0.0","0,0,0"
1747092163.3118856,"70.0,0.0,0.0","66.0,0.0,0.0","0.0,0.0,0.0","0.0,0.0,0.0","0,0,0"
1747092163.3622997,"71.0,0.0,0.0","70.0,0.0,0.0","0.0,0.0,0.0","0.0,0.0,0.0","0,0,0"
1747092163.412858,"77.0,0.0,0.0","71.0,0.0,0.0","0.0,0.0,0.0","0.0,0.0,0.0","0,0,0"
1747092163.4631498,"77.0,0.0,0.0","71.0,0.0,0.0","0.0,0.0,0.0","0.0,0.0,0.0","0,0,0"
1747092163.5132494,"81.0,0.0,0.0","72.0,0.0,0.0","0.0,0.0,0.0","0.0,0.0,0.0","0,0,0"
1747092163.5642164,"83.0,0.0,0.0","73.0,0.0,0.0","0.0,0.0,0.0","0.0,0.0,0.0","0,0,0"
1747092163.6143723,"85.0,0.0,0.0","74.0,0.0,0.0","0.0,0.0,0.0","0.0,0.0,0.0","0,0,0"
1747092163.6648312,"85.0,0.0,0.0","74.0,0.0,0.0","0.0,0.0,0.0","0.0,0.0,0.0","0,0,0"
1747092163.7149255,"86.0,0.0,0.0","75.0,0.0,0.0","0.0,0.0,0.0","0.0,0.0,0.0","0,0,0"
1747092163.765314,"85.0,0.0,0.0","74.0,0.0,0.0","0.0,0.0,0.0","0.0,0.0,0.0","0,0,0"
1747092163.8162034,"85.0,0.0,0.0","74.0,0.0,0.0","0.0,0.0,0.0","0.0,0.0,0.0","0,0,0"
1747092163.8671284,"84.0,0.0,0.0","74.0,0.0,0.0","0.0,0.0,0.0","0.0,0.0,0.0","0,0,0"
1747092163.9174495,"84.0,0.0,0.0","74.0,0.0,0.0","0.0,0.0,0.0","0.0,0.0,0.0","0,0,0"
1747092163.9680889,"83.0,0.0,0.0","73.0,0.0,0.0","0.0,0.0,0.0","0.0,0.0,0.0","0,0,0"
1747092164.0188584,"82.0,0.0,0.0","73.0,0.0,0.0","0.0,0.0,0.0","0.0,0.0,0.0","0,0,0"
1747092164.0700123,"82.0,0.0,0.0","72.0,0.0,0.0","0.0,0.0,0.0","0.0,0.0,0.0","0,0,0"
1747092164.1208448,"82.0,0.0,0.0","71.0,0.0,0.0","0.0,0.0,0.0","0.0,0.0,0.0","0,0,0"
1747092164.1822686,"81.0,0.0,0.0","70.0,0.0,0.0","0.0,0.0,0.0","0.0,0.0,0.0","0,0,0"
1747092164.2324352,"79.0,0.0,0.0","69.0,0.0,0.0","0.0,0.0,0.0","0.0,0.0,0.0","0,0,0"
1747092164.2830415,"76.0,0.0,0.0","67.0,0.0,0.0","0.0,0.0,0.0","0.0,0.0,0.0","0,0,0"
1747092164.3338811,"74.0,0.0,0.0","66.0,0.0,0.0","0.0,0.0,0.0","0.0,0.0,0.0","0,0,0"
1747092164.3851287,"72.0,0.0,0.0","62.0,0.0,0.0","0.0,0.0,0.0","0.0,0.0,0.0","0,0,0"
1747092164.4443843,"70.0,0.0,0.0","61.0,0.0,0.0","0.0,0.0,0.0","0.0,0.0,0.0","0,0,0"
1747092164.4981577,"62.0,0.0,0.0","55.0,0.0,0.0","0.0,0.0,0.0","0.0,0.0,0.0","0,0,0"
1747092164.5488365,"57.0,0.0,0.0","48.0,0.0,0.0","0.0,0.0,0.0","0.0,0.0,0.0","0,0,0"
1747092164.5990617,"52.0,0.0,0.0","47.0,0.0,0.0","0.0,0.0,0.0","0.0,0.0,0.0","0,0,0"
1747092164.649225,"25.0,0.0,0.0","53.0,0.0,0.0","-24.0,0.0,0.0","0.0,0.0,0.0","0,0,0"
1747092164.699809,"22.0,0.0,0.0","41.0,0.0,0.0","-24.0,0.0,0.0","77.0,0.0,0.0","0,0,0"
1747092164.7499077,"20.0,0.0,0.0","37.0,0.0,0.0","-24.0,0.0,0.0","77.0,0.0,0.0","0,0,0"
1747092164.8010647,"15.0,0.0,0.0","35.0,0.0,0.0","-24.0,0.0,0.0","77.0,0.0,0.0","0,0,0"
1747092164.8511598,"2.0,0.0,0.0","22.0,0.0,0.0","-24.0,0.0,0.0","80.0,0.0,0.0","0,0,0"
1747092164.9018834,"-10.0,0.0,0.0","3.0,0.0,0.0","-24.0,0.0,0.0","80.0,0.0,0.0","0,0,0"
1747092164.952518,"-14.0,0.0,0.0","-3.0,0.0,0.0","-24.0,0.0,0.0","80.0,0.0,0.0","0,0,0"
1747092165.0034037,"-18.0,0.0,0.0","-8.0,0.0,0.0","-24.0,0.0,0.0","82.0,0.0,0.0","0,0,0"
1747092165.0539958,"-22.0,0.0,0.0","-19.0,0.0,0.0","-24.0,0.0,0.0","82.0,0.0,0.0","0,0,0"
1747092165.1049101,"-22.0,0.0,0.0","-22.0,0.0,0.0","-24.0,0.0,0.0","82.0,0.0,0.0","0,0,0"
1747092165.1549237,"-28.0,0.0,0.0","-25.0,0.0,0.0","-24.0,0.0,0.0","82.0,0.0,0.0","0,0,0"
1747092165.2057803,"-29.0,0.0,0.0","-27.0,0.0,0.0","-24.0,0.0,0.0","82.0,0.0,0.0","0,0,0"
1747092165.255872,"-34.0,0.0,0.0","-27.0,0.0,0.0","-24.0,0.0,0.0","80.0,0.0,0.0","0,0,0"
1747092165.3060834,"-36.0,0.0,0.0","-28.0,0.0,0.0","-24.0,0.0,0.0","80.0,0.0,0.0","0,0,0"
1747092165.3566508,"-38.0,0.0,0.0","-29.0,0.0,0.0","-24.0,0.0,0.0","80.0,0.0,0.0","0,0,0"
1747092165.4068918,"-38.0,0.0,0.0","-29.0,0.0,0.0","-24.0,0.0,0.0","80.0,0.0,0.0","0,0,0"
1747092165.4576197,"-38.0,0.0,0.0","-29.0,0.0,0.0","-24.0,0.0,0.0","80.0,0.0,0.0","0,0,0"
1747092165.507709,"-38.0,0.0,0.0","-29.0,0.0,0.0","-24.0,0.0,0.0","81.0,0.0,0.0","0,0,0"
1747092165.5591273,"-38.0,0.0,0.0","-29.0,0.0,0.0","-24.0,0.0,0.0","82.0,0.0,0.0","0,0,0"
1747092165.6101143,"-38.0,0.0,0.0","-29.0,0.0,0.0","-24.0,0.0,0.0","84.0,0.0,0.0","0,0,0"
1747092165.6610842,"-38.0,0.0,0.0","-29.0,0.0,0.0","-24.0,0.0,0.0","85.0,0.0,0.0","0,0,0"
1747092165.7111568,"-36.0,0.0,0.0","-28.0,0.0,0.0","-24.0,0.0,0.0","86.0,0.0,0.0","0,0,0"
1747092165.761608,"-33.0,0.0,0.0","-24.0,0.0,0.0","-24.0,0.0,0.0","87.0,0.0,0.0","0,0,0"
1747092165.8121426,"-31.0,0.0,0.0","-22.0,0.0,0.0","95.0,0.0,0.0","88.0,0.0,0.0","0,0,0"
1747092165.8624232,"-27.0,0.0,0.0","-14.0,0.0,0.0","95.0,0.0,0.0","88.0,0.0,0.0","0,0,0"
1747092165.9134092,"-21.0,0.0,0.0","-7.0,0.0,0.0","95.0,0.0,0.0","88.0,0.0,0.0","0,0,0"
1747092165.964215,"-19.0,0.0,0.0","-2.0,0.0,0.0","95.0,0.0,0.0","87.0,0.0,0.0","0,0,0"
1747092166.0148618,"-9.0,0.0,0.0","15.0,0.0,0.0","95.0,0.0,0.0","83.0,0.0,0.0","0,0,0"
1747092166.0649307,"0.0,0.0,0.0","25.0,0.0,0.0","89.0,0.0,0.0","80.0,0.0,0.0","0,0,0"
1747092166.1161854,"5.0,0.0,0.0","29.0,0.0,0.0","84.0,0.0,0.0","75.0,0.0,0.0","0,0,0"
1747092166.1669436,"18.0,0.0,0.0","51.0,0.0,0.0","76.0,0.0,0.0","0.0,0.0,0.0","0,0,0"
1747092166.2172697,"34.0,0.0,0.0","47.0,0.0,0.0","76.0,0.0,0.0","0.0,0.0,0.0","0,0,0"
1747092166.267626,"50.0,0.0,0.0","52.0,0.0,0.0","0.0,0.0,0.0","0.0,0.0,0.0","0,0,0"
1747092166.3180008,"54.0,0.0,0.0","55.0,0.0,0.0","0.0,0.0,0.0","0.0,0.0,0.0","0,0,0"
1747092166.3691556,"63.0,0.0,0.0","65.0,0.0,0.0","0.0,0.0,0.0","0.0,0.0,0.0","0,0,0"
1747092166.4199831,"69.0,0.0,0.0","67.0,0.0,0.0","0.0,0.0,0.0","0.0,0.0,0.0","0,0,0"
1747092166.4701657,"74.0,0.0,0.0","72.0,0.0,0.0","0.0,0.0,0.0","0.0,0.0,0.0","0,0,0"
1747092166.5210242,"75.0,0.0,0.0","72.0,0.0,0.0","0.0,0.0,0.0","0.0,0.0,0.0","0,0,0"
1747092166.5713744,"80.0,0.0,0.0","73.0,0.0,0.0","0.0,0.0,0.0","0.0,0.0,0.0","0,0,0"
1747092166.6221373,"81.0,0.0,0.0","74.0,0.0,0.0","0.0,0.0,0.0","0.0,0.0,0.0","0,0,0"
1747092166.6726418,"83.0,0.0,0.0","75.0,0.0,0.0","0.0,0.0,0.0","0.0,0.0,0.0","0,0,0"
1747092166.7227771,"84.0,0.0,0.0","75.0,0.0,0.0","0.0,0.0,0.0","0.0,0.0,0.0","0,0,0"
1747092166.7728434,"84.0,0.0,0.0","75.0,0.0,0.0","0.0,0.0,0.0","0.0,0.0,0.0","0,0,0"
1747092166.823081,"85.0,0.0,0.0","76.0,0.0,0.0","0.0,0.0,0.0","0.0,0.0,0.0","0,0,0"
1747092166.8739276,"85.0,0.0,0.0","76.0,0.0,0.0","0.0,0.0,0.0","0.0,0.0,0.0","0,0,0"
1747092166.9244828,"85.0,0.0,0.0","76.0,0.0,0.0","0.0,0.0,0.0","0.0,0.0,0.0","0,0,0"
1747092166.9761965,"86.0,0.0,0.0","76.0,0.0,0.0","0.0,0.0,0.0","0.0,0.0,0.0","0,0,0"
1747092167.0267973,"85.0,0.0,0.0","76.0,0.0,0.0","0.0,0.0,0.0","0.0,0.0,0.0","0,0,0"
1747092167.0771308,"85.0,0.0,0.0","76.0,0.0,0.0","0.0,0.0,0.0","0.0,0.0,0.0","0,0,0"
1747092167.127152,"84.0,0.0,0.0","74.0,0.0,0.0","0.0,0.0,0.0","0.0,0.0,0.0","0,0,0"
1747092167.1777952,"84.0,0.0,0.0","74.0,0.0,0.0","0.0,0.0,0.0","0.0,0.0,0.0","0,0,0"
1747092167.2278953,"84.0,0.0,0.0","74.0,0.0,0.0","0.0,0.0,0.0","0.0,0.0,0.0","0,0,0"
1747092167.2790482,"83.0,0.0,0.0","73.0,0.0,0.0","0.0,0.0,0.0","0.0,0.0,0.0","0,0,0"
1747092167.329947,"81.0,0.0,0.0","72.0,0.0,0.0","0.0,0.0,0.0","0.0,0.0,0.0","0,0,0"
1747092167.380862,"81.0,0.0,0.0","72.0,0.0,0.0","0.0,0.0,0.0","0.0,0.0,0.0","0,0,0"
1747092167.4311452,"81.0,0.0,0.0","72.0,0.0,0.0","0.0,0.0,0.0","0.0,0.0,0.0","0,0,0"
1747092167.4819453,"80.0,0.0,0.0","70.0,0.0,0.0","0.0,0.0,0.0","0.0,0.0,0.0","0,0,0"
1747092167.5320804,"71.0,0.0,0.0","64.0,0.0,0.0","0.0,0.0,0.0","0.0,0.0,0.0","0,0,0"
1747092167.582817,"70.0,0.0,0.0","62.0,0.0,0.0","0.0,0.0,0.0","0.0,0.0,0.0","0,0,0"
1747092167.63299,"60.0,0.0,0.0","56.0,0.0,0.0","0.0,0.0,0.0","0.0,0.0,0.0","0,0,0"
1747092167.6837115,"58.0,0.0,0.0","54.0,0.0,0.0","0.0,0.0,0.0","0.0,0.0,0.0","0,0,0"
1747092167.7352338,"55.0,0.0,0.0","48.0,0.0,0.0","0.0,0.0,0.0","0.0,0.0,0.0","0,0,0"
1747092167.7858944,"32.0,0.0,0.0","58.0,0.0,0.0","-24.0,0.0,0.0","0.0,0.0,0.0","0,0,0"
1747092167.8362536,"30.0,0.0,0.0","54.0,0.0,0.0","-24.0,0.0,0.0","0.0,0.0,0.0","0,0,0"
1747092167.8864996,"27.0,0.0,0.0","44.0,0.0,0.0","-24.0,0.0,0.0","76.0,0.0,0.0","0,0,0"
1747092167.9370048,"25.0,0.0,0.0","41.0,0.0,0.0","-24.0,0.0,0.0","75.0,0.0,0.0","0,0,0"
1747092167.9879646,"14.0,0.0,0.0","36.0,0.0,0.0","-24.0,0.0,0.0","70.0,0.0,0.0","0,0,0"
1747092168.0390372,"11.0,0.0,0.0","32.0,0.0,0.0","-24.0,0.0,0.0","69.0,0.0,0.0","0,0,0"
1747092168.0891113,"2.0,0.0,0.0","21.0,0.0,0.0","-24.0,0.0,0.0","69.0,0.0,0.0","0,0,0"
1747092168.1400607,"-6.0,0.0,0.0","15.0,0.0,0.0","-24.0,0.0,0.0","69.0,0.0,0.0","0,0,0"
1747092168.1902287,"-14.0,0.0,0.0","7.0,0.0,0.0","-24.0,0.0,0.0","69.0,0.0,0.0","0,0,0"
1747092168.242062,"-17.0,0.0,0.0","2.0,0.0,0.0","-24.0,0.0,0.0","71.0,0.0,0.0","0,0,0"
1747092168.2922332,"-21.0,0.0,0.0","-7.0,0.0,0.0","-24.0,0.0,0.0","74.0,0.0,0.0","0,0,0"
1747092168.342784,"-23.0,0.0,0.0","-9.0,0.0,0.0","-24.0,0.0,0.0","75.0,0.0,0.0","0,0,0"
1747092168.3929362,"-25.0,0.0,0.0","-11.0,0.0,0.0","-24.0,0.0,0.0","75.0,0.0,0.0","0,0,0"
1747092168.4435987,"-25.0,0.0,0.0","-11.0,0.0,0.0","-24.0,0.0,0.0","75.0,0.0,0.0","0,0,0"
1747092168.4944983,"-29.0,0.0,0.0","-14.0,0.0,0.0","-24.0,0.0,0.0","77.0,0.0,0.0","0,0,0"
1747092168.5452454,"-29.0,0.0,0.0","-14.0,0.0,0.0","-24.0,0.0,0.0","77.0,0.0,0.0","0,0,0"
1747092168.596391,"-30.0,0.0,0.0","-14.0,0.0,0.0","-24.0,0.0,0.0","75.0,0.0,0.0","0,0,0"
1747092168.6474001,"-30.0,0.0,0.0","-15.0,0.0,0.0","-24.0,0.0,0.0","74.0,0.0,0.0","0,0,0"
1747092168.698331,"-30.0,0.0,0.0","-15.0,0.0,0.0","-24.0,0.0,0.0","74.0,0.0,0.0","0,0,0"
1747092168.7489305,"-30.0,0.0,0.0","-15.0,0.0,0.0","-24.0,0.0,0.0","74.0,0.0,0.0","0,0,0"
1747092168.799598,"-30.0,0.0,0.0","-15.0,0.0,0.0","-24.0,0.0,0.0","73.0,0.0,0.0","0,0,0"
1747092168.8502133,"-29.0,0.0,0.0","-15.0,0.0,0.0","-24.0,0.0,0.0","72.0,0.0,0.0","0,0,0"
1747092168.9011693,"-29.0,0.0,0.0","-16.0,0.0,0.0","-24.0,0.0,0.0","72.0,0.0,0.0","0,0,0"
1747092168.952065,"-29.0,0.0,0.0","-17.0,0.0,0.0","-24.0,0.0,0.0","72.0,0.0,0.0","0,0,0"
1747092169.002684,"-29.0,0.0,0.0","-18.0,0.0,0.0","-24.0,0.0,0.0","72.0,0.0,0.0","0,0,0"
1747092169.0529315,"-29.0,0.0,0.0","-18.0,0.0,0.0","-24.0,0.0,0.0","73.0,0.0,0.0","0,0,0"
1747092169.1032052,"-29.0,0.0,0.0","-18.0,0.0,0.0","-24.0,0.0,0.0","77.0,0.0,0.0","0,0,0"
1747092169.1543517,"-28.0,0.0,0.0","-18.0,0.0,0.0","53.0,0.0,0.0","87.0,0.0,0.0","0,0,0"
1747092169.2050886,"-28.0,0.0,0.0","-18.0,0.0,0.0","53.0,0.0,0.0","87.0,0.0,0.0","0,0,0"
1747092169.2636874,"-26.0,0.0,0.0","-12.0,0.0,0.0","53.0,0.0,0.0","90.0,0.0,0.0","0,0,0"
1747092169.314654,"-25.0,0.0,0.0","-9.0,0.0,0.0","59.0,0.0,0.0","90.0,0.0,0.0","0,0,0"
1747092169.3652136,"-20.0,0.0,0.0","8.0,0.0,0.0","59.0,0.0,0.0","90.0,0.0,0.0","0,0,0"
1747092169.4161222,"-20.0,0.0,0.0","8.0,0.0,0.0","59.0,0.0,0.0","90.0,0.0,0.0","0,0,0"
1747092169.4666624,"-11.0,0.0,0.0","19.0,0.0,0.0","31.0,0.0,0.0","70.0,0.0,0.0","0,0,0"
1747092169.517321,"-8.0,0.0,0.0","23.0,0.0,0.0","-6.0,0.0,0.0","57.0,0.0,0.0","0,0,0"
1747092169.5679975,"-3.0,0.0,0.0","29.0,0.0,0.0","-24.0,0.0,0.0","53.0,0.0,0.0","0,0,0"
1747092169.6180131,"0.0,0.0,0.0","32.0,0.0,0.0","-24.0,0.0,0.0","52.0,0.0,0.0","0,0,0"
1747092169.6691945,"1.0,0.0,0.0","33.0,0.0,0.0","-24.0,0.0,0.0","49.0,0.0,0.0","0,0,0"
1747092169.7193139,"2.0,0.0,0.0","33.0,0.0,0.0","-24.0,0.0,0.0","48.0,0.0,0.0","0,0,0"
1747092169.7710087,"3.0,0.0,0.0","33.0,0.0,0.0","-24.0,0.0,0.0","47.0,0.0,0.0","0,0,0"
1747092169.8211343,"4.0,0.0,0.0","34.0,0.0,0.0","-23.0,0.0,0.0","45.0,0.0,0.0","0,0,0"
1747092169.871396,"4.0,0.0,0.0","34.0,0.0,0.0","-20.0,0.0,0.0","43.0,0.0,0.0","0,0,0"
1747092169.9220848,"4.0,0.0,0.0","35.0,0.0,0.0","-20.0,0.0,0.0","42.0,0.0,0.0","0,0,0"
1747092169.9721072,"4.0,0.0,0.0","34.0,0.0,0.0","-19.0,0.0,0.0","42.0,0.0,0.0","0,0,0"
1747092170.022471,"4.0,0.0,0.0","33.0,0.0,0.0","-19.0,0.0,0.0","42.0,0.0,0.0","0,0,0"
1747092170.0746915,"4.0,0.0,0.0","32.0,0.0,0.0","-19.0,0.0,0.0","43.0,0.0,0.0","0,0,0"
1747092170.125298,"2.0,0.0,0.0","31.0,0.0,0.0","-19.0,0.0,0.0","40.0,0.0,0.0","0,0,0"
1747092170.1756716,"1.0,0.0,0.0","30.0,0.0,0.0","-20.0,0.0,0.0","39.0,0.0,0.0","0,0,0"
1747092170.2269325,"1.0,0.0,0.0","28.0,0.0,0.0","-20.0,0.0,0.0","39.0,0.0,0.0","0,0,0"
1747092170.2770557,"-1.0,0.0,0.0","27.0,0.0,0.0","-22.0,0.0,0.0","39.0,0.0,0.0","0,0,0"
1747092170.3270752,"-4.0,0.0,0.0","24.0,0.0,0.0","-24.0,0.0,0.0","39.0,0.0,0.0","0,0,0"
1747092170.3778203,"-6.0,0.0,0.0","18.0,0.0,0.0","-24.0,0.0,0.0","41.0,0.0,0.0","0,0,0"
1747092170.427844,"-10.0,0.0,0.0","14.0,0.0,0.0","-24.0,0.0,0.0","45.0,0.0,0.0","0,0,0"
1747092170.477928,"-14.0,0.0,0.0","2.0,0.0,0.0","-24.0,0.0,0.0","61.0,0.0,0.0","0,0,0"
1747092170.5279899,"-14.0,0.0,0.0","0.0,0.0,0.0","-24.0,0.0,0.0","67.0,0.0,0.0","0,0,0"
1747092170.5789573,"-26.0,0.0,0.0","-15.0,0.0,0.0","26.0,0.0,0.0","79.0,0.0,0.0","0,0,0"
1747092170.6296034,"-32.0,0.0,0.0","-31.0,0.0,0.0","45.0,0.0,0.0","98.0,0.0,0.0","0,0,0"
1747092170.679822,"-39.0,0.0,0.0","-41.0,0.0,0.0","51.0,0.0,0.0","102.0,0.0,0.0","0,0,0"
1747092170.7307649,"-41.0,0.0,0.0","-47.0,0.0,0.0","56.0,0.0,0.0","0.0,0.0,0.0","0,0,0"
1747092170.7817569,"-58.0,0.0,0.0","-63.0,0.0,0.0","0.0,0.0,0.0","0.0,0.0,0.0","0,0,0"
1747092170.8318434,"-59.0,0.0,0.0","-66.0,0.0,0.0","0.0,0.0,0.0","0.0,0.0,0.0","0,0,0"
1747092170.8880985,"-62.0,0.0,0.0","-70.0,0.0,0.0","0.0,0.0,0.0","0.0,0.0,0.0","0,0,0"
1747092170.939181,"-66.0,0.0,0.0","-73.0,0.0,0.0","0.0,0.0,0.0","0.0,0.0,0.0","0,0,0"
1747092170.989188,"-70.0,0.0,0.0","-77.0,0.0,0.0","0.0,0.0,0.0","0.0,0.0,0.0","0,0,0"
1747092171.0391884,"-72.0,0.0,0.0","-82.0,0.0,0.0","0.0,0.0,0.0","0.0,0.0,0.0","0,0,0"
1747092171.089989,"-73.0,0.0,0.0","-82.0,0.0,0.0","0.0,0.0,0.0","0.0,0.0,0.0","0,0,0"
1747092171.140388,"-73.0,0.0,0.0","-83.0,0.0,0.0","0.0,0.0,0.0","0.0,0.0,0.0","0,0,0"
1747092171.1910322,"-73.0,0.0,0.0","-83.0,0.0,0.0","0.0,0.0,0.0","0.0,0.0,0.0","0,0,0"
1747092171.2419372,"-73.0,0.0,0.0","-83.0,0.0,0.0","0.0,0.0,0.0","0.0,0.0,0.0","0,0,0"
1747092171.2920463,"-73.0,0.0,0.0","-83.0,0.0,0.0","0.0,0.0,0.0","0.0,0.0,0.0","0,0,0"
1747092171.3427765,"-73.0,0.0,0.0","-82.0,0.0,0.0","0.0,0.0,0.0","0.0,0.0,0.0","0,0,0"
1747092171.3930836,"-73.0,0.0,0.0","-82.0,0.0,0.0","0.0,0.0,0.0","0.0,0.0,0.0","0,0,0"
1747092171.4438348,"-72.0,0.0,0.0","-81.0,0.0,0.0","0.0,0.0,0.0","0.0,0.0,0.0","0,0,0"
1747092171.493903,"-69.0,0.0,0.0","-76.0,0.0,0.0","0.0,0.0,0.0","0.0,0.0,0.0","0,0,0"
1747092171.5439787,"-67.0,0.0,0.0","-70.0,0.0,0.0","0.0,0.0,0.0","0.0,0.0,0.0","0,0,0"
1747092171.5941336,"-64.0,0.0,0.0","-63.0,0.0,0.0","0.0,0.0,0.0","0.0,0.0,0.0","0,0,0"
1747092171.644198,"-52.0,0.0,0.0","-48.0,0.0,0.0","0.0,0.0,0.0","0.0,0.0,0.0","0,0,0"
1747092171.694385,"-41.0,0.0,0.0","-33.0,0.0,0.0","11.0,0.0,0.0","65.0,0.0,0.0","0,0,0"
1747092171.7450752,"-35.0,0.0,0.0","-26.0,0.0,0.0","-13.0,0.0,0.0","41.0,0.0,0.0","0,0,0"
1747092171.7951584,"-29.0,0.0,0.0","-15.0,0.0,0.0","-23.0,0.0,0.0","29.0,0.0,0.0","0,0,0"
1747092171.8452086,"-20.0,0.0,0.0","-4.0,0.0,0.0","-23.0,0.0,0.0","26.0,0.0,0.0","0,0,0"
1747092171.8959775,"-13.0,0.0,0.0","-1.0,0.0,0.0","-24.0,0.0,0.0","24.0,0.0,0.0","0,0,0"
1747092171.947978,"-12.0,0.0,0.0","1.0,0.0,0.0","-24.0,0.0,0.0","24.0,0.0,0.0","0,0,0"
1747092171.998477,"-11.0,0.0,0.0","6.0,0.0,0.0","-25.0,0.0,0.0","22.0,0.0,0.0","0,0,0"
1747092172.0491014,"-11.0,0.0,0.0","7.0,0.0,0.0","-25.0,0.0,0.0","21.0,0.0,0.0","0,0,0"
1747092172.099343,"-9.0,0.0,0.0","8.0,0.0,0.0","-24.0,0.0,0.0","21.0,0.0,0.0","0,0,0"
1747092172.1518772,"-9.0,0.0,0.0","7.0,0.0,0.0","-23.0,0.0,0.0","21.0,0.0,0.0","0,0,0"
1747092172.2020004,"-11.0,0.0,0.0","6.0,0.0,0.0","-24.0,0.0,0.0","20.0,0.0,0.0","0,0,0"
1747092172.2521372,"-10.0,0.0,0.0","7.0,0.0,0.0","-24.0,0.0,0.0","20.0,0.0,0.0","0,0,0"
1747092172.3028398,"-10.0,0.0,0.0","7.0,0.0,0.0","-23.0,0.0,0.0","20.0,0.0,0.0","0,0,0"
1747092172.3533828,"-11.0,0.0,0.0","6.0,0.0,0.0","-24.0,0.0,0.0","19.0,0.0,0.0","0,0,0"
1747092172.4036543,"-11.0,0.0,0.0","4.0,0.0,0.0","-24.0,0.0,0.0","17.0,0.0,0.0","0,0,0"
1747092172.4537194,"-11.0,0.0,0.0","3.0,0.0,0.0","-24.0,0.0,0.0","17.0,0.0,0.0","0,0,0"
1747092172.5043182,"-13.0,0.0,0.0","0.0,0.0,0.0","-24.0,0.0,0.0","16.0,0.0,0.0","0,0,0"
1747092172.554933,"-16.0,0.0,0.0","-5.0,0.0,0.0","-24.0,0.0,0.0","16.0,0.0,0.0","0,0,0"
1747092172.605802,"-19.0,0.0,0.0","-5.0,0.0,0.0","-24.0,0.0,0.0","17.0,0.0,0.0","0,0,0"
1747092172.6558888,"-24.0,0.0,0.0","-12.0,0.0,0.0","-24.0,0.0,0.0","17.0,0.0,0.0","0,0,0"
1747092172.706273,"-26.0,0.0,0.0","-12.0,0.0,0.0","-24.0,0.0,0.0","17.0,0.0,0.0","0,0,0"
1747092172.7569752,"-31.0,0.0,0.0","-17.0,0.0,0.0","-24.0,0.0,0.0","17.0,0.0,0.0","0,0,0"
1747092172.8077562,"-33.0,0.0,0.0","-23.0,0.0,0.0","-24.0,0.0,0.0","17.0,0.0,0.0","0,0,0"
1747092172.857979,"-48.0,0.0,0.0","-50.0,0.0,0.0","0.0,0.0,0.0","0.0,0.0,0.0","0,0,0"
1747092172.9080412,"-51.0,0.0,0.0","-60.0,0.0,0.0","0.0,0.0,0.0","0.0,0.0,0.0","0,0,0"
1747092172.9599864,"-62.0,0.0,0.0","-74.0,0.0,0.0","0.0,0.0,0.0","0.0,0.0,0.0","0,0,0"
1747092173.0103488,"-65.0,0.0,0.0","-80.0,0.0,0.0","0.0,0.0,0.0","0.0,0.0,0.0","0,0,0"
1747092173.0610943,"-68.0,0.0,0.0","-85.0,0.0,0.0","0.0,0.0,0.0","0.0,0.0,0.0","0,0,0"
1747092173.1115658,"-76.0,0.0,0.0","-87.0,0.0,0.0","0.0,0.0,0.0","0.0,0.0,0.0","0,0,0"
1747092173.1617692,"-79.0,0.0,0.0","-92.0,0.0,0.0","0.0,0.0,0.0","0.0,0.0,0.0","0,0,0"
1747092173.2124412,"-80.0,0.0,0.0","-93.0,0.0,0.0","0.0,0.0,0.0","0.0,0.0,0.0","0,0,0"
1747092173.2665758,"-81.0,0.0,0.0","-93.0,0.0,0.0","0.0,0.0,0.0","0.0,0.0,0.0","0,0,0"
1747092173.3269088,"-82.0,0.0,0.0","-94.0,0.0,0.0","0.0,0.0,0.0","0.0,0.0,0.0","0,0,0"
1747092173.3774009,"-83.0,0.0,0.0","-94.0,0.0,0.0","0.0,0.0,0.0","0.0,0.0,0.0","0,0,0"
1747092173.4275255,"-83.0,0.0,0.0","-93.0,0.0,0.0","0.0,0.0,0.0","0.0,0.0,0.0","0,0,0"
1747092173.4776363,"-83.0,0.0,0.0","-93.0,0.0,0.0","0.0,0.0,0.0","0.0,0.0,0.0","0,0,0"
1747092173.5280447,"-83.0,0.0,0.0","-93.0,0.0,0.0","0.0,0.0,0.0","0.0,0.0,0.0","0,0,0"
1747092173.5788429,"-83.0,0.0,0.0","-93.0,0.0,0.0","0.0,0.0,0.0","0.0,0.0,0.0","0,0,0"
1747092173.6291356,"-81.0,0.0,0.0","-92.0,0.0,0.0","0.0,0.0,0.0","0.0,0.0,0.0","0,0,0"
1747092173.6797185,"-81.0,0.0,0.0","-92.0,0.0,0.0","0.0,0.0,0.0","0.0,0.0,0.0","0,0,0"
1747092173.72987,"-79.0,0.0,0.0","-90.0,0.0,0.0","0.0,0.0,0.0","0.0,0.0,0.0","0,0,0"
1747092173.7807205,"-71.0,0.0,0.0","-78.0,0.0,0.0","0.0,0.0,0.0","0.0,0.0,0.0","0,0,0"
1747092173.8312516,"-55.0,0.0,0.0","-61.0,0.0,0.0","0.0,0.0,0.0","0.0,0.0,0.0","0,0,0"
1747092173.8819118,"-49.0,0.0,0.0","-50.0,0.0,0.0","0.0,0.0,0.0","0.0,0.0,0.0","0,0,0"
1747092173.9320042,"-39.0,0.0,0.0","-36.0,0.0,0.0","-24.0,0.0,0.0","51.0,0.0,0.0","0,0,0"
1747092173.9828968,"-31.0,0.0,0.0","-14.0,0.0,0.0","-24.0,0.0,0.0","31.0,0.0,0.0","0,0,0"
1747092174.032943,"-27.0,0.0,0.0","-8.0,0.0,0.0","-24.0,0.0,0.0","29.0,0.0,0.0","0,0,0"
1747092174.083099,"-21.0,0.0,0.0","-6.0,0.0,0.0","-24.0,0.0,0.0","28.0,0.0,0.0","0,0,0"
1747092174.1340628,"-16.0,0.0,0.0","2.0,0.0,0.0","-24.0,0.0,0.0","27.0,0.0,0.0","0,0,0"
1747092174.1852596,"-13.0,0.0,0.0","14.0,0.0,0.0","-25.0,0.0,0.0","27.0,0.0,0.0","0,0,0"
1747092174.2354636,"-13.0,0.0,0.0","16.0,0.0,0.0","-25.0,0.0,0.0","28.0,0.0,0.0","0,0,0"
1747092174.2862313,"-13.0,0.0,0.0","17.0,0.0,0.0","-25.0,0.0,0.0","29.0,0.0,0.0","0,0,0"
1747092174.3454437,"-13.0,0.0,0.0","18.0,0.0,0.0","-26.0,0.0,0.0","29.0,0.0,0.0","0,0,0"
1747092174.3962238,"-14.0,0.0,0.0","20.0,0.0,0.0","-29.0,0.0,0.0","30.0,0.0,0.0","0,0,0"
1747092174.4467897,"-15.0,0.0,0.0","20.0,0.0,0.0","-30.0,0.0,0.0","29.0,0.0,0.0","0,0,0"
1747092174.4971433,"-15.0,0.0,0.0","20.0,0.0,0.0","-31.0,0.0,0.0","29.0,0.0,0.0","0,0,0"
1747092174.547828,"-15.0,0.0,0.0","20.0,0.0,0.0","-32.0,0.0,0.0","29.0,0.0,0.0","0,0,0"
1747092174.597872,"-15.0,0.0,0.0","19.0,0.0,0.0","-33.0,0.0,0.0","29.0,0.0,0.0","0,0,0"
1747092174.6491902,"-15.0,0.0,0.0","19.0,0.0,0.0","-32.0,0.0,0.0","28.0,0.0,0.0","0,0,0"
1747092174.6997943,"-15.0,0.0,0.0","19.0,0.0,0.0","-33.0,0.0,0.0","27.0,0.0,0.0","0,0,0"
1747092174.7500958,"-15.0,0.0,0.0","19.0,0.0,0.0","-32.0,0.0,0.0","26.0,0.0,0.0","0,0,0"
1747092174.8012657,"-15.0,0.0,0.0","14.0,0.0,0.0","-32.0,0.0,0.0","19.0,0.0,0.0","0,0,0"
1747092174.8514893,"-15.0,0.0,0.0","14.0,0.0,0.0","-32.0,0.0,0.0","19.0,0.0,0.0","0,0,0"
1747092174.9019744,"-14.0,0.0,0.0","9.0,0.0,0.0","-31.0,0.0,0.0","13.0,0.0,0.0","0,0,0"
1747092174.9521897,"-14.0,0.0,0.0","9.0,0.0,0.0","-31.0,0.0,0.0","13.0,0.0,0.0","0,0,0"
1747092175.0023422,"-13.0,0.0,0.0","2.0,0.0,0.0","-30.0,0.0,0.0","10.0,0.0,0.0","0,0,0"
1747092175.05332,"-13.0,0.0,0.0","-1.0,0.0,0.0","-29.0,0.0,0.0","9.0,0.0,0.0","0,0,0"
1747092175.104038,"-11.0,0.0,0.0","-7.0,0.0,0.0","-26.0,0.0,0.0","4.0,0.0,0.0","0,0,0"
1747092175.1543403,"-10.0,0.0,0.0","-8.0,0.0,0.0","-26.0,0.0,0.0","4.0,0.0,0.0","0,0,0"
1747092175.205,"-8.0,0.0,0.0","-11.0,0.0,0.0","-22.0,0.0,0.0","-1.0,0.0,0.0","0,0,0"
1747092175.2557893,"-7.0,0.0,0.0","-12.0,0.0,0.0","-20.0,0.0,0.0","-1.0,0.0,0.0","0,0,0"
1747092175.3061647,"-6.0,0.0,0.0","-17.0,0.0,0.0","-16.0,0.0,0.0","-5.0,0.0,0.0","0,0,0"
1747092175.356278,"-5.0,0.0,0.0","-17.0,0.0,0.0","-16.0,0.0,0.0","-6.0,0.0,0.0","0,0,0"
1747092175.4074936,"-5.0,0.0,0.0","-18.0,0.0,0.0","-15.0,0.0,0.0","-6.0,0.0,0.0","0,0,0"
1747092175.4578145,"-5.0,0.0,0.0","-18.0,0.0,0.0","-15.0,0.0,0.0","-8.0,0.0,0.0","0,0,0"
1747092175.5088713,"-5.0,0.0,0.0","-18.0,0.0,0.0","-14.0,0.0,0.0","-8.0,0.0,0.0","0,0,0"
1747092175.5593588,"-5.0,0.0,0.0","-18.0,0.0,0.0","-14.0,0.0,0.0","-9.0,0.0,0.0","0,0,0"
1747092175.6097794,"-5.0,0.0,0.0","-18.0,0.0,0.0","-14.0,0.0,0.0","-9.0,0.0,0.0","0,0,0"
1747092175.6604915,"-5.0,0.0,0.0","-18.0,0.0,0.0","-14.0,0.0,0.0","-9.0,0.0,0.0","0,0,0"
1747092175.7119038,"-6.0,0.0,0.0","-19.0,0.0,0.0","-14.0,0.0,0.0","-9.0,0.0,0.0","0,0,0"
1747092175.7619991,"-6.0,0.0,0.0","-19.0,0.0,0.0","-15.0,0.0,0.0","-9.0,0.0,0.0","0,0,0"
1747092175.8171382,"-7.0,0.0,0.0","-19.0,0.0,0.0","-16.0,0.0,0.0","-9.0,0.0,0.0","0,0,0"
1747092175.8679457,"-8.0,0.0,0.0","-19.0,0.0,0.0","-18.0,0.0,0.0","-9.0,0.0,0.0","0,0,0"
1747092175.9191782,"-9.0,0.0,0.0","-20.0,0.0,0.0","-18.0,0.0,0.0","-9.0,0.0,0.0","0,0,0"
1747092175.9697855,"-11.0,0.0,0.0","-22.0,0.0,0.0","-22.0,0.0,0.0","-10.0,0.0,0.0","0,0,0"
1747092176.0198786,"-22.0,0.0,0.0","-33.0,0.0,0.0","-24.0,0.0,0.0","-10.0,0.0,0.0","0,0,0"
1747092176.0699646,"-28.0,0.0,0.0","-35.0,0.0,0.0","-24.0,0.0,0.0","-9.0,0.0,0.0","0,0,0"
1747092176.1199749,"-32.0,0.0,0.0","-38.0,0.0,0.0","-24.0,0.0,0.0","-9.0,0.0,0.0","0,0,0"
1747092176.1700015,"-36.0,0.0,0.0","-46.0,0.0,0.0","-24.0,0.0,0.0","0.0,0.0,0.0","0,0,0"
1747092176.2201586,"-48.0,0.0,0.0","-68.0,0.0,0.0","0.0,0.0,0.0","0.0,0.0,0.0","0,0,0"
1747092176.2708464,"-55.0,0.0,0.0","-73.0,0.0,0.0","0.0,0.0,0.0","0.0,0.0,0.0","0,0,0"
1747092176.3210976,"-69.0,0.0,0.0","-86.0,0.0,0.0","0.0,0.0,0.0","0.0,0.0,0.0","0,0,0"
1747092176.3718412,"-73.0,0.0,0.0","-89.0,0.0,0.0","0.0,0.0,0.0","0.0,0.0,0.0","0,0,0"
1747092176.4223506,"-75.0,0.0,0.0","-92.0,0.0,0.0","0.0,0.0,0.0","0.0,0.0,0.0","0,0,0"
1747092176.472891,"-80.0,0.0,0.0","-95.0,0.0,0.0","0.0,0.0,0.0","0.0,0.0,0.0","0,0,0"
1747092176.5228982,"-81.0,0.0,0.0","-96.0,0.0,0.0","0.0,0.0,0.0","0.0,0.0,0.0","0,0,0"
1747092176.5734086,"-83.0,0.0,0.0","-97.0,0.0,0.0","0.0,0.0,0.0","0.0,0.0,0.0","0,0,0"
1747092176.6243339,"-82.0,0.0,0.0","-97.0,0.0,0.0","0.0,0.0,0.0","0.0,0.0,0.0","0,0,0"
1747092176.674376,"-82.0,0.0,0.0","-97.0,0.0,0.0","0.0,0.0,0.0","0.0,0.0,0.0","0,0,0"
1747092176.7247658,"-81.0,0.0,0.0","-95.0,0.0,0.0","0.0,0.0,0.0","0.0,0.0,0.0","0,0,0"
1747092176.7750719,"-81.0,0.0,0.0","-92.0,0.0,0.0","0.0,0.0,0.0","0.0,0.0,0.0","0,0,0"
1747092176.8250988,"-77.0,0.0,0.0","-86.0,0.0,0.0","0.0,0.0,0.0","0.0,0.0,0.0","0,0,0"
1747092176.8759577,"-72.0,0.0,0.0","-75.0,0.0,0.0","0.0,0.0,0.0","0.0,0.0,0.0","0,0,0"
1747092176.926014,"-54.0,0.0,0.0","-49.0,0.0,0.0","0.0,0.0,0.0","0.0,0.0,0.0","0,0,0"
1747092176.977159,"-44.0,0.0,0.0","-36.0,0.0,0.0","-24.0,0.0,0.0","6.0,0.0,0.0","0,0,0"
1747092177.0279398,"-34.0,0.0,0.0","-26.0,0.0,0.0","-25.0,0.0,0.0","3.0,0.0,0.0","0,0,0"
1747092177.078721,"-27.0,0.0,0.0","-21.0,0.0,0.0","-25.0,0.0,0.0","3.0,0.0,0.0","0,0,0"
1747092177.1298811,"-22.0,0.0,0.0","-12.0,0.0,0.0","-25.0,0.0,0.0","3.0,0.0,0.0","0,0,0"
1747092177.1800797,"-16.0,0.0,0.0","-9.0,0.0,0.0","-24.0,0.0,0.0","4.0,0.0,0.0","0,0,0"
1747092177.2301068,"-16.0,0.0,0.0","-8.0,0.0,0.0","-24.0,0.0,0.0","7.0,0.0,0.0","0,0,0"
1747092177.281975,"-16.0,0.0,0.0","-8.0,0.0,0.0","-25.0,0.0,0.0","7.0,0.0,0.0","0,0,0"
1747092177.3336256,"-15.0,0.0,0.0","-7.0,0.0,0.0","-25.0,0.0,0.0","7.0,0.0,0.0","0,0,0"
1747092177.3837008,"-15.0,0.0,0.0","-8.0,0.0,0.0","-24.0,0.0,0.0","7.0,0.0,0.0","0,0,0"
1747092177.4337718,"-15.0,0.0,0.0","-8.0,0.0,0.0","-25.0,0.0,0.0","7.0,0.0,0.0","0,0,0"
1747092177.4838576,"-15.0,0.0,0.0","-9.0,0.0,0.0","-24.0,0.0,0.0","5.0,0.0,0.0","0,0,0"
1747092177.5338776,"-16.0,0.0,0.0","-11.0,0.0,0.0","-24.0,0.0,0.0","5.0,0.0,0.0","0,0,0"
1747092177.5855038,"-17.0,0.0,0.0","-11.0,0.0,0.0","-24.0,0.0,0.0","3.0,0.0,0.0","0,0,0"
1747092177.6359756,"-18.0,0.0,0.0","-13.0,0.0,0.0","-24.0,0.0,0.0","1.0,0.0,0.0","0,0,0"
1747092177.686887,"-27.0,0.0,0.0","-28.0,0.0,0.0","-24.0,0.0,0.0","1.0,0.0,0.0","0,0,0"
1747092177.7379422,"-29.0,0.0,0.0","-29.0,0.0,0.0","-24.0,0.0,0.0","1.0,0.0,0.0","0,0,0"
1747092177.7892172,"-39.0,0.0,0.0","-39.0,0.0,0.0","-24.0,0.0,0.0","1.0,0.0,0.0","0,0,0"
1747092177.839968,"-42.0,0.0,0.0","-48.0,0.0,0.0","-24.0,0.0,0.0","0.0,0.0,0.0","0,0,0"
1747092177.8908653,"-46.0,0.0,0.0","-65.0,0.0,0.0","0.0,0.0,0.0","0.0,0.0,0.0","0,0,0"
1747092177.941153,"-53.0,0.0,0.0","-68.0,0.0,0.0","0.0,0.0,0.0","0.0,0.0,0.0","0,0,0"
1747092177.9928274,"-59.0,0.0,0.0","-70.0,0.0,0.0","0.0,0.0,0.0","0.0,0.0,0.0","0,0,0"
1747092178.0434556,"-63.0,0.0,0.0","-76.0,0.0,0.0","0.0,0.0,0.0","0.0,0.0,0.0","0,0,0"
1747092178.093568,"-70.0,0.0,0.0","-83.0,0.0,0.0","0.0,0.0,0.0","0.0,0.0,0.0","0,0,0"
1747092178.1445966,"-73.0,0.0,0.0","-88.0,0.0,0.0","0.0,0.0,0.0","0.0,0.0,0.0","0,0,0"
1747092178.1948042,"-73.0,0.0,0.0","-88.0,0.0,0.0","0.0,0.0,0.0","0.0,0.0,0.0","0,0,0"
1747092178.244861,"-77.0,0.0,0.0","-90.0,0.0,0.0","0.0,0.0,0.0","0.0,0.0,0.0","0,0,0"
1747092178.2960215,"-79.0,0.0,0.0","-90.0,0.0,0.0","0.0,0.0,0.0","0.0,0.0,0.0","0,0,0"
1747092178.347762,"-80.0,0.0,0.0","-90.0,0.0,0.0","0.0,0.0,0.0","0.0,0.0,0.0","0,0,0"
1747092178.3978462,"-80.0,0.0,0.0","-90.0,0.0,0.0","0.0,0.0,0.0","0.0,0.0,0.0","0,0,0"
1747092178.4490683,"-81.0,0.0,0.0","-91.0,0.0,0.0","0.0,0.0,0.0","0.0,0.0,0.0","0,0,0"
1747092178.4999282,"-81.0,0.0,0.0","-90.0,0.0,0.0","0.0,0.0,0.0","0.0,0.0,0.0","0,0,0"
1747092178.5518105,"-80.0,0.0,0.0","-90.0,0.0,0.0","0.0,0.0,0.0","0.0,0.0,0.0","0,0,0"
1747092178.602008,"-81.0,0.0,0.0","-89.0,0.0,0.0","0.0,0.0,0.0","0.0,0.0,0.0","0,0,0"
1747092178.6521292,"-80.0,0.0,0.0","-88.0,0.0,0.0","0.0,0.0,0.0","0.0,0.0,0.0","0,0,0"
1747092178.7033284,"-80.0,0.0,0.0","-86.0,0.0,0.0","0.0,0.0,0.0","0.0,0.0,0.0","0,0,0"
1747092178.7537124,"-80.0,0.0,0.0","-85.0,0.0,0.0","0.0,0.0,0.0","0.0,0.0,0.0","0,0,0"
1747092178.803912,"-81.0,0.0,0.0","-85.0,0.0,0.0","0.0,0.0,0.0","0.0,0.0,0.0","0,0,0"
1747092178.854252,"-81.0,0.0,0.0","-85.0,0.0,0.0","0.0,0.0,0.0","0.0,0.0,0.0","0,0,0"
1747092178.9043894,"-85.0,0.0,0.0","-84.0,0.0,0.0","0.0,0.0,0.0","0.0,0.0,0.0","0,0,0"
1747092178.9547868,"-86.0,0.0,0.0","-84.0,0.0,0.0","0.0,0.0,0.0","0.0,0.0,0.0","0,0,0"
1747092179.005725,"-87.0,0.0,0.0","-87.0,0.0,0.0","0.0,0.0,0.0","0.0,0.0,0.0","0,0,0"
1747092179.0563474,"-88.0,0.0,0.0","-88.0,0.0,0.0","0.0,0.0,0.0","0.0,0.0,0.0","0,0,0"
1747092179.107274,"-96.0,0.0,0.0","-90.0,0.0,0.0","0.0,0.0,0.0","0.0,0.0,0.0","0,0,0"
1747092179.1579106,"-97.0,0.0,0.0","-91.0,0.0,0.0","0.0,0.0,0.0","0.0,0.0,0.0","0,0,0"
1747092179.2093441,"-99.0,0.0,0.0","-91.0,0.0,0.0","0.0,0.0,0.0","0.0,0.0,0.0","0,0,0"
1747092179.2609084,"-99.0,0.0,0.0","-91.0,0.0,0.0","0.0,0.0,0.0","0.0,0.0,0.0","0,0,0"
1747092179.3110592,"-99.0,0.0,0.0","-90.0,0.0,0.0","0.0,0.0,0.0","0.0,0.0,0.0","0,0,0"
1747092179.3611224,"-98.0,0.0,0.0","-88.0,0.0,0.0","0.0,0.0,0.0","0.0,0.0,0.0","0,0,0"
1747092179.4158204,"-95.0,0.0,0.0","-86.0,0.0,0.0","0.0,0.0,0.0","0.0,0.0,0.0","0,0,0"
1747092179.4672577,"-94.0,0.0,0.0","-85.0,0.0,0.0","0.0,0.0,0.0","0.0,0.0,0.0","0,0,0"
1747092179.51781,"-94.0,0.0,0.0","-85.0,0.0,0.0","0.0,0.0,0.0","0.0,0.0,0.0","0,0,0"
1747092179.5678496,"-93.0,0.0,0.0","-85.0,0.0,0.0","0.0,0.0,0.0","0.0,0.0,0.0","0,0,0"
1747092179.6180034,"-92.0,0.0,0.0","-85.0,0.0,0.0","0.0,0.0,0.0","0.0,0.0,0.0","0,0,0"
1747092179.6683488,"-92.0,0.0,0.0","-84.0,0.0,0.0","0.0,0.0,0.0","0.0,0.0,0.0","0,0,0"
1747092179.7189777,"-92.0,0.0,0.0","-84.0,0.0,0.0","0.0,0.0,0.0","0.0,0.0,0.0","0,0,0"
1747092179.7696998,"-93.0,0.0,0.0","-85.0,0.0,0.0","0.0,0.0,0.0","0.0,0.0,0.0","0,0,0"
1747092179.819917,"-93.0,0.0,0.0","-84.0,0.0,0.0","0.0,0.0,0.0","0.0,0.0,0.0","0,0,0"
1747092179.8702128,"-93.0,0.0,0.0","-85.0,0.0,0.0","0.0,0.0,0.0","0.0,0.0,0.0","0,0,0"
1747092179.921069,"-93.0,0.0,0.0","-85.0,0.0,0.0","0.0,0.0,0.0","0.0,0.0,0.0","0,0,0"
1747092179.97169,"-93.0,0.0,0.0","-85.0,0.0,0.0","0.0,0.0,0.0","0.0,0.0,0.0","0,0,0"
1747092180.0217957,"-93.0,0.0,0.0","-85.0,0.0,0.0","0.0,0.0,0.0","0.0,0.0,0.0","0,0,0"
1747092180.0729408,"-93.0,0.0,0.0","-85.0,0.0,0.0","0.0,0.0,0.0","0.0,0.0,0.0","0,0,0"
1747092180.123978,"-93.0,0.0,0.0","-85.0,0.0,0.0","0.0,0.0,0.0","0.0,0.0,0.0","0,0,0"
1747092180.1746786,"-94.0,0.0,0.0","-85.0,0.0,0.0","0.0,0.0,0.0","0.0,0.0,0.0","0,0,0"
1747092180.2248573,"-94.0,0.0,0.0","-85.0,0.0,0.0","0.0,0.0,0.0","0.0,0.0,0.0","0,0,0"
1747092180.2756038,"-94.0,0.0,0.0","-85.0,0.0,0.0","0.0,0.0,0.0","0.0,0.0,0.0","0,0,0"
1747092180.3258452,"-94.0,0.0,0.0","-86.0,0.0,0.0","0.0,0.0,0.0","0.0,0.0,0.0","0,0,0"
1747092180.3764215,"-94.0,0.0,0.0","-87.0,0.0,0.0","0.0,0.0,0.0","0.0,0.0,0.0","0,0,0"
1747092180.4264467,"-94.0,0.0,0.0","-87.0,0.0,0.0","0.0,0.0,0.0","0.0,0.0,0.0","0,0,0"
1747092180.4766994,"-94.0,0.0,0.0","-87.0,0.0,0.0","0.0,0.0,0.0","0.0,0.0,0.0","0,0,0"
1747092180.526723,"-93.0,0.0,0.0","-87.0,0.0,0.0","0.0,0.0,0.0","0.0,0.0,0.0","0,0,0"
1747092180.5777006,"-93.0,0.0,0.0","-87.0,0.0,0.0","0.0,0.0,0.0","0.0,0.0,0.0","0,0,0"
1747092180.6288643,"-92.0,0.0,0.0","-86.0,0.0,0.0","0.0,0.0,0.0","0.0,0.0,0.0","0,0,0"
1747092180.6797512,"-87.0,0.0,0.0","-84.0,0.0,0.0","0.0,0.0,0.0","0.0,0.0,0.0","0,0,0"
1747092180.7297692,"-83.0,0.0,0.0","-81.0,0.0,0.0","0.0,0.0,0.0","0.0,0.0,0.0","0,0,0"
1747092180.7799087,"-80.0,0.0,0.0","-80.0,0.0,0.0","0.0,0.0,0.0","0.0,0.0,0.0","0,0,0"
1747092180.8300157,"-69.0,0.0,0.0","-67.0,0.0,0.0","0.0,0.0,0.0","0.0,0.0,0.0","0,0,0"
1747092180.8802688,"-64.0,0.0,0.0","-62.0,0.0,0.0","0.0,0.0,0.0","0.0,0.0,0.0","0,0,0"
1747092180.9307704,"-53.0,0.0,0.0","-48.0,0.0,0.0","0.0,0.0,0.0","0.0,0.0,0.0","0,0,0"
1747092180.9810867,"-51.0,0.0,0.0","-39.0,0.0,0.0","0.0,0.0,0.0","14.0,0.0,0.0","0,0,0"
1747092181.0317852,"-39.0,0.0,0.0","-28.0,0.0,0.0","-45.0,0.0,0.0","8.0,0.0,0.0","0,0,0"
1747092181.0819974,"-31.0,0.0,0.0","-19.0,0.0,0.0","-47.0,0.0,0.0","7.0,0.0,0.0","0,0,0"
1747092181.1328871,"-26.0,0.0,0.0","-12.0,0.0,0.0","-47.0,0.0,0.0","7.0,0.0,0.0","0,0,0"
1747092181.1829867,"-26.0,0.0,0.0","-12.0,0.0,0.0","-48.0,0.0,0.0","6.0,0.0,0.0","0,0,0"
1747092181.233094,"-25.0,0.0,0.0","-12.0,0.0,0.0","-48.0,0.0,0.0","6.0,0.0,0.0","0,0,0"
1747092181.2831008,"-25.0,0.0,0.0","-11.0,0.0,0.0","-48.0,0.0,0.0","6.0,0.0,0.0","0,0,0"
1747092181.3332663,"-23.0,0.0,0.0","-11.0,0.0,0.0","-48.0,0.0,0.0","7.0,0.0,0.0","0,0,0"
1747092181.3839478,"-23.0,0.0,0.0","-11.0,0.0,0.0","-50.0,0.0,0.0","7.0,0.0,0.0","0,0,0"
1747092181.4347074,"-23.0,0.0,0.0","-11.0,0.0,0.0","-50.0,0.0,0.0","7.0,0.0,0.0","0,0,0"
1747092181.4852273,"-23.0,0.0,0.0","-11.0,0.0,0.0","-50.0,0.0,0.0","8.0,0.0,0.0","0,0,0"
1747092181.5356078,"-23.0,0.0,0.0","-11.0,0.0,0.0","-50.0,0.0,0.0","8.0,0.0,0.0","0,0,0"
1747092181.5860276,"-23.0,0.0,0.0","-11.0,0.0,0.0","-50.0,0.0,0.0","8.0,0.0,0.0","0,0,0"
1747092181.6371596,"-23.0,0.0,0.0","-10.0,0.0,0.0","-50.0,0.0,0.0","8.0,0.0,0.0","0,0,0"
1747092181.6872323,"-23.0,0.0,0.0","-10.0,0.0,0.0","-49.0,0.0,0.0","8.0,0.0,0.0","0,0,0"
1747092181.7377362,"-23.0,0.0,0.0","-9.0,0.0,0.0","-47.0,0.0,0.0","10.0,0.0,0.0","0,0,0"
1747092181.7887013,"-23.0,0.0,0.0","-9.0,0.0,0.0","-47.0,0.0,0.0","11.0,0.0,0.0","0,0,0"
1747092181.8389616,"-23.0,0.0,0.0","-8.0,0.0,0.0","-46.0,0.0,0.0","15.0,0.0,0.0","0,0,0"
1747092181.8898358,"-22.0,0.0,0.0","-7.0,0.0,0.0","-43.0,0.0,0.0","29.0,0.0,0.0","0,0,0"
1747092181.9411461,"-19.0,0.0,0.0","-4.0,0.0,0.0","-27.0,0.0,0.0","34.0,0.0,0.0","0,0,0"
1747092181.9919553,"-18.0,0.0,0.0","-3.0,0.0,0.0","-24.0,0.0,0.0","39.0,0.0,0.0","0,0,0"
1747092182.0420022,"-10.0,0.0,0.0","5.0,0.0,0.0","-24.0,0.0,0.0","46.0,0.0,0.0","0,0,0"
1747092182.0920973,"-8.0,0.0,0.0","9.0,0.0,0.0","-24.0,0.0,0.0","47.0,0.0,0.0","0,0,0"
1747092182.1429946,"-4.0,0.0,0.0","16.0,0.0,0.0","-24.0,0.0,0.0","50.0,0.0,0.0","0,0,0"
1747092182.1935785,"0.0,0.0,0.0","26.0,0.0,0.0","-24.0,0.0,0.0","51.0,0.0,0.0","0,0,0"
1747092182.2436554,"9.0,0.0,0.0","33.0,0.0,0.0","-24.0,0.0,0.0","51.0,0.0,0.0","0,0,0"
1747092182.2942562,"16.0,0.0,0.0","41.0,0.0,0.0","-24.0,0.0,0.0","53.0,0.0,0.0","0,0,0"
1747092182.3448212,"29.0,0.0,0.0","57.0,0.0,0.0","-24.0,0.0,0.0","0.0,0.0,0.0","0,0,0"
1747092182.3954835,"33.0,0.0,0.0","61.0,0.0,0.0","-24.0,0.0,0.0","0.0,0.0,0.0","0,0,0"
1747092182.445658,"51.0,0.0,0.0","53.0,0.0,0.0","0.0,0.0,0.0","0.0,0.0,0.0","0,0,0"
1747092182.495758,"59.0,0.0,0.0","59.0,0.0,0.0","0.0,0.0,0.0","0.0,0.0,0.0","0,0,0"
1747092182.546681,"61.0,0.0,0.0","63.0,0.0,0.0","0.0,0.0,0.0","0.0,0.0,0.0","0,0,0"
1747092182.5969534,"66.0,0.0,0.0","69.0,0.0,0.0","0.0,0.0,0.0","0.0,0.0,0.0","0,0,0"
1747092182.6477294,"72.0,0.0,0.0","73.0,0.0,0.0","0.0,0.0,0.0","0.0,0.0,0.0","0,0,0"
1747092182.6986527,"80.0,0.0,0.0","78.0,0.0,0.0","0.0,0.0,0.0","0.0,0.0,0.0","0,0,0"
1747092182.7490945,"80.0,0.0,0.0","78.0,0.0,0.0","0.0,0.0,0.0","0.0,0.0,0.0","0,0,0"
1747092182.7998521,"86.0,0.0,0.0","79.0,0.0,0.0","0.0,0.0,0.0","0.0,0.0,0.0","0,0,0"
1747092182.8507006,"87.0,0.0,0.0","80.0,0.0,0.0","0.0,0.0,0.0","0.0,0.0,0.0","0,0,0"
1747092182.9008763,"88.0,0.0,0.0","81.0,0.0,0.0","0.0,0.0,0.0","0.0,0.0,0.0","0,0,0"
1747092182.9518092,"90.0,0.0,0.0","81.0,0.0,0.0","0.0,0.0,0.0","0.0,0.0,0.0","0,0,0"
1747092183.0019639,"90.0,0.0,0.0","81.0,0.0,0.0","0.0,0.0,0.0","0.0,0.0,0.0","0,0,0"
1747092183.0519922,"90.0,0.0,0.0","81.0,0.0,0.0","0.0,0.0,0.0","0.0,0.0,0.0","0,0,0"
1747092183.1025407,"91.0,0.0,0.0","81.0,0.0,0.0","0.0,0.0,0.0","0.0,0.0,0.0","0,0,0"
1747092183.1532958,"91.0,0.0,0.0","80.0,0.0,0.0","0.0,0.0,0.0","0.0,0.0,0.0","0,0,0"
1747092183.203926,"91.0,0.0,0.0","80.0,0.0,0.0","0.0,0.0,0.0","0.0,0.0,0.0","0,0,0"
1747092183.2542012,"90.0,0.0,0.0","79.0,0.0,0.0","0.0,0.0,0.0","0.0,0.0,0.0","0,0,0"
1747092183.3042696,"90.0,0.0,0.0","79.0,0.0,0.0","0.0,0.0,0.0","0.0,0.0,0.0","0,0,0"
1747092183.3543825,"89.0,0.0,0.0","79.0,0.0,0.0","0.0,0.0,0.0","0.0,0.0,0.0","0,0,0"
1747092183.4063814,"88.0,0.0,0.0","78.0,0.0,0.0","0.0,0.0,0.0","0.0,0.0,0.0","0,0,0"
1747092183.4576657,"88.0,0.0,0.0","77.0,0.0,0.0","0.0,0.0,0.0","0.0,0.0,0.0","0,0,0"
1747092183.5120893,"85.0,0.0,0.0","76.0,0.0,0.0","0.0,0.0,0.0","0.0,0.0,0.0","0,0,0"
1747092183.5627947,"85.0,0.0,0.0","76.0,0.0,0.0","0.0,0.0,0.0","0.0,0.0,0.0","0,0,0"
1747092183.6138482,"84.0,0.0,0.0","75.0,0.0,0.0","0.0,0.0,0.0","0.0,0.0,0.0","0,0,0"
1747092183.6648495,"78.0,0.0,0.0","72.0,0.0,0.0","0.0,0.0,0.0","0.0,0.0,0.0","0,0,0"
1747092183.7153075,"76.0,0.0,0.0","71.0,0.0,0.0","0.0,0.0,0.0","0.0,0.0,0.0","0,0,0"
1747092183.7655199,"74.0,0.0,0.0","68.0,0.0,0.0","0.0,0.0,0.0","0.0,0.0,0.0","0,0,0"
1747092183.8161528,"69.0,0.0,0.0","60.0,0.0,0.0","0.0,0.0,0.0","0.0,0.0,0.0","0,0,0"
1747092183.866292,"64.0,0.0,0.0","54.0,0.0,0.0","0.0,0.0,0.0","0.0,0.0,0.0","0,0,0"
1747092183.9168458,"55.0,0.0,0.0","51.0,0.0,0.0","0.0,0.0,0.0","0.0,0.0,0.0","0,0,0"
1747092183.9672215,"54.0,0.0,0.0","48.0,0.0,0.0","0.0,0.0,0.0","0.0,0.0,0.0","0,0,0"
1747092184.0172417,"32.0,0.0,0.0","53.0,0.0,0.0","-24.0,0.0,0.0","0.0,0.0,0.0","0,0,0"
1747092184.0687196,"29.0,0.0,0.0","53.0,0.0,0.0","-24.0,0.0,0.0","0.0,0.0,0.0","0,0,0"
1747092184.1189215,"27.0,0.0,0.0","51.0,0.0,0.0","-24.0,0.0,0.0","0.0,0.0,0.0","0,0,0"
1747092184.170781,"8.0,0.0,0.0","30.0,0.0,0.0","-24.0,0.0,0.0","97.0,0.0,0.0","0,0,0"
1747092184.221471,"-9.0,0.0,0.0","0.0,0.0,0.0","94.0,0.0,0.0","105.0,0.0,0.0","0,0,0"
1747092184.2716312,"-17.0,0.0,0.0","-7.0,0.0,0.0","103.0,0.0,0.0","115.0,0.0,0.0","0,0,0"
1747092184.3216639,"-23.0,0.0,0.0","-22.0,0.0,0.0","108.0,0.0,0.0","117.0,0.0,0.0","0,0,0"
1747092184.3726346,"-27.0,0.0,0.0","-26.0,0.0,0.0","108.0,0.0,0.0","117.0,0.0,0.0","0,0,0"
1747092184.423365,"-30.0,0.0,0.0","-32.0,0.0,0.0","108.0,0.0,0.0","117.0,0.0,0.0","0,0,0"
1747092184.4799883,"-30.0,0.0,0.0","-32.0,0.0,0.0","108.0,0.0,0.0","117.0,0.0,0.0","0,0,0"
1747092184.5308864,"-30.0,0.0,0.0","-32.0,0.0,0.0","108.0,0.0,0.0","117.0,0.0,0.0","0,0,0"
1747092184.5810518,"-33.0,0.0,0.0","-32.0,0.0,0.0","107.0,0.0,0.0","114.0,0.0,0.0","0,0,0"
1747092184.6318147,"-33.0,0.0,0.0","-32.0,0.0,0.0","98.0,0.0,0.0","102.0,0.0,0.0","0,0,0"
1747092184.6832464,"-33.0,0.0,0.0","-29.0,0.0,0.0","75.0,0.0,0.0","89.0,0.0,0.0","0,0,0"
1747092184.734037,"-34.0,0.0,0.0","-28.0,0.0,0.0","74.0,0.0,0.0","88.0,0.0,0.0","0,0,0"
1747092184.784425,"-34.0,0.0,0.0","-28.0,0.0,0.0","74.0,0.0,0.0","86.0,0.0,0.0","0,0,0"
1747092184.8347752,"-34.0,0.0,0.0","-28.0,0.0,0.0","74.0,0.0,0.0","86.0,0.0,0.0","0,0,0"
1747092184.8851724,"-34.0,0.0,0.0","-28.0,0.0,0.0","69.0,0.0,0.0","85.0,0.0,0.0","0,0,0"
1747092184.9355817,"-34.0,0.0,0.0","-28.0,0.0,0.0","64.0,0.0,0.0","71.0,0.0,0.0","0,0,0"
1747092184.985767,"-34.0,0.0,0.0","-30.0,0.0,0.0","57.0,0.0,0.0","66.0,0.0,0.0","0,0,0"
1747092185.03633,"-36.0,0.0,0.0","-35.0,0.0,0.0","47.0,0.0,0.0","61.0,0.0,0.0","0,0,0"
1747092185.0866077,"-36.0,0.0,0.0","-35.0,0.0,0.0","47.0,0.0,0.0","61.0,0.0,0.0","0,0,0"
1747092185.1374474,"-42.0,0.0,0.0","-40.0,0.0,0.0","19.0,0.0,0.0","57.0,0.0,0.0","0,0,0"
1747092185.1877832,"-46.0,0.0,0.0","-43.0,0.0,0.0","0.0,0.0,0.0","55.0,0.0,0.0","0,0,0"
1747092185.237946,"-47.0,0.0,0.0","-47.0,0.0,0.0","0.0,0.0,0.0","0.0,0.0,0.0","0,0,0"
1747092185.2888772,"-49.0,0.0,0.0","-51.0,0.0,0.0","0.0,0.0,0.0","0.0,0.0,0.0","0,0,0"
1747092185.3397024,"-56.0,0.0,0.0","-54.0,0.0,0.0","0.0,0.0,0.0","0.0,0.0,0.0","0,0,0"
1747092185.3924286,"-57.0,0.0,0.0","-55.0,0.0,0.0","0.0,0.0,0.0","0.0,0.0,0.0","0,0,0"
1747092185.4430006,"-59.0,0.0,0.0","-56.0,0.0,0.0","0.0,0.0,0.0","0.0,0.0,0.0","0,0,0"
1747092185.4938169,"-59.0,0.0,0.0","-56.0,0.0,0.0","0.0,0.0,0.0","0.0,0.0,0.0","0,0,0"
1747092185.5449095,"-68.0,0.0,0.0","-70.0,0.0,0.0","0.0,0.0,0.0","0.0,0.0,0.0","0,0,0"
1747092185.5957851,"-80.0,0.0,0.0","-80.0,0.0,0.0","0.0,0.0,0.0","0.0,0.0,0.0","0,0,0"
1747092185.646669,"-90.0,0.0,0.0","-92.0,0.0,0.0","0.0,0.0,0.0","0.0,0.0,0.0","0,0,0"
1747092185.6972919,"-93.0,0.0,0.0","-93.0,0.0,0.0","0.0,0.0,0.0","0.0,0.0,0.0","0,0,0"
1747092185.7478552,"-97.0,0.0,0.0","-93.0,0.0,0.0","0.0,0.0,0.0","0.0,0.0,0.0","0,0,0"
1747092185.7988167,"-98.0,0.0,0.0","-96.0,0.0,0.0","0.0,0.0,0.0","0.0,0.0,0.0","0,0,0"
1747092185.8488204,"-99.0,0.0,0.0","-96.0,0.0,0.0","0.0,0.0,0.0","0.0,0.0,0.0","0,0,0"
1747092185.8998084,"-99.0,0.0,0.0","-96.0,0.0,0.0","0.0,0.0,0.0","0.0,0.0,0.0","0,0,0"
1747092185.9499552,"-98.0,0.0,0.0","-95.0,0.0,0.0","0.0,0.0,0.0","0.0,0.0,0.0","0,0,0"
1747092186.0007472,"-98.0,0.0,0.0","-94.0,0.0,0.0","0.0,0.0,0.0","0.0,0.0,0.0","0,0,0"
1747092186.0507896,"-97.0,0.0,0.0","-92.0,0.0,0.0","0.0,0.0,0.0","0.0,0.0,0.0","0,0,0"
1747092186.1009228,"-98.0,0.0,0.0","-92.0,0.0,0.0","0.0,0.0,0.0","0.0,0.0,0.0","0,0,0"
1747092186.150928,"-98.0,0.0,0.0","-91.0,0.0,0.0","0.0,0.0,0.0","0.0,0.0,0.0","0,0,0"
1747092186.2010486,"-97.0,0.0,0.0","-88.0,0.0,0.0","0.0,0.0,0.0","0.0,0.0,0.0","0,0,0"
1747092186.2516658,"-97.0,0.0,0.0","-88.0,0.0,0.0","0.0,0.0,0.0","0.0,0.0,0.0","0,0,0"
1747092186.3017533,"-97.0,0.0,0.0","-87.0,0.0,0.0","0.0,0.0,0.0","0.0,0.0,0.0","0,0,0"
1747092186.3526866,"-96.0,0.0,0.0","-87.0,0.0,0.0","0.0,0.0,0.0","0.0,0.0,0.0","0,0,0"
1747092186.4037561,"-96.0,0.0,0.0","-87.0,0.0,0.0","0.0,0.0,0.0","0.0,0.0,0.0","0,0,0"
1747092186.453876,"-96.0,0.0,0.0","-88.0,0.0,0.0","0.0,0.0,0.0","0.0,0.0,0.0","0,0,0"
1747092186.5038853,"-96.0,0.0,0.0","-88.0,0.0,0.0","0.0,0.0,0.0","0.0,0.0,0.0","0,0,0"
1747092186.5540617,"-96.0,0.0,0.0","-88.0,0.0,0.0","0.0,0.0,0.0","0.0,0.0,0.0","0,0,0"
1747092186.6055605,"-96.0,0.0,0.0","-88.0,0.0,0.0","0.0,0.0,0.0","0.0,0.0,0.0","0,0,0"
1747092186.6560612,"-96.0,0.0,0.0","-88.0,0.0,0.0","0.0,0.0,0.0","0.0,0.0,0.0","0,0,0"
1747092186.7060752,"-96.0,0.0,0.0","-89.0,0.0,0.0","0.0,0.0,0.0","0.0,0.0,0.0","0,0,0"
1747092186.756206,"-96.0,0.0,0.0","-89.0,0.0,0.0","0.0,0.0,0.0","0.0,0.0,0.0","0,0,0"
1747092186.8067877,"-96.0,0.0,0.0","-89.0,0.0,0.0","0.0,0.0,0.0","0.0,0.0,0.0","0,0,0"
1747092186.8594327,"-97.0,0.0,0.0","-90.0,0.0,0.0","0.0,0.0,0.0","0.0,0.0,0.0","0,0,0"
1747092186.9110327,"-97.0,0.0,0.0","-90.0,0.0,0.0","0.0,0.0,0.0","0.0,0.0,0.0","0,0,0"
1747092186.961055,"-97.0,0.0,0.0","-90.0,0.0,0.0","0.0,0.0,0.0","0.0,0.0,0.0","0,0,0"
1747092187.0116506,"-97.0,0.0,0.0","-92.0,0.0,0.0","0.0,0.0,0.0","0.0,0.0,0.0","0,0,0"
1747092187.06177,"-97.0,0.0,0.0","-93.0,0.0,0.0","0.0,0.0,0.0","0.0,0.0,0.0","0,0,0"
1747092187.1127205,"-97.0,0.0,0.0","-97.0,0.0,0.0","0.0,0.0,0.0","0.0,0.0,0.0","0,0,0"
1747092187.163605,"-97.0,0.0,0.0","-98.0,0.0,0.0","0.0,0.0,0.0","0.0,0.0,0.0","0,0,0"
1747092187.2145326,"-97.0,0.0,0.0","-99.0,0.0,0.0","0.0,0.0,0.0","0.0,0.0,0.0","0,0,0"
1747092187.264796,"-97.0,0.0,0.0","-99.0,0.0,0.0","0.0,0.0,0.0","0.0,0.0,0.0","0,0,0"
1747092187.33211,"-97.0,0.0,0.0","-99.0,0.0,0.0","0.0,0.0,0.0","0.0,0.0,0.0","0,0,0"
1747092187.3828683,"-95.0,0.0,0.0","-99.0,0.0,0.0","0.0,0.0,0.0","0.0,0.0,0.0","0,0,0"
1747092187.433439,"-93.0,0.0,0.0","-97.0,0.0,0.0","0.0,0.0,0.0","0.0,0.0,0.0","0,0,0"
1747092187.483525,"-85.0,0.0,0.0","-84.0,0.0,0.0","0.0,0.0,0.0","0.0,0.0,0.0","0,0,0"
1747092187.5335944,"-74.0,0.0,0.0","-73.0,0.0,0.0","0.0,0.0,0.0","0.0,0.0,0.0","0,0,0"
1747092187.5842402,"-68.0,0.0,0.0","-66.0,0.0,0.0","0.0,0.0,0.0","0.0,0.0,0.0","0,0,0"
1747092187.634869,"-60.0,0.0,0.0","-57.0,0.0,0.0","0.0,0.0,0.0","0.0,0.0,0.0","0,0,0"
1747092187.6853821,"-45.0,0.0,0.0","-39.0,0.0,0.0","0.0,0.0,0.0","-30.0,0.0,0.0","0,0,0"
1747092187.7355456,"-41.0,0.0,0.0","-34.0,0.0,0.0","-24.0,0.0,0.0","-21.0,0.0,0.0","0,0,0"
1747092187.7869532,"-31.0,0.0,0.0","-28.0,0.0,0.0","-24.0,0.0,0.0","-13.0,0.0,0.0","0,0,0"
1747092187.8378685,"-25.0,0.0,0.0","-17.0,0.0,0.0","-24.0,0.0,0.0","-1.0,0.0,0.0","0,0,0"
1747092187.888764,"-14.0,0.0,0.0","-7.0,0.0,0.0","-24.0,0.0,0.0","8.0,0.0,0.0","0,0,0"
1747092187.9397864,"-10.0,0.0,0.0","0.0,0.0,0.0","-24.0,0.0,0.0","17.0,0.0,0.0","0,0,0"
1747092187.989803,"-9.0,0.0,0.0","3.0,0.0,0.0","-24.0,0.0,0.0","23.0,0.0,0.0","0,0,0"
1747092188.0399444,"-8.0,0.0,0.0","4.0,0.0,0.0","-24.0,0.0,0.0","25.0,0.0,0.0","0,0,0"
1747092188.0903223,"-8.0,0.0,0.0","5.0,0.0,0.0","-24.0,0.0,0.0","25.0,0.0,0.0","0,0,0"
1747092188.1414337,"-8.0,0.0,0.0","5.0,0.0,0.0","-24.0,0.0,0.0","25.0,0.0,0.0","0,0,0"
1747092188.191513,"-8.0,0.0,0.0","6.0,0.0,0.0","-24.0,0.0,0.0","25.0,0.0,0.0","0,0,0"
1747092188.2426465,"-7.0,0.0,0.0","7.0,0.0,0.0","-24.0,0.0,0.0","25.0,0.0,0.0","0,0,0"
1747092188.2926488,"-7.0,0.0,0.0","8.0,0.0,0.0","-24.0,0.0,0.0","26.0,0.0,0.0","0,0,0"
1747092188.3431063,"-7.0,0.0,0.0","8.0,0.0,0.0","-24.0,0.0,0.0","27.0,0.0,0.0","0,0,0"
1747092188.3943672,"-7.0,0.0,0.0","8.0,0.0,0.0","-24.0,0.0,0.0","27.0,0.0,0.0","0,0,0"
1747092188.4462183,"-7.0,0.0,0.0","8.0,0.0,0.0","-24.0,0.0,0.0","27.0,0.0,0.0","0,0,0"
1747092188.4968767,"-7.0,0.0,0.0","8.0,0.0,0.0","-24.0,0.0,0.0","27.0,0.0,0.0","0,0,0"
1747092188.5470233,"-7.0,0.0,0.0","8.0,0.0,0.0","-24.0,0.0,0.0","27.0,0.0,0.0","0,0,0"
1747092188.5976896,"-7.0,0.0,0.0","8.0,0.0,0.0","-24.0,0.0,0.0","26.0,0.0,0.0","0,0,0"
1747092188.6486757,"-8.0,0.0,0.0","8.0,0.0,0.0","-24.0,0.0,0.0","25.0,0.0,0.0","0,0,0"
1747092188.6990354,"-8.0,0.0,0.0","8.0,0.0,0.0","-24.0,0.0,0.0","24.0,0.0,0.0","0,0,0"
1747092188.749972,"-8.0,0.0,0.0","5.0,0.0,0.0","-24.0,0.0,0.0","17.0,0.0,0.0","0,0,0"
1747092188.8006947,"-8.0,0.0,0.0","-7.0,0.0,0.0","-24.0,0.0,0.0","2.0,0.0,0.0","0,0,0"
1747092188.8518646,"-9.0,0.0,0.0","-23.0,0.0,0.0","-24.0,0.0,0.0","-15.0,0.0,0.0","0,0,0"
1747092188.9020393,"-10.0,0.0,0.0","-37.0,0.0,0.0","-16.0,0.0,0.0","-39.0,0.0,0.0","0,0,0"
1747092188.9527354,"-10.0,0.0,0.0","-73.0,0.0,0.0","-14.0,0.0,0.0","0.0,0.0,0.0","0,0,0"
1747092189.0036533,"-9.0,0.0,0.0","-90.0,0.0,0.0","-10.0,0.0,0.0","0.0,0.0,0.0","0,0,0"
1747092189.0537188,"-7.0,0.0,0.0","-97.0,0.0,0.0","-8.0,0.0,0.0","0.0,0.0,0.0","0,0,0"
1747092189.1038208,"-6.0,0.0,0.0","-101.0,0.0,0.0","-7.0,0.0,0.0","0.0,0.0,0.0","0,0,0"
1747092189.1540334,"-5.0,0.0,0.0","-100.0,0.0,0.0","-6.0,0.0,0.0","0.0,0.0,0.0","0,0,0"
1747092189.204549,"-5.0,0.0,0.0","-97.0,0.0,0.0","-6.0,0.0,0.0","0.0,0.0,0.0","0,0,0"
1747092189.2545993,"-5.0,0.0,0.0","-96.0,0.0,0.0","-5.0,0.0,0.0","0.0,0.0,0.0","0,0,0"
1747092189.305133,"-5.0,0.0,0.0","-96.0,0.0,0.0","-5.0,0.0,0.0","0.0,0.0,0.0","0,0,0"
1747092189.3557165,"-4.0,0.0,0.0","-92.0,0.0,0.0","-5.0,0.0,0.0","0.0,0.0,0.0","0,0,0"
1747092189.4058826,"-4.0,0.0,0.0","-91.0,0.0,0.0","-5.0,0.0,0.0","0.0,0.0,0.0","0,0,0"
1747092189.4561741,"-4.0,0.0,0.0","-89.0,0.0,0.0","-4.0,0.0,0.0","0.0,0.0,0.0","0,0,0"
1747092189.5068128,"-4.0,0.0,0.0","-88.0,0.0,0.0","-4.0,0.0,0.0","0.0,0.0,0.0","0,0,0"
1747092189.5673747,"-4.0,0.0,0.0","-86.0,0.0,0.0","-4.0,0.0,0.0","0.0,0.0,0.0","0,0,0"
1747092189.6180236,"-4.0,0.0,0.0","-86.0,0.0,0.0","-5.0,0.0,0.0","0.0,0.0,0.0","0,0,0"
1747092189.6700134,"-4.0,0.0,0.0","-89.0,0.0,0.0","-5.0,0.0,0.0","0.0,0.0,0.0","0,0,0"
1747092189.720308,"-5.0,0.0,0.0","-91.0,0.0,0.0","-8.0,0.0,0.0","0.0,0.0,0.0","0,0,0"
1747092189.7706645,"-7.0,0.0,0.0","-92.0,0.0,0.0","-17.0,0.0,0.0","0.0,0.0,0.0","0,0,0"
1747092189.8216872,"-11.0,0.0,0.0","-93.0,0.0,0.0","-21.0,0.0,0.0","0.0,0.0,0.0","0,0,0"
1747092189.871738,"-11.0,0.0,0.0","-95.0,0.0,0.0","-23.0,0.0,0.0","0.0,0.0,0.0","0,0,0"
1747092189.9220023,"-17.0,0.0,0.0","-97.0,0.0,0.0","-24.0,0.0,0.0","0.0,0.0,0.0","0,0,0"
1747092189.9737797,"-22.0,0.0,0.0","-98.0,0.0,0.0","-24.0,0.0,0.0","0.0,0.0,0.0","0,0,0"
1747092190.024292,"-40.0,0.0,0.0","-100.0,0.0,0.0","-24.0,0.0,0.0","0.0,0.0,0.0","0,0,0"
1747092190.0752842,"-49.0,0.0,0.0","-100.0,0.0,0.0","0.0,0.0,0.0","0.0,0.0,0.0","0,0,0"
1747092190.1256127,"-65.0,0.0,0.0","-100.0,0.0,0.0","0.0,0.0,0.0","0.0,0.0,0.0","0,0,0"
1747092190.1758826,"-73.0,0.0,0.0","-100.0,0.0,0.0","0.0,0.0,0.0","0.0,0.0,0.0","0,0,0"
1747092190.2259603,"-85.0,0.0,0.0","-98.0,0.0,0.0","0.0,0.0,0.0","0.0,0.0,0.0","0,0,0"
1747092190.2768414,"-85.0,0.0,0.0","-98.0,0.0,0.0","0.0,0.0,0.0","0.0,0.0,0.0","0,0,0"
1747092190.3291886,"-95.0,0.0,0.0","-82.0,0.0,0.0","0.0,0.0,0.0","0.0,0.0,0.0","0,0,0"
1747092190.3811264,"-96.0,0.0,0.0","-79.0,0.0,0.0","0.0,0.0,0.0","0.0,0.0,0.0","0,0,0"
1747092190.4318008,"-98.0,0.0,0.0","-59.0,0.0,0.0","0.0,0.0,0.0","0.0,0.0,0.0","0,0,0"
1747092190.4822361,"-98.0,0.0,0.0","-59.0,0.0,0.0","0.0,0.0,0.0","0.0,0.0,0.0","0,0,0"
1747092190.533086,"-99.0,0.0,0.0","-41.0,0.0,0.0","0.0,0.0,0.0","-23.0,0.0,0.0","0,0,0"
1747092190.5836558,"-99.0,0.0,0.0","-33.0,0.0,0.0","0.0,0.0,0.0","-18.0,0.0,0.0","0,0,0"
1747092190.633762,"-99.0,0.0,0.0","-14.0,0.0,0.0","0.0,0.0,0.0","3.0,0.0,0.0","0,0,0"
1747092190.68431,"-99.0,0.0,0.0","-11.0,0.0,0.0","0.0,0.0,0.0","8.0,0.0,0.0","0,0,0"
1747092190.7347763,"-99.0,0.0,0.0","-1.0,0.0,0.0","0.0,0.0,0.0","19.0,0.0,0.0","0,0,0"
1747092190.7856293,"-98.0,0.0,0.0","3.0,0.0,0.0","0.0,0.0,0.0","25.0,0.0,0.0","0,0,0"
1747092190.8360374,"-98.0,0.0,0.0","6.0,0.0,0.0","0.0,0.0,0.0","27.0,0.0,0.0","0,0,0"
1747092190.8866773,"-98.0,0.0,0.0","6.0,0.0,0.0","0.0,0.0,0.0","27.0,0.0,0.0","0,0,0"
1747092190.9368083,"-97.0,0.0,0.0","6.0,0.0,0.0","0.0,0.0,0.0","33.0,0.0,0.0","0,0,0"
1747092190.9874396,"-97.0,0.0,0.0","6.0,0.0,0.0","0.0,0.0,0.0","34.0,0.0,0.0","0,0,0"
1747092191.0376759,"-97.0,0.0,0.0","5.0,0.0,0.0","0.0,0.0,0.0","33.0,0.0,0.0","0,0,0"
1747092191.0886843,"-97.0,0.0,0.0","4.0,0.0,0.0","0.0,0.0,0.0","33.0,0.0,0.0","0,0,0"
1747092191.1390352,"-97.0,0.0,0.0","3.0,0.0,0.0","0.0,0.0,0.0","33.0,0.0,0.0","0,0,0"
1747092191.1896217,"-96.0,0.0,0.0","3.0,0.0,0.0","0.0,0.0,0.0","32.0,0.0,0.0","0,0,0"
1747092191.2396872,"-96.0,0.0,0.0","2.0,0.0,0.0","0.0,0.0,0.0","32.0,0.0,0.0","0,0,0"
1747092191.2897623,"-96.0,0.0,0.0","2.0,0.0,0.0","0.0,0.0,0.0","30.0,0.0,0.0","0,0,0"
1747092191.3412223,"-96.0,0.0,0.0","0.0,0.0,0.0","0.0,0.0,0.0","28.0,0.0,0.0","0,0,0"
1747092191.392471,"-95.0,0.0,0.0","-6.0,0.0,0.0","0.0,0.0,0.0","18.0,0.0,0.0","0,0,0"
1747092191.4433258,"-96.0,0.0,0.0","-13.0,0.0,0.0","0.0,0.0,0.0","8.0,0.0,0.0","0,0,0"
1747092191.4937365,"-96.0,0.0,0.0","-20.0,0.0,0.0","0.0,0.0,0.0","2.0,0.0,0.0","0,0,0"
1747092191.5456686,"-96.0,0.0,0.0","-23.0,0.0,0.0","0.0,0.0,0.0","-5.0,0.0,0.0","0,0,0"
1747092191.597496,"-96.0,0.0,0.0","-38.0,0.0,0.0","0.0,0.0,0.0","-20.0,0.0,0.0","0,0,0"
1747092191.6479597,"-97.0,0.0,0.0","-55.0,0.0,0.0","0.0,0.0,0.0","0.0,0.0,0.0","0,0,0"
1747092191.6989195,"-96.0,0.0,0.0","-65.0,0.0,0.0","0.0,0.0,0.0","0.0,0.0,0.0","0,0,0"
1747092191.7497652,"-96.0,0.0,0.0","-71.0,0.0,0.0","0.0,0.0,0.0","0.0,0.0,0.0","0,0,0"
1747092191.8000202,"-97.0,0.0,0.0","-89.0,0.0,0.0","0.0,0.0,0.0","0.0,0.0,0.0","0,0,0"
1747092191.8508294,"-97.0,0.0,0.0","-93.0,0.0,0.0","0.0,0.0,0.0","0.0,0.0,0.0","0,0,0"
1747092191.9009552,"-96.0,0.0,0.0","-96.0,0.0,0.0","0.0,0.0,0.0","0.0,0.0,0.0","0,0,0"
1747092191.9510033,"-96.0,0.0,0.0","-96.0,0.0,0.0","0.0,0.0,0.0","0.0,0.0,0.0","0,0,0"
1747092192.0010357,"-96.0,0.0,0.0","-97.0,0.0,0.0","0.0,0.0,0.0","0.0,0.0,0.0","0,0,0"
1747092192.0517702,"-96.0,0.0,0.0","-98.0,0.0,0.0","0.0,0.0,0.0","0.0,0.0,0.0","0,0,0"
1747092192.1020324,"-96.0,0.0,0.0","-99.0,0.0,0.0","0.0,0.0,0.0","0.0,0.0,0.0","0,0,0"
1747092192.1524868,"-96.0,0.0,0.0","-99.0,0.0,0.0","0.0,0.0,0.0","0.0,0.0,0.0","0,0,0"
1747092192.202965,"-95.0,0.0,0.0","-99.0,0.0,0.0","0.0,0.0,0.0","0.0,0.0,0.0","0,0,0"
1747092192.2532108,"-95.0,0.0,0.0","-99.0,0.0,0.0","0.0,0.0,0.0","0.0,0.0,0.0","0,0,0"
1747092192.304053,"-95.0,0.0,0.0","-94.0,0.0,0.0","0.0,0.0,0.0","0.0,0.0,0.0","0,0,0"
1747092192.35484,"-95.0,0.0,0.0","-91.0,0.0,0.0","0.0,0.0,0.0","0.0,0.0,0.0","0,0,0"
1747092192.4056458,"-96.0,0.0,0.0","-90.0,0.0,0.0","0.0,0.0,0.0","0.0,0.0,0.0","0,0,0"
1747092192.4557083,"-96.0,0.0,0.0","-89.0,0.0,0.0","0.0,0.0,0.0","0.0,0.0,0.0","0,0,0"
1747092192.5059254,"-96.0,0.0,0.0","-89.0,0.0,0.0","0.0,0.0,0.0","0.0,0.0,0.0","0,0,0"
1747092192.5563726,"-96.0,0.0,0.0","-89.0,0.0,0.0","0.0,0.0,0.0","0.0,0.0,0.0","0,0,0"
1747092192.6069806,"-96.0,0.0,0.0","-89.0,0.0,0.0","0.0,0.0,0.0","0.0,0.0,0.0","0,0,0"
1747092192.6570747,"-96.0,0.0,0.0","-89.0,0.0,0.0","0.0,0.0,0.0","0.0,0.0,0.0","0,0,0"
1747092192.707478,"-97.0,0.0,0.0","-90.0,0.0,0.0","0.0,0.0,0.0","0.0,0.0,0.0","0,0,0"
1747092192.7596111,"-97.0,0.0,0.0","-90.0,0.0,0.0","0.0,0.0,0.0","0.0,0.0,0.0","0,0,0"
1747092192.81103,"-97.0,0.0,0.0","-90.0,0.0,0.0","0.0,0.0,0.0","0.0,0.0,0.0","0,0,0"
1747092192.8611228,"-97.0,0.0,0.0","-91.0,0.0,0.0","0.0,0.0,0.0","0.0,0.0,0.0","0,0,0"
1747092192.911911,"-97.0,0.0,0.0","-92.0,0.0,0.0","0.0,0.0,0.0","0.0,0.0,0.0","0,0,0"
1747092192.961982,"-98.0,0.0,0.0","-94.0,0.0,0.0","0.0,0.0,0.0","0.0,0.0,0.0","0,0,0"
1747092193.0127068,"-98.0,0.0,0.0","-94.0,0.0,0.0","0.0,0.0,0.0","0.0,0.0,0.0","0,0,0"
1747092193.0628357,"-98.0,0.0,0.0","-98.0,0.0,0.0","0.0,0.0,0.0","0.0,0.0,0.0","0,0,0"
1747092193.1142626,"-98.0,0.0,0.0","-98.0,0.0,0.0","0.0,0.0,0.0","0.0,0.0,0.0","0,0,0"
1747092193.1645596,"-97.0,0.0,0.0","-98.0,0.0,0.0","0.0,0.0,0.0","0.0,0.0,0.0","0,0,0"
1747092193.2154624,"-97.0,0.0,0.0","-98.0,0.0,0.0","0.0,0.0,0.0","0.0,0.0,0.0","0,0,0"
1747092193.2660577,"-96.0,0.0,0.0","-98.0,0.0,0.0","0.0,0.0,0.0","0.0,0.0,0.0","0,0,0"
1747092193.3169298,"-92.0,0.0,0.0","-94.0,0.0,0.0","0.0,0.0,0.0","0.0,0.0,0.0","0,0,0"
1747092193.3678002,"-85.0,0.0,0.0","-83.0,0.0,0.0","0.0,0.0,0.0","0.0,0.0,0.0","0,0,0"
1747092193.4186263,"-79.0,0.0,0.0","-76.0,0.0,0.0","0.0,0.0,0.0","0.0,0.0,0.0","0,0,0"
1747092193.4688978,"-69.0,0.0,0.0","-65.0,0.0,0.0","0.0,0.0,0.0","0.0,0.0,0.0","0,0,0"
1747092193.520783,"-64.0,0.0,0.0","-56.0,0.0,0.0","0.0,0.0,0.0","0.0,0.0,0.0","0,0,0"
1747092193.5710382,"-50.0,0.0,0.0","-40.0,0.0,0.0","0.0,0.0,0.0","-29.0,0.0,0.0","0,0,0"
1747092193.6210897,"-42.0,0.0,0.0","-26.0,0.0,0.0","-24.0,0.0,0.0","-8.0,0.0,0.0","0,0,0"
1747092193.6713333,"-40.0,0.0,0.0","-22.0,0.0,0.0","-24.0,0.0,0.0","-4.0,0.0,0.0","0,0,0"
1747092193.7219682,"-33.0,0.0,0.0","-13.0,0.0,0.0","-24.0,0.0,0.0","9.0,0.0,0.0","0,0,0"
1747092193.7729588,"-29.0,0.0,0.0","-10.0,0.0,0.0","-24.0,0.0,0.0","10.0,0.0,0.0","0,0,0"
1747092193.8238258,"-23.0,0.0,0.0","-1.0,0.0,0.0","-24.0,0.0,0.0","22.0,0.0,0.0","0,0,0"
1747092193.8738506,"-23.0,0.0,0.0","-1.0,0.0,0.0","-24.0,0.0,0.0","22.0,0.0,0.0","0,0,0"
1747092193.9247813,"-21.0,0.0,0.0","2.0,0.0,0.0","-24.0,0.0,0.0","24.0,0.0,0.0","0,0,0"
1747092193.9755182,"-21.0,0.0,0.0","3.0,0.0,0.0","-24.0,0.0,0.0","25.0,0.0,0.0","0,0,0"
1747092194.0260139,"-20.0,0.0,0.0","4.0,0.0,0.0","-24.0,0.0,0.0","30.0,0.0,0.0","0,0,0"
1747092194.0760255,"-20.0,0.0,0.0","5.0,0.0,0.0","-24.0,0.0,0.0","32.0,0.0,0.0","0,0,0"
1747092194.1261797,"-19.0,0.0,0.0","6.0,0.0,0.0","-24.0,0.0,0.0","33.0,0.0,0.0","0,0,0"
1747092194.1770332,"-19.0,0.0,0.0","7.0,0.0,0.0","-24.0,0.0,0.0","35.0,0.0,0.0","0,0,0"
1747092194.2270453,"-18.0,0.0,0.0","10.0,0.0,0.0","-24.0,0.0,0.0","36.0,0.0,0.0","0,0,0"
1747092194.2786825,"-18.0,0.0,0.0","11.0,0.0,0.0","-24.0,0.0,0.0","36.0,0.0,0.0","0,0,0"
1747092194.3287628,"-18.0,0.0,0.0","13.0,0.0,0.0","-24.0,0.0,0.0","37.0,0.0,0.0","0,0,0"
1747092194.3792017,"-17.0,0.0,0.0","14.0,0.0,0.0","-24.0,0.0,0.0","38.0,0.0,0.0","0,0,0"
1747092194.4296913,"-17.0,0.0,0.0","19.0,0.0,0.0","-22.0,0.0,0.0","40.0,0.0,0.0","0,0,0"
1747092194.4797392,"-17.0,0.0,0.0","20.0,0.0,0.0","-21.0,0.0,0.0","41.0,0.0,0.0","0,0,0"
1747092194.5306408,"-16.0,0.0,0.0","22.0,0.0,0.0","-21.0,0.0,0.0","44.0,0.0,0.0","0,0,0"
1747092194.5809627,"-16.0,0.0,0.0","22.0,0.0,0.0","-20.0,0.0,0.0","44.0,0.0,0.0","0,0,0"
1747092194.6380532,"-16.0,0.0,0.0","22.0,0.0,0.0","-19.0,0.0,0.0","44.0,0.0,0.0","0,0,0"
1747092194.6897116,"-15.0,0.0,0.0","22.0,0.0,0.0","-18.0,0.0,0.0","44.0,0.0,0.0","0,0,0"
1747092194.7397976,"-14.0,0.0,0.0","21.0,0.0,0.0","-17.0,0.0,0.0","43.0,0.0,0.0","0,0,0"
1747092194.7904963,"-14.0,0.0,0.0","19.0,0.0,0.0","-16.0,0.0,0.0","43.0,0.0,0.0","0,0,0"
1747092194.840831,"-14.0,0.0,0.0","17.0,0.0,0.0","-16.0,0.0,0.0","42.0,0.0,0.0","0,0,0"
1747092194.891674,"-14.0,0.0,0.0","16.0,0.0,0.0","-15.0,0.0,0.0","40.0,0.0,0.0","0,0,0"
1747092194.9420676,"-13.0,0.0,0.0","15.0,0.0,0.0","-15.0,0.0,0.0","38.0,0.0,0.0","0,0,0"
1747092194.9936514,"-12.0,0.0,0.0","13.0,0.0,0.0","-13.0,0.0,0.0","35.0,0.0,0.0","0,0,0"
1747092195.043783,"-11.0,0.0,0.0","4.0,0.0,0.0","-11.0,0.0,0.0","29.0,0.0,0.0","0,0,0"
1747092195.0946865,"-10.0,0.0,0.0","-1.0,0.0,0.0","-10.0,0.0,0.0","23.0,0.0,0.0","0,0,0"
1747092195.1448197,"-9.0,0.0,0.0","-3.0,0.0,0.0","-8.0,0.0,0.0","20.0,0.0,0.0","0,0,0"
1747092195.1954129,"-8.0,0.0,0.0","-8.0,0.0,0.0","-7.0,0.0,0.0","17.0,0.0,0.0","0,0,0"
1747092195.2460768,"-7.0,0.0,0.0","-15.0,0.0,0.0","-5.0,0.0,0.0","13.0,0.0,0.0","0,0,0"
1747092195.2966588,"-5.0,0.0,0.0","-22.0,0.0,0.0","-3.0,0.0,0.0","7.0,0.0,0.0","0,0,0"
1747092195.3472512,"-4.0,0.0,0.0","-26.0,0.0,0.0","0.0,0.0,0.0","3.0,0.0,0.0","0,0,0"
1747092195.397398,"-4.0,0.0,0.0","-26.0,0.0,0.0","0.0,0.0,0.0","3.0,0.0,0.0","0,0,0"
1747092195.447983,"-3.0,0.0,0.0","-29.0,0.0,0.0","1.0,0.0,0.0","-1.0,0.0,0.0","0,0,0"
1747092195.4987369,"-3.0,0.0,0.0","-29.0,0.0,0.0","1.0,0.0,0.0","-1.0,0.0,0.0","0,0,0"
1747092195.5489814,"-2.0,0.0,0.0","-32.0,0.0,0.0","2.0,0.0,0.0","-4.0,0.0,0.0","0,0,0"
1747092195.5998864,"-2.0,0.0,0.0","-33.0,0.0,0.0","2.0,0.0,0.0","-5.0,0.0,0.0","0,0,0"
1747092195.6499982,"-2.0,0.0,0.0","-35.0,0.0,0.0","3.0,0.0,0.0","-7.0,0.0,0.0","0,0,0"
1747092195.7005396,"-2.0,0.0,0.0","-36.0,0.0,0.0","4.0,0.0,0.0","-8.0,0.0,0.0","0,0,0"
1747092195.7507555,"-2.0,0.0,0.0","-37.0,0.0,0.0","4.0,0.0,0.0","-9.0,0.0,0.0","0,0,0"
1747092195.8016434,"-2.0,0.0,0.0","-37.0,0.0,0.0","3.0,0.0,0.0","-9.0,0.0,0.0","0,0,0"
1747092195.8538275,"-2.0,0.0,0.0","-37.0,0.0,0.0","3.0,0.0,0.0","-9.0,0.0,0.0","0,0,0"
1747092195.904541,"-2.0,0.0,0.0","-37.0,0.0,0.0","3.0,0.0,0.0","-9.0,0.0,0.0","0,0,0"
1747092195.9548562,"-2.0,0.0,0.0","-37.0,0.0,0.0","3.0,0.0,0.0","-9.0,0.0,0.0","0,0,0"
1747092196.0050502,"-2.0,0.0,0.0","-36.0,0.0,0.0","3.0,0.0,0.0","-9.0,0.0,0.0","0,0,0"
1747092196.0550792,"-3.0,0.0,0.0","-36.0,0.0,0.0","3.0,0.0,0.0","-9.0,0.0,0.0","0,0,0"
1747092196.1057374,"-3.0,0.0,0.0","-36.0,0.0,0.0","2.0,0.0,0.0","-9.0,0.0,0.0","0,0,0"
1747092196.1558216,"-3.0,0.0,0.0","-36.0,0.0,0.0","2.0,0.0,0.0","-9.0,0.0,0.0","0,0,0"
1747092196.206215,"-4.0,0.0,0.0","-36.0,0.0,0.0","1.0,0.0,0.0","-9.0,0.0,0.0","0,0,0"
1747092196.256787,"-4.0,0.0,0.0","-35.0,0.0,0.0","0.0,0.0,0.0","-9.0,0.0,0.0","0,0,0"
1747092196.3068771,"-6.0,0.0,0.0","-35.0,0.0,0.0","-3.0,0.0,0.0","-6.0,0.0,0.0","0,0,0"
1747092196.3569083,"-7.0,0.0,0.0","-35.0,0.0,0.0","-5.0,0.0,0.0","-5.0,0.0,0.0","0,0,0"
1747092196.4077754,"-10.0,0.0,0.0","-34.0,0.0,0.0","-12.0,0.0,0.0","-3.0,0.0,0.0","0,0,0"
1747092196.4580202,"-14.0,0.0,0.0","-30.0,0.0,0.0","-17.0,0.0,0.0","-1.0,0.0,0.0","0,0,0"
1747092196.5084782,"-14.0,0.0,0.0","-30.0,0.0,0.0","-17.0,0.0,0.0","-1.0,0.0,0.0","0,0,0"
1747092196.558697,"-17.0,0.0,0.0","-24.0,0.0,0.0","-23.0,0.0,0.0","1.0,0.0,0.0","0,0,0"
1747092196.6090088,"-19.0,0.0,0.0","-21.0,0.0,0.0","-25.0,0.0,0.0","3.0,0.0,0.0","0,0,0"
1747092196.6596537,"-29.0,0.0,0.0","-10.0,0.0,0.0","-40.0,0.0,0.0","11.0,0.0,0.0","0,0,0"
1747092196.7096925,"-34.0,0.0,0.0","-6.0,0.0,0.0","-46.0,0.0,0.0","16.0,0.0,0.0","0,0,0"
1747092196.7597556,"-37.0,0.0,0.0","0.0,0.0,0.0","-50.0,0.0,0.0","22.0,0.0,0.0","0,0,0"
1747092196.8097928,"-43.0,0.0,0.0","1.0,0.0,0.0","-50.0,0.0,0.0","25.0,0.0,0.0","0,0,0"
1747092196.8599517,"-47.0,0.0,0.0","5.0,0.0,0.0","0.0,0.0,0.0","28.0,0.0,0.0","0,0,0"
1747092196.9105697,"-48.0,0.0,0.0","7.0,0.0,0.0","0.0,0.0,0.0","31.0,0.0,0.0","0,0,0"
1747092196.9607565,"-51.0,0.0,0.0","13.0,0.0,0.0","0.0,0.0,0.0","33.0,0.0,0.0","0,0,0"
1747092197.010949,"-51.0,0.0,0.0","13.0,0.0,0.0","0.0,0.0,0.0","33.0,0.0,0.0","0,0,0"
1747092197.060985,"-51.0,0.0,0.0","13.0,0.0,0.0","0.0,0.0,0.0","33.0,0.0,0.0","0,0,0"
1747092197.111792,"-51.0,0.0,0.0","13.0,0.0,0.0","0.0,0.0,0.0","33.0,0.0,0.0","0,0,0"
1747092197.1622643,"-51.0,0.0,0.0","12.0,0.0,0.0","0.0,0.0,0.0","32.0,0.0,0.0","0,0,0"
1747092197.212614,"-50.0,0.0,0.0","9.0,0.0,0.0","0.0,0.0,0.0","30.0,0.0,0.0","0,0,0"
1747092197.2627127,"-49.0,0.0,0.0","6.0,0.0,0.0","0.0,0.0,0.0","26.0,0.0,0.0","0,0,0"
1747092197.3132088,"-44.0,0.0,0.0","0.0,0.0,0.0","-24.0,0.0,0.0","18.0,0.0,0.0","0,0,0"
1747092197.3634286,"-41.0,0.0,0.0","-5.0,0.0,0.0","-24.0,0.0,0.0","11.0,0.0,0.0","0,0,0"
1747092197.4136815,"-35.0,0.0,0.0","-17.0,0.0,0.0","-24.0,0.0,0.0","2.0,0.0,0.0","0,0,0"
1747092197.464592,"-29.0,0.0,0.0","-24.0,0.0,0.0","-24.0,0.0,0.0","-1.0,0.0,0.0","0,0,0"
1747092197.5147207,"-25.0,0.0,0.0","-27.0,0.0,0.0","-24.0,0.0,0.0","-7.0,0.0,0.0","0,0,0"
1747092197.5652983,"-23.0,0.0,0.0","-29.0,0.0,0.0","-24.0,0.0,0.0","-8.0,0.0,0.0","0,0,0"
1747092197.6159477,"-12.0,0.0,0.0","-39.0,0.0,0.0","-24.0,0.0,0.0","-13.0,0.0,0.0","0,0,0"
1747092197.666868,"-4.0,0.0,0.0","-47.0,0.0,0.0","-24.0,0.0,0.0","0.0,0.0,0.0","0,0,0"
1747092197.717314,"0.0,0.0,0.0","-56.0,0.0,0.0","-24.0,0.0,0.0","0.0,0.0,0.0","0,0,0"
1747092197.767421,"1.0,0.0,0.0","-57.0,0.0,0.0","-24.0,0.0,0.0","0.0,0.0,0.0","0,0,0"
1747092197.8175652,"4.0,0.0,0.0","-63.0,0.0,0.0","-24.0,0.0,0.0","0.0,0.0,0.0","0,0,0"
1747092197.868497,"4.0,0.0,0.0","-63.0,0.0,0.0","-24.0,0.0,0.0","0.0,0.0,0.0","0,0,0"
1747092197.9188774,"4.0,0.0,0.0","-64.0,0.0,0.0","-24.0,0.0,0.0","0.0,0.0,0.0","0,0,0"
1747092197.969424,"4.0,0.0,0.0","-68.0,0.0,0.0","-24.0,0.0,0.0","0.0,0.0,0.0","0,0,0"
1747092198.0199158,"4.0,0.0,0.0","-68.0,0.0,0.0","-24.0,0.0,0.0","0.0,0.0,0.0","0,0,0"
1747092198.0706306,"4.0,0.0,0.0","-68.0,0.0,0.0","-24.0,0.0,0.0","0.0,0.0,0.0","0,0,0"
1747092198.1210053,"3.0,0.0,0.0","-68.0,0.0,0.0","-24.0,0.0,0.0","0.0,0.0,0.0","0,0,0"
1747092198.1711726,"-1.0,0.0,0.0","-68.0,0.0,0.0","-24.0,0.0,0.0","0.0,0.0,0.0","0,0,0"
1747092198.221295,"-3.0,0.0,0.0","-66.0,0.0,0.0","-24.0,0.0,0.0","0.0,0.0,0.0","0,0,0"
1747092198.272443,"-5.0,0.0,0.0","-63.0,0.0,0.0","-24.0,0.0,0.0","0.0,0.0,0.0","0,0,0"
1747092198.3247347,"-8.0,0.0,0.0","-58.0,0.0,0.0","-24.0,0.0,0.0","0.0,0.0,0.0","0,0,0"
1747092198.3761141,"-15.0,0.0,0.0","-48.0,0.0,0.0","-24.0,0.0,0.0","0.0,0.0,0.0","0,0,0"
1747092198.426671,"-22.0,0.0,0.0","-35.0,0.0,0.0","-24.0,0.0,0.0","-20.0,0.0,0.0","0,0,0"
1747092198.4767501,"-26.0,0.0,0.0","-28.0,0.0,0.0","-24.0,0.0,0.0","-14.0,0.0,0.0","0,0,0"
1747092198.5275335,"-33.0,0.0,0.0","-19.0,0.0,0.0","-24.0,0.0,0.0","-4.0,0.0,0.0","0,0,0"
1747092198.5785573,"-35.0,0.0,0.0","-10.0,0.0,0.0","-24.0,0.0,0.0","3.0,0.0,0.0","0,0,0"
1747092198.6287127,"-45.0,0.0,0.0","-2.0,0.0,0.0","0.0,0.0,0.0","12.0,0.0,0.0","0,0,0"
1747092198.6798446,"-50.0,0.0,0.0","1.0,0.0,0.0","0.0,0.0,0.0","15.0,0.0,0.0","0,0,0"
1747092198.7306466,"-56.0,0.0,0.0","1.0,0.0,0.0","0.0,0.0,0.0","17.0,0.0,0.0","0,0,0"
1747092198.7808533,"-61.0,0.0,0.0","1.0,0.0,0.0","0.0,0.0,0.0","17.0,0.0,0.0","0,0,0"
1747092198.8318207,"-61.0,0.0,0.0","1.0,0.0,0.0","0.0,0.0,0.0","17.0,0.0,0.0","0,0,0"
1747092198.8826041,"-61.0,0.0,0.0","1.0,0.0,0.0","0.0,0.0,0.0","17.0,0.0,0.0","0,0,0"
1747092198.9326603,"-61.0,0.0,0.0","-3.0,0.0,0.0","0.0,0.0,0.0","17.0,0.0,0.0","0,0,0"
1747092198.9846826,"-61.0,0.0,0.0","-14.0,0.0,0.0","0.0,0.0,0.0","2.0,0.0,0.0","0,0,0"
1747092199.0348742,"-58.0,0.0,0.0","-28.0,0.0,0.0","0.0,0.0,0.0","-24.0,0.0,0.0","0,0,0"
1747092199.0855837,"-53.0,0.0,0.0","-46.0,0.0,0.0","0.0,0.0,0.0","0.0,0.0,0.0","0,0,0"
1747092199.1357462,"-48.0,0.0,0.0","-56.0,0.0,0.0","0.0,0.0,0.0","0.0,0.0,0.0","0,0,0"
1747092199.1858923,"-44.0,0.0,0.0","-60.0,0.0,0.0","-24.0,0.0,0.0","0.0,0.0,0.0","0,0,0"
1747092199.2365174,"-31.0,0.0,0.0","-75.0,0.0,0.0","-24.0,0.0,0.0","0.0,0.0,0.0","0,0,0"
1747092199.2866108,"-26.0,0.0,0.0","-78.0,0.0,0.0","-24.0,0.0,0.0","0.0,0.0,0.0","0,0,0"
1747092199.3372138,"-17.0,0.0,0.0","-86.0,0.0,0.0","-24.0,0.0,0.0","0.0,0.0,0.0","0,0,0"
1747092199.3874893,"-12.0,0.0,0.0","-89.0,0.0,0.0","-24.0,0.0,0.0","0.0,0.0,0.0","0,0,0"
1747092199.4377992,"-6.0,0.0,0.0","-91.0,0.0,0.0","-24.0,0.0,0.0","0.0,0.0,0.0","0,0,0"
1747092199.4878366,"-6.0,0.0,0.0","-92.0,0.0,0.0","-24.0,0.0,0.0","0.0,0.0,0.0","0,0,0"
1747092199.5379393,"-6.0,0.0,0.0","-94.0,0.0,0.0","-24.0,0.0,0.0","0.0,0.0,0.0","0,0,0"
1747092199.5885901,"-6.0,0.0,0.0","-93.0,0.0,0.0","-24.0,0.0,0.0","0.0,0.0,0.0","0,0,0"
1747092199.638659,"-6.0,0.0,0.0","-92.0,0.0,0.0","-24.0,0.0,0.0","0.0,0.0,0.0","0,0,0"
1747092199.6940007,"-6.0,0.0,0.0","-92.0,0.0,0.0","-24.0,0.0,0.0","0.0,0.0,0.0","0,0,0"
1747092199.744651,"-11.0,0.0,0.0","-92.0,0.0,0.0","-24.0,0.0,0.0","0.0,0.0,0.0","0,0,0"
1747092199.7960863,"-15.0,0.0,0.0","-91.0,0.0,0.0","-24.0,0.0,0.0","0.0,0.0,0.0","0,0,0"
1747092199.8466263,"-25.0,0.0,0.0","-90.0,0.0,0.0","-24.0,0.0,0.0","0.0,0.0,0.0","0,0,0"
1747092199.8967767,"-36.0,0.0,0.0","-87.0,0.0,0.0","-24.0,0.0,0.0","0.0,0.0,0.0","0,0,0"
1747092199.9468017,"-49.0,0.0,0.0","-77.0,0.0,0.0","0.0,0.0,0.0","0.0,0.0,0.0","0,0,0"
1747092199.9973578,"-58.0,0.0,0.0","-72.0,0.0,0.0","0.0,0.0,0.0","0.0,0.0,0.0","0,0,0"
1747092200.0485034,"-64.0,0.0,0.0","-64.0,0.0,0.0","0.0,0.0,0.0","0.0,0.0,0.0","0,0,0"
1747092200.0987027,"-73.0,0.0,0.0","-54.0,0.0,0.0","0.0,0.0,0.0","0.0,0.0,0.0","0,0,0"
1747092200.148802,"-73.0,0.0,0.0","-51.0,0.0,0.0","0.0,0.0,0.0","0.0,0.0,0.0","0,0,0"
1747092200.200034,"-76.0,0.0,0.0","-33.0,0.0,0.0","0.0,0.0,0.0","-17.0,0.0,0.0","0,0,0"
1747092200.2513478,"-76.0,0.0,0.0","-13.0,0.0,0.0","0.0,0.0,0.0","4.0,0.0,0.0","0,0,0"
1747092200.3019023,"-80.0,0.0,0.0","-6.0,0.0,0.0","0.0,0.0,0.0","9.0,0.0,0.0","0,0,0"
1747092200.353978,"-82.0,0.0,0.0","-6.0,0.0,0.0","0.0,0.0,0.0","12.0,0.0,0.0","0,0,0"
1747092200.4040709,"-83.0,0.0,0.0","-6.0,0.0,0.0","0.0,0.0,0.0","24.0,0.0,0.0","0,0,0"
1747092200.4549043,"-83.0,0.0,0.0","-6.0,0.0,0.0","0.0,0.0,0.0","24.0,0.0,0.0","0,0,0"
1747092200.5049818,"-83.0,0.0,0.0","-6.0,0.0,0.0","0.0,0.0,0.0","24.0,0.0,0.0","0,0,0"
1747092200.5557473,"-83.0,0.0,0.0","-12.0,0.0,0.0","0.0,0.0,0.0","24.0,0.0,0.0","0,0,0"
1747092200.6065211,"-79.0,0.0,0.0","-25.0,0.0,0.0","0.0,0.0,0.0","23.0,0.0,0.0","0,0,0"
1747092200.6586616,"-76.0,0.0,0.0","-27.0,0.0,0.0","0.0,0.0,0.0","21.0,0.0,0.0","0,0,0"
1747092200.709054,"-68.0,0.0,0.0","-42.0,0.0,0.0","0.0,0.0,0.0","-2.0,0.0,0.0","0,0,0"
1747092200.7597523,"-62.0,0.0,0.0","-53.0,0.0,0.0","0.0,0.0,0.0","0.0,0.0,0.0","0,0,0"
1747092200.8119495,"-52.0,0.0,0.0","-64.0,0.0,0.0","0.0,0.0,0.0","0.0,0.0,0.0","0,0,0"
1747092200.8628812,"-51.0,0.0,0.0","-69.0,0.0,0.0","0.0,0.0,0.0","0.0,0.0,0.0","0,0,0"
1747092200.9128819,"-40.0,0.0,0.0","-79.0,0.0,0.0","-24.0,0.0,0.0","0.0,0.0,0.0","0,0,0"
1747092200.9628973,"-34.0,0.0,0.0","-82.0,0.0,0.0","-24.0,0.0,0.0","0.0,0.0,0.0","0,0,0"
1747092201.013537,"-27.0,0.0,0.0","-82.0,0.0,0.0","-24.0,0.0,0.0","0.0,0.0,0.0","0,0,0"
1747092201.0638595,"-17.0,0.0,0.0","-89.0,0.0,0.0","-24.0,0.0,0.0","0.0,0.0,0.0","0,0,0"
1747092201.113947,"-8.0,0.0,0.0","-91.0,0.0,0.0","-24.0,0.0,0.0","0.0,0.0,0.0","0,0,0"
1747092201.1646552,"0.0,0.0,0.0","-92.0,0.0,0.0","-24.0,0.0,0.0","0.0,0.0,0.0","0,0,0"
1747092201.215617,"2.0,0.0,0.0","-92.0,0.0,0.0","-24.0,0.0,0.0","0.0,0.0,0.0","0,0,0"
1747092201.2656822,"2.0,0.0,0.0","-94.0,0.0,0.0","-24.0,0.0,0.0","0.0,0.0,0.0","0,0,0"
1747092201.315902,"2.0,0.0,0.0","-95.0,0.0,0.0","-24.0,0.0,0.0","0.0,0.0,0.0","0,0,0"
1747092201.366965,"2.0,0.0,0.0","-96.0,0.0,0.0","-24.0,0.0,0.0","0.0,0.0,0.0","0,0,0"
1747092201.4180255,"2.0,0.0,0.0","-96.0,0.0,0.0","-24.0,0.0,0.0","0.0,0.0,0.0","0,0,0"
1747092201.4689293,"1.0,0.0,0.0","-96.0,0.0,0.0","-24.0,0.0,0.0","0.0,0.0,0.0","0,0,0"
1747092201.5195596,"-2.0,0.0,0.0","-96.0,0.0,0.0","-24.0,0.0,0.0","0.0,0.0,0.0","0,0,0"
1747092201.5703897,"-12.0,0.0,0.0","-96.0,0.0,0.0","-24.0,0.0,0.0","0.0,0.0,0.0","0,0,0"
1747092201.6204777,"-16.0,0.0,0.0","-95.0,0.0,0.0","-24.0,0.0,0.0","0.0,0.0,0.0","0,0,0"
1747092201.670698,"-31.0,0.0,0.0","-94.0,0.0,0.0","-24.0,0.0,0.0","0.0,0.0,0.0","0,0,0"
1747092201.721226,"-35.0,0.0,0.0","-91.0,0.0,0.0","-24.0,0.0,0.0","0.0,0.0,0.0","0,0,0"
1747092201.7720053,"-41.0,0.0,0.0","-88.0,0.0,0.0","-24.0,0.0,0.0","0.0,0.0,0.0","0,0,0"
1747092201.8226383,"-57.0,0.0,0.0","-68.0,0.0,0.0","0.0,0.0,0.0","0.0,0.0,0.0","0,0,0"
1747092201.8736987,"-60.0,0.0,0.0","-64.0,0.0,0.0","0.0,0.0,0.0","0.0,0.0,0.0","0,0,0"
1747092201.9240355,"-73.0,0.0,0.0","-53.0,0.0,0.0","0.0,0.0,0.0","0.0,0.0,0.0","0,0,0"
1747092201.9745507,"-74.0,0.0,0.0","-49.0,0.0,0.0","0.0,0.0,0.0","0.0,0.0,0.0","0,0,0"
1747092202.024843,"-77.0,0.0,0.0","-34.0,0.0,0.0","0.0,0.0,0.0","-8.0,0.0,0.0","0,0,0"
1747092202.0749178,"-80.0,0.0,0.0","-34.0,0.0,0.0","0.0,0.0,0.0","-8.0,0.0,0.0","0,0,0"
1747092202.125614,"-83.0,0.0,0.0","-34.0,0.0,0.0","0.0,0.0,0.0","-8.0,0.0,0.0","0,0,0"
1747092202.175995,"-84.0,0.0,0.0","-34.0,0.0,0.0","0.0,0.0,0.0","-8.0,0.0,0.0","0,0,0"
1747092202.226455,"-85.0,0.0,0.0","-35.0,0.0,0.0","0.0,0.0,0.0","-8.0,0.0,0.0","0,0,0"
1747092202.2774947,"-86.0,0.0,0.0","-35.0,0.0,0.0","0.0,0.0,0.0","-10.0,0.0,0.0","0,0,0"
1747092202.3279178,"-88.0,0.0,0.0","-49.0,0.0,0.0","0.0,0.0,0.0","0.0,0.0,0.0","0,0,0"
1747092202.3786519,"-92.0,0.0,0.0","-60.0,0.0,0.0","0.0,0.0,0.0","0.0,0.0,0.0","0,0,0"
1747092202.4289324,"-96.0,0.0,0.0","-78.0,0.0,0.0","0.0,0.0,0.0","0.0,0.0,0.0","0,0,0"
1747092202.479745,"-96.0,0.0,0.0","-79.0,0.0,0.0","0.0,0.0,0.0","0.0,0.0,0.0","0,0,0"
1747092202.5307124,"-96.0,0.0,0.0","-82.0,0.0,0.0","0.0,0.0,0.0","0.0,0.0,0.0","0,0,0"
1747092202.5807452,"-96.0,0.0,0.0","-94.0,0.0,0.0","0.0,0.0,0.0","0.0,0.0,0.0","0,0,0"
1747092202.6313787,"-96.0,0.0,0.0","-97.0,0.0,0.0","0.0,0.0,0.0","0.0,0.0,0.0","0,0,0"
1747092202.6825933,"-96.0,0.0,0.0","-97.0,0.0,0.0","0.0,0.0,0.0","0.0,0.0,0.0","0,0,0"
1747092202.73306,"-96.0,0.0,0.0","-97.0,0.0,0.0","0.0,0.0,0.0","0.0,0.0,0.0","0,0,0"
1747092202.7849526,"-96.0,0.0,0.0","-97.0,0.0,0.0","0.0,0.0,0.0","0.0,0.0,0.0","0,0,0"
1747092202.8353288,"-96.0,0.0,0.0","-100.0,0.0,0.0","0.0,0.0,0.0","0.0,0.0,0.0","0,0,0"
1747092202.8859022,"-97.0,0.0,0.0","-97.0,0.0,0.0","0.0,0.0,0.0","0.0,0.0,0.0","0,0,0"
1747092202.9362197,"-98.0,0.0,0.0","-94.0,0.0,0.0","0.0,0.0,0.0","0.0,0.0,0.0","0,0,0"
1747092202.9869096,"-98.0,0.0,0.0","-93.0,0.0,0.0","0.0,0.0,0.0","0.0,0.0,0.0","0,0,0"
1747092203.037505,"-98.0,0.0,0.0","-91.0,0.0,0.0","0.0,0.0,0.0","0.0,0.0,0.0","0,0,0"
1747092203.0875938,"-98.0,0.0,0.0","-90.0,0.0,0.0","0.0,0.0,0.0","0.0,0.0,0.0","0,0,0"
1747092203.13872,"-98.0,0.0,0.0","-89.0,0.0,0.0","0.0,0.0,0.0","0.0,0.0,0.0","0,0,0"
1747092203.1889057,"-96.0,0.0,0.0","-88.0,0.0,0.0","0.0,0.0,0.0","0.0,0.0,0.0","0,0,0"
1747092203.2415094,"-95.0,0.0,0.0","-88.0,0.0,0.0","0.0,0.0,0.0","0.0,0.0,0.0","0,0,0"
1747092203.2924855,"-94.0,0.0,0.0","-87.0,0.0,0.0","0.0,0.0,0.0","0.0,0.0,0.0","0,0,0"
1747092203.3424942,"-94.0,0.0,0.0","-87.0,0.0,0.0","0.0,0.0,0.0","0.0,0.0,0.0","0,0,0"
1747092203.3932998,"-94.0,0.0,0.0","-87.0,0.0,0.0","0.0,0.0,0.0","0.0,0.0,0.0","0,0,0"
1747092203.4438758,"-94.0,0.0,0.0","-87.0,0.0,0.0","0.0,0.0,0.0","0.0,0.0,0.0","0,0,0"
1747092203.4943957,"-94.0,0.0,0.0","-87.0,0.0,0.0","0.0,0.0,0.0","0.0,0.0,0.0","0,0,0"
1747092203.5453482,"-94.0,0.0,0.0","-87.0,0.0,0.0","0.0,0.0,0.0","0.0,0.0,0.0","0,0,0"
1747092203.5956905,"-95.0,0.0,0.0","-88.0,0.0,0.0","0.0,0.0,0.0","0.0,0.0,0.0","0,0,0"
1747092203.6459231,"-95.0,0.0,0.0","-88.0,0.0,0.0","0.0,0.0,0.0","0.0,0.0,0.0","0,0,0"
1747092203.696841,"-95.0,0.0,0.0","-88.0,0.0,0.0","0.0,0.0,0.0","0.0,0.0,0.0","0,0,0"
1747092203.747636,"-95.0,0.0,0.0","-88.0,0.0,0.0","0.0,0.0,0.0","0.0,0.0,0.0","0,0,0"
1747092203.7982948,"-96.0,0.0,0.0","-89.0,0.0,0.0","0.0,0.0,0.0","0.0,0.0,0.0","0,0,0"
1747092203.8490896,"-96.0,0.0,0.0","-89.0,0.0,0.0","0.0,0.0,0.0","0.0,0.0,0.0","0,0,0"
1747092203.8997445,"-95.0,0.0,0.0","-89.0,0.0,0.0","0.0,0.0,0.0","0.0,0.0,0.0","0,0,0"
1747092203.950332,"-96.0,0.0,0.0","-89.0,0.0,0.0","0.0,0.0,0.0","0.0,0.0,0.0","0,0,0"
1747092204.0008526,"-96.0,0.0,0.0","-89.0,0.0,0.0","0.0,0.0,0.0","0.0,0.0,0.0","0,0,0"
1747092204.0515604,"-96.0,0.0,0.0","-90.0,0.0,0.0","0.0,0.0,0.0","0.0,0.0,0.0","0,0,0"
1747092204.1016388,"-96.0,0.0,0.0","-90.0,0.0,0.0","0.0,0.0,0.0","0.0,0.0,0.0","0,0,0"
1747092204.1527348,"-98.0,0.0,0.0","-95.0,0.0,0.0","0.0,0.0,0.0","0.0,0.0,0.0","0,0,0"
1747092204.2030673,"-98.0,0.0,0.0","-98.0,0.0,0.0","0.0,0.0,0.0","0.0,0.0,0.0","0,0,0"
1747092204.2539275,"-98.0,0.0,0.0","-98.0,0.0,0.0","0.0,0.0,0.0","0.0,0.0,0.0","0,0,0"
1747092204.3065886,"-98.0,0.0,0.0","-98.0,0.0,0.0","0.0,0.0,0.0","0.0,0.0,0.0","0,0,0"
1747092204.3566718,"-98.0,0.0,0.0","-98.0,0.0,0.0","0.0,0.0,0.0","0.0,0.0,0.0","0,0,0"
1747092204.406801,"-98.0,0.0,0.0","-98.0,0.0,0.0","0.0,0.0,0.0","0.0,0.0,0.0","0,0,0"
1747092204.4578712,"-95.0,0.0,0.0","-96.0,0.0,0.0","0.0,0.0,0.0","0.0,0.0,0.0","0,0,0"
1747092204.508465,"-87.0,0.0,0.0","-87.0,0.0,0.0","0.0,0.0,0.0","0.0,0.0,0.0","0,0,0"
1747092204.558572,"-76.0,0.0,0.0","-71.0,0.0,0.0","0.0,0.0,0.0","0.0,0.0,0.0","0,0,0"
1747092204.6094978,"-71.0,0.0,0.0","-66.0,0.0,0.0","0.0,0.0,0.0","0.0,0.0,0.0","0,0,0"
1747092204.6617785,"-60.0,0.0,0.0","-56.0,0.0,0.0","0.0,0.0,0.0","0.0,0.0,0.0","0,0,0"
1747092204.7125027,"-43.0,0.0,0.0","-30.0,0.0,0.0","-24.0,0.0,0.0","-24.0,0.0,0.0","0,0,0"
1747092204.7722876,"-26.0,0.0,0.0","-4.0,0.0,0.0","-24.0,0.0,0.0","-4.0,0.0,0.0","0,0,0"
1747092204.8231049,"-17.0,0.0,0.0","8.0,0.0,0.0","-24.0,0.0,0.0","10.0,0.0,0.0","0,0,0"
1747092204.8736951,"-12.0,0.0,0.0","18.0,0.0,0.0","-24.0,0.0,0.0","14.0,0.0,0.0","0,0,0"
1747092204.9238756,"4.0,0.0,0.0","35.0,0.0,0.0","-24.0,0.0,0.0","29.0,0.0,0.0","0,0,0"
1747092204.9739766,"11.0,0.0,0.0","44.0,0.0,0.0","-24.0,0.0,0.0","35.0,0.0,0.0","0,0,0"
1747092205.0244808,"31.0,0.0,0.0","48.0,0.0,0.0","-24.0,0.0,0.0","0.0,0.0,0.0","0,0,0"
1747092205.0750623,"32.0,0.0,0.0","51.0,0.0,0.0","-24.0,0.0,0.0","0.0,0.0,0.0","0,0,0"
1747092205.126018,"57.0,0.0,0.0","61.0,0.0,0.0","0.0,0.0,0.0","0.0,0.0,0.0","0,0,0"
1747092205.1762588,"59.0,0.0,0.0","65.0,0.0,0.0","0.0,0.0,0.0","0.0,0.0,0.0","0,0,0"
1747092205.227222,"68.0,0.0,0.0","70.0,0.0,0.0","0.0,0.0,0.0","0.0,0.0,0.0","0,0,0"
1747092205.2775545,"71.0,0.0,0.0","71.0,0.0,0.0","0.0,0.0,0.0","0.0,0.0,0.0","0,0,0"
1747092205.3277516,"77.0,0.0,0.0","73.0,0.0,0.0","0.0,0.0,0.0","0.0,0.0,0.0","0,0,0"
1747092205.3785248,"83.0,0.0,0.0","75.0,0.0,0.0","0.0,0.0,0.0","0.0,0.0,0.0","0,0,0"
1747092205.428685,"83.0,0.0,0.0","75.0,0.0,0.0","0.0,0.0,0.0","0.0,0.0,0.0","0,0,0"
1747092205.4789877,"88.0,0.0,0.0","79.0,0.0,0.0","0.0,0.0,0.0","0.0,0.0,0.0","0,0,0"
1747092205.5297627,"90.0,0.0,0.0","80.0,0.0,0.0","0.0,0.0,0.0","0.0,0.0,0.0","0,0,0"
1747092205.5805297,"90.0,0.0,0.0","81.0,0.0,0.0","0.0,0.0,0.0","0.0,0.0,0.0","0,0,0"
1747092205.630695,"90.0,0.0,0.0","81.0,0.0,0.0","0.0,0.0,0.0","0.0,0.0,0.0","0,0,0"
1747092205.6816452,"91.0,0.0,0.0","81.0,0.0,0.0","0.0,0.0,0.0","0.0,0.0,0.0","0,0,0"
1747092205.7318845,"92.0,0.0,0.0","81.0,0.0,0.0","0.0,0.0,0.0","0.0,0.0,0.0","0,0,0"
1747092205.782652,"93.0,0.0,0.0","81.0,0.0,0.0","0.0,0.0,0.0","0.0,0.0,0.0","0,0,0"
1747092205.832753,"93.0,0.0,0.0","81.0,0.0,0.0","0.0,0.0,0.0","0.0,0.0,0.0","0,0,0"
1747092205.8828294,"94.0,0.0,0.0","81.0,0.0,0.0","0.0,0.0,0.0","0.0,0.0,0.0","0,0,0"
1747092205.9329116,"94.0,0.0,0.0","81.0,0.0,0.0","0.0,0.0,0.0","0.0,0.0,0.0","0,0,0"
1747092205.9834623,"94.0,0.0,0.0","81.0,0.0,0.0","0.0,0.0,0.0","0.0,0.0,0.0","0,0,0"
1747092206.0336466,"95.0,0.0,0.0","81.0,0.0,0.0","0.0,0.0,0.0","0.0,0.0,0.0","0,0,0"
1747092206.0837355,"94.0,0.0,0.0","81.0,0.0,0.0","0.0,0.0,0.0","0.0,0.0,0.0","0,0,0"
1747092206.1344647,"94.0,0.0,0.0","81.0,0.0,0.0","0.0,0.0,0.0","0.0,0.0,0.0","0,0,0"
1747092206.1845026,"94.0,0.0,0.0","81.0,0.0,0.0","0.0,0.0,0.0","0.0,0.0,0.0","0,0,0"
1747092206.2357264,"94.0,0.0,0.0","81.0,0.0,0.0","0.0,0.0,0.0","0.0,0.0,0.0","0,0,0"
1747092206.286604,"93.0,0.0,0.0","80.0,0.0,0.0","0.0,0.0,0.0","0.0,0.0,0.0","0,0,0"
1747092206.3373504,"93.0,0.0,0.0","80.0,0.0,0.0","0.0,0.0,0.0","0.0,0.0,0.0","0,0,0"
1747092206.389569,"92.0,0.0,0.0","79.0,0.0,0.0","0.0,0.0,0.0","0.0,0.0,0.0","0,0,0"
1747092206.4396572,"91.0,0.0,0.0","79.0,0.0,0.0","0.0,0.0,0.0","0.0,0.0,0.0","0,0,0"
1747092206.4898639,"91.0,0.0,0.0","79.0,0.0,0.0","0.0,0.0,0.0","0.0,0.0,0.0","0,0,0"
1747092206.5405238,"88.0,0.0,0.0","79.0,0.0,0.0","0.0,0.0,0.0","0.0,0.0,0.0","0,0,0"
1747092206.590652,"86.0,0.0,0.0","78.0,0.0,0.0","0.0,0.0,0.0","0.0,0.0,0.0","0,0,0"
1747092206.6427467,"84.0,0.0,0.0","77.0,0.0,0.0","0.0,0.0,0.0","0.0,0.0,0.0","0,0,0"
1747092206.6935446,"82.0,0.0,0.0","77.0,0.0,0.0","0.0,0.0,0.0","0.0,0.0,0.0","0,0,0"
1747092206.7439783,"71.0,0.0,0.0","68.0,0.0,0.0","0.0,0.0,0.0","0.0,0.0,0.0","0,0,0"
1747092206.7944956,"62.0,0.0,0.0","57.0,0.0,0.0","0.0,0.0,0.0","0.0,0.0,0.0","0,0,0"
1747092206.8454766,"53.0,0.0,0.0","47.0,0.0,0.0","0.0,0.0,0.0","0.0,0.0,0.0","0,0,0"
1747092206.895641,"35.0,0.0,0.0","55.0,0.0,0.0","-24.0,0.0,0.0","0.0,0.0,0.0","0,0,0"
1747092206.945993,"25.0,0.0,0.0","41.0,0.0,0.0","-24.0,0.0,0.0","33.0,0.0,0.0","0,0,0"
1747092206.99657,"19.0,0.0,0.0","36.0,0.0,0.0","-24.0,0.0,0.0","27.0,0.0,0.0","0,0,0"
1747092207.0466537,"-4.0,0.0,0.0","5.0,0.0,0.0","-24.0,0.0,0.0","4.0,0.0,0.0","0,0,0"
1747092207.0976539,"-7.0,0.0,0.0","1.0,0.0,0.0","-24.0,0.0,0.0","0.0,0.0,0.0","0,0,0"
1747092207.1477253,"-30.0,0.0,0.0","-22.0,0.0,0.0","-24.0,0.0,0.0","-25.0,0.0,0.0","0,0,0"
1747092207.1985908,"-39.0,0.0,0.0","-48.0,0.0,0.0","-24.0,0.0,0.0","0.0,0.0,0.0","0,0,0"
1747092207.2486203,"-54.0,0.0,0.0","-67.0,0.0,0.0","0.0,0.0,0.0","0.0,0.0,0.0","0,0,0"
1747092207.2987342,"-54.0,0.0,0.0","-67.0,0.0,0.0","0.0,0.0,0.0","0.0,0.0,0.0","0,0,0"
1747092207.3488643,"-78.0,0.0,0.0","-83.0,0.0,0.0","0.0,0.0,0.0","0.0,0.0,0.0","0,0,0"
1747092207.398872,"-85.0,0.0,0.0","-91.0,0.0,0.0","0.0,0.0,0.0","0.0,0.0,0.0","0,0,0"
1747092207.4495232,"-95.0,0.0,0.0","-92.0,0.0,0.0","0.0,0.0,0.0","0.0,0.0,0.0","0,0,0"
1747092207.5011284,"-96.0,0.0,0.0","-95.0,0.0,0.0","0.0,0.0,0.0","0.0,0.0,0.0","0,0,0"
1747092207.551824,"-99.0,0.0,0.0","-97.0,0.0,0.0","0.0,0.0,0.0","0.0,0.0,0.0","0,0,0"
1747092207.602637,"-101.0,0.0,0.0","-97.0,0.0,0.0","0.0,0.0,0.0","0.0,0.0,0.0","0,0,0"
1747092207.6526961,"-101.0,0.0,0.0","-97.0,0.0,0.0","0.0,0.0,0.0","0.0,0.0,0.0","0,0,0"
1747092207.7028177,"-101.0,0.0,0.0","-97.0,0.0,0.0","0.0,0.0,0.0","0.0,0.0,0.0","0,0,0"
1747092207.753604,"-100.0,0.0,0.0","-97.0,0.0,0.0","0.0,0.0,0.0","0.0,0.0,0.0","0,0,0"
1747092207.8036723,"-98.0,0.0,0.0","-95.0,0.0,0.0","0.0,0.0,0.0","0.0,0.0,0.0","0,0,0"
1747092207.8537617,"-96.0,0.0,0.0","-92.0,0.0,0.0","0.0,0.0,0.0","0.0,0.0,0.0","0,0,0"
1747092207.9038694,"-97.0,0.0,0.0","-89.0,0.0,0.0","0.0,0.0,0.0","0.0,0.0,0.0","0,0,0"
1747092207.9544432,"-97.0,0.0,0.0","-89.0,0.0,0.0","0.0,0.0,0.0","0.0,0.0,0.0","0,0,0"
1747092208.0044534,"-97.0,0.0,0.0","-89.0,0.0,0.0","0.0,0.0,0.0","0.0,0.0,0.0","0,0,0"
1747092208.055396,"-97.0,0.0,0.0","-89.0,0.0,0.0","0.0,0.0,0.0","0.0,0.0,0.0","0,0,0"
1747092208.1060257,"-96.0,0.0,0.0","-89.0,0.0,0.0","0.0,0.0,0.0","0.0,0.0,0.0","0,0,0"
1747092208.1565776,"-97.0,0.0,0.0","-90.0,0.0,0.0","0.0,0.0,0.0","0.0,0.0,0.0","0,0,0"
1747092208.2071877,"-97.0,0.0,0.0","-91.0,0.0,0.0","0.0,0.0,0.0","0.0,0.0,0.0","0,0,0"
1747092208.2574248,"-97.0,0.0,0.0","-93.0,0.0,0.0","0.0,0.0,0.0","0.0,0.0,0.0","0,0,0"
1747092208.308456,"-97.0,0.0,0.0","-93.0,0.0,0.0","0.0,0.0,0.0","0.0,0.0,0.0","0,0,0"
1747092208.3594012,"-99.0,0.0,0.0","-94.0,0.0,0.0","0.0,0.0,0.0","0.0,0.0,0.0","0,0,0"
1747092208.4097126,"-99.0,0.0,0.0","-95.0,0.0,0.0","0.0,0.0,0.0","0.0,0.0,0.0","0,0,0"
1747092208.4618206,"-98.0,0.0,0.0","-98.0,0.0,0.0","0.0,0.0,0.0","0.0,0.0,0.0","0,0,0"
1747092208.5126674,"-97.0,0.0,0.0","-98.0,0.0,0.0","0.0,0.0,0.0","0.0,0.0,0.0","0,0,0"
1747092208.5635276,"-96.0,0.0,0.0","-98.0,0.0,0.0","0.0,0.0,0.0","0.0,0.0,0.0","0,0,0"
1747092208.6138778,"-96.0,0.0,0.0","-98.0,0.0,0.0","0.0,0.0,0.0","0.0,0.0,0.0","0,0,0"
1747092208.6645443,"-89.0,0.0,0.0","-93.0,0.0,0.0","0.0,0.0,0.0","0.0,0.0,0.0","0,0,0"
1747092208.7154076,"-86.0,0.0,0.0","-90.0,0.0,0.0","0.0,0.0,0.0","0.0,0.0,0.0","0,0,0"
1747092208.7676322,"-72.0,0.0,0.0","-71.0,0.0,0.0","0.0,0.0,0.0","0.0,0.0,0.0","0,0,0"
1747092208.8187346,"-60.0,0.0,0.0","-59.0,0.0,0.0","0.0,0.0,0.0","0.0,0.0,0.0","0,0,0"
1747092208.869781,"-42.0,0.0,0.0","-39.0,0.0,0.0","-24.0,0.0,0.0","-40.0,0.0,0.0","0,0,0"
1747092208.9245965,"-31.0,0.0,0.0","-21.0,0.0,0.0","-24.0,0.0,0.0","-18.0,0.0,0.0","0,0,0"
1747092208.9765642,"-13.0,0.0,0.0","7.0,0.0,0.0","-24.0,0.0,0.0","6.0,0.0,0.0","0,0,0"
1747092209.026664,"-9.0,0.0,0.0","12.0,0.0,0.0","-24.0,0.0,0.0","9.0,0.0,0.0","0,0,0"
1747092209.0776873,"9.0,0.0,0.0","37.0,0.0,0.0","-24.0,0.0,0.0","29.0,0.0,0.0","0,0,0"
1747092209.128292,"12.0,0.0,0.0","41.0,0.0,0.0","-24.0,0.0,0.0","31.0,0.0,0.0","0,0,0"
1747092209.1785908,"22.0,0.0,0.0","53.0,0.0,0.0","-24.0,0.0,0.0","0.0,0.0,0.0","0,0,0"
1747092209.2294884,"30.0,0.0,0.0","58.0,0.0,0.0","-24.0,0.0,0.0","0.0,0.0,0.0","0,0,0"
1747092209.2802465,"45.0,0.0,0.0","52.0,0.0,0.0","0.0,0.0,0.0","0.0,0.0,0.0","0,0,0"
1747092209.3308947,"54.0,0.0,0.0","60.0,0.0,0.0","0.0,0.0,0.0","0.0,0.0,0.0","0,0,0"
1747092209.3817503,"64.0,0.0,0.0","68.0,0.0,0.0","0.0,0.0,0.0","0.0,0.0,0.0","0,0,0"
1747092209.4323866,"69.0,0.0,0.0","72.0,0.0,0.0","0.0,0.0,0.0","0.0,0.0,0.0","0,0,0"
1747092209.4833875,"74.0,0.0,0.0","72.0,0.0,0.0","0.0,0.0,0.0","0.0,0.0,0.0","0,0,0"
1747092209.5338304,"78.0,0.0,0.0","73.0,0.0,0.0","0.0,0.0,0.0","0.0,0.0,0.0","0,0,0"
1747092209.5839634,"81.0,0.0,0.0","78.0,0.0,0.0","0.0,0.0,0.0","0.0,0.0,0.0","0,0,0"
1747092209.6347497,"83.0,0.0,0.0","78.0,0.0,0.0","0.0,0.0,0.0","0.0,0.0,0.0","0,0,0"
1747092209.6856437,"87.0,0.0,0.0","78.0,0.0,0.0","0.0,0.0,0.0","0.0,0.0,0.0","0,0,0"
1747092209.7372088,"88.0,0.0,0.0","79.0,0.0,0.0","0.0,0.0,0.0","0.0,0.0,0.0","0,0,0"
1747092209.7878573,"89.0,0.0,0.0","79.0,0.0,0.0","0.0,0.0,0.0","0.0,0.0,0.0","0,0,0"
1747092209.8453782,"91.0,0.0,0.0","79.0,0.0,0.0","0.0,0.0,0.0","0.0,0.0,0.0","0,0,0"
1747092209.8958561,"91.0,0.0,0.0","79.0,0.0,0.0","0.0,0.0,0.0","0.0,0.0,0.0","0,0,0"
1747092209.9653115,"91.0,0.0,0.0","79.0,0.0,0.0","0.0,0.0,0.0","0.0,0.0,0.0","0,0,0"
1747092210.0177867,"91.0,0.0,0.0","79.0,0.0,0.0","0.0,0.0,0.0","0.0,0.0,0.0","0,0,0"
1747092210.0683904,"91.0,0.0,0.0","79.0,0.0,0.0","0.0,0.0,0.0","0.0,0.0,0.0","0,0,0"
1747092210.1198602,"91.0,0.0,0.0","79.0,0.0,0.0","0.0,0.0,0.0","0.0,0.0,0.0","0,0,0"
1747092210.1706173,"90.0,0.0,0.0","79.0,0.0,0.0","0.0,0.0,0.0","0.0,0.0,0.0","0,0,0"
1747092210.220906,"89.0,0.0,0.0","79.0,0.0,0.0","0.0,0.0,0.0","0.0,0.0,0.0","0,0,0"
1747092210.2713587,"88.0,0.0,0.0","79.0,0.0,0.0","0.0,0.0,0.0","0.0,0.0,0.0","0,0,0"
1747092210.3214786,"86.0,0.0,0.0","78.0,0.0,0.0","0.0,0.0,0.0","0.0,0.0,0.0","0,0,0"
1747092210.372417,"84.0,0.0,0.0","76.0,0.0,0.0","0.0,0.0,0.0","0.0,0.0,0.0","0,0,0"
1747092210.4226127,"80.0,0.0,0.0","74.0,0.0,0.0","0.0,0.0,0.0","0.0,0.0,0.0","0,0,0"
1747092210.4726913,"74.0,0.0,0.0","70.0,0.0,0.0","0.0,0.0,0.0","0.0,0.0,0.0","0,0,0"
1747092210.523537,"71.0,0.0,0.0","67.0,0.0,0.0","0.0,0.0,0.0","0.0,0.0,0.0","0,0,0"
1747092210.5736508,"62.0,0.0,0.0","59.0,0.0,0.0","0.0,0.0,0.0","0.0,0.0,0.0","0,0,0"
1747092210.6237526,"59.0,0.0,0.0","58.0,0.0,0.0","0.0,0.0,0.0","0.0,0.0,0.0","0,0,0"
1747092210.674635,"55.0,0.0,0.0","51.0,0.0,0.0","0.0,0.0,0.0","0.0,0.0,0.0","0,0,0"
1747092210.7247534,"30.0,0.0,0.0","53.0,0.0,0.0","-24.0,0.0,0.0","0.0,0.0,0.0","0,0,0"
1747092210.775978,"14.0,0.0,0.0","35.0,0.0,0.0","-24.0,0.0,0.0","32.0,0.0,0.0","0,0,0"
1747092210.826852,"11.0,0.0,0.0","30.0,0.0,0.0","-24.0,0.0,0.0","30.0,0.0,0.0","0,0,0"
1747092210.8778677,"-5.0,0.0,0.0","15.0,0.0,0.0","-24.0,0.0,0.0","16.0,0.0,0.0","0,0,0"
1747092210.9284654,"-19.0,0.0,0.0","-6.0,0.0,0.0","-24.0,0.0,0.0","-8.0,0.0,0.0","0,0,0"
1747092210.9787698,"-36.0,0.0,0.0","-33.0,0.0,0.0","-24.0,0.0,0.0","-26.0,0.0,0.0","0,0,0"
1747092211.0295374,"-50.0,0.0,0.0","-51.0,0.0,0.0","0.0,0.0,0.0","0.0,0.0,0.0","0,0,0"
1747092211.0796263,"-62.0,0.0,0.0","-62.0,0.0,0.0","0.0,0.0,0.0","0.0,0.0,0.0","0,0,0"
1747092211.1297364,"-74.0,0.0,0.0","-75.0,0.0,0.0","0.0,0.0,0.0","0.0,0.0,0.0","0,0,0"
1747092211.1816063,"-86.0,0.0,0.0","-82.0,0.0,0.0","0.0,0.0,0.0","0.0,0.0,0.0","0,0,0"
1747092211.231742,"-92.0,0.0,0.0","-92.0,0.0,0.0","0.0,0.0,0.0","0.0,0.0,0.0","0,0,0"
1747092211.2845154,"-98.0,0.0,0.0","-97.0,0.0,0.0","0.0,0.0,0.0","0.0,0.0,0.0","0,0,0"
1747092211.334667,"-98.0,0.0,0.0","-100.0,0.0,0.0","0.0,0.0,0.0","0.0,0.0,0.0","0,0,0"
1747092211.38508,"-98.0,0.0,0.0","-100.0,0.0,0.0","0.0,0.0,0.0","0.0,0.0,0.0","0,0,0"
1747092211.4352586,"-98.0,0.0,0.0","-100.0,0.0,0.0","0.0,0.0,0.0","0.0,0.0,0.0","0,0,0"
1747092211.4859166,"-98.0,0.0,0.0","-100.0,0.0,0.0","0.0,0.0,0.0","0.0,0.0,0.0","0,0,0"
1747092211.5361297,"-98.0,0.0,0.0","-99.0,0.0,0.0","0.0,0.0,0.0","0.0,0.0,0.0","0,0,0"
1747092211.586684,"-98.0,0.0,0.0","-97.0,0.0,0.0","0.0,0.0,0.0","0.0,0.0,0.0","0,0,0"
1747092211.6369739,"-97.0,0.0,0.0","-96.0,0.0,0.0","0.0,0.0,0.0","0.0,0.0,0.0","0,0,0"
1747092211.687391,"-97.0,0.0,0.0","-91.0,0.0,0.0","0.0,0.0,0.0","0.0,0.0,0.0","0,0,0"
1747092211.7387886,"-97.0,0.0,0.0","-89.0,0.0,0.0","0.0,0.0,0.0","0.0,0.0,0.0","0,0,0"
1747092211.7893813,"-97.0,0.0,0.0","-89.0,0.0,0.0","0.0,0.0,0.0","0.0,0.0,0.0","0,0,0"
1747092211.839862,"-97.0,0.0,0.0","-88.0,0.0,0.0","0.0,0.0,0.0","0.0,0.0,0.0","0,0,0"
1747092211.8905156,"-97.0,0.0,0.0","-88.0,0.0,0.0","0.0,0.0,0.0","0.0,0.0,0.0","0,0,0"
1747092211.9406052,"-97.0,0.0,0.0","-88.0,0.0,0.0","0.0,0.0,0.0","0.0,0.0,0.0","0,0,0"
1747092211.9914346,"-97.0,0.0,0.0","-88.0,0.0,0.0","0.0,0.0,0.0","0.0,0.0,0.0","0,0,0"
1747092212.0416172,"-96.0,0.0,0.0","-88.0,0.0,0.0","0.0,0.0,0.0","0.0,0.0,0.0","0,0,0"
1747092212.0917425,"-95.0,0.0,0.0","-88.0,0.0,0.0","0.0,0.0,0.0","0.0,0.0,0.0","0,0,0"
1747092212.1424067,"-96.0,0.0,0.0","-88.0,0.0,0.0","0.0,0.0,0.0","0.0,0.0,0.0","0,0,0"
1747092212.1935675,"-96.0,0.0,0.0","-88.0,0.0,0.0","0.0,0.0,0.0","0.0,0.0,0.0","0,0,0"
1747092212.2436645,"-96.0,0.0,0.0","-88.0,0.0,0.0","0.0,0.0,0.0","0.0,0.0,0.0","0,0,0"
1747092212.2944403,"-96.0,0.0,0.0","-88.0,0.0,0.0","0.0,0.0,0.0","0.0,0.0,0.0","0,0,0"
1747092212.3445885,"-96.0,0.0,0.0","-88.0,0.0,0.0","0.0,0.0,0.0","0.0,0.0,0.0","0,0,0"
1747092212.3947423,"-98.0,0.0,0.0","-88.0,0.0,0.0","0.0,0.0,0.0","0.0,0.0,0.0","0,0,0"
1747092212.4447947,"-98.0,0.0,0.0","-88.0,0.0,0.0","0.0,0.0,0.0","0.0,0.0,0.0","0,0,0"
1747092212.495602,"-98.0,0.0,0.0","-88.0,0.0,0.0","0.0,0.0,0.0","0.0,0.0,0.0","0,0,0"
1747092212.5457625,"-98.0,0.0,0.0","-88.0,0.0,0.0","0.0,0.0,0.0","0.0,0.0,0.0","0,0,0"
1747092212.5965548,"-98.0,0.0,0.0","-88.0,0.0,0.0","0.0,0.0,0.0","0.0,0.0,0.0","0,0,0"
1747092212.647254,"-96.0,0.0,0.0","-88.0,0.0,0.0","0.0,0.0,0.0","0.0,0.0,0.0","0,0,0"
1747092212.6975317,"-93.0,0.0,0.0","-87.0,0.0,0.0","0.0,0.0,0.0","0.0,0.0,0.0","0,0,0"
1747092212.748758,"-84.0,0.0,0.0","-87.0,0.0,0.0","0.0,0.0,0.0","0.0,0.0,0.0","0,0,0"
1747092212.7997172,"-72.0,0.0,0.0","-88.0,0.0,0.0","0.0,0.0,0.0","0.0,0.0,0.0","0,0,0"
1747092212.850358,"-51.0,0.0,0.0","-87.0,0.0,0.0","0.0,0.0,0.0","0.0,0.0,0.0","0,0,0"
1747092212.901213,"-37.0,0.0,0.0","-87.0,0.0,0.0","-24.0,0.0,0.0","0.0,0.0,0.0","0,0,0"
1747092212.9549663,"-27.0,0.0,0.0","-87.0,0.0,0.0","-24.0,0.0,0.0","0.0,0.0,0.0","0,0,0"
1747092213.005183,"-15.0,0.0,0.0","-87.0,0.0,0.0","-24.0,0.0,0.0","0.0,0.0,0.0","0,0,0"
1747092213.0558138,"-6.0,0.0,0.0","-88.0,0.0,0.0","-24.0,0.0,0.0","0.0,0.0,0.0","0,0,0"
1747092213.1061144,"-6.0,0.0,0.0","-88.0,0.0,0.0","-24.0,0.0,0.0","0.0,0.0,0.0","0,0,0"
1747092213.1562822,"-2.0,0.0,0.0","-88.0,0.0,0.0","-24.0,0.0,0.0","0.0,0.0,0.0","0,0,0"
1747092213.2068944,"0.0,0.0,0.0","-88.0,0.0,0.0","-24.0,0.0,0.0","0.0,0.0,0.0","0,0,0"
1747092213.2574482,"3.0,0.0,0.0","-88.0,0.0,0.0","-24.0,0.0,0.0","0.0,0.0,0.0","0,0,0"
1747092213.3087378,"3.0,0.0,0.0","-88.0,0.0,0.0","-24.0,0.0,0.0","0.0,0.0,0.0","0,0,0"
1747092213.359789,"5.0,0.0,0.0","-88.0,0.0,0.0","-24.0,0.0,0.0","0.0,0.0,0.0","0,0,0"
1747092213.409996,"6.0,0.0,0.0","-88.0,0.0,0.0","-24.0,0.0,0.0","0.0,0.0,0.0","0,0,0"
1747092213.4605622,"6.0,0.0,0.0","-88.0,0.0,0.0","-24.0,0.0,0.0","0.0,0.0,0.0","0,0,0"
1747092213.5110283,"6.0,0.0,0.0","-88.0,0.0,0.0","-24.0,0.0,0.0","0.0,0.0,0.0","0,0,0"
1747092213.561951,"5.0,0.0,0.0","-88.0,0.0,0.0","-24.0,0.0,0.0","0.0,0.0,0.0","0,0,0"
1747092213.612516,"4.0,0.0,0.0","-88.0,0.0,0.0","-24.0,0.0,0.0","0.0,0.0,0.0","0,0,0"
1747092213.6631956,"4.0,0.0,0.0","-88.0,0.0,0.0","-24.0,0.0,0.0","0.0,0.0,0.0","0,0,0"
1747092213.7133796,"-1.0,0.0,0.0","-88.0,0.0,0.0","-24.0,0.0,0.0","0.0,0.0,0.0","0,0,0"
1747092213.7634,"-2.0,0.0,0.0","-88.0,0.0,0.0","-24.0,0.0,0.0","0.0,0.0,0.0","0,0,0"
1747092213.8134832,"-4.0,0.0,0.0","-88.0,0.0,0.0","-24.0,0.0,0.0","0.0,0.0,0.0","0,0,0"
1747092213.8637414,"-20.0,0.0,0.0","-88.0,0.0,0.0","-24.0,0.0,0.0","0.0,0.0,0.0","0,0,0"
1747092213.9140308,"-29.0,0.0,0.0","-88.0,0.0,0.0","-24.0,0.0,0.0","0.0,0.0,0.0","0,0,0"
1747092213.9640965,"-42.0,0.0,0.0","-88.0,0.0,0.0","-24.0,0.0,0.0","0.0,0.0,0.0","0,0,0"
1747092214.0152595,"-50.0,0.0,0.0","-88.0,0.0,0.0","0.0,0.0,0.0","0.0,0.0,0.0","0,0,0"
1747092214.066007,"-65.0,0.0,0.0","-88.0,0.0,0.0","0.0,0.0,0.0","0.0,0.0,0.0","0,0,0"
1747092214.1165907,"-72.0,0.0,0.0","-88.0,0.0,0.0","0.0,0.0,0.0","0.0,0.0,0.0","0,0,0"
1747092214.1673744,"-86.0,0.0,0.0","-88.0,0.0,0.0","0.0,0.0,0.0","0.0,0.0,0.0","0,0,0"
1747092214.2186034,"-91.0,0.0,0.0","-88.0,0.0,0.0","0.0,0.0,0.0","0.0,0.0,0.0","0,0,0"
1747092214.269637,"-97.0,0.0,0.0","-88.0,0.0,0.0","0.0,0.0,0.0","0.0,0.0,0.0","0,0,0"
1747092214.319717,"-98.0,0.0,0.0","-88.0,0.0,0.0","0.0,0.0,0.0","0.0,0.0,0.0","0,0,0"
1747092214.3704224,"-98.0,0.0,0.0","-88.0,0.0,0.0","0.0,0.0,0.0","0.0,0.0,0.0","0,0,0"
1747092214.4204469,"-98.0,0.0,0.0","-88.0,0.0,0.0","0.0,0.0,0.0","0.0,0.0,0.0","0,0,0"
1747092214.4710445,"-98.0,0.0,0.0","-88.0,0.0,0.0","0.0,0.0,0.0","0.0,0.0,0.0","0,0,0"
1747092214.5215392,"-98.0,0.0,0.0","-88.0,0.0,0.0","0.0,0.0,0.0","0.0,0.0,0.0","0,0,0"
1747092214.5716856,"-97.0,0.0,0.0","-88.0,0.0,0.0","0.0,0.0,0.0","0.0,0.0,0.0","0,0,0"
1747092214.6226425,"-97.0,0.0,0.0","-88.0,0.0,0.0","0.0,0.0,0.0","0.0,0.0,0.0","0,0,0"
1747092214.673387,"-97.0,0.0,0.0","-88.0,0.0,0.0","0.0,0.0,0.0","0.0,0.0,0.0","0,0,0"
1747092214.7240443,"-96.0,0.0,0.0","-88.0,0.0,0.0","0.0,0.0,0.0","0.0,0.0,0.0","0,0,0"
1747092214.774632,"-96.0,0.0,0.0","-88.0,0.0,0.0","0.0,0.0,0.0","0.0,0.0,0.0","0,0,0"
1747092214.8254478,"-96.0,0.0,0.0","-88.0,0.0,0.0","0.0,0.0,0.0","0.0,0.0,0.0","0,0,0"
1747092214.8758442,"-96.0,0.0,0.0","-88.0,0.0,0.0","0.0,0.0,0.0","0.0,0.0,0.0","0,0,0"
1747092214.9348686,"-96.0,0.0,0.0","-88.0,0.0,0.0","0.0,0.0,0.0","0.0,0.0,0.0","0,0,0"
1747092214.9848828,"-96.0,0.0,0.0","-88.0,0.0,0.0","0.0,0.0,0.0","0.0,0.0,0.0","0,0,0"
1747092215.0358477,"-96.0,0.0,0.0","-88.0,0.0,0.0","0.0,0.0,0.0","0.0,0.0,0.0","0,0,0"
1747092215.086425,"-96.0,0.0,0.0","-89.0,0.0,0.0","0.0,0.0,0.0","0.0,0.0,0.0","0,0,0"
1747092215.1372502,"-96.0,0.0,0.0","-89.0,0.0,0.0","0.0,0.0,0.0","0.0,0.0,0.0","0,0,0"
1747092215.1876185,"-96.0,0.0,0.0","-93.0,0.0,0.0","0.0,0.0,0.0","0.0,0.0,0.0","0,0,0"
1747092215.2384202,"-96.0,0.0,0.0","-95.0,0.0,0.0","0.0,0.0,0.0","0.0,0.0,0.0","0,0,0"
1747092215.2895355,"-96.0,0.0,0.0","-100.0,0.0,0.0","0.0,0.0,0.0","0.0,0.0,0.0","0,0,0"
1747092215.3396952,"-96.0,0.0,0.0","-102.0,0.0,0.0","0.0,0.0,0.0","0.0,0.0,0.0","0,0,0"
1747092215.3906739,"-96.0,0.0,0.0","-102.0,0.0,0.0","0.0,0.0,0.0","0.0,0.0,0.0","0,0,0"
1747092215.4407952,"-96.0,0.0,0.0","-102.0,0.0,0.0","0.0,0.0,0.0","0.0,0.0,0.0","0,0,0"
1747092215.491439,"-96.0,0.0,0.0","-102.0,0.0,0.0","0.0,0.0,0.0","0.0,0.0,0.0","0,0,0"
1747092215.54161,"-96.0,0.0,0.0","-102.0,0.0,0.0","0.0,0.0,0.0","0.0,0.0,0.0","0,0,0"
1747092215.5917356,"-96.0,0.0,0.0","-98.0,0.0,0.0","0.0,0.0,0.0","0.0,0.0,0.0","0,0,0"
1747092215.6436129,"-96.0,0.0,0.0","-83.0,0.0,0.0","0.0,0.0,0.0","0.0,0.0,0.0","0,0,0"
1747092215.6944318,"-96.0,0.0,0.0","-75.0,0.0,0.0","0.0,0.0,0.0","0.0,0.0,0.0","0,0,0"
1747092215.7445278,"-97.0,0.0,0.0","-67.0,0.0,0.0","0.0,0.0,0.0","0.0,0.0,0.0","0,0,0"
1747092215.7946043,"-96.0,0.0,0.0","-48.0,0.0,0.0","0.0,0.0,0.0","0.0,0.0,0.0","0,0,0"
1747092215.8448055,"-96.0,0.0,0.0","-38.0,0.0,0.0","0.0,0.0,0.0","-33.0,0.0,0.0","0,0,0"
1747092215.8952851,"-96.0,0.0,0.0","-28.0,0.0,0.0","0.0,0.0,0.0","-19.0,0.0,0.0","0,0,0"
1747092215.9454246,"-96.0,0.0,0.0","-5.0,0.0,0.0","0.0,0.0,0.0","7.0,0.0,0.0","0,0,0"
1747092215.99546,"-96.0,0.0,0.0","8.0,0.0,0.0","0.0,0.0,0.0","23.0,0.0,0.0","0,0,0"
1747092216.0456085,"-97.0,0.0,0.0","11.0,0.0,0.0","0.0,0.0,0.0","30.0,0.0,0.0","0,0,0"
1747092216.095681,"-97.0,0.0,0.0","18.0,0.0,0.0","0.0,0.0,0.0","39.0,0.0,0.0","0,0,0"
1747092216.145749,"-97.0,0.0,0.0","20.0,0.0,0.0","0.0,0.0,0.0","44.0,0.0,0.0","0,0,0"
1747092216.1960511,"-97.0,0.0,0.0","20.0,0.0,0.0","0.0,0.0,0.0","44.0,0.0,0.0","0,0,0"
1747092216.2466989,"-97.0,0.0,0.0","20.0,0.0,0.0","0.0,0.0,0.0","48.0,0.0,0.0","0,0,0"
1747092216.297351,"-97.0,0.0,0.0","20.0,0.0,0.0","0.0,0.0,0.0","48.0,0.0,0.0","0,0,0"
1747092216.3474405,"-97.0,0.0,0.0","20.0,0.0,0.0","0.0,0.0,0.0","48.0,0.0,0.0","0,0,0"
1747092216.3985188,"-97.0,0.0,0.0","19.0,0.0,0.0","0.0,0.0,0.0","48.0,0.0,0.0","0,0,0"
1747092216.449408,"-96.0,0.0,0.0","18.0,0.0,0.0","0.0,0.0,0.0","48.0,0.0,0.0","0,0,0"
1747092216.4996436,"-96.0,0.0,0.0","17.0,0.0,0.0","0.0,0.0,0.0","46.0,0.0,0.0","0,0,0"
1747092216.5502415,"-96.0,0.0,0.0","16.0,0.0,0.0","0.0,0.0,0.0","44.0,0.0,0.0","0,0,0"
1747092216.6004887,"-96.0,0.0,0.0","16.0,0.0,0.0","0.0,0.0,0.0","43.0,0.0,0.0","0,0,0"
1747092216.6507041,"-96.0,0.0,0.0","15.0,0.0,0.0","0.0,0.0,0.0","41.0,0.0,0.0","0,0,0"
1747092216.7007961,"-96.0,0.0,0.0","12.0,0.0,0.0","0.0,0.0,0.0","38.0,0.0,0.0","0,0,0"
1747092216.7513616,"-96.0,0.0,0.0","7.0,0.0,0.0","0.0,0.0,0.0","35.0,0.0,0.0","0,0,0"
1747092216.8017108,"-96.0,0.0,0.0","4.0,0.0,0.0","0.0,0.0,0.0","31.0,0.0,0.0","0,0,0"
1747092216.8517222,"-96.0,0.0,0.0","-8.0,0.0,0.0","0.0,0.0,0.0","15.0,0.0,0.0","0,0,0"
1747092216.9026573,"-96.0,0.0,0.0","-8.0,0.0,0.0","0.0,0.0,0.0","11.0,0.0,0.0","0,0,0"
1747092216.953442,"-96.0,0.0,0.0","-18.0,0.0,0.0","0.0,0.0,0.0","3.0,0.0,0.0","0,0,0"
1747092217.0040581,"-96.0,0.0,0.0","-29.0,0.0,0.0","0.0,0.0,0.0","-14.0,0.0,0.0","0,0,0"
1747092217.0545962,"-97.0,0.0,0.0","-46.0,0.0,0.0","0.0,0.0,0.0","0.0,0.0,0.0","0,0,0"
1747092217.1051316,"-97.0,0.0,0.0","-54.0,0.0,0.0","0.0,0.0,0.0","0.0,0.0,0.0","0,0,0"
1747092217.1559005,"-97.0,0.0,0.0","-65.0,0.0,0.0","0.0,0.0,0.0","0.0,0.0,0.0","0,0,0"
1747092217.2070878,"-97.0,0.0,0.0","-72.0,0.0,0.0","0.0,0.0,0.0","0.0,0.0,0.0","0,0,0"
1747092217.2576716,"-97.0,0.0,0.0","-80.0,0.0,0.0","0.0,0.0,0.0","0.0,0.0,0.0","0,0,0"
1747092217.3085413,"-96.0,0.0,0.0","-96.0,0.0,0.0","0.0,0.0,0.0","0.0,0.0,0.0","0,0,0"
1747092217.3587759,"-96.0,0.0,0.0","-99.0,0.0,0.0","0.0,0.0,0.0","0.0,0.0,0.0","0,0,0"
1747092217.41104,"-96.0,0.0,0.0","-99.0,0.0,0.0","0.0,0.0,0.0","0.0,0.0,0.0","0,0,0"
1747092217.4616838,"-96.0,0.0,0.0","-100.0,0.0,0.0","0.0,0.0,0.0","0.0,0.0,0.0","0,0,0"
1747092217.5117612,"-96.0,0.0,0.0","-100.0,0.0,0.0","0.0,0.0,0.0","0.0,0.0,0.0","0,0,0"
1747092217.5627236,"-96.0,0.0,0.0","-100.0,0.0,0.0","0.0,0.0,0.0","0.0,0.0,0.0","0,0,0"
1747092217.61365,"-96.0,0.0,0.0","-100.0,0.0,0.0","0.0,0.0,0.0","0.0,0.0,0.0","0,0,0"
1747092217.6637366,"-96.0,0.0,0.0","-96.0,0.0,0.0","0.0,0.0,0.0","0.0,0.0,0.0","0,0,0"
1747092217.7143402,"-96.0,0.0,0.0","-93.0,0.0,0.0","0.0,0.0,0.0","0.0,0.0,0.0","0,0,0"
1747092217.7644987,"-96.0,0.0,0.0","-91.0,0.0,0.0","0.0,0.0,0.0","0.0,0.0,0.0","0,0,0"
1747092217.8163033,"-96.0,0.0,0.0","-91.0,0.0,0.0","0.0,0.0,0.0","0.0,0.0,0.0","0,0,0"
1747092217.8664343,"-96.0,0.0,0.0","-91.0,0.0,0.0","0.0,0.0,0.0","0.0,0.0,0.0","0,0,0"
1747092217.9168394,"-96.0,0.0,0.0","-91.0,0.0,0.0","0.0,0.0,0.0","0.0,0.0,0.0","0,0,0"
1747092217.9674284,"-98.0,0.0,0.0","-95.0,0.0,0.0","0.0,0.0,0.0","0.0,0.0,0.0","0,0,0"
1747092218.0175285,"-98.0,0.0,0.0","-96.0,0.0,0.0","0.0,0.0,0.0","0.0,0.0,0.0","0,0,0"
1747092218.0676434,"-99.0,0.0,0.0","-97.0,0.0,0.0","0.0,0.0,0.0","0.0,0.0,0.0","0,0,0"
1747092218.1177413,"-99.0,0.0,0.0","-98.0,0.0,0.0","0.0,0.0,0.0","0.0,0.0,0.0","0,0,0"
1747092218.16841,"-100.0,0.0,0.0","-98.0,0.0,0.0","0.0,0.0,0.0","0.0,0.0,0.0","0,0,0"
1747092218.2184265,"-100.0,0.0,0.0","-98.0,0.0,0.0","0.0,0.0,0.0","0.0,0.0,0.0","0,0,0"
1747092218.2695854,"-100.0,0.0,0.0","-98.0,0.0,0.0","0.0,0.0,0.0","0.0,0.0,0.0","0,0,0"
1747092218.3212726,"-100.0,0.0,0.0","-98.0,0.0,0.0","0.0,0.0,0.0","0.0,0.0,0.0","0,0,0"
1747092218.3724952,"-100.0,0.0,0.0","-98.0,0.0,0.0","0.0,0.0,0.0","0.0,0.0,0.0","0,0,0"
1747092218.4232242,"-96.0,0.0,0.0","-87.0,0.0,0.0","0.0,0.0,0.0","0.0,0.0,0.0","0,0,0"
1747092218.4732287,"-89.0,0.0,0.0","-78.0,0.0,0.0","0.0,0.0,0.0","0.0,0.0,0.0","0,0,0"
1747092218.5233214,"-82.0,0.0,0.0","-62.0,0.0,0.0","0.0,0.0,0.0","0.0,0.0,0.0","0,0,0"
1747092218.57422,"-73.0,0.0,0.0","-52.0,0.0,0.0","0.0,0.0,0.0","0.0,0.0,0.0","0,0,0"
1747092218.6245506,"-68.0,0.0,0.0","-40.0,0.0,0.0","0.0,0.0,0.0","-35.0,0.0,0.0","0,0,0"
1747092218.6751242,"-57.0,0.0,0.0","-30.0,0.0,0.0","0.0,0.0,0.0","-21.0,0.0,0.0","0,0,0"
1747092218.7259295,"-42.0,0.0,0.0","-11.0,0.0,0.0","-39.0,0.0,0.0","5.0,0.0,0.0","0,0,0"
1747092218.7765512,"-40.0,0.0,0.0","-6.0,0.0,0.0","-39.0,0.0,0.0","12.0,0.0,0.0","0,0,0"
1747092218.8267903,"-36.0,0.0,0.0","-1.0,0.0,0.0","-39.0,0.0,0.0","22.0,0.0,0.0","0,0,0"
1747092218.8775597,"-34.0,0.0,0.0","-1.0,0.0,0.0","-39.0,0.0,0.0","24.0,0.0,0.0","0,0,0"
1747092218.9287436,"-30.0,0.0,0.0","-1.0,0.0,0.0","-39.0,0.0,0.0","26.0,0.0,0.0","0,0,0"
1747092218.979728,"-25.0,0.0,0.0","-1.0,0.0,0.0","-34.0,0.0,0.0","28.0,0.0,0.0","0,0,0"
1747092219.0298014,"-24.0,0.0,0.0","-1.0,0.0,0.0","-30.0,0.0,0.0","28.0,0.0,0.0","0,0,0"
1747092219.0805786,"-24.0,0.0,0.0","-1.0,0.0,0.0","-29.0,0.0,0.0","29.0,0.0,0.0","0,0,0"
1747092219.131416,"-24.0,0.0,0.0","-1.0,0.0,0.0","-27.0,0.0,0.0","29.0,0.0,0.0","0,0,0"
1747092219.181996,"-24.0,0.0,0.0","-1.0,0.0,0.0","-27.0,0.0,0.0","29.0,0.0,0.0","0,0,0"
1747092219.2327108,"-24.0,0.0,0.0","-1.0,0.0,0.0","-27.0,0.0,0.0","29.0,0.0,0.0","0,0,0"
1747092219.2827518,"-24.0,0.0,0.0","0.0,0.0,0.0","-26.0,0.0,0.0","29.0,0.0,0.0","0,0,0"
1747092219.333391,"-24.0,0.0,0.0","1.0,0.0,0.0","-26.0,0.0,0.0","30.0,0.0,0.0","0,0,0"
1747092219.3836956,"-24.0,0.0,0.0","3.0,0.0,0.0","-26.0,0.0,0.0","31.0,0.0,0.0","0,0,0"
1747092219.43424,"-24.0,0.0,0.0","5.0,0.0,0.0","-25.0,0.0,0.0","32.0,0.0,0.0","0,0,0"
1747092219.4844954,"-23.0,0.0,0.0","7.0,0.0,0.0","-25.0,0.0,0.0","35.0,0.0,0.0","0,0,0"
1747092219.5353553,"-23.0,0.0,0.0","7.0,0.0,0.0","-25.0,0.0,0.0","35.0,0.0,0.0","0,0,0"
1747092219.5873141,"-22.0,0.0,0.0","14.0,0.0,0.0","-25.0,0.0,0.0","38.0,0.0,0.0","0,0,0"
1747092219.6385827,"-22.0,0.0,0.0","15.0,0.0,0.0","-24.0,0.0,0.0","39.0,0.0,0.0","0,0,0"
1747092219.6887555,"-22.0,0.0,0.0","16.0,0.0,0.0","-24.0,0.0,0.0","42.0,0.0,0.0","0,0,0"
1747092219.7393756,"-21.0,0.0,0.0","19.0,0.0,0.0","-24.0,0.0,0.0","43.0,0.0,0.0","0,0,0"
1747092219.789557,"-20.0,0.0,0.0","19.0,0.0,0.0","-24.0,0.0,0.0","44.0,0.0,0.0","0,0,0"
1747092219.8395855,"-20.0,0.0,0.0","21.0,0.0,0.0","-22.0,0.0,0.0","45.0,0.0,0.0","0,0,0"
1747092219.8896918,"-20.0,0.0,0.0","22.0,0.0,0.0","-22.0,0.0,0.0","46.0,0.0,0.0","0,0,0"
1747092219.9398034,"-20.0,0.0,0.0","22.0,0.0,0.0","-22.0,0.0,0.0","46.0,0.0,0.0","0,0,0"
1747092219.9987965,"-19.0,0.0,0.0","22.0,0.0,0.0","-22.0,0.0,0.0","46.0,0.0,0.0","0,0,0"
1747092220.0494027,"-19.0,0.0,0.0","22.0,0.0,0.0","-22.0,0.0,0.0","46.0,0.0,0.0","0,0,0"
1747092220.1004772,"-18.0,0.0,0.0","22.0,0.0,0.0","-23.0,0.0,0.0","45.0,0.0,0.0","0,0,0"
1747092220.1514084,"-18.0,0.0,0.0","20.0,0.0,0.0","-24.0,0.0,0.0","44.0,0.0,0.0","0,0,0"
1747092220.2014477,"-18.0,0.0,0.0","19.0,0.0,0.0","-24.0,0.0,0.0","43.0,0.0,0.0","0,0,0"
1747092220.2515838,"-17.0,0.0,0.0","17.0,0.0,0.0","-24.0,0.0,0.0","41.0,0.0,0.0","0,0,0"
1747092220.302526,"-13.0,0.0,0.0","15.0,0.0,0.0","-24.0,0.0,0.0","38.0,0.0,0.0","0,0,0"
1747092220.3527107,"-9.0,0.0,0.0","8.0,0.0,0.0","-24.0,0.0,0.0","34.0,0.0,0.0","0,0,0"
1747092220.4039035,"-6.0,0.0,0.0","0.0,0.0,0.0","-24.0,0.0,0.0","29.0,0.0,0.0","0,0,0"
1747092220.4546275,"-5.0,0.0,0.0","-4.0,0.0,0.0","-24.0,0.0,0.0","27.0,0.0,0.0","0,0,0"
1747092220.5047493,"-4.0,0.0,0.0","-6.0,0.0,0.0","-24.0,0.0,0.0","24.0,0.0,0.0","0,0,0"
1747092220.5554352,"-4.0,0.0,0.0","-10.0,0.0,0.0","-24.0,0.0,0.0","22.0,0.0,0.0","0,0,0"
1747092220.6056693,"-3.0,0.0,0.0","-13.0,0.0,0.0","-24.0,0.0,0.0","19.0,0.0,0.0","0,0,0"
1747092220.6557665,"-2.0,0.0,0.0","-14.0,0.0,0.0","-24.0,0.0,0.0","18.0,0.0,0.0","0,0,0"
1747092220.7071009,"-2.0,0.0,0.0","-14.0,0.0,0.0","-24.0,0.0,0.0","17.0,0.0,0.0","0,0,0"
1747092220.7585697,"-1.0,0.0,0.0","-15.0,0.0,0.0","-24.0,0.0,0.0","16.0,0.0,0.0","0,0,0"
1747092220.8093333,"-1.0,0.0,0.0","-15.0,0.0,0.0","-24.0,0.0,0.0","15.0,0.0,0.0","0,0,0"
1747092220.859584,"-1.0,0.0,0.0","-15.0,0.0,0.0","-24.0,0.0,0.0","14.0,0.0,0.0","0,0,0"
1747092220.9101994,"-1.0,0.0,0.0","-15.0,0.0,0.0","-24.0,0.0,0.0","14.0,0.0,0.0","0,0,0"
1747092220.9607785,"-1.0,0.0,0.0","-15.0,0.0,0.0","-24.0,0.0,0.0","14.0,0.0,0.0","0,0,0"
1747092221.0113723,"-1.0,0.0,0.0","-15.0,0.0,0.0","-24.0,0.0,0.0","14.0,0.0,0.0","0,0,0"
1747092221.0615177,"-1.0,0.0,0.0","-15.0,0.0,0.0","-24.0,0.0,0.0","13.0,0.0,0.0","0,0,0"
1747092221.112103,"-1.0,0.0,0.0","-15.0,0.0,0.0","-24.0,0.0,0.0","13.0,0.0,0.0","0,0,0"
1747092221.1625757,"-2.0,0.0,0.0","-15.0,0.0,0.0","-24.0,0.0,0.0","13.0,0.0,0.0","0,0,0"
1747092221.213375,"-2.0,0.0,0.0","-15.0,0.0,0.0","-24.0,0.0,0.0","13.0,0.0,0.0","0,0,0"
1747092221.2705631,"-2.0,0.0,0.0","-15.0,0.0,0.0","-24.0,0.0,0.0","13.0,0.0,0.0","0,0,0"
1747092221.3217897,"-2.0,0.0,0.0","-15.0,0.0,0.0","-24.0,0.0,0.0","12.0,0.0,0.0","0,0,0"
1747092221.373474,"-2.0,0.0,0.0","-15.0,0.0,0.0","-24.0,0.0,0.0","12.0,0.0,0.0","0,0,0"
1747092221.4241183,"-2.0,0.0,0.0","-16.0,0.0,0.0","-24.0,0.0,0.0","12.0,0.0,0.0","0,0,0"
1747092221.4750123,"-2.0,0.0,0.0","-16.0,0.0,0.0","-24.0,0.0,0.0","12.0,0.0,0.0","0,0,0"
1747092221.5252542,"-2.0,0.0,0.0","-16.0,0.0,0.0","-24.0,0.0,0.0","12.0,0.0,0.0","0,0,0"
1747092221.575956,"-3.0,0.0,0.0","-15.0,0.0,0.0","-24.0,0.0,0.0","12.0,0.0,0.0","0,0,0"
1747092221.6268246,"-3.0,0.0,0.0","-15.0,0.0,0.0","-24.0,0.0,0.0","12.0,0.0,0.0","0,0,0"
1747092221.6775708,"-3.0,0.0,0.0","-15.0,0.0,0.0","-24.0,0.0,0.0","12.0,0.0,0.0","0,0,0"
1747092221.727804,"-3.0,0.0,0.0","-15.0,0.0,0.0","-24.0,0.0,0.0","12.0,0.0,0.0","0,0,0"
1747092221.7784867,"-4.0,0.0,0.0","-15.0,0.0,0.0","-24.0,0.0,0.0","12.0,0.0,0.0","0,0,0"
1747092221.828801,"-4.0,0.0,0.0","-15.0,0.0,0.0","-24.0,0.0,0.0","12.0,0.0,0.0","0,0,0"
1747092221.8794982,"-4.0,0.0,0.0","-15.0,0.0,0.0","-24.0,0.0,0.0","12.0,0.0,0.0","0,0,0"
1747092221.9296546,"-5.0,0.0,0.0","-15.0,0.0,0.0","-24.0,0.0,0.0","12.0,0.0,0.0","0,0,0"
1747092221.9803667,"-5.0,0.0,0.0","-15.0,0.0,0.0","-24.0,0.0,0.0","12.0,0.0,0.0","0,0,0"
1747092222.0307117,"-5.0,0.0,0.0","-15.0,0.0,0.0","-24.0,0.0,0.0","12.0,0.0,0.0","0,0,0"
1747092222.0807576,"-5.0,0.0,0.0","-15.0,0.0,0.0","-24.0,0.0,0.0","12.0,0.0,0.0","0,0,0"
1747092222.1324215,"-5.0,0.0,0.0","-15.0,0.0,0.0","-24.0,0.0,0.0","12.0,0.0,0.0","0,0,0"
1747092222.182638,"-5.0,0.0,0.0","-15.0,0.0,0.0","-24.0,0.0,0.0","12.0,0.0,0.0","0,0,0"
1747092222.2327127,"-5.0,0.0,0.0","-15.0,0.0,0.0","-24.0,0.0,0.0","12.0,0.0,0.0","0,0,0"
1747092222.2836285,"-5.0,0.0,0.0","-15.0,0.0,0.0","-24.0,0.0,0.0","12.0,0.0,0.0","0,0,0"
1747092222.3341322,"-5.0,0.0,0.0","-15.0,0.0,0.0","-24.0,0.0,0.0","12.0,0.0,0.0","0,0,0"
1747092222.385682,"-5.0,0.0,0.0","-15.0,0.0,0.0","-24.0,0.0,0.0","12.0,0.0,0.0","0,0,0"
1747092222.436507,"-5.0,0.0,0.0","-15.0,0.0,0.0","-24.0,0.0,0.0","12.0,0.0,0.0","0,0,0"
1747092222.487349,"-5.0,0.0,0.0","-15.0,0.0,0.0","-24.0,0.0,0.0","12.0,0.0,0.0","0,0,0"
1747092222.5375986,"-5.0,0.0,0.0","-15.0,0.0,0.0","-24.0,0.0,0.0","12.0,0.0,0.0","0,0,0"
1747092222.588186,"-5.0,0.0,0.0","-15.0,0.0,0.0","-24.0,0.0,0.0","12.0,0.0,0.0","0,0,0"
1747092222.6384616,"-6.0,0.0,0.0","-15.0,0.0,0.0","-24.0,0.0,0.0","12.0,0.0,0.0","0,0,0"
1747092222.6888356,"-6.0,0.0,0.0","-15.0,0.0,0.0","-24.0,0.0,0.0","12.0,0.0,0.0","0,0,0"
1747092222.7393754,"-6.0,0.0,0.0","-15.0,0.0,0.0","-24.0,0.0,0.0","12.0,0.0,0.0","0,0,0"
1747092222.7894158,"-6.0,0.0,0.0","-15.0,0.0,0.0","-24.0,0.0,0.0","12.0,0.0,0.0","0,0,0"
1747092222.839592,"-6.0,0.0,0.0","-15.0,0.0,0.0","-24.0,0.0,0.0","11.0,0.0,0.0","0,0,0"
1747092222.889632,"-6.0,0.0,0.0","-16.0,0.0,0.0","-24.0,0.0,0.0","11.0,0.0,0.0","0,0,0"
1747092222.9401681,"-6.0,0.0,0.0","-16.0,0.0,0.0","-24.0,0.0,0.0","11.0,0.0,0.0","0,0,0"
1747092222.9904332,"-6.0,0.0,0.0","-16.0,0.0,0.0","-24.0,0.0,0.0","10.0,0.0,0.0","0,0,0"
1747092223.0411615,"-7.0,0.0,0.0","-16.0,0.0,0.0","-24.0,0.0,0.0","10.0,0.0,0.0","0,0,0"
1747092223.0917559,"-7.0,0.0,0.0","-17.0,0.0,0.0","-24.0,0.0,0.0","10.0,0.0,0.0","0,0,0"
1747092223.1423872,"-7.0,0.0,0.0","-17.0,0.0,0.0","-24.0,0.0,0.0","10.0,0.0,0.0","0,0,0"
1747092223.1928103,"-7.0,0.0,0.0","-17.0,0.0,0.0","-24.0,0.0,0.0","10.0,0.0,0.0","0,0,0"
1747092223.2437422,"-8.0,0.0,0.0","-17.0,0.0,0.0","-24.0,0.0,0.0","9.0,0.0,0.0","0,0,0"
1747092223.2953982,"-9.0,0.0,0.0","-17.0,0.0,0.0","-24.0,0.0,0.0","2.0,0.0,0.0","0,0,0"
1747092223.345588,"-9.0,0.0,0.0","-17.0,0.0,0.0","-24.0,0.0,0.0","0.0,0.0,0.0","0,0,0"
1747092223.396262,"-13.0,0.0,0.0","-19.0,0.0,0.0","-24.0,0.0,0.0","-4.0,0.0,0.0","0,0,0"
1747092223.4467597,"-16.0,0.0,0.0","-24.0,0.0,0.0","-24.0,0.0,0.0","-10.0,0.0,0.0","0,0,0"
1747092223.497473,"-26.0,0.0,0.0","-36.0,0.0,0.0","-24.0,0.0,0.0","-25.0,0.0,0.0","0,0,0"
1747092223.5483158,"-40.0,0.0,0.0","-50.0,0.0,0.0","-24.0,0.0,0.0","0.0,0.0,0.0","0,0,0"
1747092223.598491,"-50.0,0.0,0.0","-55.0,0.0,0.0","0.0,0.0,0.0","0.0,0.0,0.0","0,0,0"
1747092223.6493828,"-65.0,0.0,0.0","-79.0,0.0,0.0","0.0,0.0,0.0","0.0,0.0,0.0","0,0,0"
1747092223.6995554,"-76.0,0.0,0.0","-89.0,0.0,0.0","0.0,0.0,0.0","0.0,0.0,0.0","0,0,0"
1747092223.7504594,"-85.0,0.0,0.0","-89.0,0.0,0.0","0.0,0.0,0.0","0.0,0.0,0.0","0,0,0"
1747092223.8004982,"-96.0,0.0,0.0","-96.0,0.0,0.0","0.0,0.0,0.0","0.0,0.0,0.0","0,0,0"
1747092223.850921,"-98.0,0.0,0.0","-97.0,0.0,0.0","0.0,0.0,0.0","0.0,0.0,0.0","0,0,0"
1747092223.901709,"-98.0,0.0,0.0","-97.0,0.0,0.0","0.0,0.0,0.0","0.0,0.0,0.0","0,0,0"
1747092223.9529715,"-98.0,0.0,0.0","-97.0,0.0,0.0","0.0,0.0,0.0","0.0,0.0,0.0","0,0,0"
1747092224.0036654,"-99.0,0.0,0.0","-97.0,0.0,0.0","0.0,0.0,0.0","0.0,0.0,0.0","0,0,0"
1747092224.0539556,"-99.0,0.0,0.0","-97.0,0.0,0.0","0.0,0.0,0.0","0.0,0.0,0.0","0,0,0"
1747092224.1042402,"-99.0,0.0,0.0","-97.0,0.0,0.0","0.0,0.0,0.0","0.0,0.0,0.0","0,0,0"
1747092224.1547456,"-99.0,0.0,0.0","-96.0,0.0,0.0","0.0,0.0,0.0","0.0,0.0,0.0","0,0,0"
1747092224.2055268,"-99.0,0.0,0.0","-95.0,0.0,0.0","0.0,0.0,0.0","0.0,0.0,0.0","0,0,0"
1747092224.255785,"-99.0,0.0,0.0","-94.0,0.0,0.0","0.0,0.0,0.0","0.0,0.0,0.0","0,0,0"
1747092224.3064854,"-99.0,0.0,0.0","-93.0,0.0,0.0","0.0,0.0,0.0","0.0,0.0,0.0","0,0,0"
1747092224.356497,"-98.0,0.0,0.0","-93.0,0.0,0.0","0.0,0.0,0.0","0.0,0.0,0.0","0,0,0"
1747092224.4066803,"-98.0,0.0,0.0","-93.0,0.0,0.0","0.0,0.0,0.0","0.0,0.0,0.0","0,0,0"
1747092224.4567711,"-97.0,0.0,0.0","-93.0,0.0,0.0","0.0,0.0,0.0","0.0,0.0,0.0","0,0,0"
1747092224.507346,"-96.0,0.0,0.0","-90.0,0.0,0.0","0.0,0.0,0.0","0.0,0.0,0.0","0,0,0"
1747092224.5587583,"-96.0,0.0,0.0","-90.0,0.0,0.0","0.0,0.0,0.0","0.0,0.0,0.0","0,0,0"
1747092224.6098833,"-96.0,0.0,0.0","-90.0,0.0,0.0","0.0,0.0,0.0","0.0,0.0,0.0","0,0,0"
1747092224.660278,"-97.0,0.0,0.0","-89.0,0.0,0.0","0.0,0.0,0.0","0.0,0.0,0.0","0,0,0"
1747092224.710332,"-97.0,0.0,0.0","-89.0,0.0,0.0","0.0,0.0,0.0","0.0,0.0,0.0","0,0,0"
1747092224.761446,"-96.0,0.0,0.0","-89.0,0.0,0.0","0.0,0.0,0.0","0.0,0.0,0.0","0,0,0"
1747092224.8114908,"-95.0,0.0,0.0","-89.0,0.0,0.0","0.0,0.0,0.0","0.0,0.0,0.0","0,0,0"
1747092224.8615081,"-95.0,0.0,0.0","-89.0,0.0,0.0","0.0,0.0,0.0","0.0,0.0,0.0","0,0,0"
1747092224.911968,"-95.0,0.0,0.0","-89.0,0.0,0.0","0.0,0.0,0.0","0.0,0.0,0.0","0,0,0"
1747092224.962807,"-95.0,0.0,0.0","-90.0,0.0,0.0","0.0,0.0,0.0","0.0,0.0,0.0","0,0,0"
1747092225.0137599,"-96.0,0.0,0.0","-90.0,0.0,0.0","0.0,0.0,0.0","0.0,0.0,0.0","0,0,0"
1747092225.0723753,"-97.0,0.0,0.0","-91.0,0.0,0.0","0.0,0.0,0.0","0.0,0.0,0.0","0,0,0"
1747092225.1232064,"-97.0,0.0,0.0","-93.0,0.0,0.0","0.0,0.0,0.0","0.0,0.0,0.0","0,0,0"
1747092225.1736398,"-101.0,0.0,0.0","-97.0,0.0,0.0","0.0,0.0,0.0","0.0,0.0,0.0","0,0,0"
1747092225.2237434,"-101.0,0.0,0.0","-99.0,0.0,0.0","0.0,0.0,0.0","0.0,0.0,0.0","0,0,0"
1747092225.2743685,"-100.0,0.0,0.0","-100.0,0.0,0.0","0.0,0.0,0.0","0.0,0.0,0.0","0,0,0"
1747092225.324555,"-99.0,0.0,0.0","-100.0,0.0,0.0","0.0,0.0,0.0","0.0,0.0,0.0","0,0,0"
1747092225.3746648,"-80.0,0.0,0.0","-82.0,0.0,0.0","0.0,0.0,0.0","0.0,0.0,0.0","0,0,0"
1747092225.4254282,"-53.0,0.0,0.0","-58.0,0.0,0.0","0.0,0.0,0.0","0.0,0.0,0.0","0,0,0"
1747092225.476128,"-27.0,0.0,0.0","-31.0,0.0,0.0","-24.0,0.0,0.0","-11.0,0.0,0.0","0,0,0"
1747092225.5268087,"-16.0,0.0,0.0","-12.0,0.0,0.0","-24.0,0.0,0.0","9.0,0.0,0.0","0,0,0"
1747092225.5775757,"-9.0,0.0,0.0","-4.0,0.0,0.0","-24.0,0.0,0.0","19.0,0.0,0.0","0,0,0"
1747092225.627652,"-4.0,0.0,0.0","3.0,0.0,0.0","-24.0,0.0,0.0","26.0,0.0,0.0","0,0,0"
1747092225.6777198,"-2.0,0.0,0.0","7.0,0.0,0.0","-24.0,0.0,0.0","34.0,0.0,0.0","0,0,0"
1747092225.7285206,"-2.0,0.0,0.0","7.0,0.0,0.0","-24.0,0.0,0.0","34.0,0.0,0.0","0,0,0"
1747092225.7790148,"-1.0,0.0,0.0","7.0,0.0,0.0","-24.0,0.0,0.0","34.0,0.0,0.0","0,0,0"
1747092225.8292797,"-1.0,0.0,0.0","7.0,0.0,0.0","-24.0,0.0,0.0","34.0,0.0,0.0","0,0,0"
1747092225.880058,"-1.0,0.0,0.0","5.0,0.0,0.0","-24.0,0.0,0.0","34.0,0.0,0.0","0,0,0"
1747092225.9307413,"-1.0,0.0,0.0","4.0,0.0,0.0","-24.0,0.0,0.0","34.0,0.0,0.0","0,0,0"
1747092225.9811232,"-1.0,0.0,0.0","3.0,0.0,0.0","-24.0,0.0,0.0","34.0,0.0,0.0","0,0,0"
1747092226.0331008,"-1.0,0.0,0.0","2.0,0.0,0.0","-24.0,0.0,0.0","33.0,0.0,0.0","0,0,0"
1747092226.083304,"-1.0,0.0,0.0","2.0,0.0,0.0","-24.0,0.0,0.0","33.0,0.0,0.0","0,0,0"
1747092226.1333947,"-2.0,0.0,0.0","1.0,0.0,0.0","-24.0,0.0,0.0","31.0,0.0,0.0","0,0,0"
1747092226.1834433,"-2.0,0.0,0.0","0.0,0.0,0.0","-24.0,0.0,0.0","30.0,0.0,0.0","0,0,0"
1747092226.2336054,"-2.0,0.0,0.0","0.0,0.0,0.0","-24.0,0.0,0.0","30.0,0.0,0.0","0,0,0"
1747092226.2843933,"-4.0,0.0,0.0","-2.0,0.0,0.0","-24.0,0.0,0.0","23.0,0.0,0.0","0,0,0"
1747092226.334453,"-4.0,0.0,0.0","-2.0,0.0,0.0","-24.0,0.0,0.0","23.0,0.0,0.0","0,0,0"
1747092226.3845277,"-14.0,0.0,0.0","-14.0,0.0,0.0","-24.0,0.0,0.0","6.0,0.0,0.0","0,0,0"
1747092226.4362574,"-16.0,0.0,0.0","-19.0,0.0,0.0","-24.0,0.0,0.0","1.0,0.0,0.0","0,0,0"
1747092226.4866934,"-18.0,0.0,0.0","-20.0,0.0,0.0","-24.0,0.0,0.0","-2.0,0.0,0.0","0,0,0"
1747092226.5379834,"-23.0,0.0,0.0","-22.0,0.0,0.0","-24.0,0.0,0.0","-6.0,0.0,0.0","0,0,0"
1747092226.5890806,"-36.0,0.0,0.0","-41.0,0.0,0.0","-24.0,0.0,0.0","-29.0,0.0,0.0","0,0,0"
1747092226.6392393,"-55.0,0.0,0.0","-65.0,0.0,0.0","0.0,0.0,0.0","0.0,0.0,0.0","0,0,0"
1747092226.6892712,"-62.0,0.0,0.0","-72.0,0.0,0.0","0.0,0.0,0.0","0.0,0.0,0.0","0,0,0"
1747092226.7404826,"-77.0,0.0,0.0","-85.0,0.0,0.0","0.0,0.0,0.0","0.0,0.0,0.0","0,0,0"
1747092226.7909744,"-83.0,0.0,0.0","-87.0,0.0,0.0","0.0,0.0,0.0","0.0,0.0,0.0","0,0,0"
1747092226.8413684,"-93.0,0.0,0.0","-92.0,0.0,0.0","0.0,0.0,0.0","0.0,0.0,0.0","0,0,0"
1747092226.8920097,"-96.0,0.0,0.0","-96.0,0.0,0.0","0.0,0.0,0.0","0.0,0.0,0.0","0,0,0"
1747092226.9420452,"-97.0,0.0,0.0","-96.0,0.0,0.0","0.0,0.0,0.0","0.0,0.0,0.0","0,0,0"
1747092226.9927669,"-98.0,0.0,0.0","-98.0,0.0,0.0","0.0,0.0,0.0","0.0,0.0,0.0","0,0,0"
1747092227.0432274,"-98.0,0.0,0.0","-98.0,0.0,0.0","0.0,0.0,0.0","0.0,0.0,0.0","0,0,0"
1747092227.0934756,"-98.0,0.0,0.0","-98.0,0.0,0.0","0.0,0.0,0.0","0.0,0.0,0.0","0,0,0"
1747092227.143945,"-98.0,0.0,0.0","-97.0,0.0,0.0","0.0,0.0,0.0","0.0,0.0,0.0","0,0,0"
1747092227.1948464,"-98.0,0.0,0.0","-95.0,0.0,0.0","0.0,0.0,0.0","0.0,0.0,0.0","0,0,0"
1747092227.246184,"-98.0,0.0,0.0","-93.0,0.0,0.0","0.0,0.0,0.0","0.0,0.0,0.0","0,0,0"
1747092227.2964923,"-98.0,0.0,0.0","-92.0,0.0,0.0","0.0,0.0,0.0","0.0,0.0,0.0","0,0,0"
1747092227.3468773,"-98.0,0.0,0.0","-90.0,0.0,0.0","0.0,0.0,0.0","0.0,0.0,0.0","0,0,0"
1747092227.3970287,"-98.0,0.0,0.0","-90.0,0.0,0.0","0.0,0.0,0.0","0.0,0.0,0.0","0,0,0"
1747092227.4475954,"-98.0,0.0,0.0","-90.0,0.0,0.0","0.0,0.0,0.0","0.0,0.0,0.0","0,0,0"
1747092227.498352,"-98.0,0.0,0.0","-90.0,0.0,0.0","0.0,0.0,0.0","0.0,0.0,0.0","0,0,0"
1747092227.5484517,"-98.0,0.0,0.0","-89.0,0.0,0.0","0.0,0.0,0.0","0.0,0.0,0.0","0,0,0"
1747092227.598723,"-99.0,0.0,0.0","-90.0,0.0,0.0","0.0,0.0,0.0","0.0,0.0,0.0","0,0,0"
1747092227.64956,"-99.0,0.0,0.0","-90.0,0.0,0.0","0.0,0.0,0.0","0.0,0.0,0.0","0,0,0"
1747092227.6996002,"-101.0,0.0,0.0","-90.0,0.0,0.0","0.0,0.0,0.0","0.0,0.0,0.0","0,0,0"
1747092227.7497041,"-101.0,0.0,0.0","-90.0,0.0,0.0","0.0,0.0,0.0","0.0,0.0,0.0","0,0,0"
1747092227.8004289,"-101.0,0.0,0.0","-90.0,0.0,0.0","0.0,0.0,0.0","0.0,0.0,0.0","0,0,0"
1747092227.8504627,"-101.0,0.0,0.0","-90.0,0.0,0.0","0.0,0.0,0.0","0.0,0.0,0.0","0,0,0"
1747092227.900778,"-100.0,0.0,0.0","-89.0,0.0,0.0","0.0,0.0,0.0","0.0,0.0,0.0","0,0,0"
1747092227.9513466,"-100.0,0.0,0.0","-89.0,0.0,0.0","0.0,0.0,0.0","0.0,0.0,0.0","0,0,0"
1747092228.0014017,"-88.0,0.0,0.0","-89.0,0.0,0.0","0.0,0.0,0.0","0.0,0.0,0.0","0,0,0"
1747092228.0521195,"-71.0,0.0,0.0","-88.0,0.0,0.0","0.0,0.0,0.0","0.0,0.0,0.0","0,0,0"
1747092228.1022863,"-49.0,0.0,0.0","-88.0,0.0,0.0","0.0,0.0,0.0","0.0,0.0,0.0","0,0,0"
1747092228.1527119,"-37.0,0.0,0.0","-88.0,0.0,0.0","-24.0,0.0,0.0","0.0,0.0,0.0","0,0,0"
1747092228.203445,"-37.0,0.0,0.0","-88.0,0.0,0.0","-24.0,0.0,0.0","0.0,0.0,0.0","0,0,0"
1747092228.2535293,"-23.0,0.0,0.0","-88.0,0.0,0.0","-24.0,0.0,0.0","0.0,0.0,0.0","0,0,0"
1747092228.3036997,"-16.0,0.0,0.0","-89.0,0.0,0.0","-24.0,0.0,0.0","0.0,0.0,0.0","0,0,0"
1747092228.3543375,"-8.0,0.0,0.0","-89.0,0.0,0.0","-24.0,0.0,0.0","0.0,0.0,0.0","0,0,0"
1747092228.404913,"-5.0,0.0,0.0","-89.0,0.0,0.0","-24.0,0.0,0.0","0.0,0.0,0.0","0,0,0"
1747092228.4565518,"-4.0,0.0,0.0","-89.0,0.0,0.0","-24.0,0.0,0.0","0.0,0.0,0.0","0,0,0"
1747092228.507264,"-4.0,0.0,0.0","-89.0,0.0,0.0","-18.0,0.0,0.0","0.0,0.0,0.0","0,0,0"
1747092228.5587032,"-2.0,0.0,0.0","-89.0,0.0,0.0","-9.0,0.0,0.0","0.0,0.0,0.0","0,0,0"
1747092228.609316,"-2.0,0.0,0.0","-89.0,0.0,0.0","-9.0,0.0,0.0","0.0,0.0,0.0","0,0,0"
1747092228.66027,"-2.0,0.0,0.0","-89.0,0.0,0.0","-9.0,0.0,0.0","0.0,0.0,0.0","0,0,0"
1747092228.7104204,"-2.0,0.0,0.0","-89.0,0.0,0.0","-9.0,0.0,0.0","0.0,0.0,0.0","0,0,0"
1747092228.760621,"0.0,0.0,0.0","-89.0,0.0,0.0","-9.0,0.0,0.0","0.0,0.0,0.0","0,0,0"
1747092228.8111258,"0.0,0.0,0.0","-89.0,0.0,0.0","-9.0,0.0,0.0","0.0,0.0,0.0","0,0,0"
1747092228.8616188,"1.0,0.0,0.0","-88.0,0.0,0.0","-9.0,0.0,0.0","0.0,0.0,0.0","0,0,0"
1747092228.912284,"1.0,0.0,0.0","-89.0,0.0,0.0","-8.0,0.0,0.0","0.0,0.0,0.0","0,0,0"
1747092228.963167,"2.0,0.0,0.0","-89.0,0.0,0.0","15.0,0.0,0.0","0.0,0.0,0.0","0,0,0"
1747092229.01355,"2.0,0.0,0.0","-88.0,0.0,0.0","7.0,0.0,0.0","0.0,0.0,0.0","0,0,0"
1747092229.0635653,"2.0,0.0,0.0","-88.0,0.0,0.0","7.0,0.0,0.0","0.0,0.0,0.0","0,0,0"
1747092229.1145818,"2.0,0.0,0.0","-88.0,0.0,0.0","7.0,0.0,0.0","0.0,0.0,0.0","0,0,0"
1747092229.1647296,"2.0,0.0,0.0","-88.0,0.0,0.0","7.0,0.0,0.0","0.0,0.0,0.0","0,0,0"
1747092229.2155588,"2.0,0.0,0.0","-88.0,0.0,0.0","41.0,0.0,0.0","0.0,0.0,0.0","0,0,0"
1747092229.2667048,"2.0,0.0,0.0","-88.0,0.0,0.0","47.0,0.0,0.0","0.0,0.0,0.0","0,0,0"
1747092229.3192272,"2.0,0.0,0.0","-88.0,0.0,0.0","53.0,0.0,0.0","0.0,0.0,0.0","0,0,0"
1747092229.3692372,"2.0,0.0,0.0","-88.0,0.0,0.0","57.0,0.0,0.0","0.0,0.0,0.0","0,0,0"
1747092229.4206264,"2.0,0.0,0.0","-88.0,0.0,0.0","-24.0,0.0,0.0","0.0,0.0,0.0","0,0,0"
1747092229.4712534,"2.0,0.0,0.0","-88.0,0.0,0.0","-24.0,0.0,0.0","0.0,0.0,0.0","0,0,0"
1747092229.5218542,"2.0,0.0,0.0","-88.0,0.0,0.0","-24.0,0.0,0.0","0.0,0.0,0.0","0,0,0"
1747092229.5728278,"2.0,0.0,0.0","-88.0,0.0,0.0","15.0,0.0,0.0","0.0,0.0,0.0","0,0,0"
1747092229.622927,"2.0,0.0,0.0","-88.0,0.0,0.0","67.0,0.0,0.0","0.0,0.0,0.0","0,0,0"
1747092229.6733518,"2.0,0.0,0.0","-88.0,0.0,0.0","67.0,0.0,0.0","0.0,0.0,0.0","0,0,0"
1747092229.7234764,"2.0,0.0,0.0","-88.0,0.0,0.0","67.0,0.0,0.0","0.0,0.0,0.0","0,0,0"
1747092229.773706,"0.0,0.0,0.0","-88.0,0.0,0.0","68.0,0.0,0.0","0.0,0.0,0.0","0,0,0"
1747092229.8243165,"0.0,0.0,0.0","-88.0,0.0,0.0","69.0,0.0,0.0","0.0,0.0,0.0","0,0,0"
1747092229.874363,"0.0,0.0,0.0","-88.0,0.0,0.0","67.0,0.0,0.0","0.0,0.0,0.0","0,0,0"
1747092229.924748,"0.0,0.0,0.0","-88.0,0.0,0.0","67.0,0.0,0.0","0.0,0.0,0.0","0,0,0"
1747092229.9753473,"0.0,0.0,0.0","-88.0,0.0,0.0","67.0,0.0,0.0","0.0,0.0,0.0","0,0,0"
1747092230.0255482,"0.0,0.0,0.0","-88.0,0.0,0.0","64.0,0.0,0.0","0.0,0.0,0.0","0,0,0"
1747092230.076197,"2.0,0.0,0.0","-88.0,0.0,0.0","62.0,0.0,0.0","0.0,0.0,0.0","0,0,0"
1747092230.1354747,"3.0,0.0,0.0","-88.0,0.0,0.0","52.0,0.0,0.0","0.0,0.0,0.0","0,0,0"
1747092230.1856031,"4.0,0.0,0.0","-88.0,0.0,0.0","38.0,0.0,0.0","0.0,0.0,0.0","0,0,0"
1747092230.236305,"4.0,0.0,0.0","-88.0,0.0,0.0","34.0,0.0,0.0","0.0,0.0,0.0","0,0,0"
1747092230.286752,"4.0,0.0,0.0","-88.0,0.0,0.0","24.0,0.0,0.0","0.0,0.0,0.0","0,0,0"
1747092230.3382564,"4.0,0.0,0.0","-88.0,0.0,0.0","12.0,0.0,0.0","0.0,0.0,0.0","0,0,0"
1747092230.3895428,"4.0,0.0,0.0","-88.0,0.0,0.0","-11.0,0.0,0.0","0.0,0.0,0.0","0,0,0"
1747092230.439633,"4.0,0.0,0.0","-88.0,0.0,0.0","-24.0,0.0,0.0","0.0,0.0,0.0","0,0,0"
1747092230.4906168,"4.0,0.0,0.0","-88.0,0.0,0.0","-24.0,0.0,0.0","0.0,0.0,0.0","0,0,0"
1747092230.541523,"3.0,0.0,0.0","-87.0,0.0,0.0","-37.0,0.0,0.0","0.0,0.0,0.0","0,0,0"
1747092230.5916462,"3.0,0.0,0.0","-87.0,0.0,0.0","-38.0,0.0,0.0","0.0,0.0,0.0","0,0,0"
1747092230.6466038,"2.0,0.0,0.0","-88.0,0.0,0.0","-39.0,0.0,0.0","0.0,0.0,0.0","0,0,0"
1747092230.6973913,"1.0,0.0,0.0","-87.0,0.0,0.0","-45.0,0.0,0.0","0.0,0.0,0.0","0,0,0"
1747092230.7474525,"-2.0,0.0,0.0","-87.0,0.0,0.0","-51.0,0.0,0.0","0.0,0.0,0.0","0,0,0"
1747092230.7982998,"-2.0,0.0,0.0","-87.0,0.0,0.0","-52.0,0.0,0.0","0.0,0.0,0.0","0,0,0"
1747092230.8483446,"-3.0,0.0,0.0","-88.0,0.0,0.0","-52.0,0.0,0.0","0.0,0.0,0.0","0,0,0"
1747092230.8987684,"-3.0,0.0,0.0","-88.0,0.0,0.0","-52.0,0.0,0.0","0.0,0.0,0.0","0,0,0"
1747092230.9492154,"-3.0,0.0,0.0","-88.0,0.0,0.0","-52.0,0.0,0.0","0.0,0.0,0.0","0,0,0"
1747092230.9992545,"-3.0,0.0,0.0","-88.0,0.0,0.0","-52.0,0.0,0.0","0.0,0.0,0.0","0,0,0"
1747092231.0495222,"-3.0,0.0,0.0","-88.0,0.0,0.0","-52.0,0.0,0.0","0.0,0.0,0.0","0,0,0"
1747092231.1003458,"-1.0,0.0,0.0","-88.0,0.0,0.0","-51.0,0.0,0.0","0.0,0.0,0.0","0,0,0"
1747092231.1511056,"0.0,0.0,0.0","-88.0,0.0,0.0","-49.0,0.0,0.0","0.0,0.0,0.0","0,0,0"
1747092231.2012272,"0.0,0.0,0.0","-88.0,0.0,0.0","-46.0,0.0,0.0","0.0,0.0,0.0","0,0,0"
1747092231.2515035,"1.0,0.0,0.0","-88.0,0.0,0.0","-30.0,0.0,0.0","0.0,0.0,0.0","0,0,0"
1747092231.3022654,"2.0,0.0,0.0","-88.0,0.0,0.0","-24.0,0.0,0.0","0.0,0.0,0.0","0,0,0"
1747092231.3525014,"2.0,0.0,0.0","-88.0,0.0,0.0","-24.0,0.0,0.0","0.0,0.0,0.0","0,0,0"
1747092231.4026377,"3.0,0.0,0.0","-88.0,0.0,0.0","-24.0,0.0,0.0","0.0,0.0,0.0","0,0,0"
1747092231.4538083,"3.0,0.0,0.0","-88.0,0.0,0.0","-24.0,0.0,0.0","0.0,0.0,0.0","0,0,0"
1747092231.5043607,"3.0,0.0,0.0","-88.0,0.0,0.0","-24.0,0.0,0.0","0.0,0.0,0.0","0,0,0"
1747092231.5545185,"3.0,0.0,0.0","-88.0,0.0,0.0","-24.0,0.0,0.0","0.0,0.0,0.0","0,0,0"
1747092231.6045687,"3.0,0.0,0.0","-88.0,0.0,0.0","-24.0,0.0,0.0","0.0,0.0,0.0","0,0,0"
1747092231.6547492,"3.0,0.0,0.0","-88.0,0.0,0.0","-24.0,0.0,0.0","0.0,0.0,0.0","0,0,0"
1747092231.7056057,"4.0,0.0,0.0","-88.0,0.0,0.0","61.0,0.0,0.0","0.0,0.0,0.0","0,0,0"
1747092231.756494,"4.0,0.0,0.0","-88.0,0.0,0.0","61.0,0.0,0.0","0.0,0.0,0.0","0,0,0"
1747092231.8070686,"4.0,0.0,0.0","-88.0,0.0,0.0","62.0,0.0,0.0","0.0,0.0,0.0","0,0,0"
1747092231.857599,"4.0,0.0,0.0","-88.0,0.0,0.0","62.0,0.0,0.0","0.0,0.0,0.0","0,0,0"
1747092231.9085999,"4.0,0.0,0.0","-88.0,0.0,0.0","62.0,0.0,0.0","0.0,0.0,0.0","0,0,0"
1747092231.959507,"4.0,0.0,0.0","-88.0,0.0,0.0","18.0,0.0,0.0","0.0,0.0,0.0","0,0,0"
1747092232.0102286,"4.0,0.0,0.0","-88.0,0.0,0.0","-24.0,0.0,0.0","0.0,0.0,0.0","0,0,0"
1747092232.060268,"3.0,0.0,0.0","-88.0,0.0,0.0","-24.0,0.0,0.0","0.0,0.0,0.0","0,0,0"
1747092232.110374,"3.0,0.0,0.0","-88.0,0.0,0.0","-24.0,0.0,0.0","0.0,0.0,0.0","0,0,0"
1747092232.1612198,"3.0,0.0,0.0","-88.0,0.0,0.0","-24.0,0.0,0.0","0.0,0.0,0.0","0,0,0"
1747092232.2116735,"3.0,0.0,0.0","-88.0,0.0,0.0","-24.0,0.0,0.0","0.0,0.0,0.0","0,0,0"
1747092232.2624767,"3.0,0.0,0.0","-88.0,0.0,0.0","72.0,0.0,0.0","0.0,0.0,0.0","0,0,0"
1747092232.3125951,"2.0,0.0,0.0","-88.0,0.0,0.0","72.0,0.0,0.0","0.0,0.0,0.0","0,0,0"
1747092232.3631825,"2.0,0.0,0.0","-88.0,0.0,0.0","72.0,0.0,0.0","0.0,0.0,0.0","0,0,0"
1747092232.413183,"2.0,0.0,0.0","-88.0,0.0,0.0","72.0,0.0,0.0","0.0,0.0,0.0","0,0,0"
1747092232.4634156,"1.0,0.0,0.0","-88.0,0.0,0.0","63.0,0.0,0.0","0.0,0.0,0.0","0,0,0"
1747092232.5143895,"1.0,0.0,0.0","-88.0,0.0,0.0","54.0,0.0,0.0","0.0,0.0,0.0","0,0,0"
1747092232.5649517,"1.0,0.0,0.0","-87.0,0.0,0.0","41.0,0.0,0.0","0.0,0.0,0.0","0,0,0"
1747092232.615047,"1.0,0.0,0.0","-87.0,0.0,0.0","17.0,0.0,0.0","0.0,0.0,0.0","0,0,0"
1747092232.6662376,"2.0,0.0,0.0","-87.0,0.0,0.0","10.0,0.0,0.0","0.0,0.0,0.0","0,0,0"
1747092232.71648,"1.0,0.0,0.0","-87.0,0.0,0.0","-2.0,0.0,0.0","0.0,0.0,0.0","0,0,0"
1747092232.7673903,"1.0,0.0,0.0","-87.0,0.0,0.0","-2.0,0.0,0.0","0.0,0.0,0.0","0,0,0"
1747092232.817569,"0.0,0.0,0.0","-87.0,0.0,0.0","-14.0,0.0,0.0","0.0,0.0,0.0","0,0,0"
1747092232.8683949,"0.0,0.0,0.0","-87.0,0.0,0.0","-24.0,0.0,0.0","0.0,0.0,0.0","0,0,0"
1747092232.9184325,"-1.0,0.0,0.0","-87.0,0.0,0.0","-29.0,0.0,0.0","0.0,0.0,0.0","0,0,0"
1747092232.9684567,"-1.0,0.0,0.0","-87.0,0.0,0.0","-36.0,0.0,0.0","0.0,0.0,0.0","0,0,0"
1747092233.0194051,"-2.0,0.0,0.0","-87.0,0.0,0.0","-43.0,0.0,0.0","0.0,0.0,0.0","0,0,0"
1747092233.069608,"-3.0,0.0,0.0","-87.0,0.0,0.0","-50.0,0.0,0.0","0.0,0.0,0.0","0,0,0"
1747092233.122337,"-4.0,0.0,0.0","-87.0,0.0,0.0","-50.0,0.0,0.0","0.0,0.0,0.0","0,0,0"
1747092233.1746144,"-5.0,0.0,0.0","-87.0,0.0,0.0","-51.0,0.0,0.0","0.0,0.0,0.0","0,0,0"
1747092233.224767,"-6.0,0.0,0.0","-87.0,0.0,0.0","-51.0,0.0,0.0","0.0,0.0,0.0","0,0,0"
1747092233.2762527,"-6.0,0.0,0.0","-87.0,0.0,0.0","-51.0,0.0,0.0","0.0,0.0,0.0","0,0,0"
1747092233.3272336,"-6.0,0.0,0.0","-87.0,0.0,0.0","-51.0,0.0,0.0","0.0,0.0,0.0","0,0,0"
1747092233.378206,"-5.0,0.0,0.0","-87.0,0.0,0.0","-51.0,0.0,0.0","0.0,0.0,0.0","0,0,0"
1747092233.4283676,"-4.0,0.0,0.0","-87.0,0.0,0.0","-45.0,0.0,0.0","0.0,0.0,0.0","0,0,0"
1747092233.479322,"-3.0,0.0,0.0","-88.0,0.0,0.0","-37.0,0.0,0.0","0.0,0.0,0.0","0,0,0"
1747092233.5302835,"-2.0,0.0,0.0","-88.0,0.0,0.0","-32.0,0.0,0.0","0.0,0.0,0.0","0,0,0"
1747092233.5814376,"-1.0,0.0,0.0","-87.0,0.0,0.0","-26.0,0.0,0.0","0.0,0.0,0.0","0,0,0"
1747092233.6315045,"2.0,0.0,0.0","-87.0,0.0,0.0","-24.0,0.0,0.0","0.0,0.0,0.0","0,0,0"
1747092233.6815083,"2.0,0.0,0.0","-87.0,0.0,0.0","-24.0,0.0,0.0","0.0,0.0,0.0","0,0,0"
1747092233.7323322,"2.0,0.0,0.0","-88.0,0.0,0.0","-24.0,0.0,0.0","0.0,0.0,0.0","0,0,0"
1747092233.7836313,"2.0,0.0,0.0","-88.0,0.0,0.0","-24.0,0.0,0.0","0.0,0.0,0.0","0,0,0"
1747092233.8341901,"2.0,0.0,0.0","-88.0,0.0,0.0","-24.0,0.0,0.0","0.0,0.0,0.0","0,0,0"
1747092233.884988,"2.0,0.0,0.0","-88.0,0.0,0.0","-24.0,0.0,0.0","0.0,0.0,0.0","0,0,0"
1747092233.9355125,"2.0,0.0,0.0","-88.0,0.0,0.0","-24.0,0.0,0.0","0.0,0.0,0.0","0,0,0"
1747092233.9855266,"1.0,0.0,0.0","-88.0,0.0,0.0","-24.0,0.0,0.0","0.0,0.0,0.0","0,0,0"
1747092234.0358663,"2.0,0.0,0.0","-88.0,0.0,0.0","-24.0,0.0,0.0","0.0,0.0,0.0","0,0,0"
1747092234.0864935,"1.0,0.0,0.0","-88.0,0.0,0.0","68.0,0.0,0.0","0.0,0.0,0.0","0,0,0"
1747092234.137781,"1.0,0.0,0.0","-88.0,0.0,0.0","69.0,0.0,0.0","0.0,0.0,0.0","0,0,0"
1747092234.1890564,"1.0,0.0,0.0","-88.0,0.0,0.0","72.0,0.0,0.0","0.0,0.0,0.0","0,0,0"
1747092234.2400014,"1.0,0.0,0.0","-88.0,0.0,0.0","73.0,0.0,0.0","0.0,0.0,0.0","0,0,0"
1747092234.290568,"1.0,0.0,0.0","-87.0,0.0,0.0","73.0,0.0,0.0","0.0,0.0,0.0","0,0,0"
1747092234.3416786,"1.0,0.0,0.0","-87.0,0.0,0.0","74.0,0.0,0.0","0.0,0.0,0.0","0,0,0"
1747092234.3922842,"1.0,0.0,0.0","-87.0,0.0,0.0","74.0,0.0,0.0","0.0,0.0,0.0","0,0,0"
1747092234.4432476,"1.0,0.0,0.0","-87.0,0.0,0.0","74.0,0.0,0.0","0.0,0.0,0.0","0,0,0"
1747092234.4934986,"1.0,0.0,0.0","-87.0,0.0,0.0","74.0,0.0,0.0","0.0,0.0,0.0","0,0,0"
1747092234.5441108,"0.0,0.0,0.0","-87.0,0.0,0.0","74.0,0.0,0.0","0.0,0.0,0.0","0,0,0"
1747092234.5949647,"0.0,0.0,0.0","-87.0,0.0,0.0","74.0,0.0,0.0","0.0,0.0,0.0","0,0,0"
1747092234.6466713,"-1.0,0.0,0.0","-87.0,0.0,0.0","74.0,0.0,0.0","0.0,0.0,0.0","0,0,0"
1747092234.6973274,"0.0,0.0,0.0","-87.0,0.0,0.0","73.0,0.0,0.0","0.0,0.0,0.0","0,0,0"
1747092234.7476633,"0.0,0.0,0.0","-87.0,0.0,0.0","73.0,0.0,0.0","0.0,0.0,0.0","0,0,0"
1747092234.7993014,"0.0,0.0,0.0","-87.0,0.0,0.0","68.0,0.0,0.0","0.0,0.0,0.0","0,0,0"
1747092234.8495595,"-1.0,0.0,0.0","-88.0,0.0,0.0","47.0,0.0,0.0","0.0,0.0,0.0","0,0,0"
1747092234.900272,"0.0,0.0,0.0","-88.0,0.0,0.0","30.0,0.0,0.0","0.0,0.0,0.0","0,0,0"
1747092234.9509187,"0.0,0.0,0.0","-87.0,0.0,0.0","21.0,0.0,0.0","0.0,0.0,0.0","0,0,0"
1747092235.0010455,"0.0,0.0,0.0","-87.0,0.0,0.0","10.0,0.0,0.0","0.0,0.0,0.0","0,0,0"
1747092235.051211,"0.0,0.0,0.0","-87.0,0.0,0.0","4.0,0.0,0.0","0.0,0.0,0.0","0,0,0"
1747092235.1019235,"-1.0,0.0,0.0","-87.0,0.0,0.0","-24.0,0.0,0.0","0.0,0.0,0.0","0,0,0"
1747092235.1523159,"-1.0,0.0,0.0","-87.0,0.0,0.0","-24.0,0.0,0.0","0.0,0.0,0.0","0,0,0"
1747092235.213387,"-2.0,0.0,0.0","-87.0,0.0,0.0","-44.0,0.0,0.0","0.0,0.0,0.0","0,0,0"
1747092235.2635672,"-3.0,0.0,0.0","-87.0,0.0,0.0","-46.0,0.0,0.0","0.0,0.0,0.0","0,0,0"
1747092235.3136494,"-5.0,0.0,0.0","-87.0,0.0,0.0","-49.0,0.0,0.0","0.0,0.0,0.0","0,0,0"
1747092235.3642206,"-5.0,0.0,0.0","-87.0,0.0,0.0","-50.0,0.0,0.0","0.0,0.0,0.0","0,0,0"
1747092235.414444,"-5.0,0.0,0.0","-87.0,0.0,0.0","-50.0,0.0,0.0","0.0,0.0,0.0","0,0,0"
1747092235.4647481,"-6.0,0.0,0.0","-87.0,0.0,0.0","-50.0,0.0,0.0","0.0,0.0,0.0","0,0,0"
1747092235.515073,"-6.0,0.0,0.0","-88.0,0.0,0.0","-50.0,0.0,0.0","0.0,0.0,0.0","0,0,0"
1747092235.5655377,"-6.0,0.0,0.0","-88.0,0.0,0.0","-50.0,0.0,0.0","0.0,0.0,0.0","0,0,0"
1747092235.6167102,"-5.0,0.0,0.0","-87.0,0.0,0.0","-47.0,0.0,0.0","0.0,0.0,0.0","0,0,0"
1747092235.6675706,"-5.0,0.0,0.0","-87.0,0.0,0.0","-45.0,0.0,0.0","0.0,0.0,0.0","0,0,0"
1747092235.718502,"-4.0,0.0,0.0","-87.0,0.0,0.0","-43.0,0.0,0.0","0.0,0.0,0.0","0,0,0"
1747092235.7686546,"-3.0,0.0,0.0","-87.0,0.0,0.0","-42.0,0.0,0.0","0.0,0.0,0.0","0,0,0"
1747092235.8194613,"-3.0,0.0,0.0","-87.0,0.0,0.0","-38.0,0.0,0.0","0.0,0.0,0.0","0,0,0"
1747092235.8707745,"-3.0,0.0,0.0","-87.0,0.0,0.0","-32.0,0.0,0.0","0.0,0.0,0.0","0,0,0"
1747092235.9214184,"-3.0,0.0,0.0","-87.0,0.0,0.0","-26.0,0.0,0.0","0.0,0.0,0.0","0,0,0"
1747092235.9719558,"-3.0,0.0,0.0","-87.0,0.0,0.0","-24.0,0.0,0.0","0.0,0.0,0.0","0,0,0"
1747092236.0223832,"-3.0,0.0,0.0","-87.0,0.0,0.0","-24.0,0.0,0.0","0.0,0.0,0.0","0,0,0"
1747092236.073058,"-3.0,0.0,0.0","-88.0,0.0,0.0","-24.0,0.0,0.0","0.0,0.0,0.0","0,0,0"
1747092236.1241424,"-4.0,0.0,0.0","-87.0,0.0,0.0","-24.0,0.0,0.0","0.0,0.0,0.0","0,0,0"
1747092236.174298,"-4.0,0.0,0.0","-88.0,0.0,0.0","-24.0,0.0,0.0","0.0,0.0,0.0","0,0,0"
1747092236.2253647,"-4.0,0.0,0.0","-88.0,0.0,0.0","-24.0,0.0,0.0","0.0,0.0,0.0","0,0,0"
1747092236.2754717,"-4.0,0.0,0.0","-88.0,0.0,0.0","-24.0,0.0,0.0","0.0,0.0,0.0","0,0,0"
1747092236.325615,"-4.0,0.0,0.0","-88.0,0.0,0.0","-24.0,0.0,0.0","0.0,0.0,0.0","0,0,0"
1747092236.3770313,"-4.0,0.0,0.0","-88.0,0.0,0.0","15.0,0.0,0.0","0.0,0.0,0.0","0,0,0"
1747092236.4294376,"-3.0,0.0,0.0","-88.0,0.0,0.0","54.0,0.0,0.0","0.0,0.0,0.0","0,0,0"
1747092236.4805894,"-3.0,0.0,0.0","-88.0,0.0,0.0","56.0,0.0,0.0","0.0,0.0,0.0","0,0,0"
1747092236.531448,"-3.0,0.0,0.0","-88.0,0.0,0.0","57.0,0.0,0.0","0.0,0.0,0.0","0,0,0"
1747092236.582318,"-3.0,0.0,0.0","-88.0,0.0,0.0","58.0,0.0,0.0","0.0,0.0,0.0","0,0,0"
1747092236.6327279,"-3.0,0.0,0.0","-88.0,0.0,0.0","58.0,0.0,0.0","0.0,0.0,0.0","0,0,0"
1747092236.6832652,"-3.0,0.0,0.0","-88.0,0.0,0.0","60.0,0.0,0.0","0.0,0.0,0.0","0,0,0"
1747092236.7338212,"-4.0,0.0,0.0","-87.0,0.0,0.0","61.0,0.0,0.0","0.0,0.0,0.0","0,0,0"
1747092236.7846773,"-4.0,0.0,0.0","-87.0,0.0,0.0","63.0,0.0,0.0","0.0,0.0,0.0","0,0,0"
1747092236.836017,"-4.0,0.0,0.0","-87.0,0.0,0.0","64.0,0.0,0.0","0.0,0.0,0.0","0,0,0"
1747092236.8863463,"-4.0,0.0,0.0","-87.0,0.0,0.0","64.0,0.0,0.0","0.0,0.0,0.0","0,0,0"
1747092236.9364467,"-5.0,0.0,0.0","-88.0,0.0,0.0","63.0,0.0,0.0","0.0,0.0,0.0","0,0,0"
1747092236.9867475,"-5.0,0.0,0.0","-88.0,0.0,0.0","63.0,0.0,0.0","0.0,0.0,0.0","0,0,0"
1747092237.0375113,"-5.0,0.0,0.0","-88.0,0.0,0.0","63.0,0.0,0.0","0.0,0.0,0.0","0,0,0"
1747092237.088115,"-5.0,0.0,0.0","-88.0,0.0,0.0","20.0,0.0,0.0","0.0,0.0,0.0","0,0,0"
1747092237.1383023,"-5.0,0.0,0.0","-88.0,0.0,0.0","-24.0,0.0,0.0","0.0,0.0,0.0","0,0,0"
1747092237.1890962,"-6.0,0.0,0.0","-88.0,0.0,0.0","-24.0,0.0,0.0","0.0,0.0,0.0","0,0,0"
1747092237.2395873,"-6.0,0.0,0.0","-88.0,0.0,0.0","-24.0,0.0,0.0","0.0,0.0,0.0","0,0,0"
1747092237.2898946,"-6.0,0.0,0.0","-88.0,0.0,0.0","-24.0,0.0,0.0","0.0,0.0,0.0","0,0,0"
1747092237.3405366,"-6.0,0.0,0.0","-88.0,0.0,0.0","-24.0,0.0,0.0","0.0,0.0,0.0","0,0,0"
1747092237.3908157,"-6.0,0.0,0.0","-87.0,0.0,0.0","-24.0,0.0,0.0","0.0,0.0,0.0","0,0,0"
1747092237.440937,"-6.0,0.0,0.0","-87.0,0.0,0.0","-24.0,0.0,0.0","0.0,0.0,0.0","0,0,0"
1747092237.490939,"-7.0,0.0,0.0","-87.0,0.0,0.0","-24.0,0.0,0.0","0.0,0.0,0.0","0,0,0"
1747092237.5418282,"-6.0,0.0,0.0","-88.0,0.0,0.0","-24.0,0.0,0.0","0.0,0.0,0.0","0,0,0"
1747092237.5936353,"-7.0,0.0,0.0","-88.0,0.0,0.0","-24.0,0.0,0.0","0.0,0.0,0.0","0,0,0"
1747092237.6445522,"-7.0,0.0,0.0","-88.0,0.0,0.0","65.0,0.0,0.0","0.0,0.0,0.0","0,0,0"
1747092237.694628,"-7.0,0.0,0.0","-88.0,0.0,0.0","65.0,0.0,0.0","0.0,0.0,0.0","0,0,0"
1747092237.7450771,"-7.0,0.0,0.0","-88.0,0.0,0.0","65.0,0.0,0.0","0.0,0.0,0.0","0,0,0"
1747092237.7960281,"-7.0,0.0,0.0","-88.0,0.0,0.0","65.0,0.0,0.0","0.0,0.0,0.0","0,0,0"
1747092237.8462725,"-7.0,0.0,0.0","-88.0,0.0,0.0","20.0,0.0,0.0","0.0,0.0,0.0","0,0,0"
1747092237.8965204,"-7.0,0.0,0.0","-88.0,0.0,0.0","1.0,0.0,0.0","0.0,0.0,0.0","0,0,0"
1747092237.947481,"-7.0,0.0,0.0","-87.0,0.0,0.0","-7.0,0.0,0.0","0.0,0.0,0.0","0,0,0"
1747092237.9977508,"-7.0,0.0,0.0","-87.0,0.0,0.0","-24.0,0.0,0.0","0.0,0.0,0.0","0,0,0"
1747092238.048363,"-7.0,0.0,0.0","-87.0,0.0,0.0","-24.0,0.0,0.0","0.0,0.0,0.0","0,0,0"
1747092238.0984712,"-7.0,0.0,0.0","-87.0,0.0,0.0","-24.0,0.0,0.0","0.0,0.0,0.0","0,0,0"
1747092238.14916,"-8.0,0.0,0.0","-87.0,0.0,0.0","-24.0,0.0,0.0","0.0,0.0,0.0","0,0,0"
1747092238.1992097,"-9.0,0.0,0.0","-87.0,0.0,0.0","-24.0,0.0,0.0","0.0,0.0,0.0","0,0,0"
1747092238.2493668,"-13.0,0.0,0.0","-87.0,0.0,0.0","-24.0,0.0,0.0","0.0,0.0,0.0","0,0,0"
1747092238.3002365,"-16.0,0.0,0.0","-87.0,0.0,0.0","-24.0,0.0,0.0","0.0,0.0,0.0","0,0,0"
1747092238.3504887,"-24.0,0.0,0.0","-87.0,0.0,0.0","-31.0,0.0,0.0","0.0,0.0,0.0","0,0,0"
1747092238.4005802,"-26.0,0.0,0.0","-87.0,0.0,0.0","-41.0,0.0,0.0","0.0,0.0,0.0","0,0,0"
1747092238.4511538,"-30.0,0.0,0.0","-87.0,0.0,0.0","-50.0,0.0,0.0","0.0,0.0,0.0","0,0,0"
1747092238.5019765,"-35.0,0.0,0.0","-87.0,0.0,0.0","-75.0,0.0,0.0","0.0,0.0,0.0","0,0,0"
1747092238.5524826,"-41.0,0.0,0.0","-87.0,0.0,0.0","-108.0,0.0,0.0","0.0,0.0,0.0","0,0,0"
1747092238.6026647,"-55.0,0.0,0.0","-87.0,0.0,0.0","0.0,0.0,0.0","0.0,0.0,0.0","0,0,0"
1747092238.654651,"-67.0,0.0,0.0","-87.0,0.0,0.0","0.0,0.0,0.0","0.0,0.0,0.0","0,0,0"
1747092238.705433,"-85.0,0.0,0.0","-88.0,0.0,0.0","0.0,0.0,0.0","0.0,0.0,0.0","0,0,0"
1747092238.7562923,"-93.0,0.0,0.0","-88.0,0.0,0.0","0.0,0.0,0.0","0.0,0.0,0.0","0,0,0"
1747092238.8064156,"-95.0,0.0,0.0","-88.0,0.0,0.0","0.0,0.0,0.0","0.0,0.0,0.0","0,0,0"
1747092238.8568337,"-97.0,0.0,0.0","-89.0,0.0,0.0","0.0,0.0,0.0","0.0,0.0,0.0","0,0,0"
1747092238.9069908,"-97.0,0.0,0.0","-90.0,0.0,0.0","0.0,0.0,0.0","0.0,0.0,0.0","0,0,0"
1747092238.9571931,"-97.0,0.0,0.0","-91.0,0.0,0.0","0.0,0.0,0.0","0.0,0.0,0.0","0,0,0"
1747092239.0078769,"-98.0,0.0,0.0","-94.0,0.0,0.0","0.0,0.0,0.0","0.0,0.0,0.0","0,0,0"
1747092239.0585513,"-98.0,0.0,0.0","-98.0,0.0,0.0","0.0,0.0,0.0","0.0,0.0,0.0","0,0,0"
1747092239.1092288,"-97.0,0.0,0.0","-100.0,0.0,0.0","0.0,0.0,0.0","0.0,0.0,0.0","0,0,0"
1747092239.1596372,"-96.0,0.0,0.0","-100.0,0.0,0.0","0.0,0.0,0.0","0.0,0.0,0.0","0,0,0"
1747092239.2102964,"-96.0,0.0,0.0","-100.0,0.0,0.0","0.0,0.0,0.0","0.0,0.0,0.0","0,0,0"
1747092239.26043,"-96.0,0.0,0.0","-100.0,0.0,0.0","0.0,0.0,0.0","0.0,0.0,0.0","0,0,0"
1747092239.3104978,"-96.0,0.0,0.0","-100.0,0.0,0.0","0.0,0.0,0.0","0.0,0.0,0.0","0,0,0"
1747092239.3612132,"-95.0,0.0,0.0","-85.0,0.0,0.0","0.0,0.0,0.0","0.0,0.0,0.0","0,0,0"
1747092239.4113984,"-95.0,0.0,0.0","-77.0,0.0,0.0","0.0,0.0,0.0","0.0,0.0,0.0","0,0,0"
1747092239.4614,"-95.0,0.0,0.0","-68.0,0.0,0.0","0.0,0.0,0.0","0.0,0.0,0.0","0,0,0"
1747092239.5117826,"-95.0,0.0,0.0","-62.0,0.0,0.0","0.0,0.0,0.0","0.0,0.0,0.0","0,0,0"
1747092239.5624938,"-95.0,0.0,0.0","-34.0,0.0,0.0","0.0,0.0,0.0","-29.0,0.0,0.0","0,0,0"
1747092239.6132805,"-95.0,0.0,0.0","-29.0,0.0,0.0","0.0,0.0,0.0","-21.0,0.0,0.0","0,0,0"
1747092239.663355,"-96.0,0.0,0.0","-14.0,0.0,0.0","0.0,0.0,0.0","-4.0,0.0,0.0","0,0,0"
1747092239.713598,"-96.0,0.0,0.0","-14.0,0.0,0.0","0.0,0.0,0.0","-4.0,0.0,0.0","0,0,0"
1747092239.7638764,"-97.0,0.0,0.0","-5.0,0.0,0.0","0.0,0.0,0.0","14.0,0.0,0.0","0,0,0"
1747092239.8143644,"-97.0,0.0,0.0","-5.0,0.0,0.0","0.0,0.0,0.0","14.0,0.0,0.0","0,0,0"
1747092239.8644936,"-97.0,0.0,0.0","-4.0,0.0,0.0","0.0,0.0,0.0","21.0,0.0,0.0","0,0,0"
1747092239.9151382,"-97.0,0.0,0.0","-3.0,0.0,0.0","0.0,0.0,0.0","23.0,0.0,0.0","0,0,0"
1747092239.9654691,"-97.0,0.0,0.0","-3.0,0.0,0.0","0.0,0.0,0.0","24.0,0.0,0.0","0,0,0"
1747092240.016705,"-97.0,0.0,0.0","-3.0,0.0,0.0","0.0,0.0,0.0","25.0,0.0,0.0","0,0,0"
1747092240.0675118,"-96.0,0.0,0.0","-3.0,0.0,0.0","0.0,0.0,0.0","25.0,0.0,0.0","0,0,0"
1747092240.1175773,"-96.0,0.0,0.0","-4.0,0.0,0.0","0.0,0.0,0.0","26.0,0.0,0.0","0,0,0"
1747092240.1682303,"-96.0,0.0,0.0","-4.0,0.0,0.0","0.0,0.0,0.0","26.0,0.0,0.0","0,0,0"
1747092240.219256,"-96.0,0.0,0.0","-3.0,0.0,0.0","0.0,0.0,0.0","26.0,0.0,0.0","0,0,0"
1747092240.2792737,"-96.0,0.0,0.0","-2.0,0.0,0.0","0.0,0.0,0.0","27.0,0.0,0.0","0,0,0"
1747092240.329505,"-96.0,0.0,0.0","0.0,0.0,0.0","0.0,0.0,0.0","35.0,0.0,0.0","0,0,0"
1747092240.3801472,"-96.0,0.0,0.0","5.0,0.0,0.0","0.0,0.0,0.0","42.0,0.0,0.0","0,0,0"
1747092240.4305973,"-96.0,0.0,0.0","6.0,0.0,0.0","0.0,0.0,0.0","49.0,0.0,0.0","0,0,0"
1747092240.481499,"-95.0,0.0,0.0","7.0,0.0,0.0","0.0,0.0,0.0","61.0,0.0,0.0","0,0,0"
1747092240.53271,"-95.0,0.0,0.0","7.0,0.0,0.0","0.0,0.0,0.0","69.0,0.0,0.0","0,0,0"
1747092240.583092,"-95.0,0.0,0.0","7.0,0.0,0.0","0.0,0.0,0.0","70.0,0.0,0.0","0,0,0"
1747092240.6332273,"-95.0,0.0,0.0","7.0,0.0,0.0","0.0,0.0,0.0","72.0,0.0,0.0","0,0,0"
1747092240.683781,"-95.0,0.0,0.0","7.0,0.0,0.0","0.0,0.0,0.0","72.0,0.0,0.0","0,0,0"
1747092240.7342145,"-95.0,0.0,0.0","5.0,0.0,0.0","0.0,0.0,0.0","72.0,0.0,0.0","0,0,0"
1747092240.7842648,"-95.0,0.0,0.0","5.0,0.0,0.0","0.0,0.0,0.0","72.0,0.0,0.0","0,0,0"
1747092240.8348975,"-96.0,0.0,0.0","3.0,0.0,0.0","0.0,0.0,0.0","71.0,0.0,0.0","0,0,0"
1747092240.8876143,"-96.0,0.0,0.0","1.0,0.0,0.0","0.0,0.0,0.0","71.0,0.0,0.0","0,0,0"
1747092240.938328,"-96.0,0.0,0.0","-1.0,0.0,0.0","0.0,0.0,0.0","71.0,0.0,0.0","0,0,0"
1747092240.9884915,"-96.0,0.0,0.0","-2.0,0.0,0.0","0.0,0.0,0.0","70.0,0.0,0.0","0,0,0"
1747092241.0392265,"-96.0,0.0,0.0","-2.0,0.0,0.0","0.0,0.0,0.0","68.0,0.0,0.0","0,0,0"
1747092241.089341,"-96.0,0.0,0.0","-5.0,0.0,0.0","0.0,0.0,0.0","66.0,0.0,0.0","0,0,0"
1747092241.1402073,"-96.0,0.0,0.0","-5.0,0.0,0.0","0.0,0.0,0.0","66.0,0.0,0.0","0,0,0"
1747092241.1903462,"-95.0,0.0,0.0","-7.0,0.0,0.0","0.0,0.0,0.0","64.0,0.0,0.0","0,0,0"
1747092241.2406056,"-95.0,0.0,0.0","-7.0,0.0,0.0","0.0,0.0,0.0","63.0,0.0,0.0","0,0,0"
1747092241.2914035,"-95.0,0.0,0.0","-9.0,0.0,0.0","0.0,0.0,0.0","62.0,0.0,0.0","0,0,0"
1747092241.34144,"-95.0,0.0,0.0","-9.0,0.0,0.0","0.0,0.0,0.0","62.0,0.0,0.0","0,0,0"
1747092241.3915715,"-95.0,0.0,0.0","-9.0,0.0,0.0","0.0,0.0,0.0","62.0,0.0,0.0","0,0,0"
1747092241.442313,"-95.0,0.0,0.0","-9.0,0.0,0.0","0.0,0.0,0.0","62.0,0.0,0.0","0,0,0"
1747092241.4930527,"-95.0,0.0,0.0","-8.0,0.0,0.0","0.0,0.0,0.0","68.0,0.0,0.0","0,0,0"
1747092241.5433517,"-96.0,0.0,0.0","-8.0,0.0,0.0","0.0,0.0,0.0","68.0,0.0,0.0","0,0,0"
1747092241.5937421,"-96.0,0.0,0.0","-4.0,0.0,0.0","0.0,0.0,0.0","68.0,0.0,0.0","0,0,0"
1747092241.644199,"-96.0,0.0,0.0","2.0,0.0,0.0","0.0,0.0,0.0","68.0,0.0,0.0","0,0,0"
1747092241.6943052,"-96.0,0.0,0.0","8.0,0.0,0.0","0.0,0.0,0.0","68.0,0.0,0.0","0,0,0"
1747092241.7443287,"-96.0,0.0,0.0","11.0,0.0,0.0","0.0,0.0,0.0","61.0,0.0,0.0","0,0,0"
1747092241.794369,"-96.0,0.0,0.0","11.0,0.0,0.0","0.0,0.0,0.0","45.0,0.0,0.0","0,0,0"
1747092241.8443925,"-96.0,0.0,0.0","12.0,0.0,0.0","0.0,0.0,0.0","34.0,0.0,0.0","0,0,0"
1747092241.8950315,"-96.0,0.0,0.0","12.0,0.0,0.0","0.0,0.0,0.0","30.0,0.0,0.0","0,0,0"
1747092241.9453664,"-95.0,0.0,0.0","10.0,0.0,0.0","0.0,0.0,0.0","24.0,0.0,0.0","0,0,0"
1747092241.996076,"-95.0,0.0,0.0","10.0,0.0,0.0","0.0,0.0,0.0","24.0,0.0,0.0","0,0,0"
1747092242.046651,"-95.0,0.0,0.0","7.0,0.0,0.0","0.0,0.0,0.0","21.0,0.0,0.0","0,0,0"
1747092242.0967326,"-95.0,0.0,0.0","5.0,0.0,0.0","0.0,0.0,0.0","20.0,0.0,0.0","0,0,0"
1747092242.147213,"-95.0,0.0,0.0","3.0,0.0,0.0","0.0,0.0,0.0","19.0,0.0,0.0","0,0,0"
1747092242.1981845,"-95.0,0.0,0.0","2.0,0.0,0.0","0.0,0.0,0.0","19.0,0.0,0.0","0,0,0"
1747092242.2491512,"-95.0,0.0,0.0","2.0,0.0,0.0","0.0,0.0,0.0","19.0,0.0,0.0","0,0,0"
1747092242.2994533,"-95.0,0.0,0.0","2.0,0.0,0.0","0.0,0.0,0.0","20.0,0.0,0.0","0,0,0"
1747092242.3494785,"-96.0,0.0,0.0","3.0,0.0,0.0","0.0,0.0,0.0","24.0,0.0,0.0","0,0,0"
1747092242.400245,"-96.0,0.0,0.0","4.0,0.0,0.0","0.0,0.0,0.0","25.0,0.0,0.0","0,0,0"
1747092242.4503868,"-96.0,0.0,0.0","4.0,0.0,0.0","0.0,0.0,0.0","25.0,0.0,0.0","0,0,0"
1747092242.5044637,"-96.0,0.0,0.0","5.0,0.0,0.0","0.0,0.0,0.0","25.0,0.0,0.0","0,0,0"
1747092242.5546126,"-95.0,0.0,0.0","7.0,0.0,0.0","0.0,0.0,0.0","28.0,0.0,0.0","0,0,0"
1747092242.605233,"-95.0,0.0,0.0","8.0,0.0,0.0","0.0,0.0,0.0","30.0,0.0,0.0","0,0,0"
1747092242.6561494,"-95.0,0.0,0.0","9.0,0.0,0.0","0.0,0.0,0.0","33.0,0.0,0.0","0,0,0"
1747092242.7079535,"-95.0,0.0,0.0","11.0,0.0,0.0","0.0,0.0,0.0","58.0,0.0,0.0","0,0,0"
1747092242.7584212,"-95.0,0.0,0.0","11.0,0.0,0.0","0.0,0.0,0.0","64.0,0.0,0.0","0,0,0"
1747092242.8091495,"-95.0,0.0,0.0","11.0,0.0,0.0","0.0,0.0,0.0","67.0,0.0,0.0","0,0,0"
1747092242.860086,"-95.0,0.0,0.0","11.0,0.0,0.0","0.0,0.0,0.0","70.0,0.0,0.0","0,0,0"
1747092242.9106693,"-95.0,0.0,0.0","9.0,0.0,0.0","0.0,0.0,0.0","72.0,0.0,0.0","0,0,0"
1747092242.9614491,"-95.0,0.0,0.0","6.0,0.0,0.0","0.0,0.0,0.0","72.0,0.0,0.0","0,0,0"
1747092243.0118556,"-95.0,0.0,0.0","1.0,0.0,0.0","0.0,0.0,0.0","71.0,0.0,0.0","0,0,0"
1747092243.062442,"-95.0,0.0,0.0","-4.0,0.0,0.0","0.0,0.0,0.0","69.0,0.0,0.0","0,0,0"
1747092243.1125112,"-95.0,0.0,0.0","-5.0,0.0,0.0","0.0,0.0,0.0","65.0,0.0,0.0","0,0,0"
1747092243.1625693,"-95.0,0.0,0.0","-6.0,0.0,0.0","0.0,0.0,0.0","61.0,0.0,0.0","0,0,0"
1747092243.2132266,"-95.0,0.0,0.0","-9.0,0.0,0.0","0.0,0.0,0.0","55.0,0.0,0.0","0,0,0"
1747092243.263317,"-95.0,0.0,0.0","-9.0,0.0,0.0","0.0,0.0,0.0","55.0,0.0,0.0","0,0,0"
1747092243.3142347,"-95.0,0.0,0.0","-10.0,0.0,0.0","0.0,0.0,0.0","53.0,0.0,0.0","0,0,0"
1747092243.3646007,"-95.0,0.0,0.0","-11.0,0.0,0.0","0.0,0.0,0.0","53.0,0.0,0.0","0,0,0"
1747092243.4147043,"-95.0,0.0,0.0","-11.0,0.0,0.0","0.0,0.0,0.0","53.0,0.0,0.0","0,0,0"
1747092243.4651136,"-95.0,0.0,0.0","-11.0,0.0,0.0","0.0,0.0,0.0","53.0,0.0,0.0","0,0,0"
1747092243.5173395,"-95.0,0.0,0.0","-12.0,0.0,0.0","0.0,0.0,0.0","53.0,0.0,0.0","0,0,0"
1747092243.567582,"-95.0,0.0,0.0","-11.0,0.0,0.0","0.0,0.0,0.0","58.0,0.0,0.0","0,0,0"
1747092243.6192071,"-95.0,0.0,0.0","-11.0,0.0,0.0","0.0,0.0,0.0","58.0,0.0,0.0","0,0,0"
1747092243.6701515,"-95.0,0.0,0.0","-9.0,0.0,0.0","0.0,0.0,0.0","67.0,0.0,0.0","0,0,0"
1747092243.7203014,"-95.0,0.0,0.0","-9.0,0.0,0.0","0.0,0.0,0.0","68.0,0.0,0.0","0,0,0"
1747092243.7703867,"-96.0,0.0,0.0","-8.0,0.0,0.0","0.0,0.0,0.0","69.0,0.0,0.0","0,0,0"
1747092243.8204947,"-96.0,0.0,0.0","-8.0,0.0,0.0","0.0,0.0,0.0","69.0,0.0,0.0","0,0,0"
1747092243.870555,"-96.0,0.0,0.0","1.0,0.0,0.0","0.0,0.0,0.0","69.0,0.0,0.0","0,0,0"
1747092243.9216576,"-96.0,0.0,0.0","6.0,0.0,0.0","0.0,0.0,0.0","69.0,0.0,0.0","0,0,0"
1747092243.9721375,"-96.0,0.0,0.0","9.0,0.0,0.0","0.0,0.0,0.0","68.0,0.0,0.0","0,0,0"
1747092244.022743,"-96.0,0.0,0.0","11.0,0.0,0.0","0.0,0.0,0.0","59.0,0.0,0.0","0,0,0"
1747092244.072864,"-95.0,0.0,0.0","11.0,0.0,0.0","0.0,0.0,0.0","33.0,0.0,0.0","0,0,0"
1747092244.1230197,"-95.0,0.0,0.0","11.0,0.0,0.0","0.0,0.0,0.0","29.0,0.0,0.0","0,0,0"
1747092244.173196,"-95.0,0.0,0.0","9.0,0.0,0.0","0.0,0.0,0.0","27.0,0.0,0.0","0,0,0"
1747092244.2237725,"-95.0,0.0,0.0","9.0,0.0,0.0","0.0,0.0,0.0","24.0,0.0,0.0","0,0,0"
1747092244.273921,"-95.0,0.0,0.0","8.0,0.0,0.0","0.0,0.0,0.0","21.0,0.0,0.0","0,0,0"
1747092244.3243902,"-95.0,0.0,0.0","7.0,0.0,0.0","0.0,0.0,0.0","21.0,0.0,0.0","0,0,0"
1747092244.375174,"-95.0,0.0,0.0","6.0,0.0,0.0","0.0,0.0,0.0","21.0,0.0,0.0","0,0,0"
1747092244.425254,"-95.0,0.0,0.0","6.0,0.0,0.0","0.0,0.0,0.0","23.0,0.0,0.0","0,0,0"
1747092244.4756675,"-95.0,0.0,0.0","7.0,0.0,0.0","0.0,0.0,0.0","24.0,0.0,0.0","0,0,0"
1747092244.5258563,"-95.0,0.0,0.0","7.0,0.0,0.0","0.0,0.0,0.0","24.0,0.0,0.0","0,0,0"
1747092244.576252,"-95.0,0.0,0.0","7.0,0.0,0.0","0.0,0.0,0.0","24.0,0.0,0.0","0,0,0"
1747092244.6268096,"-95.0,0.0,0.0","7.0,0.0,0.0","0.0,0.0,0.0","27.0,0.0,0.0","0,0,0"
1747092244.6773648,"-95.0,0.0,0.0","8.0,0.0,0.0","0.0,0.0,0.0","33.0,0.0,0.0","0,0,0"
1747092244.7282925,"-95.0,0.0,0.0","8.0,0.0,0.0","0.0,0.0,0.0","39.0,0.0,0.0","0,0,0"
1747092244.7784722,"-95.0,0.0,0.0","8.0,0.0,0.0","0.0,0.0,0.0","55.0,0.0,0.0","0,0,0"
1747092244.8291976,"-95.0,0.0,0.0","8.0,0.0,0.0","0.0,0.0,0.0","62.0,0.0,0.0","0,0,0"
1747092244.8792222,"-95.0,0.0,0.0","8.0,0.0,0.0","0.0,0.0,0.0","72.0,0.0,0.0","0,0,0"
1747092244.9293458,"-95.0,0.0,0.0","6.0,0.0,0.0","0.0,0.0,0.0","75.0,0.0,0.0","0,0,0"
1747092244.97951,"-95.0,0.0,0.0","6.0,0.0,0.0","0.0,0.0,0.0","75.0,0.0,0.0","0,0,0"
1747092245.0301266,"-95.0,0.0,0.0","4.0,0.0,0.0","0.0,0.0,0.0","75.0,0.0,0.0","0,0,0"
1747092245.0802388,"-95.0,0.0,0.0","2.0,0.0,0.0","0.0,0.0,0.0","75.0,0.0,0.0","0,0,0"
1747092245.131143,"-95.0,0.0,0.0","2.0,0.0,0.0","0.0,0.0,0.0","75.0,0.0,0.0","0,0,0"
1747092245.181377,"-96.0,0.0,0.0","-3.0,0.0,0.0","0.0,0.0,0.0","71.0,0.0,0.0","0,0,0"
1747092245.2320664,"-96.0,0.0,0.0","-5.0,0.0,0.0","0.0,0.0,0.0","66.0,0.0,0.0","0,0,0"
1747092245.2821686,"-96.0,0.0,0.0","-7.0,0.0,0.0","0.0,0.0,0.0","61.0,0.0,0.0","0,0,0"
1747092245.3402739,"-96.0,0.0,0.0","-7.0,0.0,0.0","0.0,0.0,0.0","58.0,0.0,0.0","0,0,0"
1747092245.3912117,"-96.0,0.0,0.0","-8.0,0.0,0.0","0.0,0.0,0.0","56.0,0.0,0.0","0,0,0"
1747092245.4421363,"-96.0,0.0,0.0","-9.0,0.0,0.0","0.0,0.0,0.0","50.0,0.0,0.0","0,0,0"
1747092245.492348,"-96.0,0.0,0.0","-10.0,0.0,0.0","0.0,0.0,0.0","49.0,0.0,0.0","0,0,0"
1747092245.5430207,"-96.0,0.0,0.0","-11.0,0.0,0.0","0.0,0.0,0.0","52.0,0.0,0.0","0,0,0"
1747092245.5936515,"-95.0,0.0,0.0","-11.0,0.0,0.0","0.0,0.0,0.0","55.0,0.0,0.0","0,0,0"
1747092245.6444366,"-95.0,0.0,0.0","-10.0,0.0,0.0","0.0,0.0,0.0","57.0,0.0,0.0","0,0,0"
1747092245.694542,"-95.0,0.0,0.0","-10.0,0.0,0.0","0.0,0.0,0.0","62.0,0.0,0.0","0,0,0"
1747092245.7450721,"-95.0,0.0,0.0","-10.0,0.0,0.0","0.0,0.0,0.0","64.0,0.0,0.0","0,0,0"
1747092245.7952926,"-95.0,0.0,0.0","-10.0,0.0,0.0","0.0,0.0,0.0","72.0,0.0,0.0","0,0,0"
1747092245.8453538,"-95.0,0.0,0.0","-10.0,0.0,0.0","0.0,0.0,0.0","72.0,0.0,0.0","0,0,0"
1747092245.8956196,"-95.0,0.0,0.0","-6.0,0.0,0.0","0.0,0.0,0.0","72.0,0.0,0.0","0,0,0"
1747092245.9465754,"-96.0,0.0,0.0","-3.0,0.0,0.0","0.0,0.0,0.0","72.0,0.0,0.0","0,0,0"
1747092245.9971843,"-95.0,0.0,0.0","4.0,0.0,0.0","0.0,0.0,0.0","72.0,0.0,0.0","0,0,0"
1747092246.0472252,"-96.0,0.0,0.0","5.0,0.0,0.0","0.0,0.0,0.0","64.0,0.0,0.0","0,0,0"
1747092246.0972872,"-96.0,0.0,0.0","6.0,0.0,0.0","0.0,0.0,0.0","52.0,0.0,0.0","0,0,0"
1747092246.147558,"-95.0,0.0,0.0","6.0,0.0,0.0","0.0,0.0,0.0","38.0,0.0,0.0","0,0,0"
1747092246.197637,"-95.0,0.0,0.0","6.0,0.0,0.0","0.0,0.0,0.0","33.0,0.0,0.0","0,0,0"
1747092246.2482507,"-95.0,0.0,0.0","6.0,0.0,0.0","0.0,0.0,0.0","28.0,0.0,0.0","0,0,0"
1747092246.2992506,"-95.0,0.0,0.0","5.0,0.0,0.0","0.0,0.0,0.0","21.0,0.0,0.0","0,0,0"
1747092246.350038,"-95.0,0.0,0.0","5.0,0.0,0.0","0.0,0.0,0.0","18.0,0.0,0.0","0,0,0"
1747092246.4005685,"-95.0,0.0,0.0","5.0,0.0,0.0","0.0,0.0,0.0","18.0,0.0,0.0","0,0,0"
1747092246.4513514,"-95.0,0.0,0.0","5.0,0.0,0.0","0.0,0.0,0.0","16.0,0.0,0.0","0,0,0"
1747092246.5036488,"-95.0,0.0,0.0","5.0,0.0,0.0","0.0,0.0,0.0","15.0,0.0,0.0","0,0,0"
1747092246.5539565,"-95.0,0.0,0.0","3.0,0.0,0.0","0.0,0.0,0.0","12.0,0.0,0.0","0,0,0"
1747092246.6042593,"-95.0,0.0,0.0","3.0,0.0,0.0","0.0,0.0,0.0","12.0,0.0,0.0","0,0,0"
1747092246.6549168,"-95.0,0.0,0.0","2.0,0.0,0.0","0.0,0.0,0.0","13.0,0.0,0.0","0,0,0"
1747092246.7052338,"-95.0,0.0,0.0","3.0,0.0,0.0","0.0,0.0,0.0","13.0,0.0,0.0","0,0,0"
1747092246.756157,"-95.0,0.0,0.0","3.0,0.0,0.0","0.0,0.0,0.0","18.0,0.0,0.0","0,0,0"
1747092246.8067975,"-96.0,0.0,0.0","4.0,0.0,0.0","0.0,0.0,0.0","19.0,0.0,0.0","0,0,0"
1747092246.8574631,"-96.0,0.0,0.0","4.0,0.0,0.0","0.0,0.0,0.0","23.0,0.0,0.0","0,0,0"
1747092246.9074943,"-96.0,0.0,0.0","4.0,0.0,0.0","0.0,0.0,0.0","31.0,0.0,0.0","0,0,0"
1747092246.9581952,"-95.0,0.0,0.0","5.0,0.0,0.0","0.0,0.0,0.0","35.0,0.0,0.0","0,0,0"
1747092247.0091236,"-95.0,0.0,0.0","6.0,0.0,0.0","0.0,0.0,0.0","48.0,0.0,0.0","0,0,0"
1747092247.0592825,"-95.0,0.0,0.0","5.0,0.0,0.0","0.0,0.0,0.0","59.0,0.0,0.0","0,0,0"
1747092247.1096516,"-95.0,0.0,0.0","5.0,0.0,0.0","0.0,0.0,0.0","66.0,0.0,0.0","0,0,0"
1747092247.1602821,"-95.0,0.0,0.0","4.0,0.0,0.0","0.0,0.0,0.0","78.0,0.0,0.0","0,0,0"
1747092247.210412,"-95.0,0.0,0.0","4.0,0.0,0.0","0.0,0.0,0.0","78.0,0.0,0.0","0,0,0"
1747092247.2613983,"-95.0,0.0,0.0","3.0,0.0,0.0","0.0,0.0,0.0","78.0,0.0,0.0","0,0,0"
1747092247.3122547,"-95.0,0.0,0.0","-1.0,0.0,0.0","0.0,0.0,0.0","78.0,0.0,0.0","0,0,0"
1747092247.362419,"-95.0,0.0,0.0","-3.0,0.0,0.0","0.0,0.0,0.0","78.0,0.0,0.0","0,0,0"
1747092247.413266,"-96.0,0.0,0.0","-4.0,0.0,0.0","0.0,0.0,0.0","72.0,0.0,0.0","0,0,0"
1747092247.4633656,"-96.0,0.0,0.0","-5.0,0.0,0.0","0.0,0.0,0.0","71.0,0.0,0.0","0,0,0"
1747092247.5134974,"-96.0,0.0,0.0","-6.0,0.0,0.0","0.0,0.0,0.0","65.0,0.0,0.0","0,0,0"
1747092247.564077,"-96.0,0.0,0.0","-7.0,0.0,0.0","0.0,0.0,0.0","61.0,0.0,0.0","0,0,0"
1747092247.6144052,"-96.0,0.0,0.0","-7.0,0.0,0.0","0.0,0.0,0.0","54.0,0.0,0.0","0,0,0"
1747092247.664456,"-96.0,0.0,0.0","-7.0,0.0,0.0","0.0,0.0,0.0","48.0,0.0,0.0","0,0,0"
1747092247.715393,"-95.0,0.0,0.0","-7.0,0.0,0.0","0.0,0.0,0.0","48.0,0.0,0.0","0,0,0"
1747092247.765444,"-95.0,0.0,0.0","-8.0,0.0,0.0","0.0,0.0,0.0","48.0,0.0,0.0","0,0,0"
1747092247.8160005,"-95.0,0.0,0.0","-8.0,0.0,0.0","0.0,0.0,0.0","48.0,0.0,0.0","0,0,0"
1747092247.8661735,"-95.0,0.0,0.0","-8.0,0.0,0.0","0.0,0.0,0.0","47.0,0.0,0.0","0,0,0"
1747092247.916726,"-95.0,0.0,0.0","-8.0,0.0,0.0","0.0,0.0,0.0","45.0,0.0,0.0","0,0,0"
1747092247.9673762,"-95.0,0.0,0.0","-8.0,0.0,0.0","0.0,0.0,0.0","47.0,0.0,0.0","0,0,0"
1747092248.018148,"-95.0,0.0,0.0","-8.0,0.0,0.0","0.0,0.0,0.0","47.0,0.0,0.0","0,0,0"
1747092248.0681658,"-95.0,0.0,0.0","-10.0,0.0,0.0","0.0,0.0,0.0","50.0,0.0,0.0","0,0,0"
1747092248.1184342,"-95.0,0.0,0.0","-10.0,0.0,0.0","0.0,0.0,0.0","53.0,0.0,0.0","0,0,0"
1747092248.1690474,"-95.0,0.0,0.0","-10.0,0.0,0.0","0.0,0.0,0.0","55.0,0.0,0.0","0,0,0"
1747092248.2190819,"-95.0,0.0,0.0","-10.0,0.0,0.0","0.0,0.0,0.0","55.0,0.0,0.0","0,0,0"
1747092248.2693083,"-95.0,0.0,0.0","-10.0,0.0,0.0","0.0,0.0,0.0","74.0,0.0,0.0","0,0,0"
1747092248.3194802,"-95.0,0.0,0.0","-10.0,0.0,0.0","0.0,0.0,0.0","75.0,0.0,0.0","0,0,0"
1747092248.3695023,"-95.0,0.0,0.0","-5.0,0.0,0.0","0.0,0.0,0.0","75.0,0.0,0.0","0,0,0"
1747092248.4203305,"-95.0,0.0,0.0","2.0,0.0,0.0","0.0,0.0,0.0","75.0,0.0,0.0","0,0,0"
1747092248.4711382,"-96.0,0.0,0.0","7.0,0.0,0.0","0.0,0.0,0.0","75.0,0.0,0.0","0,0,0"
1747092248.5214837,"-95.0,0.0,0.0","9.0,0.0,0.0","0.0,0.0,0.0","69.0,0.0,0.0","0,0,0"
1747092248.572222,"-95.0,0.0,0.0","9.0,0.0,0.0","0.0,0.0,0.0","58.0,0.0,0.0","0,0,0"
1747092248.6228056,"-95.0,0.0,0.0","10.0,0.0,0.0","0.0,0.0,0.0","53.0,0.0,0.0","0,0,0"
1747092248.6734881,"-95.0,0.0,0.0","10.0,0.0,0.0","0.0,0.0,0.0","51.0,0.0,0.0","0,0,0"
1747092248.7239156,"-95.0,0.0,0.0","11.0,0.0,0.0","0.0,0.0,0.0","45.0,0.0,0.0","0,0,0"
1747092248.7750533,"-95.0,0.0,0.0","11.0,0.0,0.0","0.0,0.0,0.0","41.0,0.0,0.0","0,0,0"
1747092248.8258047,"-95.0,0.0,0.0","11.0,0.0,0.0","0.0,0.0,0.0","29.0,0.0,0.0","0,0,0"
1747092248.876594,"-95.0,0.0,0.0","11.0,0.0,0.0","0.0,0.0,0.0","27.0,0.0,0.0","0,0,0"
1747092248.9270132,"-95.0,0.0,0.0","4.0,0.0,0.0","0.0,0.0,0.0","16.0,0.0,0.0","0,0,0"
1747092248.977188,"-95.0,0.0,0.0","3.0,0.0,0.0","0.0,0.0,0.0","14.0,0.0,0.0","0,0,0"
1747092249.0273483,"-95.0,0.0,0.0","-3.0,0.0,0.0","0.0,0.0,0.0","6.0,0.0,0.0","0,0,0"
1747092249.0782976,"-95.0,0.0,0.0","-7.0,0.0,0.0","0.0,0.0,0.0","2.0,0.0,0.0","0,0,0"
1747092249.1283176,"-95.0,0.0,0.0","-15.0,0.0,0.0","0.0,0.0,0.0","-8.0,0.0,0.0","0,0,0"
1747092249.1785154,"-95.0,0.0,0.0","-27.0,0.0,0.0","0.0,0.0,0.0","-21.0,0.0,0.0","0,0,0"
1747092249.2294755,"-95.0,0.0,0.0","-30.0,0.0,0.0","0.0,0.0,0.0","-21.0,0.0,0.0","0,0,0"
1747092249.2800834,"-96.0,0.0,0.0","-63.0,0.0,0.0","0.0,0.0,0.0","0.0,0.0,0.0","0,0,0"
1747092249.3320026,"-96.0,0.0,0.0","-72.0,0.0,0.0","0.0,0.0,0.0","0.0,0.0,0.0","0,0,0"
1747092249.3829033,"-96.0,0.0,0.0","-83.0,0.0,0.0","0.0,0.0,0.0","0.0,0.0,0.0","0,0,0"
1747092249.4329202,"-96.0,0.0,0.0","-88.0,0.0,0.0","0.0,0.0,0.0","0.0,0.0,0.0","0,0,0"
1747092249.4832604,"-96.0,0.0,0.0","-95.0,0.0,0.0","0.0,0.0,0.0","0.0,0.0,0.0","0,0,0"
1747092249.5333424,"-96.0,0.0,0.0","-95.0,0.0,0.0","0.0,0.0,0.0","0.0,0.0,0.0","0,0,0"
1747092249.5834823,"-96.0,0.0,0.0","-97.0,0.0,0.0","0.0,0.0,0.0","0.0,0.0,0.0","0,0,0"
1747092249.6342309,"-96.0,0.0,0.0","-98.0,0.0,0.0","0.0,0.0,0.0","0.0,0.0,0.0","0,0,0"
1747092249.6842985,"-96.0,0.0,0.0","-97.0,0.0,0.0","0.0,0.0,0.0","0.0,0.0,0.0","0,0,0"
1747092249.7346542,"-96.0,0.0,0.0","-97.0,0.0,0.0","0.0,0.0,0.0","0.0,0.0,0.0","0,0,0"
1747092249.785109,"-96.0,0.0,0.0","-93.0,0.0,0.0","0.0,0.0,0.0","0.0,0.0,0.0","0,0,0"
1747092249.837423,"-96.0,0.0,0.0","-93.0,0.0,0.0","0.0,0.0,0.0","0.0,0.0,0.0","0,0,0"
1747092249.8900447,"-96.0,0.0,0.0","-93.0,0.0,0.0","0.0,0.0,0.0","0.0,0.0,0.0","0,0,0"
1747092249.9441245,"-96.0,0.0,0.0","-93.0,0.0,0.0","0.0,0.0,0.0","0.0,0.0,0.0","0,0,0"
1747092249.9943914,"-96.0,0.0,0.0","-95.0,0.0,0.0","0.0,0.0,0.0","0.0,0.0,0.0","0,0,0"
1747092250.045277,"-96.0,0.0,0.0","-96.0,0.0,0.0","0.0,0.0,0.0","0.0,0.0,0.0","0,0,0"
1747092250.095722,"-96.0,0.0,0.0","-96.0,0.0,0.0","0.0,0.0,0.0","0.0,0.0,0.0","0,0,0"
1747092250.1458442,"-97.0,0.0,0.0","-99.0,0.0,0.0","0.0,0.0,0.0","0.0,0.0,0.0","0,0,0"
1747092250.1964688,"-99.0,0.0,0.0","-100.0,0.0,0.0","0.0,0.0,0.0","0.0,0.0,0.0","0,0,0"
1747092250.2473793,"-102.0,0.0,0.0","-101.0,0.0,0.0","0.0,0.0,0.0","0.0,0.0,0.0","0,0,0"
1747092250.297392,"-102.0,0.0,0.0","-101.0,0.0,0.0","0.0,0.0,0.0","0.0,0.0,0.0","0,0,0"
1747092250.3475168,"-102.0,0.0,0.0","-101.0,0.0,0.0","0.0,0.0,0.0","0.0,0.0,0.0","0,0,0"
1747092250.4074817,"-102.0,0.0,0.0","-101.0,0.0,0.0","0.0,0.0,0.0","0.0,0.0,0.0","0,0,0"
1747092250.4592993,"-102.0,0.0,0.0","-101.0,0.0,0.0","0.0,0.0,0.0","0.0,0.0,0.0","0,0,0"
1747092250.5101082,"-94.0,0.0,0.0","-98.0,0.0,0.0","0.0,0.0,0.0","0.0,0.0,0.0","0,0,0"
1747092250.5603476,"-80.0,0.0,0.0","-78.0,0.0,0.0","0.0,0.0,0.0","0.0,0.0,0.0","0,0,0"
1747092250.6111455,"-75.0,0.0,0.0","-72.0,0.0,0.0","0.0,0.0,0.0","0.0,0.0,0.0","0,0,0"
1747092250.6612206,"-58.0,0.0,0.0","-54.0,0.0,0.0","0.0,0.0,0.0","0.0,0.0,0.0","0,0,0"
1747092250.7120311,"-58.0,0.0,0.0","-54.0,0.0,0.0","0.0,0.0,0.0","0.0,0.0,0.0","0,0,0"
1747092250.7624521,"-37.0,0.0,0.0","-21.0,0.0,0.0","-24.0,0.0,0.0","-11.0,0.0,0.0","0,0,0"
1747092250.8133898,"-34.0,0.0,0.0","-17.0,0.0,0.0","-24.0,0.0,0.0","1.0,0.0,0.0","0,0,0"
1747092250.8635554,"-26.0,0.0,0.0","-8.0,0.0,0.0","-24.0,0.0,0.0","13.0,0.0,0.0","0,0,0"
1747092250.9136806,"-21.0,0.0,0.0","2.0,0.0,0.0","-24.0,0.0,0.0","23.0,0.0,0.0","0,0,0"
1747092250.96527,"-18.0,0.0,0.0","6.0,0.0,0.0","-24.0,0.0,0.0","28.0,0.0,0.0","0,0,0"
1747092251.0161893,"-14.0,0.0,0.0","9.0,0.0,0.0","-24.0,0.0,0.0","32.0,0.0,0.0","0,0,0"
1747092251.0664275,"-12.0,0.0,0.0","16.0,0.0,0.0","-24.0,0.0,0.0","43.0,0.0,0.0","0,0,0"
1747092251.1164541,"-12.0,0.0,0.0","17.0,0.0,0.0","-24.0,0.0,0.0","44.0,0.0,0.0","0,0,0"
1747092251.167274,"-11.0,0.0,0.0","19.0,0.0,0.0","-24.0,0.0,0.0","44.0,0.0,0.0","0,0,0"
1747092251.2181191,"-11.0,0.0,0.0","20.0,0.0,0.0","-24.0,0.0,0.0","45.0,0.0,0.0","0,0,0"
1747092251.2683394,"-10.0,0.0,0.0","20.0,0.0,0.0","-24.0,0.0,0.0","45.0,0.0,0.0","0,0,0"
1747092251.3184824,"-10.0,0.0,0.0","20.0,0.0,0.0","-24.0,0.0,0.0","44.0,0.0,0.0","0,0,0"
1747092251.369118,"-10.0,0.0,0.0","20.0,0.0,0.0","-24.0,0.0,0.0","44.0,0.0,0.0","0,0,0"
1747092251.4194567,"-10.0,0.0,0.0","20.0,0.0,0.0","-24.0,0.0,0.0","43.0,0.0,0.0","0,0,0"
1747092251.4702137,"-10.0,0.0,0.0","20.0,0.0,0.0","-24.0,0.0,0.0","42.0,0.0,0.0","0,0,0"
1747092251.520362,"-10.0,0.0,0.0","16.0,0.0,0.0","-24.0,0.0,0.0","38.0,0.0,0.0","0,0,0"
1747092251.571422,"-10.0,0.0,0.0","14.0,0.0,0.0","-24.0,0.0,0.0","37.0,0.0,0.0","0,0,0"
1747092251.621513,"-9.0,0.0,0.0","7.0,0.0,0.0","-24.0,0.0,0.0","29.0,0.0,0.0","0,0,0"
1747092251.6720853,"-9.0,0.0,0.0","1.0,0.0,0.0","-24.0,0.0,0.0","25.0,0.0,0.0","0,0,0"
1747092251.7223449,"-9.0,0.0,0.0","-9.0,0.0,0.0","-24.0,0.0,0.0","21.0,0.0,0.0","0,0,0"
1747092251.7724347,"-9.0,0.0,0.0","-9.0,0.0,0.0","-24.0,0.0,0.0","21.0,0.0,0.0","0,0,0"
1747092251.8225057,"-8.0,0.0,0.0","-18.0,0.0,0.0","-24.0,0.0,0.0","14.0,0.0,0.0","0,0,0"
1747092251.8726761,"-7.0,0.0,0.0","-20.0,0.0,0.0","-24.0,0.0,0.0","13.0,0.0,0.0","0,0,0"
1747092251.9233756,"-6.0,0.0,0.0","-23.0,0.0,0.0","-24.0,0.0,0.0","11.0,0.0,0.0","0,0,0"
1747092251.973397,"-6.0,0.0,0.0","-23.0,0.0,0.0","-24.0,0.0,0.0","10.0,0.0,0.0","0,0,0"
1747092252.0270853,"-6.0,0.0,0.0","-23.0,0.0,0.0","-24.0,0.0,0.0","10.0,0.0,0.0","0,0,0"
1747092252.0771072,"-6.0,0.0,0.0","-24.0,0.0,0.0","-24.0,0.0,0.0","7.0,0.0,0.0","0,0,0"
1747092252.1557362,"-6.0,0.0,0.0","-24.0,0.0,0.0","-24.0,0.0,0.0","6.0,0.0,0.0","0,0,0"
1747092252.2071717,"-6.0,0.0,0.0","-24.0,0.0,0.0","-24.0,0.0,0.0","6.0,0.0,0.0","0,0,0"
1747092252.2579484,"-6.0,0.0,0.0","-24.0,0.0,0.0","-24.0,0.0,0.0","6.0,0.0,0.0","0,0,0"
1747092252.3080857,"-6.0,0.0,0.0","-24.0,0.0,0.0","-24.0,0.0,0.0","6.0,0.0,0.0","0,0,0"
1747092252.3582826,"-7.0,0.0,0.0","-24.0,0.0,0.0","-24.0,0.0,0.0","6.0,0.0,0.0","0,0,0"
1747092252.4083636,"-7.0,0.0,0.0","-24.0,0.0,0.0","-24.0,0.0,0.0","7.0,0.0,0.0","0,0,0"
1747092252.4591255,"-7.0,0.0,0.0","-24.0,0.0,0.0","-24.0,0.0,0.0","7.0,0.0,0.0","0,0,0"
1747092252.509293,"-7.0,0.0,0.0","-24.0,0.0,0.0","-24.0,0.0,0.0","10.0,0.0,0.0","0,0,0"
1747092252.5600507,"-7.0,0.0,0.0","-20.0,0.0,0.0","-24.0,0.0,0.0","15.0,0.0,0.0","0,0,0"
1747092252.6103184,"-5.0,0.0,0.0","-15.0,0.0,0.0","-24.0,0.0,0.0","18.0,0.0,0.0","0,0,0"
1747092252.6606631,"-5.0,0.0,0.0","-15.0,0.0,0.0","-24.0,0.0,0.0","18.0,0.0,0.0","0,0,0"
1747092252.7126672,"1.0,0.0,0.0","-2.0,0.0,0.0","-24.0,0.0,0.0","26.0,0.0,0.0","0,0,0"
1747092252.7634077,"7.0,0.0,0.0","9.0,0.0,0.0","-24.0,0.0,0.0","30.0,0.0,0.0","0,0,0"
1747092252.8152559,"10.0,0.0,0.0","18.0,0.0,0.0","-24.0,0.0,0.0","33.0,0.0,0.0","0,0,0"
1747092252.8655524,"19.0,0.0,0.0","33.0,0.0,0.0","-24.0,0.0,0.0","37.0,0.0,0.0","0,0,0"
1747092252.915794,"24.0,0.0,0.0","45.0,0.0,0.0","-24.0,0.0,0.0","0.0,0.0,0.0","0,0,0"
1747092252.965952,"28.0,0.0,0.0","47.0,0.0,0.0","-24.0,0.0,0.0","0.0,0.0,0.0","0,0,0"
1747092253.0160582,"50.0,0.0,0.0","47.0,0.0,0.0","0.0,0.0,0.0","0.0,0.0,0.0","0,0,0"
1747092253.0660725,"54.0,0.0,0.0","50.0,0.0,0.0","0.0,0.0,0.0","0.0,0.0,0.0","0,0,0"
1747092253.1162007,"66.0,0.0,0.0","66.0,0.0,0.0","0.0,0.0,0.0","0.0,0.0,0.0","0,0,0"
1747092253.1662714,"68.0,0.0,0.0","68.0,0.0,0.0","0.0,0.0,0.0","0.0,0.0,0.0","0,0,0"
1747092253.2167084,"75.0,0.0,0.0","73.0,0.0,0.0","0.0,0.0,0.0","0.0,0.0,0.0","0,0,0"
1747092253.26821,"80.0,0.0,0.0","75.0,0.0,0.0","0.0,0.0,0.0","0.0,0.0,0.0","0,0,0"
1747092253.3185124,"81.0,0.0,0.0","76.0,0.0,0.0","0.0,0.0,0.0","0.0,0.0,0.0","0,0,0"
1747092253.3693097,"85.0,0.0,0.0","77.0,0.0,0.0","0.0,0.0,0.0","0.0,0.0,0.0","0,0,0"
1747092253.4202726,"88.0,0.0,0.0","78.0,0.0,0.0","0.0,0.0,0.0","0.0,0.0,0.0","0,0,0"
1747092253.4707928,"89.0,0.0,0.0","78.0,0.0,0.0","0.0,0.0,0.0","0.0,0.0,0.0","0,0,0"
1747092253.521226,"90.0,0.0,0.0","79.0,0.0,0.0","0.0,0.0,0.0","0.0,0.0,0.0","0,0,0"
1747092253.5730422,"91.0,0.0,0.0","79.0,0.0,0.0","0.0,0.0,0.0","0.0,0.0,0.0","0,0,0"
1747092253.6231391,"92.0,0.0,0.0","79.0,0.0,0.0","0.0,0.0,0.0","0.0,0.0,0.0","0,0,0"
1747092253.67344,"92.0,0.0,0.0","80.0,0.0,0.0","0.0,0.0,0.0","0.0,0.0,0.0","0,0,0"
1747092253.7241602,"92.0,0.0,0.0","80.0,0.0,0.0","0.0,0.0,0.0","0.0,0.0,0.0","0,0,0"
1747092253.774232,"92.0,0.0,0.0","80.0,0.0,0.0","0.0,0.0,0.0","0.0,0.0,0.0","0,0,0"
1747092253.8242705,"92.0,0.0,0.0","79.0,0.0,0.0","0.0,0.0,0.0","0.0,0.0,0.0","0,0,0"
1747092253.8742888,"92.0,0.0,0.0","80.0,0.0,0.0","0.0,0.0,0.0","0.0,0.0,0.0","0,0,0"
1747092253.9248965,"92.0,0.0,0.0","80.0,0.0,0.0","0.0,0.0,0.0","0.0,0.0,0.0","0,0,0"
1747092253.9749887,"91.0,0.0,0.0","79.0,0.0,0.0","0.0,0.0,0.0","0.0,0.0,0.0","0,0,0"
1747092254.0255618,"90.0,0.0,0.0","79.0,0.0,0.0","0.0,0.0,0.0","0.0,0.0,0.0","0,0,0"
1747092254.076498,"90.0,0.0,0.0","79.0,0.0,0.0","0.0,0.0,0.0","0.0,0.0,0.0","0,0,0"
1747092254.1268024,"88.0,0.0,0.0","78.0,0.0,0.0","0.0,0.0,0.0","0.0,0.0,0.0","0,0,0"
1747092254.1781201,"87.0,0.0,0.0","78.0,0.0,0.0","0.0,0.0,0.0","0.0,0.0,0.0","0,0,0"
1747092254.2284057,"85.0,0.0,0.0","77.0,0.0,0.0","0.0,0.0,0.0","0.0,0.0,0.0","0,0,0"
1747092254.279242,"85.0,0.0,0.0","76.0,0.0,0.0","0.0,0.0,0.0","0.0,0.0,0.0","0,0,0"
1747092254.3296456,"79.0,0.0,0.0","74.0,0.0,0.0","0.0,0.0,0.0","0.0,0.0,0.0","0,0,0"
1747092254.380256,"77.0,0.0,0.0","73.0,0.0,0.0","0.0,0.0,0.0","0.0,0.0,0.0","0,0,0"
1747092254.4312131,"65.0,0.0,0.0","59.0,0.0,0.0","0.0,0.0,0.0","0.0,0.0,0.0","0,0,0"
1747092254.4813023,"61.0,0.0,0.0","49.0,0.0,0.0","0.0,0.0,0.0","0.0,0.0,0.0","0,0,0"
1747092254.5315661,"56.0,0.0,0.0","62.0,0.0,0.0","0.0,0.0,0.0","0.0,0.0,0.0","0,0,0"
1747092254.58239,"50.0,0.0,0.0","50.0,0.0,0.0","0.0,0.0,0.0","0.0,0.0,0.0","0,0,0"
1747092254.6331391,"46.0,0.0,0.0","46.0,0.0,0.0","0.0,0.0,0.0","0.0,0.0,0.0","0,0,0"
1747092254.683246,"27.0,0.0,0.0","30.0,0.0,0.0","-24.0,0.0,0.0","49.0,0.0,0.0","0,0,0"
1747092254.7336345,"21.0,0.0,0.0","27.0,0.0,0.0","-24.0,0.0,0.0","48.0,0.0,0.0","0,0,0"
1747092254.7845242,"13.0,0.0,0.0","13.0,0.0,0.0","-24.0,0.0,0.0","37.0,0.0,0.0","0,0,0"
1747092254.8351545,"5.0,0.0,0.0","7.0,0.0,0.0","-24.0,0.0,0.0","31.0,0.0,0.0","0,0,0"
1747092254.8857937,"2.0,0.0,0.0","-2.0,0.0,0.0","-24.0,0.0,0.0","26.0,0.0,0.0","0,0,0"
1747092254.9363108,"-8.0,0.0,0.0","-15.0,0.0,0.0","-24.0,0.0,0.0","25.0,0.0,0.0","0,0,0"
1747092254.9872944,"-11.0,0.0,0.0","-17.0,0.0,0.0","-24.0,0.0,0.0","22.0,0.0,0.0","0,0,0"
1747092255.0381913,"-18.0,0.0,0.0","-22.0,0.0,0.0","-24.0,0.0,0.0","18.0,0.0,0.0","0,0,0"
1747092255.0882044,"-18.0,0.0,0.0","-22.0,0.0,0.0","-24.0,0.0,0.0","15.0,0.0,0.0","0,0,0"
1747092255.1391098,"-18.0,0.0,0.0","-22.0,0.0,0.0","-24.0,0.0,0.0","14.0,0.0,0.0","0,0,0"
1747092255.1893241,"-18.0,0.0,0.0","-22.0,0.0,0.0","-24.0,0.0,0.0","14.0,0.0,0.0","0,0,0"
1747092255.2400353,"-18.0,0.0,0.0","-22.0,0.0,0.0","-24.0,0.0,0.0","14.0,0.0,0.0","0,0,0"
1747092255.2902005,"-17.0,0.0,0.0","-21.0,0.0,0.0","-24.0,0.0,0.0","14.0,0.0,0.0","0,0,0"
1747092255.34198,"-15.0,0.0,0.0","-18.0,0.0,0.0","-24.0,0.0,0.0","15.0,0.0,0.0","0,0,0"
1747092255.392566,"-15.0,0.0,0.0","-15.0,0.0,0.0","-24.0,0.0,0.0","17.0,0.0,0.0","0,0,0"
1747092255.443172,"-15.0,0.0,0.0","-15.0,0.0,0.0","-24.0,0.0,0.0","17.0,0.0,0.0","0,0,0"
1747092255.5011818,"-11.0,0.0,0.0","-8.0,0.0,0.0","-24.0,0.0,0.0","28.0,0.0,0.0","0,0,0"
1747092255.5522573,"-10.0,0.0,0.0","-6.0,0.0,0.0","-24.0,0.0,0.0","32.0,0.0,0.0","0,0,0"
1747092255.6023676,"-8.0,0.0,0.0","-2.0,0.0,0.0","-24.0,0.0,0.0","40.0,0.0,0.0","0,0,0"
1747092255.6530967,"-8.0,0.0,0.0","0.0,0.0,0.0","-24.0,0.0,0.0","51.0,0.0,0.0","0,0,0"
1747092255.703308,"-8.0,0.0,0.0","0.0,0.0,0.0","-24.0,0.0,0.0","51.0,0.0,0.0","0,0,0"
1747092255.7542202,"-5.0,0.0,0.0","1.0,0.0,0.0","-24.0,0.0,0.0","60.0,0.0,0.0","0,0,0"
1747092255.8042839,"-5.0,0.0,0.0","4.0,0.0,0.0","-24.0,0.0,0.0","69.0,0.0,0.0","0,0,0"
1747092255.8544843,"-5.0,0.0,0.0","5.0,0.0,0.0","-24.0,0.0,0.0","75.0,0.0,0.0","0,0,0"
1747092255.9046876,"-5.0,0.0,0.0","5.0,0.0,0.0","-24.0,0.0,0.0","75.0,0.0,0.0","0,0,0"
1747092255.9554298,"-5.0,0.0,0.0","5.0,0.0,0.0","-24.0,0.0,0.0","75.0,0.0,0.0","0,0,0"
1747092256.006045,"-7.0,0.0,0.0","5.0,0.0,0.0","-24.0,0.0,0.0","75.0,0.0,0.0","0,0,0"
1747092256.0570905,"-8.0,0.0,0.0","5.0,0.0,0.0","-24.0,0.0,0.0","75.0,0.0,0.0","0,0,0"
1747092256.1082582,"-9.0,0.0,0.0","3.0,0.0,0.0","-24.0,0.0,0.0","74.0,0.0,0.0","0,0,0"
1747092256.158304,"-9.0,0.0,0.0","2.0,0.0,0.0","-24.0,0.0,0.0","73.0,0.0,0.0","0,0,0"
1747092256.2083757,"-11.0,0.0,0.0","-2.0,0.0,0.0","-24.0,0.0,0.0","61.0,0.0,0.0","0,0,0"
1747092256.2590744,"-11.0,0.0,0.0","-4.0,0.0,0.0","22.0,0.0,0.0","58.0,0.0,0.0","0,0,0"
1747092256.309219,"-11.0,0.0,0.0","-5.0,0.0,0.0","70.0,0.0,0.0","57.0,0.0,0.0","0,0,0"
1747092256.36018,"-12.0,0.0,0.0","-5.0,0.0,0.0","71.0,0.0,0.0","55.0,0.0,0.0","0,0,0"
1747092256.4113774,"-12.0,0.0,0.0","-6.0,0.0,0.0","72.0,0.0,0.0","54.0,0.0,0.0","0,0,0"
1747092256.4620621,"-12.0,0.0,0.0","-7.0,0.0,0.0","72.0,0.0,0.0","53.0,0.0,0.0","0,0,0"
1747092256.512437,"-12.0,0.0,0.0","-7.0,0.0,0.0","72.0,0.0,0.0","52.0,0.0,0.0","0,0,0"
1747092256.5640094,"-13.0,0.0,0.0","-8.0,0.0,0.0","73.0,0.0,0.0","52.0,0.0,0.0","0,0,0"
1747092256.6140468,"-13.0,0.0,0.0","-9.0,0.0,0.0","72.0,0.0,0.0","53.0,0.0,0.0","0,0,0"
1747092256.664515,"-13.0,0.0,0.0","-11.0,0.0,0.0","72.0,0.0,0.0","53.0,0.0,0.0","0,0,0"
1747092256.714979,"-12.0,0.0,0.0","-11.0,0.0,0.0","72.0,0.0,0.0","57.0,0.0,0.0","0,0,0"
1747092256.765971,"-12.0,0.0,0.0","-11.0,0.0,0.0","72.0,0.0,0.0","60.0,0.0,0.0","0,0,0"
1747092256.8161852,"-12.0,0.0,0.0","-11.0,0.0,0.0","62.0,0.0,0.0","67.0,0.0,0.0","0,0,0"
1747092256.8663905,"-11.0,0.0,0.0","-11.0,0.0,0.0","58.0,0.0,0.0","67.0,0.0,0.0","0,0,0"
1747092256.9172094,"-10.0,0.0,0.0","-8.0,0.0,0.0","44.0,0.0,0.0","67.0,0.0,0.0","0,0,0"
1747092256.9673567,"-10.0,0.0,0.0","-3.0,0.0,0.0","42.0,0.0,0.0","67.0,0.0,0.0","0,0,0"
1747092257.0191154,"-10.0,0.0,0.0","2.0,0.0,0.0","35.0,0.0,0.0","67.0,0.0,0.0","0,0,0"
1747092257.0692105,"-8.0,0.0,0.0","6.0,0.0,0.0","22.0,0.0,0.0","55.0,0.0,0.0","0,0,0"
1747092257.1193235,"-7.0,0.0,0.0","6.0,0.0,0.0","19.0,0.0,0.0","53.0,0.0,0.0","0,0,0"
1747092257.1693258,"-7.0,0.0,0.0","6.0,0.0,0.0","11.0,0.0,0.0","37.0,0.0,0.0","0,0,0"
1747092257.2200813,"-7.0,0.0,0.0","7.0,0.0,0.0","-3.0,0.0,0.0","32.0,0.0,0.0","0,0,0"
1747092257.2702043,"-8.0,0.0,0.0","6.0,0.0,0.0","-24.0,0.0,0.0","24.0,0.0,0.0","0,0,0"
1747092257.3203177,"-8.0,0.0,0.0","6.0,0.0,0.0","-24.0,0.0,0.0","22.0,0.0,0.0","0,0,0"
1747092257.3703961,"-9.0,0.0,0.0","4.0,0.0,0.0","-32.0,0.0,0.0","17.0,0.0,0.0","0,0,0"
1747092257.4211035,"-10.0,0.0,0.0","3.0,0.0,0.0","-33.0,0.0,0.0","16.0,0.0,0.0","0,0,0"
1747092257.4711707,"-10.0,0.0,0.0","3.0,0.0,0.0","-33.0,0.0,0.0","12.0,0.0,0.0","0,0,0"
1747092257.5212483,"-11.0,0.0,0.0","-2.0,0.0,0.0","-39.0,0.0,0.0","9.0,0.0,0.0","0,0,0"
1747092257.571289,"-12.0,0.0,0.0","-3.0,0.0,0.0","-41.0,0.0,0.0","8.0,0.0,0.0","0,0,0"
1747092257.6220765,"-12.0,0.0,0.0","-3.0,0.0,0.0","-42.0,0.0,0.0","8.0,0.0,0.0","0,0,0"
1747092257.6721404,"-12.0,0.0,0.0","-3.0,0.0,0.0","-42.0,0.0,0.0","8.0,0.0,0.0","0,0,0"
1747092257.722931,"-12.0,0.0,0.0","-3.0,0.0,0.0","-42.0,0.0,0.0","9.0,0.0,0.0","0,0,0"
1747092257.7731347,"-12.0,0.0,0.0","-1.0,0.0,0.0","-42.0,0.0,0.0","12.0,0.0,0.0","0,0,0"
1747092257.8232617,"-12.0,0.0,0.0","-1.0,0.0,0.0","-41.0,0.0,0.0","19.0,0.0,0.0","0,0,0"
1747092257.8738277,"-10.0,0.0,0.0","1.0,0.0,0.0","-29.0,0.0,0.0","24.0,0.0,0.0","0,0,0"
1747092257.9239078,"-10.0,0.0,0.0","2.0,0.0,0.0","-24.0,0.0,0.0","32.0,0.0,0.0","0,0,0"
1747092257.9739747,"-9.0,0.0,0.0","2.0,0.0,0.0","-24.0,0.0,0.0","39.0,0.0,0.0","0,0,0"
1747092258.0247388,"-9.0,0.0,0.0","3.0,0.0,0.0","-24.0,0.0,0.0","60.0,0.0,0.0","0,0,0"
1747092258.0754075,"-9.0,0.0,0.0","2.0,0.0,0.0","-24.0,0.0,0.0","72.0,0.0,0.0","0,0,0"
1747092258.1261835,"-9.0,0.0,0.0","2.0,0.0,0.0","-24.0,0.0,0.0","72.0,0.0,0.0","0,0,0"
1747092258.177187,"-9.0,0.0,0.0","2.0,0.0,0.0","-24.0,0.0,0.0","72.0,0.0,0.0","0,0,0"
1747092258.2316813,"-9.0,0.0,0.0","1.0,0.0,0.0","-24.0,0.0,0.0","72.0,0.0,0.0","0,0,0"
1747092258.2825556,"-9.0,0.0,0.0","1.0,0.0,0.0","-24.0,0.0,0.0","72.0,0.0,0.0","0,0,0"
1747092258.3335211,"-9.0,0.0,0.0","1.0,0.0,0.0","-24.0,0.0,0.0","72.0,0.0,0.0","0,0,0"
1747092258.3840702,"-11.0,0.0,0.0","0.0,0.0,0.0","-24.0,0.0,0.0","70.0,0.0,0.0","0,0,0"
1747092258.434148,"-12.0,0.0,0.0","-4.0,0.0,0.0","-24.0,0.0,0.0","63.0,0.0,0.0","0,0,0"
1747092258.48509,"-12.0,0.0,0.0","-6.0,0.0,0.0","10.0,0.0,0.0","61.0,0.0,0.0","0,0,0"
1747092258.5353541,"-12.0,0.0,0.0","-6.0,0.0,0.0","10.0,0.0,0.0","61.0,0.0,0.0","0,0,0"
1747092258.5855799,"-12.0,0.0,0.0","-7.0,0.0,0.0","46.0,0.0,0.0","54.0,0.0,0.0","0,0,0"
1747092258.6363254,"-11.0,0.0,0.0","-7.0,0.0,0.0","50.0,0.0,0.0","49.0,0.0,0.0","0,0,0"
1747092258.6874716,"-11.0,0.0,0.0","-8.0,0.0,0.0","52.0,0.0,0.0","47.0,0.0,0.0","0,0,0"
1747092258.7379465,"-11.0,0.0,0.0","-8.0,0.0,0.0","55.0,0.0,0.0","47.0,0.0,0.0","0,0,0"
1747092258.788016,"-11.0,0.0,0.0","-8.0,0.0,0.0","53.0,0.0,0.0","47.0,0.0,0.0","0,0,0"
1747092258.8392777,"-11.0,0.0,0.0","-8.0,0.0,0.0","52.0,0.0,0.0","46.0,0.0,0.0","0,0,0"
1747092258.8893065,"-11.0,0.0,0.0","-9.0,0.0,0.0","54.0,0.0,0.0","43.0,0.0,0.0","0,0,0"
1747092258.940027,"-12.0,0.0,0.0","-9.0,0.0,0.0","55.0,0.0,0.0","42.0,0.0,0.0","0,0,0"
1747092258.990099,"-12.0,0.0,0.0","-9.0,0.0,0.0","56.0,0.0,0.0","43.0,0.0,0.0","0,0,0"
1747092259.040978,"-13.0,0.0,0.0","-9.0,0.0,0.0","59.0,0.0,0.0","46.0,0.0,0.0","0,0,0"
1747092259.0911613,"-14.0,0.0,0.0","-10.0,0.0,0.0","59.0,0.0,0.0","48.0,0.0,0.0","0,0,0"
1747092259.1411862,"-16.0,0.0,0.0","-9.0,0.0,0.0","59.0,0.0,0.0","50.0,0.0,0.0","0,0,0"
1747092259.1913972,"-17.0,0.0,0.0","-9.0,0.0,0.0","57.0,0.0,0.0","55.0,0.0,0.0","0,0,0"
1747092259.2420962,"-17.0,0.0,0.0","-9.0,0.0,0.0","56.0,0.0,0.0","61.0,0.0,0.0","0,0,0"
1747092259.2930548,"-17.0,0.0,0.0","-9.0,0.0,0.0","56.0,0.0,0.0","61.0,0.0,0.0","0,0,0"
1747092259.3434055,"-17.0,0.0,0.0","-3.0,0.0,0.0","56.0,0.0,0.0","61.0,0.0,0.0","0,0,0"
1747092259.3941708,"-17.0,0.0,0.0","0.0,0.0,0.0","51.0,0.0,0.0","61.0,0.0,0.0","0,0,0"
1747092259.4442406,"-17.0,0.0,0.0","0.0,0.0,0.0","40.0,0.0,0.0","61.0,0.0,0.0","0,0,0"
1747092259.4942877,"-17.0,0.0,0.0","0.0,0.0,0.0","18.0,0.0,0.0","53.0,0.0,0.0","0,0,0"
1747092259.545172,"-17.0,0.0,0.0","0.0,0.0,0.0","-11.0,0.0,0.0","32.0,0.0,0.0","0,0,0"
1747092259.5953398,"-17.0,0.0,0.0","0.0,0.0,0.0","-19.0,0.0,0.0","14.0,0.0,0.0","0,0,0"
1747092259.6461535,"-18.0,0.0,0.0","-1.0,0.0,0.0","-24.0,0.0,0.0","11.0,0.0,0.0","0,0,0"
1747092259.6980748,"-18.0,0.0,0.0","-3.0,0.0,0.0","-24.0,0.0,0.0","9.0,0.0,0.0","0,0,0"
1747092259.755213,"-19.0,0.0,0.0","-4.0,0.0,0.0","-24.0,0.0,0.0","6.0,0.0,0.0","0,0,0"
1747092259.8063087,"-21.0,0.0,0.0","-5.0,0.0,0.0","-29.0,0.0,0.0","4.0,0.0,0.0","0,0,0"
1747092259.8569932,"-22.0,0.0,0.0","-7.0,0.0,0.0","-41.0,0.0,0.0","1.0,0.0,0.0","0,0,0"
1747092259.9078755,"-22.0,0.0,0.0","-8.0,0.0,0.0","-48.0,0.0,0.0","0.0,0.0,0.0","0,0,0"
1747092259.9584277,"-22.0,0.0,0.0","-8.0,0.0,0.0","-52.0,0.0,0.0","-2.0,0.0,0.0","0,0,0"
1747092260.009415,"-23.0,0.0,0.0","-9.0,0.0,0.0","-54.0,0.0,0.0","-3.0,0.0,0.0","0,0,0"
1747092260.060028,"-23.0,0.0,0.0","-9.0,0.0,0.0","-55.0,0.0,0.0","-4.0,0.0,0.0","0,0,0"
1747092260.1107838,"-23.0,0.0,0.0","-9.0,0.0,0.0","-55.0,0.0,0.0","-4.0,0.0,0.0","0,0,0"
1747092260.1610081,"-23.0,0.0,0.0","-10.0,0.0,0.0","-56.0,0.0,0.0","-4.0,0.0,0.0","0,0,0"
1747092260.2114835,"-23.0,0.0,0.0","-9.0,0.0,0.0","-57.0,0.0,0.0","-3.0,0.0,0.0","0,0,0"
1747092260.26234,"-23.0,0.0,0.0","-9.0,0.0,0.0","-57.0,0.0,0.0","-3.0,0.0,0.0","0,0,0"
1747092260.3126218,"-23.0,0.0,0.0","-9.0,0.0,0.0","-57.0,0.0,0.0","-1.0,0.0,0.0","0,0,0"
1747092260.3631034,"-22.0,0.0,0.0","-9.0,0.0,0.0","-57.0,0.0,0.0","9.0,0.0,0.0","0,0,0"
1747092260.4138455,"-22.0,0.0,0.0","-8.0,0.0,0.0","-57.0,0.0,0.0","14.0,0.0,0.0","0,0,0"
1747092260.4644105,"-20.0,0.0,0.0","-6.0,0.0,0.0","-56.0,0.0,0.0","18.0,0.0,0.0","0,0,0"
1747092260.514545,"-17.0,0.0,0.0","-3.0,0.0,0.0","-24.0,0.0,0.0","24.0,0.0,0.0","0,0,0"
1747092260.5741622,"-16.0,0.0,0.0","1.0,0.0,0.0","-24.0,0.0,0.0","30.0,0.0,0.0","0,0,0"
1747092260.6242442,"-13.0,0.0,0.0","2.0,0.0,0.0","-24.0,0.0,0.0","45.0,0.0,0.0","0,0,0"
1747092260.674281,"-13.0,0.0,0.0","3.0,0.0,0.0","-24.0,0.0,0.0","57.0,0.0,0.0","0,0,0"
1747092260.7254264,"-12.0,0.0,0.0","5.0,0.0,0.0","-24.0,0.0,0.0","68.0,0.0,0.0","0,0,0"
1747092260.7760103,"-12.0,0.0,0.0","5.0,0.0,0.0","-24.0,0.0,0.0","69.0,0.0,0.0","0,0,0"
1747092260.8262687,"-12.0,0.0,0.0","5.0,0.0,0.0","-24.0,0.0,0.0","69.0,0.0,0.0","0,0,0"
1747092260.8766859,"-12.0,0.0,0.0","5.0,0.0,0.0","-24.0,0.0,0.0","69.0,0.0,0.0","0,0,0"
1747092260.9269218,"-12.0,0.0,0.0","6.0,0.0,0.0","-24.0,0.0,0.0","69.0,0.0,0.0","0,0,0"
1747092260.9783795,"-12.0,0.0,0.0","5.0,0.0,0.0","-24.0,0.0,0.0","69.0,0.0,0.0","0,0,0"
1747092261.029115,"-12.0,0.0,0.0","5.0,0.0,0.0","66.0,0.0,0.0","69.0,0.0,0.0","0,0,0"
1747092261.079213,"-12.0,0.0,0.0","5.0,0.0,0.0","66.0,0.0,0.0","68.0,0.0,0.0","0,0,0"
1747092261.1293569,"-13.0,0.0,0.0","4.0,0.0,0.0","67.0,0.0,0.0","66.0,0.0,0.0","0,0,0"
1747092261.182442,"-13.0,0.0,0.0","4.0,0.0,0.0","68.0,0.0,0.0","64.0,0.0,0.0","0,0,0"
1747092261.233593,"-13.0,0.0,0.0","3.0,0.0,0.0","71.0,0.0,0.0","60.0,0.0,0.0","0,0,0"
1747092261.2840126,"-13.0,0.0,0.0","2.0,0.0,0.0","72.0,0.0,0.0","59.0,0.0,0.0","0,0,0"
1747092261.3343341,"-13.0,0.0,0.0","1.0,0.0,0.0","72.0,0.0,0.0","56.0,0.0,0.0","0,0,0"
1747092261.3853052,"-14.0,0.0,0.0","0.0,0.0,0.0","73.0,0.0,0.0","48.0,0.0,0.0","0,0,0"
1747092261.435649,"-16.0,0.0,0.0","-2.0,0.0,0.0","74.0,0.0,0.0","48.0,0.0,0.0","0,0,0"
1747092261.485981,"-16.0,0.0,0.0","-3.0,0.0,0.0","75.0,0.0,0.0","48.0,0.0,0.0","0,0,0"
1747092261.536086,"-16.0,0.0,0.0","-3.0,0.0,0.0","76.0,0.0,0.0","48.0,0.0,0.0","0,0,0"
1747092261.58674,"-17.0,0.0,0.0","-3.0,0.0,0.0","76.0,0.0,0.0","49.0,0.0,0.0","0,0,0"
1747092261.6369803,"-17.0,0.0,0.0","-4.0,0.0,0.0","76.0,0.0,0.0","50.0,0.0,0.0","0,0,0"
1747092261.687018,"-17.0,0.0,0.0","-4.0,0.0,0.0","76.0,0.0,0.0","51.0,0.0,0.0","0,0,0"
1747092261.7380416,"-18.0,0.0,0.0","-4.0,0.0,0.0","76.0,0.0,0.0","51.0,0.0,0.0","0,0,0"
1747092261.7881408,"-18.0,0.0,0.0","-4.0,0.0,0.0","76.0,0.0,0.0","51.0,0.0,0.0","0,0,0"
1747092261.838419,"-18.0,0.0,0.0","-5.0,0.0,0.0","76.0,0.0,0.0","51.0,0.0,0.0","0,0,0"
1747092261.8890362,"-18.0,0.0,0.0","-5.0,0.0,0.0","74.0,0.0,0.0","51.0,0.0,0.0","0,0,0"
1747092261.9398444,"-18.0,0.0,0.0","-5.0,0.0,0.0","72.0,0.0,0.0","51.0,0.0,0.0","0,0,0"
1747092261.9899461,"-18.0,0.0,0.0","-5.0,0.0,0.0","72.0,0.0,0.0","51.0,0.0,0.0","0,0,0"
1747092262.0400233,"-17.0,0.0,0.0","-5.0,0.0,0.0","70.0,0.0,0.0","51.0,0.0,0.0","0,0,0"
1747092262.0901132,"-17.0,0.0,0.0","-5.0,0.0,0.0","70.0,0.0,0.0","51.0,0.0,0.0","0,0,0"
1747092262.1402292,"-17.0,0.0,0.0","-6.0,0.0,0.0","69.0,0.0,0.0","50.0,0.0,0.0","0,0,0"
1747092262.1910331,"-17.0,0.0,0.0","-6.0,0.0,0.0","69.0,0.0,0.0","50.0,0.0,0.0","0,0,0"
1747092262.2435226,"-17.0,0.0,0.0","-6.0,0.0,0.0","68.0,0.0,0.0","50.0,0.0,0.0","0,0,0"
1747092262.293942,"-17.0,0.0,0.0","-6.0,0.0,0.0","66.0,0.0,0.0","49.0,0.0,0.0","0,0,0"
1747092262.3439586,"-16.0,0.0,0.0","-6.0,0.0,0.0","63.0,0.0,0.0","48.0,0.0,0.0","0,0,0"
1747092262.3948064,"-15.0,0.0,0.0","-5.0,0.0,0.0","54.0,0.0,0.0","35.0,0.0,0.0","0,0,0"
1747092262.4448335,"-14.0,0.0,0.0","-5.0,0.0,0.0","51.0,0.0,0.0","31.0,0.0,0.0","0,0,0"
1747092262.4955866,"-14.0,0.0,0.0","-5.0,0.0,0.0","51.0,0.0,0.0","31.0,0.0,0.0","0,0,0"
1747092262.5457473,"-13.0,0.0,0.0","-4.0,0.0,0.0","48.0,0.0,0.0","30.0,0.0,0.0","0,0,0"
1747092262.596139,"-13.0,0.0,0.0","-5.0,0.0,0.0","47.0,0.0,0.0","29.0,0.0,0.0","0,0,0"
1747092262.6461875,"-12.0,0.0,0.0","-4.0,0.0,0.0","42.0,0.0,0.0","28.0,0.0,0.0","0,0,0"
1747092262.696259,"-11.0,0.0,0.0","-4.0,0.0,0.0","40.0,0.0,0.0","28.0,0.0,0.0","0,0,0"
1747092262.746404,"-10.0,0.0,0.0","-4.0,0.0,0.0","40.0,0.0,0.0","28.0,0.0,0.0","0,0,0"
1747092262.7970119,"-9.0,0.0,0.0","-4.0,0.0,0.0","39.0,0.0,0.0","25.0,0.0,0.0","0,0,0"
1747092262.8472471,"-8.0,0.0,0.0","-4.0,0.0,0.0","38.0,0.0,0.0","24.0,0.0,0.0","0,0,0"
1747092262.898416,"-8.0,0.0,0.0","-3.0,0.0,0.0","38.0,0.0,0.0","23.0,0.0,0.0","0,0,0"
1747092262.949248,"-7.0,0.0,0.0","-3.0,0.0,0.0","36.0,0.0,0.0","22.0,0.0,0.0","0,0,0"
1747092262.9999137,"-6.0,0.0,0.0","-2.0,0.0,0.0","29.0,0.0,0.0","22.0,0.0,0.0","0,0,0"
1747092263.0513349,"-6.0,0.0,0.0","-2.0,0.0,0.0","28.0,0.0,0.0","21.0,0.0,0.0","0,0,0"
1747092263.101896,"-5.0,0.0,0.0","1.0,0.0,0.0","27.0,0.0,0.0","18.0,0.0,0.0","0,0,0"
1747092263.1628685,"-5.0,0.0,0.0","1.0,0.0,0.0","27.0,0.0,0.0","18.0,0.0,0.0","0,0,0"
1747092263.213886,"-3.0,0.0,0.0","2.0,0.0,0.0","25.0,0.0,0.0","16.0,0.0,0.0","0,0,0"
1747092263.2643735,"-2.0,0.0,0.0","2.0,0.0,0.0","25.0,0.0,0.0","15.0,0.0,0.0","0,0,0"
1747092263.3159442,"-2.0,0.0,0.0","4.0,0.0,0.0","24.0,0.0,0.0","13.0,0.0,0.0","0,0,0"
1747092263.3659873,"-1.0,0.0,0.0","5.0,0.0,0.0","25.0,0.0,0.0","13.0,0.0,0.0","0,0,0"
1747092263.4181054,"-1.0,0.0,0.0","5.0,0.0,0.0","26.0,0.0,0.0","13.0,0.0,0.0","0,0,0"
1747092263.4687352,"-1.0,0.0,0.0","5.0,0.0,0.0","26.0,0.0,0.0","13.0,0.0,0.0","0,0,0"
1747092263.519002,"-1.0,0.0,0.0","5.0,0.0,0.0","27.0,0.0,0.0","14.0,0.0,0.0","0,0,0"
1747092263.5691435,"-1.0,0.0,0.0","5.0,0.0,0.0","26.0,0.0,0.0","14.0,0.0,0.0","0,0,0"
1747092263.620071,"-1.0,0.0,0.0","6.0,0.0,0.0","26.0,0.0,0.0","14.0,0.0,0.0","0,0,0"
1747092263.6711643,"-1.0,0.0,0.0","6.0,0.0,0.0","27.0,0.0,0.0","14.0,0.0,0.0","0,0,0"
1747092263.7217212,"-1.0,0.0,0.0","5.0,0.0,0.0","27.0,0.0,0.0","14.0,0.0,0.0","0,0,0"
1747092263.771987,"-1.0,0.0,0.0","5.0,0.0,0.0","27.0,0.0,0.0","14.0,0.0,0.0","0,0,0"
1747092263.822688,"-1.0,0.0,0.0","5.0,0.0,0.0","27.0,0.0,0.0","15.0,0.0,0.0","0,0,0"
1747092263.8732333,"-1.0,0.0,0.0","5.0,0.0,0.0","27.0,0.0,0.0","15.0,0.0,0.0","0,0,0"
1747092263.9234252,"-1.0,0.0,0.0","4.0,0.0,0.0","27.0,0.0,0.0","15.0,0.0,0.0","0,0,0"
1747092263.974,"-1.0,0.0,0.0","4.0,0.0,0.0","28.0,0.0,0.0","15.0,0.0,0.0","0,0,0"
1747092264.0251112,"-1.0,0.0,0.0","3.0,0.0,0.0","29.0,0.0,0.0","15.0,0.0,0.0","0,0,0"
1747092264.0752487,"-1.0,0.0,0.0","3.0,0.0,0.0","30.0,0.0,0.0","16.0,0.0,0.0","0,0,0"
1747092264.1254115,"-1.0,0.0,0.0","3.0,0.0,0.0","34.0,0.0,0.0","16.0,0.0,0.0","0,0,0"
1747092264.1760693,"-1.0,0.0,0.0","3.0,0.0,0.0","35.0,0.0,0.0","16.0,0.0,0.0","0,0,0"
1747092264.2263908,"-1.0,0.0,0.0","3.0,0.0,0.0","35.0,0.0,0.0","16.0,0.0,0.0","0,0,0"
1747092264.2770603,"0.0,0.0,0.0","3.0,0.0,0.0","35.0,0.0,0.0","16.0,0.0,0.0","0,0,0"
1747092264.3277247,"1.0,0.0,0.0","3.0,0.0,0.0","35.0,0.0,0.0","13.0,0.0,0.0","0,0,0"
1747092264.3790967,"3.0,0.0,0.0","5.0,0.0,0.0","34.0,0.0,0.0","12.0,0.0,0.0","0,0,0"
1747092264.4291964,"4.0,0.0,0.0","8.0,0.0,0.0","32.0,0.0,0.0","10.0,0.0,0.0","0,0,0"
1747092264.4792697,"7.0,0.0,0.0","13.0,0.0,0.0","26.0,0.0,0.0","7.0,0.0,0.0","0,0,0"
1747092264.5299315,"9.0,0.0,0.0","16.0,0.0,0.0","21.0,0.0,0.0","3.0,0.0,0.0","0,0,0"
1747092264.5804257,"11.0,0.0,0.0","19.0,0.0,0.0","20.0,0.0,0.0","2.0,0.0,0.0","0,0,0"
1747092264.6310878,"12.0,0.0,0.0","20.0,0.0,0.0","19.0,0.0,0.0","2.0,0.0,0.0","0,0,0"
1747092264.6814258,"15.0,0.0,0.0","22.0,0.0,0.0","19.0,0.0,0.0","0.0,0.0,0.0","0,0,0"
1747092264.7326012,"17.0,0.0,0.0","24.0,0.0,0.0","18.0,0.0,0.0","-1.0,0.0,0.0","0,0,0"
1747092264.7829096,"18.0,0.0,0.0","25.0,0.0,0.0","18.0,0.0,0.0","-3.0,0.0,0.0","0,0,0"
1747092264.833154,"20.0,0.0,0.0","26.0,0.0,0.0","18.0,0.0,0.0","-6.0,0.0,0.0","0,0,0"
1747092264.8832896,"20.0,0.0,0.0","27.0,0.0,0.0","18.0,0.0,0.0","-6.0,0.0,0.0","0,0,0"
1747092264.934004,"20.0,0.0,0.0","29.0,0.0,0.0","18.0,0.0,0.0","-6.0,0.0,0.0","0,0,0"
1747092264.984096,"21.0,0.0,0.0","30.0,0.0,0.0","17.0,0.0,0.0","-7.0,0.0,0.0","0,0,0"
1747092265.034192,"23.0,0.0,0.0","32.0,0.0,0.0","17.0,0.0,0.0","-8.0,0.0,0.0","0,0,0"
1747092265.0843039,"24.0,0.0,0.0","33.0,0.0,0.0","16.0,0.0,0.0","-9.0,0.0,0.0","0,0,0"
1747092265.1352594,"25.0,0.0,0.0","34.0,0.0,0.0","16.0,0.0,0.0","-10.0,0.0,0.0","0,0,0"
1747092265.1860435,"25.0,0.0,0.0","34.0,0.0,0.0","16.0,0.0,0.0","-10.0,0.0,0.0","0,0,0"
1747092265.2366655,"25.0,0.0,0.0","34.0,0.0,0.0","16.0,0.0,0.0","-10.0,0.0,0.0","0,0,0"
1747092265.2869494,"25.0,0.0,0.0","34.0,0.0,0.0","15.0,0.0,0.0","-11.0,0.0,0.0","0,0,0"
1747092265.3380463,"25.0,0.0,0.0","33.0,0.0,0.0","14.0,0.0,0.0","-11.0,0.0,0.0","0,0,0"
1747092265.3880596,"25.0,0.0,0.0","33.0,0.0,0.0","14.0,0.0,0.0","-11.0,0.0,0.0","0,0,0"
1747092265.438375,"25.0,0.0,0.0","32.0,0.0,0.0","13.0,0.0,0.0","-12.0,0.0,0.0","0,0,0"
1747092265.4890392,"24.0,0.0,0.0","31.0,0.0,0.0","13.0,0.0,0.0","-13.0,0.0,0.0","0,0,0"
1747092265.5394,"24.0,0.0,0.0","31.0,0.0,0.0","13.0,0.0,0.0","-13.0,0.0,0.0","0,0,0"
1747092265.589958,"17.0,0.0,0.0","23.0,0.0,0.0","13.0,0.0,0.0","-11.0,0.0,0.0","0,0,0"
1747092265.6461446,"16.0,0.0,0.0","23.0,0.0,0.0","23.0,0.0,0.0","-6.0,0.0,0.0","0,0,0"
1747092265.6962025,"16.0,0.0,0.0","23.0,0.0,0.0","37.0,0.0,0.0","26.0,0.0,0.0","0,0,0"
1747092265.746327,"15.0,0.0,0.0","23.0,0.0,0.0","40.0,0.0,0.0","46.0,0.0,0.0","0,0,0"
1747092265.7969048,"15.0,0.0,0.0","23.0,0.0,0.0","40.0,0.0,0.0","46.0,0.0,0.0","0,0,0"
1747092265.8482268,"15.0,0.0,0.0","23.0,0.0,0.0","41.0,0.0,0.0","50.0,0.0,0.0","0,0,0"
1747092265.8991017,"15.0,0.0,0.0","24.0,0.0,0.0","41.0,0.0,0.0","50.0,0.0,0.0","0,0,0"
1747092265.95001,"15.0,0.0,0.0","25.0,0.0,0.0","38.0,0.0,0.0","51.0,0.0,0.0","0,0,0"
1747092266.0002577,"15.0,0.0,0.0","26.0,0.0,0.0","36.0,0.0,0.0","52.0,0.0,0.0","0,0,0"
1747092266.0511296,"15.0,0.0,0.0","29.0,0.0,0.0","27.0,0.0,0.0","50.0,0.0,0.0","0,0,0"
1747092266.1012332,"15.0,0.0,0.0","29.0,0.0,0.0","26.0,0.0,0.0","50.0,0.0,0.0","0,0,0"
1747092266.1522222,"15.0,0.0,0.0","25.0,0.0,0.0","-4.0,0.0,0.0","48.0,0.0,0.0","0,0,0"
1747092266.2024832,"15.0,0.0,0.0","25.0,0.0,0.0","-24.0,0.0,0.0","47.0,0.0,0.0","0,0,0"
1747092266.2533455,"15.0,0.0,0.0","25.0,0.0,0.0","-24.0,0.0,0.0","47.0,0.0,0.0","0,0,0"
1747092266.3040876,"15.0,0.0,0.0","24.0,0.0,0.0","-24.0,0.0,0.0","47.0,0.0,0.0","0,0,0"
1747092266.3544047,"15.0,0.0,0.0","24.0,0.0,0.0","-24.0,0.0,0.0","47.0,0.0,0.0","0,0,0"
1747092266.4049795,"14.0,0.0,0.0","25.0,0.0,0.0","-24.0,0.0,0.0","47.0,0.0,0.0","0,0,0"
1747092266.4559627,"13.0,0.0,0.0","25.0,0.0,0.0","-24.0,0.0,0.0","47.0,0.0,0.0","0,0,0"
1747092266.5066228,"13.0,0.0,0.0","25.0,0.0,0.0","-24.0,0.0,0.0","47.0,0.0,0.0","0,0,0"
1747092266.556844,"13.0,0.0,0.0","24.0,0.0,0.0","-24.0,0.0,0.0","46.0,0.0,0.0","0,0,0"
1747092266.6069143,"14.0,0.0,0.0","25.0,0.0,0.0","-24.0,0.0,0.0","46.0,0.0,0.0","0,0,0"
1747092266.657383,"14.0,0.0,0.0","25.0,0.0,0.0","-24.0,0.0,0.0","45.0,0.0,0.0","0,0,0"
1747092266.7080736,"14.0,0.0,0.0","25.0,0.0,0.0","-24.0,0.0,0.0","46.0,0.0,0.0","0,0,0"
1747092266.7581308,"14.0,0.0,0.0","25.0,0.0,0.0","-24.0,0.0,0.0","48.0,0.0,0.0","0,0,0"
1747092266.8084142,"16.0,0.0,0.0","25.0,0.0,0.0","-24.0,0.0,0.0","50.0,0.0,0.0","0,0,0"
1747092266.8593903,"18.0,0.0,0.0","25.0,0.0,0.0","-24.0,0.0,0.0","51.0,0.0,0.0","0,0,0"
1747092266.9103365,"19.0,0.0,0.0","25.0,0.0,0.0","-24.0,0.0,0.0","46.0,0.0,0.0","0,0,0"
1747092266.9612474,"20.0,0.0,0.0","24.0,0.0,0.0","-24.0,0.0,0.0","43.0,0.0,0.0","0,0,0"
1747092267.0115595,"20.0,0.0,0.0","25.0,0.0,0.0","-24.0,0.0,0.0","43.0,0.0,0.0","0,0,0"
1747092267.0633688,"20.0,0.0,0.0","23.0,0.0,0.0","-24.0,0.0,0.0","37.0,0.0,0.0","0,0,0"
1747092267.1134863,"20.0,0.0,0.0","23.0,0.0,0.0","-24.0,0.0,0.0","37.0,0.0,0.0","0,0,0"
1747092267.1636848,"20.0,0.0,0.0","22.0,0.0,0.0","-24.0,0.0,0.0","15.0,0.0,0.0","0,0,0"
1747092267.2152598,"20.0,0.0,0.0","22.0,0.0,0.0","-24.0,0.0,0.0","12.0,0.0,0.0","0,0,0"
1747092267.2659729,"20.0,0.0,0.0","22.0,0.0,0.0","-24.0,0.0,0.0","7.0,0.0,0.0","0,0,0"
1747092267.316272,"20.0,0.0,0.0","23.0,0.0,0.0","-4.0,0.0,0.0","6.0,0.0,0.0","0,0,0"
1747092267.3667164,"20.0,0.0,0.0","25.0,0.0,0.0","22.0,0.0,0.0","4.0,0.0,0.0","0,0,0"
1747092267.4168072,"21.0,0.0,0.0","27.0,0.0,0.0","23.0,0.0,0.0","3.0,0.0,0.0","0,0,0"
1747092267.4682178,"21.0,0.0,0.0","27.0,0.0,0.0","23.0,0.0,0.0","3.0,0.0,0.0","0,0,0"
1747092267.5189207,"22.0,0.0,0.0","28.0,0.0,0.0","24.0,0.0,0.0","3.0,0.0,0.0","0,0,0"
1747092267.5692742,"22.0,0.0,0.0","28.0,0.0,0.0","24.0,0.0,0.0","3.0,0.0,0.0","0,0,0"
1747092267.6200955,"22.0,0.0,0.0","29.0,0.0,0.0","24.0,0.0,0.0","3.0,0.0,0.0","0,0,0"
1747092267.6709564,"22.0,0.0,0.0","29.0,0.0,0.0","23.0,0.0,0.0","3.0,0.0,0.0","0,0,0"
1747092267.7209728,"23.0,0.0,0.0","29.0,0.0,0.0","22.0,0.0,0.0","3.0,0.0,0.0","0,0,0"
1747092267.771143,"23.0,0.0,0.0","29.0,0.0,0.0","20.0,0.0,0.0","3.0,0.0,0.0","0,0,0"
1747092267.8216693,"22.0,0.0,0.0","27.0,0.0,0.0","16.0,0.0,0.0","2.0,0.0,0.0","0,0,0"
1747092267.8718166,"21.0,0.0,0.0","27.0,0.0,0.0","11.0,0.0,0.0","2.0,0.0,0.0","0,0,0"
1747092267.9222634,"19.0,0.0,0.0","26.0,0.0,0.0","16.0,0.0,0.0","2.0,0.0,0.0","0,0,0"
1747092267.9725432,"17.0,0.0,0.0","20.0,0.0,0.0","19.0,0.0,0.0","3.0,0.0,0.0","0,0,0"
1747092268.023765,"16.0,0.0,0.0","20.0,0.0,0.0","20.0,0.0,0.0","3.0,0.0,0.0","0,0,0"
1747092268.0741048,"16.0,0.0,0.0","20.0,0.0,0.0","25.0,0.0,0.0","7.0,0.0,0.0","0,0,0"
1747092268.1250117,"15.0,0.0,0.0","20.0,0.0,0.0","37.0,0.0,0.0","32.0,0.0,0.0","0,0,0"
1747092268.1751509,"15.0,0.0,0.0","21.0,0.0,0.0","39.0,0.0,0.0","49.0,0.0,0.0","0,0,0"
1747092268.2252696,"15.0,0.0,0.0","21.0,0.0,0.0","41.0,0.0,0.0","54.0,0.0,0.0","0,0,0"
1747092268.2754443,"14.0,0.0,0.0","24.0,0.0,0.0","41.0,0.0,0.0","54.0,0.0,0.0","0,0,0"
1747092268.3260264,"14.0,0.0,0.0","25.0,0.0,0.0","41.0,0.0,0.0","54.0,0.0,0.0","0,0,0"
1747092268.376288,"14.0,0.0,0.0","25.0,0.0,0.0","39.0,0.0,0.0","54.0,0.0,0.0","0,0,0"
1747092268.4280019,"14.0,0.0,0.0","25.0,0.0,0.0","34.0,0.0,0.0","56.0,0.0,0.0","0,0,0"
1747092268.4781327,"13.0,0.0,0.0","25.0,0.0,0.0","26.0,0.0,0.0","53.0,0.0,0.0","0,0,0"
1747092268.5282662,"13.0,0.0,0.0","25.0,0.0,0.0","21.0,0.0,0.0","50.0,0.0,0.0","0,0,0"
1747092268.5783448,"12.0,0.0,0.0","25.0,0.0,0.0","2.0,0.0,0.0","47.0,0.0,0.0","0,0,0"
1747092268.628975,"12.0,0.0,0.0","25.0,0.0,0.0","2.0,0.0,0.0","47.0,0.0,0.0","0,0,0"
1747092268.6795917,"11.0,0.0,0.0","24.0,0.0,0.0","-4.0,0.0,0.0","41.0,0.0,0.0","0,0,0"
1747092268.7299588,"10.0,0.0,0.0","24.0,0.0,0.0","-5.0,0.0,0.0","40.0,0.0,0.0","0,0,0"
1747092268.78093,"9.0,0.0,0.0","19.0,0.0,0.0","-7.0,0.0,0.0","42.0,0.0,0.0","0,0,0"
1747092268.8318048,"8.0,0.0,0.0","19.0,0.0,0.0","-7.0,0.0,0.0","43.0,0.0,0.0","0,0,0"
1747092268.8830013,"8.0,0.0,0.0","20.0,0.0,0.0","-7.0,0.0,0.0","43.0,0.0,0.0","0,0,0"
1747092268.9339979,"8.0,0.0,0.0","20.0,0.0,0.0","-7.0,0.0,0.0","42.0,0.0,0.0","0,0,0"
1747092268.9844568,"8.0,0.0,0.0","20.0,0.0,0.0","-7.0,0.0,0.0","42.0,0.0,0.0","0,0,0"
1747092269.0351756,"8.0,0.0,0.0","21.0,0.0,0.0","-7.0,0.0,0.0","42.0,0.0,0.0","0,0,0"
1747092269.0860572,"8.0,0.0,0.0","20.0,0.0,0.0","-7.0,0.0,0.0","42.0,0.0,0.0","0,0,0"
1747092269.1363719,"8.0,0.0,0.0","21.0,0.0,0.0","-7.0,0.0,0.0","43.0,0.0,0.0","0,0,0"
1747092269.1871364,"9.0,0.0,0.0","21.0,0.0,0.0","-8.0,0.0,0.0","44.0,0.0,0.0","0,0,0"
1747092269.2378645,"9.0,0.0,0.0","21.0,0.0,0.0","-8.0,0.0,0.0","45.0,0.0,0.0","0,0,0"
1747092269.289084,"9.0,0.0,0.0","22.0,0.0,0.0","-8.0,0.0,0.0","46.0,0.0,0.0","0,0,0"
1747092269.3392675,"10.0,0.0,0.0","22.0,0.0,0.0","-16.0,0.0,0.0","47.0,0.0,0.0","0,0,0"
1747092269.3902345,"10.0,0.0,0.0","23.0,0.0,0.0","-24.0,0.0,0.0","48.0,0.0,0.0","0,0,0"
1747092269.4412184,"12.0,0.0,0.0","24.0,0.0,0.0","-24.0,0.0,0.0","50.0,0.0,0.0","0,0,0"
1747092269.4913883,"13.0,0.0,0.0","24.0,0.0,0.0","-24.0,0.0,0.0","50.0,0.0,0.0","0,0,0"
1747092269.541406,"15.0,0.0,0.0","24.0,0.0,0.0","-24.0,0.0,0.0","59.0,0.0,0.0","0,0,0"
1747092269.5914242,"15.0,0.0,0.0","24.0,0.0,0.0","-24.0,0.0,0.0","59.0,0.0,0.0","0,0,0"
1747092269.6415303,"15.0,0.0,0.0","24.0,0.0,0.0","-24.0,0.0,0.0","59.0,0.0,0.0","0,0,0"
1747092269.6923397,"15.0,0.0,0.0","24.0,0.0,0.0","-24.0,0.0,0.0","59.0,0.0,0.0","0,0,0"
1747092269.7441993,"16.0,0.0,0.0","20.0,0.0,0.0","-24.0,0.0,0.0","59.0,0.0,0.0","0,0,0"
1747092269.7947705,"15.0,0.0,0.0","19.0,0.0,0.0","-24.0,0.0,0.0","54.0,0.0,0.0","0,0,0"
1747092269.8448098,"15.0,0.0,0.0","18.0,0.0,0.0","23.0,0.0,0.0","49.0,0.0,0.0","0,0,0"
1747092269.895003,"15.0,0.0,0.0","18.0,0.0,0.0","32.0,0.0,0.0","43.0,0.0,0.0","0,0,0"
1747092269.9469323,"15.0,0.0,0.0","18.0,0.0,0.0","32.0,0.0,0.0","29.0,0.0,0.0","0,0,0"
1747092269.9973347,"15.0,0.0,0.0","18.0,0.0,0.0","32.0,0.0,0.0","25.0,0.0,0.0","0,0,0"
1747092270.0479999,"15.0,0.0,0.0","18.0,0.0,0.0","32.0,0.0,0.0","21.0,0.0,0.0","0,0,0"
1747092270.0981488,"17.0,0.0,0.0","18.0,0.0,0.0","30.0,0.0,0.0","15.0,0.0,0.0","0,0,0"
1747092270.148301,"17.0,0.0,0.0","19.0,0.0,0.0","28.0,0.0,0.0","14.0,0.0,0.0","0,0,0"
1747092270.1990101,"17.0,0.0,0.0","19.0,0.0,0.0","28.0,0.0,0.0","14.0,0.0,0.0","0,0,0"
1747092270.249216,"18.0,0.0,0.0","20.0,0.0,0.0","26.0,0.0,0.0","10.0,0.0,0.0","0,0,0"
1747092270.2999766,"19.0,0.0,0.0","22.0,0.0,0.0","25.0,0.0,0.0","9.0,0.0,0.0","0,0,0"
1747092270.3500624,"19.0,0.0,0.0","23.0,0.0,0.0","24.0,0.0,0.0","8.0,0.0,0.0","0,0,0"
1747092270.4009306,"19.0,0.0,0.0","26.0,0.0,0.0","23.0,0.0,0.0","7.0,0.0,0.0","0,0,0"
1747092270.45104,"20.0,0.0,0.0","26.0,0.0,0.0","22.0,0.0,0.0","6.0,0.0,0.0","0,0,0"
1747092270.5021272,"20.0,0.0,0.0","26.0,0.0,0.0","23.0,0.0,0.0","7.0,0.0,0.0","0,0,0"
1747092270.552174,"20.0,0.0,0.0","26.0,0.0,0.0","23.0,0.0,0.0","7.0,0.0,0.0","0,0,0"
1747092270.60226,"20.0,0.0,0.0","26.0,0.0,0.0","22.0,0.0,0.0","7.0,0.0,0.0","0,0,0"
1747092270.6533415,"20.0,0.0,0.0","26.0,0.0,0.0","22.0,0.0,0.0","7.0,0.0,0.0","0,0,0"
1747092270.7119675,"20.0,0.0,0.0","26.0,0.0,0.0","22.0,0.0,0.0","7.0,0.0,0.0","0,0,0"
1747092270.7620738,"20.0,0.0,0.0","25.0,0.0,0.0","22.0,0.0,0.0","7.0,0.0,0.0","0,0,0"
1747092270.812092,"20.0,0.0,0.0","25.0,0.0,0.0","22.0,0.0,0.0","7.0,0.0,0.0","0,0,0"
1747092270.8629482,"20.0,0.0,0.0","25.0,0.0,0.0","22.0,0.0,0.0","6.0,0.0,0.0","0,0,0"
1747092270.9130125,"20.0,0.0,0.0","24.0,0.0,0.0","22.0,0.0,0.0","6.0,0.0,0.0","0,0,0"
1747092270.9637675,"20.0,0.0,0.0","24.0,0.0,0.0","21.0,0.0,0.0","5.0,0.0,0.0","0,0,0"
1747092271.0138469,"19.0,0.0,0.0","24.0,0.0,0.0","21.0,0.0,0.0","4.0,0.0,0.0","0,0,0"
1747092271.0646713,"19.0,0.0,0.0","23.0,0.0,0.0","21.0,0.0,0.0","3.0,0.0,0.0","0,0,0"
1747092271.11471,"15.0,0.0,0.0","19.0,0.0,0.0","21.0,0.0,0.0","3.0,0.0,0.0","0,0,0"
1747092271.1651628,"11.0,0.0,0.0","16.0,0.0,0.0","21.0,0.0,0.0","3.0,0.0,0.0","0,0,0"
1747092271.2158914,"10.0,0.0,0.0","14.0,0.0,0.0","22.0,0.0,0.0","3.0,0.0,0.0","0,0,0"
1747092271.266081,"10.0,0.0,0.0","14.0,0.0,0.0","28.0,0.0,0.0","4.0,0.0,0.0","0,0,0"
1747092271.3161318,"10.0,0.0,0.0","14.0,0.0,0.0","28.0,0.0,0.0","4.0,0.0,0.0","0,0,0"
1747092271.3671212,"9.0,0.0,0.0","14.0,0.0,0.0","36.0,0.0,0.0","35.0,0.0,0.0","0,0,0"
1747092271.4182587,"8.0,0.0,0.0","15.0,0.0,0.0","38.0,0.0,0.0","57.0,0.0,0.0","0,0,0"
1747092271.4699616,"8.0,0.0,0.0","16.0,0.0,0.0","38.0,0.0,0.0","57.0,0.0,0.0","0,0,0"
1747092271.5201597,"8.0,0.0,0.0","17.0,0.0,0.0","38.0,0.0,0.0","57.0,0.0,0.0","0,0,0"
1747092271.5702069,"8.0,0.0,0.0","20.0,0.0,0.0","33.0,0.0,0.0","57.0,0.0,0.0","0,0,0"
1747092271.6209447,"9.0,0.0,0.0","20.0,0.0,0.0","25.0,0.0,0.0","55.0,0.0,0.0","0,0,0"
1747092271.671261,"9.0,0.0,0.0","21.0,0.0,0.0","15.0,0.0,0.0","47.0,0.0,0.0","0,0,0"
1747092271.721745,"9.0,0.0,0.0","21.0,0.0,0.0","-7.0,0.0,0.0","45.0,0.0,0.0","0,0,0"
1747092271.7725782,"9.0,0.0,0.0","21.0,0.0,0.0","-24.0,0.0,0.0","43.0,0.0,0.0","0,0,0"
1747092271.8227556,"9.0,0.0,0.0","22.0,0.0,0.0","-24.0,0.0,0.0","42.0,0.0,0.0","0,0,0"
1747092271.8738828,"8.0,0.0,0.0","22.0,0.0,0.0","-24.0,0.0,0.0","41.0,0.0,0.0","0,0,0"
1747092271.9239845,"8.0,0.0,0.0","22.0,0.0,0.0","-24.0,0.0,0.0","41.0,0.0,0.0","0,0,0"
1747092271.9740305,"9.0,0.0,0.0","23.0,0.0,0.0","-24.0,0.0,0.0","41.0,0.0,0.0","0,0,0"
1747092272.0241032,"9.0,0.0,0.0","23.0,0.0,0.0","-24.0,0.0,0.0","41.0,0.0,0.0","0,0,0"
1747092272.0742154,"9.0,0.0,0.0","24.0,0.0,0.0","-24.0,0.0,0.0","40.0,0.0,0.0","0,0,0"
1747092272.1248908,"9.0,0.0,0.0","23.0,0.0,0.0","-24.0,0.0,0.0","39.0,0.0,0.0","0,0,0"
1747092272.1755106,"9.0,0.0,0.0","23.0,0.0,0.0","-24.0,0.0,0.0","38.0,0.0,0.0","0,0,0"
1747092272.2261648,"9.0,0.0,0.0","23.0,0.0,0.0","-24.0,0.0,0.0","38.0,0.0,0.0","0,0,0"
1747092272.2762794,"8.0,0.0,0.0","23.0,0.0,0.0","-24.0,0.0,0.0","36.0,0.0,0.0","0,0,0"
1747092272.3262856,"8.0,0.0,0.0","21.0,0.0,0.0","-24.0,0.0,0.0","34.0,0.0,0.0","0,0,0"
1747092272.3773468,"7.0,0.0,0.0","20.0,0.0,0.0","-24.0,0.0,0.0","31.0,0.0,0.0","0,0,0"
1747092272.4281387,"6.0,0.0,0.0","13.0,0.0,0.0","-24.0,0.0,0.0","30.0,0.0,0.0","0,0,0"
1747092272.4782062,"-3.0,0.0,0.0","3.0,0.0,0.0","-24.0,0.0,0.0","25.0,0.0,0.0","0,0,0"
1747092272.5293343,"-3.0,0.0,0.0","3.0,0.0,0.0","-24.0,0.0,0.0","25.0,0.0,0.0","0,0,0"
1747092272.579606,"-9.0,0.0,0.0","-23.0,0.0,0.0","-24.0,0.0,0.0","-4.0,0.0,0.0","0,0,0"
1747092272.6296954,"-10.0,0.0,0.0","-25.0,0.0,0.0","-24.0,0.0,0.0","-12.0,0.0,0.0","0,0,0"
1747092272.6818771,"-12.0,0.0,0.0","-35.0,0.0,0.0","-24.0,0.0,0.0","-42.0,0.0,0.0","0,0,0"
1747092272.7328663,"-12.0,0.0,0.0","-35.0,0.0,0.0","-24.0,0.0,0.0","-42.0,0.0,0.0","0,0,0"
1747092272.7829306,"-15.0,0.0,0.0","-38.0,0.0,0.0","-24.0,0.0,0.0","-60.0,0.0,0.0","0,0,0"
1747092272.8346112,"-15.0,0.0,0.0","-38.0,0.0,0.0","-24.0,0.0,0.0","-60.0,0.0,0.0","0,0,0"
1747092272.8865273,"-19.0,0.0,0.0","-57.0,0.0,0.0","-24.0,0.0,0.0","0.0,0.0,0.0","0,0,0"
1747092272.9371557,"-20.0,0.0,0.0","-58.0,0.0,0.0","-24.0,0.0,0.0","0.0,0.0,0.0","0,0,0"
1747092272.9880042,"-22.0,0.0,0.0","-59.0,0.0,0.0","-24.0,0.0,0.0","0.0,0.0,0.0","0,0,0"
1747092273.0391042,"-23.0,0.0,0.0","-59.0,0.0,0.0","-24.0,0.0,0.0","0.0,0.0,0.0","0,0,0"
1747092273.0901797,"-25.0,0.0,0.0","-59.0,0.0,0.0","-24.0,0.0,0.0","0.0,0.0,0.0","0,0,0"
1747092273.1403437,"-25.0,0.0,0.0","-59.0,0.0,0.0","-24.0,0.0,0.0","0.0,0.0,0.0","0,0,0"
1747092273.1904697,"-27.0,0.0,0.0","-59.0,0.0,0.0","-24.0,0.0,0.0","0.0,0.0,0.0","0,0,0"
1747092273.2408001,"-28.0,0.0,0.0","-59.0,0.0,0.0","-24.0,0.0,0.0","0.0,0.0,0.0","0,0,0"
1747092273.2909095,"-29.0,0.0,0.0","-59.0,0.0,0.0","-24.0,0.0,0.0","0.0,0.0,0.0","0,0,0"
1747092273.3411653,"-29.0,0.0,0.0","-59.0,0.0,0.0","-24.0,0.0,0.0","0.0,0.0,0.0","0,0,0"
1747092273.3917325,"-30.0,0.0,0.0","-59.0,0.0,0.0","-24.0,0.0,0.0","0.0,0.0,0.0","0,0,0"
1747092273.4424026,"-30.0,0.0,0.0","-59.0,0.0,0.0","-24.0,0.0,0.0","0.0,0.0,0.0","0,0,0"
1747092273.4933865,"-30.0,0.0,0.0","-59.0,0.0,0.0","-24.0,0.0,0.0","0.0,0.0,0.0","0,0,0"
1747092273.543788,"-30.0,0.0,0.0","-59.0,0.0,0.0","-24.0,0.0,0.0","0.0,0.0,0.0","0,0,0"
1747092273.5941668,"-30.0,0.0,0.0","-59.0,0.0,0.0","-24.0,0.0,0.0","0.0,0.0,0.0","0,0,0"
1747092273.645102,"-28.0,0.0,0.0","-58.0,0.0,0.0","-24.0,0.0,0.0","0.0,0.0,0.0","0,0,0"
1747092273.6959467,"-27.0,0.0,0.0","-57.0,0.0,0.0","-24.0,0.0,0.0","0.0,0.0,0.0","0,0,0"
1747092273.7479029,"-26.0,0.0,0.0","-55.0,0.0,0.0","-130.0,0.0,0.0","0.0,0.0,0.0","0,0,0"
1747092273.7988539,"-25.0,0.0,0.0","-54.0,0.0,0.0","-132.0,0.0,0.0","0.0,0.0,0.0","0,0,0"
1747092273.850274,"-25.0,0.0,0.0","-53.0,0.0,0.0","-136.0,0.0,0.0","0.0,0.0,0.0","0,0,0"
1747092273.9018943,"-25.0,0.0,0.0","-53.0,0.0,0.0","-136.0,0.0,0.0","0.0,0.0,0.0","0,0,0"
1747092273.9523747,"-26.0,0.0,0.0","-53.0,0.0,0.0","-137.0,0.0,0.0","0.0,0.0,0.0","0,0,0"
1747092274.0024626,"-26.0,0.0,0.0","-53.0,0.0,0.0","-137.0,0.0,0.0","0.0,0.0,0.0","0,0,0"
1747092274.0534317,"-26.0,0.0,0.0","-53.0,0.0,0.0","-137.0,0.0,0.0","0.0,0.0,0.0","0,0,0"
1747092274.103957,"-26.0,0.0,0.0","-54.0,0.0,0.0","-137.0,0.0,0.0","0.0,0.0,0.0","0,0,0"
1747092274.154218,"-26.0,0.0,0.0","-54.0,0.0,0.0","-137.0,0.0,0.0","0.0,0.0,0.0","0,0,0"
1747092274.2046459,"-26.0,0.0,0.0","-55.0,0.0,0.0","-137.0,0.0,0.0","0.0,0.0,0.0","0,0,0"
1747092274.2553103,"-26.0,0.0,0.0","-55.0,0.0,0.0","-137.0,0.0,0.0","0.0,0.0,0.0","0,0,0"
1747092274.3062923,"-26.0,0.0,0.0","-55.0,0.0,0.0","-137.0,0.0,0.0","0.0,0.0,0.0","0,0,0"
1747092274.356926,"-26.0,0.0,0.0","-54.0,0.0,0.0","-136.0,0.0,0.0","0.0,0.0,0.0","0,0,0"
1747092274.4069574,"-26.0,0.0,0.0","-54.0,0.0,0.0","-126.0,0.0,0.0","0.0,0.0,0.0","0,0,0"
1747092274.4573288,"-26.0,0.0,0.0","-54.0,0.0,0.0","-126.0,0.0,0.0","0.0,0.0,0.0","0,0,0"
1747092274.507516,"-27.0,0.0,0.0","-55.0,0.0,0.0","-126.0,0.0,0.0","0.0,0.0,0.0","0,0,0"
1747092274.5581036,"-28.0,0.0,0.0","-55.0,0.0,0.0","-125.0,0.0,0.0","0.0,0.0,0.0","0,0,0"
1747092274.6081333,"-29.0,0.0,0.0","-56.0,0.0,0.0","-125.0,0.0,0.0","0.0,0.0,0.0","0,0,0"
1747092274.6583,"-39.0,0.0,0.0","-66.0,0.0,0.0","-124.0,0.0,0.0","0.0,0.0,0.0","0,0,0"
1747092274.7088983,"-39.0,0.0,0.0","-66.0,0.0,0.0","-124.0,0.0,0.0","0.0,0.0,0.0","0,0,0"
1747092274.7590225,"-52.0,0.0,0.0","-75.0,0.0,0.0","0.0,0.0,0.0","0.0,0.0,0.0","0,0,0"
1747092274.8091836,"-61.0,0.0,0.0","-83.0,0.0,0.0","0.0,0.0,0.0","0.0,0.0,0.0","0,0,0"
1747092274.8600311,"-72.0,0.0,0.0","-93.0,0.0,0.0","0.0,0.0,0.0","0.0,0.0,0.0","0,0,0"
1747092274.9101732,"-82.0,0.0,0.0","-97.0,0.0,0.0","0.0,0.0,0.0","0.0,0.0,0.0","0,0,0"
1747092274.9608636,"-94.0,0.0,0.0","-103.0,0.0,0.0","0.0,0.0,0.0","0.0,0.0,0.0","0,0,0"
1747092275.0110562,"-98.0,0.0,0.0","-103.0,0.0,0.0","0.0,0.0,0.0","0.0,0.0,0.0","0,0,0"
1747092275.0611897,"-100.0,0.0,0.0","-103.0,0.0,0.0","0.0,0.0,0.0","0.0,0.0,0.0","0,0,0"
1747092275.1118515,"-100.0,0.0,0.0","-103.0,0.0,0.0","0.0,0.0,0.0","0.0,0.0,0.0","0,0,0"
1747092275.1625304,"-100.0,0.0,0.0","-102.0,0.0,0.0","0.0,0.0,0.0","0.0,0.0,0.0","0,0,0"
1747092275.213502,"-101.0,0.0,0.0","-100.0,0.0,0.0","0.0,0.0,0.0","0.0,0.0,0.0","0,0,0"
1747092275.2638185,"-100.0,0.0,0.0","-99.0,0.0,0.0","0.0,0.0,0.0","0.0,0.0,0.0","0,0,0"
1747092275.3147144,"-100.0,0.0,0.0","-95.0,0.0,0.0","0.0,0.0,0.0","0.0,0.0,0.0","0,0,0"
1747092275.3661573,"-100.0,0.0,0.0","-95.0,0.0,0.0","0.0,0.0,0.0","0.0,0.0,0.0","0,0,0"
1747092275.416213,"-100.0,0.0,0.0","-95.0,0.0,0.0","0.0,0.0,0.0","0.0,0.0,0.0","0,0,0"
1747092275.4669423,"-99.0,0.0,0.0","-92.0,0.0,0.0","0.0,0.0,0.0","0.0,0.0,0.0","0,0,0"
1747092275.5179975,"-98.0,0.0,0.0","-92.0,0.0,0.0","0.0,0.0,0.0","0.0,0.0,0.0","0,0,0"
1747092275.5681176,"-97.0,0.0,0.0","-90.0,0.0,0.0","0.0,0.0,0.0","0.0,0.0,0.0","0,0,0"
1747092275.6189737,"-97.0,0.0,0.0","-90.0,0.0,0.0","0.0,0.0,0.0","0.0,0.0,0.0","0,0,0"
1747092275.669351,"-96.0,0.0,0.0","-90.0,0.0,0.0","0.0,0.0,0.0","0.0,0.0,0.0","0,0,0"
1747092275.7199366,"-96.0,0.0,0.0","-90.0,0.0,0.0","0.0,0.0,0.0","0.0,0.0,0.0","0,0,0"
1747092275.7782872,"-96.0,0.0,0.0","-89.0,0.0,0.0","0.0,0.0,0.0","0.0,0.0,0.0","0,0,0"
1747092275.8289208,"-96.0,0.0,0.0","-89.0,0.0,0.0","0.0,0.0,0.0","0.0,0.0,0.0","0,0,0"
1747092275.8791432,"-96.0,0.0,0.0","-89.0,0.0,0.0","0.0,0.0,0.0","0.0,0.0,0.0","0,0,0"
1747092275.9300225,"-96.0,0.0,0.0","-89.0,0.0,0.0","0.0,0.0,0.0","0.0,0.0,0.0","0,0,0"
1747092275.9812508,"-96.0,0.0,0.0","-89.0,0.0,0.0","0.0,0.0,0.0","0.0,0.0,0.0","0,0,0"
1747092276.0369186,"-96.0,0.0,0.0","-89.0,0.0,0.0","0.0,0.0,0.0","0.0,0.0,0.0","0,0,0"
1747092276.0880804,"-95.0,0.0,0.0","-89.0,0.0,0.0","0.0,0.0,0.0","0.0,0.0,0.0","0,0,0"
1747092276.1381629,"-95.0,0.0,0.0","-89.0,0.0,0.0","0.0,0.0,0.0","0.0,0.0,0.0","0,0,0"
1747092276.1882336,"-95.0,0.0,0.0","-89.0,0.0,0.0","0.0,0.0,0.0","0.0,0.0,0.0","0,0,0"
1747092276.2390416,"-95.0,0.0,0.0","-90.0,0.0,0.0","0.0,0.0,0.0","0.0,0.0,0.0","0,0,0"
1747092276.2894354,"-96.0,0.0,0.0","-91.0,0.0,0.0","0.0,0.0,0.0","0.0,0.0,0.0","0,0,0"
1747092276.340324,"-97.0,0.0,0.0","-96.0,0.0,0.0","0.0,0.0,0.0","0.0,0.0,0.0","0,0,0"
1747092276.391068,"-98.0,0.0,0.0","-97.0,0.0,0.0","0.0,0.0,0.0","0.0,0.0,0.0","0,0,0"
1747092276.4413,"-98.0,0.0,0.0","-99.0,0.0,0.0","0.0,0.0,0.0","0.0,0.0,0.0","0,0,0"
1747092276.4919534,"-98.0,0.0,0.0","-99.0,0.0,0.0","0.0,0.0,0.0","0.0,0.0,0.0","0,0,0"
1747092276.5423675,"-98.0,0.0,0.0","-99.0,0.0,0.0","0.0,0.0,0.0","0.0,0.0,0.0","0,0,0"
1747092276.5926473,"-98.0,0.0,0.0","-99.0,0.0,0.0","0.0,0.0,0.0","0.0,0.0,0.0","0,0,0"
1747092276.642666,"-94.0,0.0,0.0","-98.0,0.0,0.0","0.0,0.0,0.0","0.0,0.0,0.0","0,0,0"
1747092276.693815,"-91.0,0.0,0.0","-95.0,0.0,0.0","0.0,0.0,0.0","0.0,0.0,0.0","0,0,0"
1747092276.7442796,"-82.0,0.0,0.0","-87.0,0.0,0.0","0.0,0.0,0.0","0.0,0.0,0.0","0,0,0"
1747092276.795168,"-75.0,0.0,0.0","-81.0,0.0,0.0","0.0,0.0,0.0","0.0,0.0,0.0","0,0,0"
1747092276.8458846,"-68.0,0.0,0.0","-71.0,0.0,0.0","0.0,0.0,0.0","0.0,0.0,0.0","0,0,0"
1747092276.8965068,"-62.0,0.0,0.0","-67.0,0.0,0.0","0.0,0.0,0.0","0.0,0.0,0.0","0,0,0"
1747092276.9468305,"-57.0,0.0,0.0","-60.0,0.0,0.0","0.0,0.0,0.0","0.0,0.0,0.0","0,0,0"
1747092276.9982564,"-37.0,0.0,0.0","-35.0,0.0,0.0","-24.0,0.0,0.0","-22.0,0.0,0.0","0,0,0"
1747092277.049045,"-28.0,0.0,0.0","-26.0,0.0,0.0","-24.0,0.0,0.0","-11.0,0.0,0.0","0,0,0"
1747092277.0998135,"-22.0,0.0,0.0","-12.0,0.0,0.0","-24.0,0.0,0.0","6.0,0.0,0.0","0,0,0"
1747092277.1508143,"-18.0,0.0,0.0","-8.0,0.0,0.0","-24.0,0.0,0.0","11.0,0.0,0.0","0,0,0"
1747092277.2043748,"-14.0,0.0,0.0","2.0,0.0,0.0","-24.0,0.0,0.0","26.0,0.0,0.0","0,0,0"
1747092277.255698,"-8.0,0.0,0.0","9.0,0.0,0.0","-24.0,0.0,0.0","30.0,0.0,0.0","0,0,0"
1747092277.3062518,"-3.0,0.0,0.0","14.0,0.0,0.0","-24.0,0.0,0.0","38.0,0.0,0.0","0,0,0"
1747092277.3569984,"-1.0,0.0,0.0","16.0,0.0,0.0","-24.0,0.0,0.0","41.0,0.0,0.0","0,0,0"
1747092277.408229,"0.0,0.0,0.0","18.0,0.0,0.0","-24.0,0.0,0.0","44.0,0.0,0.0","0,0,0"
1747092277.4588594,"0.0,0.0,0.0","19.0,0.0,0.0","-24.0,0.0,0.0","45.0,0.0,0.0","0,0,0"
1747092277.5089567,"0.0,0.0,0.0","19.0,0.0,0.0","-24.0,0.0,0.0","46.0,0.0,0.0","0,0,0"
1747092277.5598981,"1.0,0.0,0.0","19.0,0.0,0.0","-24.0,0.0,0.0","46.0,0.0,0.0","0,0,0"
1747092277.609956,"1.0,0.0,0.0","19.0,0.0,0.0","-24.0,0.0,0.0","46.0,0.0,0.0","0,0,0"
1747092277.661587,"1.0,0.0,0.0","18.0,0.0,0.0","-24.0,0.0,0.0","46.0,0.0,0.0","0,0,0"
1747092277.7121415,"1.0,0.0,0.0","17.0,0.0,0.0","-24.0,0.0,0.0","45.0,0.0,0.0","0,0,0"
1747092277.7630274,"1.0,0.0,0.0","16.0,0.0,0.0","-24.0,0.0,0.0","44.0,0.0,0.0","0,0,0"
1747092277.8131967,"1.0,0.0,0.0","14.0,0.0,0.0","-24.0,0.0,0.0","41.0,0.0,0.0","0,0,0"
1747092277.8638878,"1.0,0.0,0.0","14.0,0.0,0.0","-24.0,0.0,0.0","38.0,0.0,0.0","0,0,0"
1747092277.9143138,"1.0,0.0,0.0","9.0,0.0,0.0","-24.0,0.0,0.0","35.0,0.0,0.0","0,0,0"
1747092277.966151,"1.0,0.0,0.0","9.0,0.0,0.0","-24.0,0.0,0.0","35.0,0.0,0.0","0,0,0"
1747092278.0161521,"1.0,0.0,0.0","7.0,0.0,0.0","-24.0,0.0,0.0","32.0,0.0,0.0","0,0,0"
1747092278.0662737,"1.0,0.0,0.0","5.0,0.0,0.0","-24.0,0.0,0.0","30.0,0.0,0.0","0,0,0"
1747092278.1171956,"1.0,0.0,0.0","4.0,0.0,0.0","-24.0,0.0,0.0","26.0,0.0,0.0","0,0,0"
1747092278.1679688,"0.0,0.0,0.0","-6.0,0.0,0.0","-24.0,0.0,0.0","19.0,0.0,0.0","0,0,0"
1747092278.2189808,"0.0,0.0,0.0","-16.0,0.0,0.0","-24.0,0.0,0.0","14.0,0.0,0.0","0,0,0"
1747092278.270092,"-1.0,0.0,0.0","-21.0,0.0,0.0","-24.0,0.0,0.0","6.0,0.0,0.0","0,0,0"
1747092278.3202116,"-1.0,0.0,0.0","-24.0,0.0,0.0","-24.0,0.0,0.0","6.0,0.0,0.0","0,0,0"
1747092278.370302,"-2.0,0.0,0.0","-34.0,0.0,0.0","-24.0,0.0,0.0","1.0,0.0,0.0","0,0,0"
1747092278.420992,"-2.0,0.0,0.0","-37.0,0.0,0.0","-24.0,0.0,0.0","-2.0,0.0,0.0","0,0,0"
1747092278.471753,"-2.0,0.0,0.0","-37.0,0.0,0.0","-24.0,0.0,0.0","-4.0,0.0,0.0","0,0,0"
1747092278.5221636,"-2.0,0.0,0.0","-37.0,0.0,0.0","-24.0,0.0,0.0","-4.0,0.0,0.0","0,0,0"
1747092278.572855,"-2.0,0.0,0.0","-37.0,0.0,0.0","-24.0,0.0,0.0","-5.0,0.0,0.0","0,0,0"
1747092278.622923,"-2.0,0.0,0.0","-35.0,0.0,0.0","-24.0,0.0,0.0","-5.0,0.0,0.0","0,0,0"
1747092278.6732578,"-3.0,0.0,0.0","-33.0,0.0,0.0","-24.0,0.0,0.0","-5.0,0.0,0.0","0,0,0"
1747092278.7242022,"-3.0,0.0,0.0","-33.0,0.0,0.0","-24.0,0.0,0.0","-5.0,0.0,0.0","0,0,0"
1747092278.7748573,"-3.0,0.0,0.0","-33.0,0.0,0.0","-24.0,0.0,0.0","-5.0,0.0,0.0","0,0,0"
1747092278.8249187,"-3.0,0.0,0.0","-33.0,0.0,0.0","-24.0,0.0,0.0","-4.0,0.0,0.0","0,0,0"
1747092278.8749814,"-4.0,0.0,0.0","-33.0,0.0,0.0","-24.0,0.0,0.0","-4.0,0.0,0.0","0,0,0"
1747092278.92551,"-5.0,0.0,0.0","-33.0,0.0,0.0","-24.0,0.0,0.0","-4.0,0.0,0.0","0,0,0"
1747092278.9761033,"-5.0,0.0,0.0","-33.0,0.0,0.0","-24.0,0.0,0.0","-4.0,0.0,0.0","0,0,0"
1747092279.0261474,"-5.0,0.0,0.0","-33.0,0.0,0.0","-24.0,0.0,0.0","-4.0,0.0,0.0","0,0,0"
1747092279.0771177,"-5.0,0.0,0.0","-33.0,0.0,0.0","-24.0,0.0,0.0","-4.0,0.0,0.0","0,0,0"
1747092279.1272137,"-6.0,0.0,0.0","-33.0,0.0,0.0","-24.0,0.0,0.0","-4.0,0.0,0.0","0,0,0"
1747092279.177995,"-6.0,0.0,0.0","-33.0,0.0,0.0","-24.0,0.0,0.0","-4.0,0.0,0.0","0,0,0"
1747092279.2286038,"-6.0,0.0,0.0","-33.0,0.0,0.0","-24.0,0.0,0.0","-4.0,0.0,0.0","0,0,0"
1747092279.2789705,"-6.0,0.0,0.0","-32.0,0.0,0.0","-24.0,0.0,0.0","-4.0,0.0,0.0","0,0,0"
1747092279.3308463,"-6.0,0.0,0.0","-32.0,0.0,0.0","-24.0,0.0,0.0","-4.0,0.0,0.0","0,0,0"
1747092279.3817718,"-6.0,0.0,0.0","-32.0,0.0,0.0","-24.0,0.0,0.0","-4.0,0.0,0.0","0,0,0"
1747092279.4319627,"-6.0,0.0,0.0","-32.0,0.0,0.0","-24.0,0.0,0.0","-4.0,0.0,0.0","0,0,0"
1747092279.4821782,"-6.0,0.0,0.0","-32.0,0.0,0.0","-24.0,0.0,0.0","-4.0,0.0,0.0","0,0,0"
1747092279.5328147,"-6.0,0.0,0.0","-32.0,0.0,0.0","-24.0,0.0,0.0","-5.0,0.0,0.0","0,0,0"
1747092279.5834816,"-6.0,0.0,0.0","-33.0,0.0,0.0","-24.0,0.0,0.0","-7.0,0.0,0.0","0,0,0"
1747092279.633566,"-6.0,0.0,0.0","-35.0,0.0,0.0","-24.0,0.0,0.0","-9.0,0.0,0.0","0,0,0"
1747092279.6840863,"-4.0,0.0,0.0","-38.0,0.0,0.0","-24.0,0.0,0.0","-13.0,0.0,0.0","0,0,0"
1747092279.7341979,"-3.0,0.0,0.0","-42.0,0.0,0.0","-24.0,0.0,0.0","-17.0,0.0,0.0","0,0,0"
1747092279.7849574,"1.0,0.0,0.0","-47.0,0.0,0.0","-24.0,0.0,0.0","0.0,0.0,0.0","0,0,0"
1747092279.8350656,"2.0,0.0,0.0","-50.0,0.0,0.0","-24.0,0.0,0.0","0.0,0.0,0.0","0,0,0"
1747092279.8851197,"7.0,0.0,0.0","-56.0,0.0,0.0","-24.0,0.0,0.0","0.0,0.0,0.0","0,0,0"
1747092279.9353244,"9.0,0.0,0.0","-62.0,0.0,0.0","-24.0,0.0,0.0","0.0,0.0,0.0","0,0,0"
1747092279.9858909,"9.0,0.0,0.0","-62.0,0.0,0.0","-24.0,0.0,0.0","0.0,0.0,0.0","0,0,0"
1747092280.036257,"16.0,0.0,0.0","-75.0,0.0,0.0","-24.0,0.0,0.0","0.0,0.0,0.0","0,0,0"
1747092280.0870385,"19.0,0.0,0.0","-78.0,0.0,0.0","-24.0,0.0,0.0","0.0,0.0,0.0","0,0,0"
1747092280.1379902,"21.0,0.0,0.0","-79.0,0.0,0.0","-24.0,0.0,0.0","0.0,0.0,0.0","0,0,0"
1747092280.18802,"23.0,0.0,0.0","-87.0,0.0,0.0","-24.0,0.0,0.0","0.0,0.0,0.0","0,0,0"
1747092280.238225,"25.0,0.0,0.0","-88.0,0.0,0.0","-24.0,0.0,0.0","0.0,0.0,0.0","0,0,0"
1747092280.2889376,"28.0,0.0,0.0","-89.0,0.0,0.0","-24.0,0.0,0.0","0.0,0.0,0.0","0,0,0"
1747092280.3421319,"30.0,0.0,0.0","-90.0,0.0,0.0","-24.0,0.0,0.0","0.0,0.0,0.0","0,0,0"
1747092280.3921995,"30.0,0.0,0.0","-90.0,0.0,0.0","-24.0,0.0,0.0","0.0,0.0,0.0","0,0,0"
1747092280.442669,"32.0,0.0,0.0","-90.0,0.0,0.0","-24.0,0.0,0.0","0.0,0.0,0.0","0,0,0"
1747092280.4928966,"33.0,0.0,0.0","-90.0,0.0,0.0","-24.0,0.0,0.0","0.0,0.0,0.0","0,0,0"
1747092280.5429206,"33.0,0.0,0.0","-90.0,0.0,0.0","-24.0,0.0,0.0","0.0,0.0,0.0","0,0,0"
1747092280.5936203,"35.0,0.0,0.0","-90.0,0.0,0.0","-24.0,0.0,0.0","0.0,0.0,0.0","0,0,0"
1747092280.6442254,"35.0,0.0,0.0","-90.0,0.0,0.0","-24.0,0.0,0.0","0.0,0.0,0.0","0,0,0"
1747092280.6957974,"35.0,0.0,0.0","-90.0,0.0,0.0","-24.0,0.0,0.0","0.0,0.0,0.0","0,0,0"
1747092280.754918,"46.0,0.0,0.0","-89.0,0.0,0.0","0.0,0.0,0.0","0.0,0.0,0.0","0,0,0"
1747092280.8089879,"47.0,0.0,0.0","-89.0,0.0,0.0","0.0,0.0,0.0","0.0,0.0,0.0","0,0,0"
1747092280.8682659,"47.0,0.0,0.0","-89.0,0.0,0.0","0.0,0.0,0.0","0.0,0.0,0.0","0,0,0"
1747092280.9188766,"47.0,0.0,0.0","-89.0,0.0,0.0","0.0,0.0,0.0","0.0,0.0,0.0","0,0,0"
1747092280.9691257,"47.0,0.0,0.0","-89.0,0.0,0.0","0.0,0.0,0.0","0.0,0.0,0.0","0,0,0"
1747092281.0191839,"47.0,0.0,0.0","-88.0,0.0,0.0","0.0,0.0,0.0","0.0,0.0,0.0","0,0,0"
1747092281.07,"48.0,0.0,0.0","-88.0,0.0,0.0","0.0,0.0,0.0","0.0,0.0,0.0","0,0,0"
1747092281.1210458,"48.0,0.0,0.0","-88.0,0.0,0.0","0.0,0.0,0.0","0.0,0.0,0.0","0,0,0"
1747092281.1713877,"48.0,0.0,0.0","-88.0,0.0,0.0","0.0,0.0,0.0","0.0,0.0,0.0","0,0,0"
1747092281.221955,"48.0,0.0,0.0","-87.0,0.0,0.0","0.0,0.0,0.0","0.0,0.0,0.0","0,0,0"
1747092281.2719753,"49.0,0.0,0.0","-87.0,0.0,0.0","0.0,0.0,0.0","0.0,0.0,0.0","0,0,0"
1747092281.3239627,"49.0,0.0,0.0","-87.0,0.0,0.0","0.0,0.0,0.0","0.0,0.0,0.0","0,0,0"
1747092281.3746765,"49.0,0.0,0.0","-87.0,0.0,0.0","0.0,0.0,0.0","0.0,0.0,0.0","0,0,0"
1747092281.4259818,"50.0,0.0,0.0","-87.0,0.0,0.0","0.0,0.0,0.0","0.0,0.0,0.0","0,0,0"
1747092281.4761322,"50.0,0.0,0.0","-87.0,0.0,0.0","0.0,0.0,0.0","0.0,0.0,0.0","0,0,0"
1747092281.526849,"50.0,0.0,0.0","-86.0,0.0,0.0","0.0,0.0,0.0","0.0,0.0,0.0","0,0,0"
1747092281.5779502,"50.0,0.0,0.0","-86.0,0.0,0.0","0.0,0.0,0.0","0.0,0.0,0.0","0,0,0"
1747092281.6280537,"50.0,0.0,0.0","-86.0,0.0,0.0","0.0,0.0,0.0","0.0,0.0,0.0","0,0,0"
1747092281.6790051,"50.0,0.0,0.0","-84.0,0.0,0.0","0.0,0.0,0.0","0.0,0.0,0.0","0,0,0"
1747092281.7291548,"50.0,0.0,0.0","-84.0,0.0,0.0","0.0,0.0,0.0","0.0,0.0,0.0","0,0,0"
1747092281.77991,"50.0,0.0,0.0","-84.0,0.0,0.0","0.0,0.0,0.0","0.0,0.0,0.0","0,0,0"
1747092281.8307831,"50.0,0.0,0.0","-84.0,0.0,0.0","0.0,0.0,0.0","0.0,0.0,0.0","0,0,0"
1747092281.8814216,"50.0,0.0,0.0","-84.0,0.0,0.0","0.0,0.0,0.0","0.0,0.0,0.0","0,0,0"
1747092281.931888,"50.0,0.0,0.0","-84.0,0.0,0.0","0.0,0.0,0.0","0.0,0.0,0.0","0,0,0"
1747092281.9828777,"50.0,0.0,0.0","-84.0,0.0,0.0","0.0,0.0,0.0","0.0,0.0,0.0","0,0,0"
1747092282.0334446,"50.0,0.0,0.0","-84.0,0.0,0.0","0.0,0.0,0.0","0.0,0.0,0.0","0,0,0"
1747092282.0841172,"50.0,0.0,0.0","-84.0,0.0,0.0","0.0,0.0,0.0","0.0,0.0,0.0","0,0,0"
1747092282.1342523,"49.0,0.0,0.0","-85.0,0.0,0.0","0.0,0.0,0.0","0.0,0.0,0.0","0,0,0"
1747092282.1847055,"49.0,0.0,0.0","-85.0,0.0,0.0","0.0,0.0,0.0","0.0,0.0,0.0","0,0,0"
1747092282.2367008,"49.0,0.0,0.0","-85.0,0.0,0.0","0.0,0.0,0.0","0.0,0.0,0.0","0,0,0"
1747092282.287822,"48.0,0.0,0.0","-84.0,0.0,0.0","0.0,0.0,0.0","0.0,0.0,0.0","0,0,0"
1747092282.3380592,"48.0,0.0,0.0","-85.0,0.0,0.0","0.0,0.0,0.0","0.0,0.0,0.0","0,0,0"
1747092282.388931,"47.0,0.0,0.0","-85.0,0.0,0.0","0.0,0.0,0.0","0.0,0.0,0.0","0,0,0"
1747092282.43957,"47.0,0.0,0.0","-85.0,0.0,0.0","0.0,0.0,0.0","0.0,0.0,0.0","0,0,0"
1747092282.489765,"45.0,0.0,0.0","-86.0,0.0,0.0","0.0,0.0,0.0","0.0,0.0,0.0","0,0,0"
1747092282.5404265,"35.0,0.0,0.0","-87.0,0.0,0.0","-24.0,0.0,0.0","0.0,0.0,0.0","0,0,0"
1747092282.591614,"33.0,0.0,0.0","-88.0,0.0,0.0","-24.0,0.0,0.0","0.0,0.0,0.0","0,0,0"
1747092282.643379,"32.0,0.0,0.0","-89.0,0.0,0.0","-24.0,0.0,0.0","0.0,0.0,0.0","0,0,0"
1747092282.6939912,"30.0,0.0,0.0","-90.0,0.0,0.0","-24.0,0.0,0.0","0.0,0.0,0.0","0,0,0"
1747092282.7446175,"29.0,0.0,0.0","-94.0,0.0,0.0","-24.0,0.0,0.0","0.0,0.0,0.0","0,0,0"
1747092282.7951827,"29.0,0.0,0.0","-94.0,0.0,0.0","-24.0,0.0,0.0","0.0,0.0,0.0","0,0,0"
1747092282.846111,"27.0,0.0,0.0","-96.0,0.0,0.0","-24.0,0.0,0.0","0.0,0.0,0.0","0,0,0"
1747092282.8975158,"25.0,0.0,0.0","-97.0,0.0,0.0","-24.0,0.0,0.0","0.0,0.0,0.0","0,0,0"
1747092282.9480176,"23.0,0.0,0.0","-97.0,0.0,0.0","-24.0,0.0,0.0","0.0,0.0,0.0","0,0,0"
1747092282.999018,"15.0,0.0,0.0","-97.0,0.0,0.0","-24.0,0.0,0.0","0.0,0.0,0.0","0,0,0"
1747092283.04922,"9.0,0.0,0.0","-97.0,0.0,0.0","-24.0,0.0,0.0","0.0,0.0,0.0","0,0,0"
1747092283.099869,"6.0,0.0,0.0","-94.0,0.0,0.0","-24.0,0.0,0.0","0.0,0.0,0.0","0,0,0"
1747092283.1501937,"-1.0,0.0,0.0","-85.0,0.0,0.0","-24.0,0.0,0.0","0.0,0.0,0.0","0,0,0"
1747092283.2008748,"-7.0,0.0,0.0","-77.0,0.0,0.0","-24.0,0.0,0.0","0.0,0.0,0.0","0,0,0"
1747092283.251104,"-10.0,0.0,0.0","-73.0,0.0,0.0","-24.0,0.0,0.0","0.0,0.0,0.0","0,0,0"
1747092283.301857,"-12.0,0.0,0.0","-69.0,0.0,0.0","-24.0,0.0,0.0","0.0,0.0,0.0","0,0,0"
1747092283.35241,"-18.0,0.0,0.0","-61.0,0.0,0.0","-24.0,0.0,0.0","0.0,0.0,0.0","0,0,0"
1747092283.405365,"-24.0,0.0,0.0","-52.0,0.0,0.0","-24.0,0.0,0.0","0.0,0.0,0.0","0,0,0"
1747092283.4555624,"-36.0,0.0,0.0","-39.0,0.0,0.0","-24.0,0.0,0.0","-21.0,0.0,0.0","0,0,0"
1747092283.5056095,"-44.0,0.0,0.0","-33.0,0.0,0.0","-24.0,0.0,0.0","-12.0,0.0,0.0","0,0,0"
1747092283.5561345,"-57.0,0.0,0.0","-25.0,0.0,0.0","0.0,0.0,0.0","-2.0,0.0,0.0","0,0,0"
1747092283.6067965,"-64.0,0.0,0.0","-23.0,0.0,0.0","0.0,0.0,0.0","3.0,0.0,0.0","0,0,0"
1747092283.6582217,"-64.0,0.0,0.0","-23.0,0.0,0.0","0.0,0.0,0.0","3.0,0.0,0.0","0,0,0"
1747092283.708905,"-74.0,0.0,0.0","-15.0,0.0,0.0","0.0,0.0,0.0","12.0,0.0,0.0","0,0,0"
1747092283.7589743,"-76.0,0.0,0.0","-12.0,0.0,0.0","0.0,0.0,0.0","15.0,0.0,0.0","0,0,0"
1747092283.810797,"-89.0,0.0,0.0","-7.0,0.0,0.0","0.0,0.0,0.0","21.0,0.0,0.0","0,0,0"
1747092283.861029,"-90.0,0.0,0.0","-4.0,0.0,0.0","0.0,0.0,0.0","23.0,0.0,0.0","0,0,0"
1747092283.9117727,"-93.0,0.0,0.0","0.0,0.0,0.0","0.0,0.0,0.0","27.0,0.0,0.0","0,0,0"
1747092283.9622664,"-94.0,0.0,0.0","1.0,0.0,0.0","0.0,0.0,0.0","28.0,0.0,0.0","0,0,0"
1747092284.0127356,"-95.0,0.0,0.0","3.0,0.0,0.0","0.0,0.0,0.0","32.0,0.0,0.0","0,0,0"
1747092284.063565,"-96.0,0.0,0.0","5.0,0.0,0.0","0.0,0.0,0.0","33.0,0.0,0.0","0,0,0"
1747092284.113881,"-96.0,0.0,0.0","7.0,0.0,0.0","0.0,0.0,0.0","34.0,0.0,0.0","0,0,0"
1747092284.163975,"-96.0,0.0,0.0","8.0,0.0,0.0","0.0,0.0,0.0","35.0,0.0,0.0","0,0,0"
1747092284.2146914,"-96.0,0.0,0.0","10.0,0.0,0.0","0.0,0.0,0.0","38.0,0.0,0.0","0,0,0"
1747092284.2647922,"-96.0,0.0,0.0","11.0,0.0,0.0","0.0,0.0,0.0","39.0,0.0,0.0","0,0,0"
1747092284.316015,"-96.0,0.0,0.0","11.0,0.0,0.0","0.0,0.0,0.0","39.0,0.0,0.0","0,0,0"
1747092284.36624,"-96.0,0.0,0.0","11.0,0.0,0.0","0.0,0.0,0.0","39.0,0.0,0.0","0,0,0"
1747092284.416959,"-96.0,0.0,0.0","11.0,0.0,0.0","0.0,0.0,0.0","39.0,0.0,0.0","0,0,0"
1747092284.467902,"-96.0,0.0,0.0","11.0,0.0,0.0","0.0,0.0,0.0","40.0,0.0,0.0","0,0,0"
1747092284.5179033,"-96.0,0.0,0.0","11.0,0.0,0.0","0.0,0.0,0.0","40.0,0.0,0.0","0,0,0"
1747092284.5679939,"-96.0,0.0,0.0","11.0,0.0,0.0","0.0,0.0,0.0","39.0,0.0,0.0","0,0,0"
1747092284.6181667,"-96.0,0.0,0.0","10.0,0.0,0.0","0.0,0.0,0.0","39.0,0.0,0.0","0,0,0"
1747092284.6689816,"-96.0,0.0,0.0","10.0,0.0,0.0","0.0,0.0,0.0","39.0,0.0,0.0","0,0,0"
1747092284.720829,"-96.0,0.0,0.0","9.0,0.0,0.0","0.0,0.0,0.0","38.0,0.0,0.0","0,0,0"
1747092284.7711425,"-96.0,0.0,0.0","9.0,0.0,0.0","0.0,0.0,0.0","38.0,0.0,0.0","0,0,0"
1747092284.8223643,"-96.0,0.0,0.0","8.0,0.0,0.0","0.0,0.0,0.0","37.0,0.0,0.0","0,0,0"
1747092284.8730586,"-96.0,0.0,0.0","8.0,0.0,0.0","0.0,0.0,0.0","35.0,0.0,0.0","0,0,0"
1747092284.923858,"-96.0,0.0,0.0","8.0,0.0,0.0","0.0,0.0,0.0","35.0,0.0,0.0","0,0,0"
1747092284.9747972,"-96.0,0.0,0.0","7.0,0.0,0.0","0.0,0.0,0.0","35.0,0.0,0.0","0,0,0"
1747092285.0249963,"-96.0,0.0,0.0","7.0,0.0,0.0","0.0,0.0,0.0","35.0,0.0,0.0","0,0,0"
1747092285.0750644,"-96.0,0.0,0.0","7.0,0.0,0.0","0.0,0.0,0.0","34.0,0.0,0.0","0,0,0"
1747092285.1251597,"-100.0,0.0,0.0","5.0,0.0,0.0","0.0,0.0,0.0","32.0,0.0,0.0","0,0,0"
1747092285.1751802,"-101.0,0.0,0.0","4.0,0.0,0.0","0.0,0.0,0.0","32.0,0.0,0.0","0,0,0"
1747092285.2257626,"-101.0,0.0,0.0","0.0,0.0,0.0","0.0,0.0,0.0","29.0,0.0,0.0","0,0,0"
1747092285.2759528,"-101.0,0.0,0.0","-2.0,0.0,0.0","0.0,0.0,0.0","27.0,0.0,0.0","0,0,0"
1747092285.3260217,"-101.0,0.0,0.0","-5.0,0.0,0.0","0.0,0.0,0.0","24.0,0.0,0.0","0,0,0"
1747092285.376793,"-98.0,0.0,0.0","-5.0,0.0,0.0","0.0,0.0,0.0","23.0,0.0,0.0","0,0,0"
1747092285.4269626,"-80.0,0.0,0.0","-7.0,0.0,0.0","0.0,0.0,0.0","20.0,0.0,0.0","0,0,0"
1747092285.4771805,"-76.0,0.0,0.0","-8.0,0.0,0.0","0.0,0.0,0.0","20.0,0.0,0.0","0,0,0"
1747092285.5279493,"-62.0,0.0,0.0","-9.0,0.0,0.0","0.0,0.0,0.0","19.0,0.0,0.0","0,0,0"
1747092285.5781968,"-52.0,0.0,0.0","-9.0,0.0,0.0","0.0,0.0,0.0","18.0,0.0,0.0","0,0,0"
1747092285.6282446,"-50.0,0.0,0.0","-10.0,0.0,0.0","0.0,0.0,0.0","18.0,0.0,0.0","0,0,0"
1747092285.6787045,"-40.0,0.0,0.0","-13.0,0.0,0.0","-24.0,0.0,0.0","16.0,0.0,0.0","0,0,0"
1747092285.729393,"-30.0,0.0,0.0","-17.0,0.0,0.0","-24.0,0.0,0.0","14.0,0.0,0.0","0,0,0"
1747092285.7800233,"-22.0,0.0,0.0","-17.0,0.0,0.0","-24.0,0.0,0.0","14.0,0.0,0.0","0,0,0"
1747092285.8314886,"-21.0,0.0,0.0","-17.0,0.0,0.0","-24.0,0.0,0.0","13.0,0.0,0.0","0,0,0"
1747092285.8820395,"-14.0,0.0,0.0","-18.0,0.0,0.0","-24.0,0.0,0.0","13.0,0.0,0.0","0,0,0"
1747092285.9400887,"-11.0,0.0,0.0","-18.0,0.0,0.0","-24.0,0.0,0.0","13.0,0.0,0.0","0,0,0"
1747092285.9916055,"-7.0,0.0,0.0","-18.0,0.0,0.0","-24.0,0.0,0.0","13.0,0.0,0.0","0,0,0"
1747092286.041649,"-7.0,0.0,0.0","-17.0,0.0,0.0","-24.0,0.0,0.0","13.0,0.0,0.0","0,0,0"
1747092286.0917678,"-6.0,0.0,0.0","-15.0,0.0,0.0","-24.0,0.0,0.0","13.0,0.0,0.0","0,0,0"
1747092286.1428795,"-6.0,0.0,0.0","-15.0,0.0,0.0","-24.0,0.0,0.0","13.0,0.0,0.0","0,0,0"
1747092286.192953,"-6.0,0.0,0.0","-15.0,0.0,0.0","-24.0,0.0,0.0","13.0,0.0,0.0","0,0,0"
1747092286.2441096,"-6.0,0.0,0.0","-14.0,0.0,0.0","-24.0,0.0,0.0","13.0,0.0,0.0","0,0,0"
1747092286.2955177,"-6.0,0.0,0.0","-14.0,0.0,0.0","-24.0,0.0,0.0","13.0,0.0,0.0","0,0,0"
1747092286.346321,"-7.0,0.0,0.0","-14.0,0.0,0.0","-24.0,0.0,0.0","14.0,0.0,0.0","0,0,0"
1747092286.3969622,"-8.0,0.0,0.0","-14.0,0.0,0.0","-24.0,0.0,0.0","14.0,0.0,0.0","0,0,0"
1747092286.4478981,"-8.0,0.0,0.0","-14.0,0.0,0.0","-24.0,0.0,0.0","15.0,0.0,0.0","0,0,0"
1747092286.497948,"-8.0,0.0,0.0","-13.0,0.0,0.0","-24.0,0.0,0.0","16.0,0.0,0.0","0,0,0"
1747092286.5487266,"-8.0,0.0,0.0","-13.0,0.0,0.0","-24.0,0.0,0.0","21.0,0.0,0.0","0,0,0"
1747092286.5989108,"-8.0,0.0,0.0","-12.0,0.0,0.0","-24.0,0.0,0.0","22.0,0.0,0.0","0,0,0"
1747092286.64896,"-6.0,0.0,0.0","-9.0,0.0,0.0","-24.0,0.0,0.0","25.0,0.0,0.0","0,0,0"
1747092286.6990495,"-1.0,0.0,0.0","2.0,0.0,0.0","-24.0,0.0,0.0","32.0,0.0,0.0","0,0,0"
1747092286.7497144,"5.0,0.0,0.0","9.0,0.0,0.0","-6.0,0.0,0.0","35.0,0.0,0.0","0,0,0"
1747092286.7997787,"8.0,0.0,0.0","15.0,0.0,0.0","-4.0,0.0,0.0","37.0,0.0,0.0","0,0,0"
1747092286.8509235,"9.0,0.0,0.0","20.0,0.0,0.0","-3.0,0.0,0.0","40.0,0.0,0.0","0,0,0"
1747092286.9009793,"18.0,0.0,0.0","34.0,0.0,0.0","1.0,0.0,0.0","43.0,0.0,0.0","0,0,0"
1747092286.9520333,"30.0,0.0,0.0","50.0,0.0,0.0","10.0,0.0,0.0","0.0,0.0,0.0","0,0,0"
1747092287.0028903,"51.0,0.0,0.0","46.0,0.0,0.0","0.0,0.0,0.0","0.0,0.0,0.0","0,0,0"
1747092287.053546,"58.0,0.0,0.0","55.0,0.0,0.0","0.0,0.0,0.0","0.0,0.0,0.0","0,0,0"
1747092287.1036203,"64.0,0.0,0.0","61.0,0.0,0.0","0.0,0.0,0.0","0.0,0.0,0.0","0,0,0"
1747092287.1552017,"68.0,0.0,0.0","66.0,0.0,0.0","0.0,0.0,0.0","0.0,0.0,0.0","0,0,0"
1747092287.2055051,"72.0,0.0,0.0","69.0,0.0,0.0","0.0,0.0,0.0","0.0,0.0,0.0","0,0,0"
1747092287.256348,"75.0,0.0,0.0","72.0,0.0,0.0","0.0,0.0,0.0","0.0,0.0,0.0","0,0,0"
1747092287.3069942,"80.0,0.0,0.0","72.0,0.0,0.0","0.0,0.0,0.0","0.0,0.0,0.0","0,0,0"
1747092287.357177,"81.0,0.0,0.0","73.0,0.0,0.0","0.0,0.0,0.0","0.0,0.0,0.0","0,0,0"
1747092287.4138708,"84.0,0.0,0.0","74.0,0.0,0.0","0.0,0.0,0.0","0.0,0.0,0.0","0,0,0"
1747092287.465564,"88.0,0.0,0.0","75.0,0.0,0.0","0.0,0.0,0.0","0.0,0.0,0.0","0,0,0"
1747092287.5161293,"89.0,0.0,0.0","75.0,0.0,0.0","0.0,0.0,0.0","0.0,0.0,0.0","0,0,0"
1747092287.5667894,"89.0,0.0,0.0","75.0,0.0,0.0","0.0,0.0,0.0","0.0,0.0,0.0","0,0,0"
1747092287.6179526,"90.0,0.0,0.0","75.0,0.0,0.0","0.0,0.0,0.0","0.0,0.0,0.0","0,0,0"
1747092287.6680856,"90.0,0.0,0.0","75.0,0.0,0.0","0.0,0.0,0.0","0.0,0.0,0.0","0,0,0"
1747092287.7192893,"90.0,0.0,0.0","75.0,0.0,0.0","0.0,0.0,0.0","0.0,0.0,0.0","0,0,0"
1747092287.7698057,"90.0,0.0,0.0","77.0,0.0,0.0","0.0,0.0,0.0","0.0,0.0,0.0","0,0,0"
1747092287.819932,"89.0,0.0,0.0","75.0,0.0,0.0","0.0,0.0,0.0","0.0,0.0,0.0","0,0,0"
1747092287.8710127,"89.0,0.0,0.0","75.0,0.0,0.0","0.0,0.0,0.0","0.0,0.0,0.0","0,0,0"
1747092287.9219387,"86.0,0.0,0.0","74.0,0.0,0.0","0.0,0.0,0.0","0.0,0.0,0.0","0,0,0"
1747092287.9729936,"85.0,0.0,0.0","73.0,0.0,0.0","0.0,0.0,0.0","0.0,0.0,0.0","0,0,0"
1747092288.0235965,"82.0,0.0,0.0","72.0,0.0,0.0","0.0,0.0,0.0","0.0,0.0,0.0","0,0,0"
1747092288.0741699,"81.0,0.0,0.0","71.0,0.0,0.0","0.0,0.0,0.0","0.0,0.0,0.0","0,0,0"
1747092288.124814,"75.0,0.0,0.0","69.0,0.0,0.0","0.0,0.0,0.0","0.0,0.0,0.0","0,0,0"
1747092288.1763883,"73.0,0.0,0.0","67.0,0.0,0.0","0.0,0.0,0.0","0.0,0.0,0.0","0,0,0"
1747092288.2269678,"65.0,0.0,0.0","60.0,0.0,0.0","0.0,0.0,0.0","0.0,0.0,0.0","0,0,0"
1747092288.2780173,"62.0,0.0,0.0","57.0,0.0,0.0","0.0,0.0,0.0","0.0,0.0,0.0","0,0,0"
1747092288.328853,"52.0,0.0,0.0","52.0,0.0,0.0","0.0,0.0,0.0","0.0,0.0,0.0","0,0,0"
1747092288.379758,"34.0,0.0,0.0","58.0,0.0,0.0","-24.0,0.0,0.0","0.0,0.0,0.0","0,0,0"
1747092288.4300792,"24.0,0.0,0.0","46.0,0.0,0.0","-24.0,0.0,0.0","0.0,0.0,0.0","0,0,0"
1747092288.480685,"19.0,0.0,0.0","43.0,0.0,0.0","-24.0,0.0,0.0","88.0,0.0,0.0","0,0,0"
1747092288.5308278,"17.0,0.0,0.0","43.0,0.0,0.0","-24.0,0.0,0.0","91.0,0.0,0.0","0,0,0"
1747092288.5809846,"1.0,0.0,0.0","16.0,0.0,0.0","-24.0,0.0,0.0","97.0,0.0,0.0","0,0,0"
1747092288.6318524,"0.0,0.0,0.0","14.0,0.0,0.0","-24.0,0.0,0.0","99.0,0.0,0.0","0,0,0"
1747092288.6825576,"-3.0,0.0,0.0","8.0,0.0,0.0","-24.0,0.0,0.0","106.0,0.0,0.0","0,0,0"
1747092288.7331862,"-9.0,0.0,0.0","-10.0,0.0,0.0","-24.0,0.0,0.0","112.0,0.0,0.0","0,0,0"
1747092288.783816,"-12.0,0.0,0.0","-10.0,0.0,0.0","-24.0,0.0,0.0","112.0,0.0,0.0","0,0,0"
1747092288.8338683,"-14.0,0.0,0.0","-10.0,0.0,0.0","-24.0,0.0,0.0","112.0,0.0,0.0","0,0,0"
1747092288.8841534,"-14.0,0.0,0.0","-10.0,0.0,0.0","-24.0,0.0,0.0","109.0,0.0,0.0","0,0,0"
1747092288.9342654,"-14.0,0.0,0.0","-10.0,0.0,0.0","-24.0,0.0,0.0","109.0,0.0,0.0","0,0,0"
1747092288.984451,"-14.0,0.0,0.0","-10.0,0.0,0.0","-24.0,0.0,0.0","101.0,0.0,0.0","0,0,0"
1747092289.035416,"-14.0,0.0,0.0","-10.0,0.0,0.0","-24.0,0.0,0.0","84.0,0.0,0.0","0,0,0"
1747092289.0856562,"-12.0,0.0,0.0","-9.0,0.0,0.0","18.0,0.0,0.0","79.0,0.0,0.0","0,0,0"
1747092289.136787,"-11.0,0.0,0.0","-6.0,0.0,0.0","62.0,0.0,0.0","75.0,0.0,0.0","0,0,0"
1747092289.1880555,"-10.0,0.0,0.0","-2.0,0.0,0.0","61.0,0.0,0.0","72.0,0.0,0.0","0,0,0"
1747092289.2388916,"-10.0,0.0,0.0","-2.0,0.0,0.0","61.0,0.0,0.0","71.0,0.0,0.0","0,0,0"
1747092289.288907,"-10.0,0.0,0.0","-2.0,0.0,0.0","61.0,0.0,0.0","70.0,0.0,0.0","0,0,0"
1747092289.3393908,"-10.0,0.0,0.0","-2.0,0.0,0.0","61.0,0.0,0.0","69.0,0.0,0.0","0,0,0"
1747092289.3900635,"-13.0,0.0,0.0","-3.0,0.0,0.0","60.0,0.0,0.0","69.0,0.0,0.0","0,0,0"
1747092289.4405248,"-15.0,0.0,0.0","-5.0,0.0,0.0","61.0,0.0,0.0","69.0,0.0,0.0","0,0,0"
1747092289.4910803,"-22.0,0.0,0.0","-16.0,0.0,0.0","60.0,0.0,0.0","69.0,0.0,0.0","0,0,0"
1747092289.5426588,"-29.0,0.0,0.0","-27.0,0.0,0.0","55.0,0.0,0.0","70.0,0.0,0.0","0,0,0"
1747092289.592813,"-36.0,0.0,0.0","-41.0,0.0,0.0","50.0,0.0,0.0","71.0,0.0,0.0","0,0,0"
1747092289.6429002,"-40.0,0.0,0.0","-54.0,0.0,0.0","44.0,0.0,0.0","0.0,0.0,0.0","0,0,0"
1747092289.69299,"-42.0,0.0,0.0","-54.0,0.0,0.0","42.0,0.0,0.0","0.0,0.0,0.0","0,0,0"
1747092289.743554,"-43.0,0.0,0.0","-56.0,0.0,0.0","37.0,0.0,0.0","0.0,0.0,0.0","0,0,0"
1747092289.7941022,"-44.0,0.0,0.0","-57.0,0.0,0.0","26.0,0.0,0.0","0.0,0.0,0.0","0,0,0"
1747092289.8442488,"-48.0,0.0,0.0","-58.0,0.0,0.0","0.0,0.0,0.0","0.0,0.0,0.0","0,0,0"
1747092289.8954494,"-50.0,0.0,0.0","-59.0,0.0,0.0","0.0,0.0,0.0","0.0,0.0,0.0","0,0,0"
1747092289.9463654,"-50.0,0.0,0.0","-60.0,0.0,0.0","0.0,0.0,0.0","0.0,0.0,0.0","0,0,0"
1747092289.9969394,"-51.0,0.0,0.0","-61.0,0.0,0.0","0.0,0.0,0.0","0.0,0.0,0.0","0,0,0"
1747092290.0481186,"-53.0,0.0,0.0","-64.0,0.0,0.0","0.0,0.0,0.0","0.0,0.0,0.0","0,0,0"
1747092290.0989008,"-61.0,0.0,0.0","-65.0,0.0,0.0","0.0,0.0,0.0","0.0,0.0,0.0","0,0,0"
1747092290.1497755,"-66.0,0.0,0.0","-65.0,0.0,0.0","0.0,0.0,0.0","0.0,0.0,0.0","0,0,0"
1747092290.2003336,"-73.0,0.0,0.0","-76.0,0.0,0.0","0.0,0.0,0.0","0.0,0.0,0.0","0,0,0"
1747092290.2506056,"-73.0,0.0,0.0","-76.0,0.0,0.0","0.0,0.0,0.0","0.0,0.0,0.0","0,0,0"
1747092290.301707,"-79.0,0.0,0.0","-78.0,0.0,0.0","0.0,0.0,0.0","0.0,0.0,0.0","0,0,0"
1747092290.3518255,"-80.0,0.0,0.0","-81.0,0.0,0.0","0.0,0.0,0.0","0.0,0.0,0.0","0,0,0"
1747092290.4029026,"-87.0,0.0,0.0","-91.0,0.0,0.0","0.0,0.0,0.0","0.0,0.0,0.0","0,0,0"
1747092290.4530058,"-95.0,0.0,0.0","-94.0,0.0,0.0","0.0,0.0,0.0","0.0,0.0,0.0","0,0,0"
1747092290.5031412,"-97.0,0.0,0.0","-94.0,0.0,0.0","0.0,0.0,0.0","0.0,0.0,0.0","0,0,0"
1747092290.5540743,"-98.0,0.0,0.0","-95.0,0.0,0.0","0.0,0.0,0.0","0.0,0.0,0.0","0,0,0"
1747092290.604479,"-99.0,0.0,0.0","-97.0,0.0,0.0","0.0,0.0,0.0","0.0,0.0,0.0","0,0,0"
1747092290.6547015,"-99.0,0.0,0.0","-97.0,0.0,0.0","0.0,0.0,0.0","0.0,0.0,0.0","0,0,0"
1747092290.7054825,"-99.0,0.0,0.0","-95.0,0.0,0.0","0.0,0.0,0.0","0.0,0.0,0.0","0,0,0"
1747092290.7562585,"-98.0,0.0,0.0","-94.0,0.0,0.0","0.0,0.0,0.0","0.0,0.0,0.0","0,0,0"
1747092290.807071,"-98.0,0.0,0.0","-93.0,0.0,0.0","0.0,0.0,0.0","0.0,0.0,0.0","0,0,0"
1747092290.8577182,"-98.0,0.0,0.0","-91.0,0.0,0.0","0.0,0.0,0.0","0.0,0.0,0.0","0,0,0"
1747092290.9078665,"-96.0,0.0,0.0","-91.0,0.0,0.0","0.0,0.0,0.0","0.0,0.0,0.0","0,0,0"
1747092290.9607208,"-96.0,0.0,0.0","-90.0,0.0,0.0","0.0,0.0,0.0","0.0,0.0,0.0","0,0,0"
1747092291.0179365,"-96.0,0.0,0.0","-89.0,0.0,0.0","0.0,0.0,0.0","0.0,0.0,0.0","0,0,0"
1747092291.068808,"-96.0,0.0,0.0","-88.0,0.0,0.0","0.0,0.0,0.0","0.0,0.0,0.0","0,0,0"
1747092291.1195798,"-95.0,0.0,0.0","-88.0,0.0,0.0","0.0,0.0,0.0","0.0,0.0,0.0","0,0,0"
1747092291.1699216,"-95.0,0.0,0.0","-88.0,0.0,0.0","0.0,0.0,0.0","0.0,0.0,0.0","0,0,0"
1747092291.2200787,"-95.0,0.0,0.0","-88.0,0.0,0.0","0.0,0.0,0.0","0.0,0.0,0.0","0,0,0"
1747092291.2709222,"-95.0,0.0,0.0","-88.0,0.0,0.0","0.0,0.0,0.0","0.0,0.0,0.0","0,0,0"
1747092291.3209527,"-95.0,0.0,0.0","-88.0,0.0,0.0","0.0,0.0,0.0","0.0,0.0,0.0","0,0,0"
1747092291.3711035,"-95.0,0.0,0.0","-88.0,0.0,0.0","0.0,0.0,0.0","0.0,0.0,0.0","0,0,0"
1747092291.4218159,"-95.0,0.0,0.0","-88.0,0.0,0.0","0.0,0.0,0.0","0.0,0.0,0.0","0,0,0"
1747092291.4727805,"-95.0,0.0,0.0","-89.0,0.0,0.0","0.0,0.0,0.0","0.0,0.0,0.0","0,0,0"
1747092291.5229292,"-96.0,0.0,0.0","-91.0,0.0,0.0","0.0,0.0,0.0","0.0,0.0,0.0","0,0,0"
1747092291.573001,"-96.0,0.0,0.0","-91.0,0.0,0.0","0.0,0.0,0.0","0.0,0.0,0.0","0,0,0"
1747092291.6236753,"-96.0,0.0,0.0","-92.0,0.0,0.0","0.0,0.0,0.0","0.0,0.0,0.0","0,0,0"
1747092291.6740916,"-96.0,0.0,0.0","-92.0,0.0,0.0","0.0,0.0,0.0","0.0,0.0,0.0","0,0,0"
1747092291.724715,"-96.0,0.0,0.0","-96.0,0.0,0.0","0.0,0.0,0.0","0.0,0.0,0.0","0,0,0"
1747092291.77483,"-96.0,0.0,0.0","-102.0,0.0,0.0","0.0,0.0,0.0","0.0,0.0,0.0","0,0,0"
1747092291.824956,"-96.0,0.0,0.0","-103.0,0.0,0.0","0.0,0.0,0.0","0.0,0.0,0.0","0,0,0"
1747092291.8755996,"-96.0,0.0,0.0","-103.0,0.0,0.0","0.0,0.0,0.0","0.0,0.0,0.0","0,0,0"
1747092291.9272351,"-96.0,0.0,0.0","-103.0,0.0,0.0","0.0,0.0,0.0","0.0,0.0,0.0","0,0,0"
1747092291.977951,"-96.0,0.0,0.0","-103.0,0.0,0.0","0.0,0.0,0.0","0.0,0.0,0.0","0,0,0"
1747092292.02807,"-96.0,0.0,0.0","-102.0,0.0,0.0","0.0,0.0,0.0","0.0,0.0,0.0","0,0,0"
1747092292.0787284,"-96.0,0.0,0.0","-98.0,0.0,0.0","0.0,0.0,0.0","0.0,0.0,0.0","0,0,0"
1747092292.128868,"-96.0,0.0,0.0","-91.0,0.0,0.0","0.0,0.0,0.0","0.0,0.0,0.0","0,0,0"
1747092292.179443,"-96.0,0.0,0.0","-78.0,0.0,0.0","0.0,0.0,0.0","0.0,0.0,0.0","0,0,0"
1747092292.2300985,"-96.0,0.0,0.0","-63.0,0.0,0.0","0.0,0.0,0.0","0.0,0.0,0.0","0,0,0"
1747092292.2807524,"-96.0,0.0,0.0","-56.0,0.0,0.0","0.0,0.0,0.0","0.0,0.0,0.0","0,0,0"
1747092292.3308394,"-96.0,0.0,0.0","-39.0,0.0,0.0","0.0,0.0,0.0","-33.0,0.0,0.0","0,0,0"
1747092292.3817718,"-95.0,0.0,0.0","-33.0,0.0,0.0","0.0,0.0,0.0","-24.0,0.0,0.0","0,0,0"
1747092292.4323275,"-94.0,0.0,0.0","-10.0,0.0,0.0","0.0,0.0,0.0","6.0,0.0,0.0","0,0,0"
1747092292.4827807,"-94.0,0.0,0.0","-2.0,0.0,0.0","0.0,0.0,0.0","15.0,0.0,0.0","0,0,0"
1747092292.533095,"-94.0,0.0,0.0","9.0,0.0,0.0","0.0,0.0,0.0","28.0,0.0,0.0","0,0,0"
1747092292.5832515,"-94.0,0.0,0.0","9.0,0.0,0.0","0.0,0.0,0.0","28.0,0.0,0.0","0,0,0"
1747092292.6339269,"-94.0,0.0,0.0","9.0,0.0,0.0","0.0,0.0,0.0","28.0,0.0,0.0","0,0,0"
1747092292.6840682,"-94.0,0.0,0.0","9.0,0.0,0.0","0.0,0.0,0.0","28.0,0.0,0.0","0,0,0"
1747092292.7349432,"-95.0,0.0,0.0","9.0,0.0,0.0","0.0,0.0,0.0","26.0,0.0,0.0","0,0,0"
1747092292.7850711,"-95.0,0.0,0.0","6.0,0.0,0.0","0.0,0.0,0.0","21.0,0.0,0.0","0,0,0"
1747092292.8356972,"-97.0,0.0,0.0","2.0,0.0,0.0","0.0,0.0,0.0","14.0,0.0,0.0","0,0,0"
1747092292.8858094,"-98.0,0.0,0.0","-19.0,0.0,0.0","0.0,0.0,0.0","-6.0,0.0,0.0","0,0,0"
1747092292.936255,"-98.0,0.0,0.0","-27.0,0.0,0.0","0.0,0.0,0.0","-9.0,0.0,0.0","0,0,0"
1747092292.9868956,"-98.0,0.0,0.0","-36.0,0.0,0.0","0.0,0.0,0.0","-19.0,0.0,0.0","0,0,0"
1747092293.0378807,"-98.0,0.0,0.0","-57.0,0.0,0.0","0.0,0.0,0.0","0.0,0.0,0.0","0,0,0"
1747092293.0879726,"-98.0,0.0,0.0","-83.0,0.0,0.0","0.0,0.0,0.0","0.0,0.0,0.0","0,0,0"
1747092293.1387475,"-98.0,0.0,0.0","-91.0,0.0,0.0","0.0,0.0,0.0","0.0,0.0,0.0","0,0,0"
1747092293.189048,"-97.0,0.0,0.0","-101.0,0.0,0.0","0.0,0.0,0.0","0.0,0.0,0.0","0,0,0"
1747092293.2397888,"-97.0,0.0,0.0","-103.0,0.0,0.0","0.0,0.0,0.0","0.0,0.0,0.0","0,0,0"
1747092293.2903495,"-95.0,0.0,0.0","-103.0,0.0,0.0","0.0,0.0,0.0","0.0,0.0,0.0","0,0,0"
1747092293.3415935,"-95.0,0.0,0.0","-103.0,0.0,0.0","0.0,0.0,0.0","0.0,0.0,0.0","0,0,0"
1747092293.392168,"-94.0,0.0,0.0","-103.0,0.0,0.0","0.0,0.0,0.0","0.0,0.0,0.0","0,0,0"
1747092293.442826,"-95.0,0.0,0.0","-100.0,0.0,0.0","0.0,0.0,0.0","0.0,0.0,0.0","0,0,0"
1747092293.4928722,"-95.0,0.0,0.0","-97.0,0.0,0.0","0.0,0.0,0.0","0.0,0.0,0.0","0,0,0"
1747092293.5429988,"-96.0,0.0,0.0","-92.0,0.0,0.0","0.0,0.0,0.0","0.0,0.0,0.0","0,0,0"
1747092293.5930426,"-96.0,0.0,0.0","-91.0,0.0,0.0","0.0,0.0,0.0","0.0,0.0,0.0","0,0,0"
1747092293.6431594,"-98.0,0.0,0.0","-90.0,0.0,0.0","0.0,0.0,0.0","0.0,0.0,0.0","0,0,0"
1747092293.693301,"-99.0,0.0,0.0","-90.0,0.0,0.0","0.0,0.0,0.0","0.0,0.0,0.0","0,0,0"
1747092293.7434757,"-99.0,0.0,0.0","-90.0,0.0,0.0","0.0,0.0,0.0","0.0,0.0,0.0","0,0,0"
1747092293.7937636,"-99.0,0.0,0.0","-90.0,0.0,0.0","0.0,0.0,0.0","0.0,0.0,0.0","0,0,0"
1747092293.8439682,"-99.0,0.0,0.0","-90.0,0.0,0.0","0.0,0.0,0.0","0.0,0.0,0.0","0,0,0"
1747092293.8940618,"-99.0,0.0,0.0","-90.0,0.0,0.0","0.0,0.0,0.0","0.0,0.0,0.0","0,0,0"
1747092293.9457192,"-99.0,0.0,0.0","-90.0,0.0,0.0","0.0,0.0,0.0","0.0,0.0,0.0","0,0,0"
1747092293.997061,"-98.0,0.0,0.0","-90.0,0.0,0.0","0.0,0.0,0.0","0.0,0.0,0.0","0,0,0"
1747092294.0487645,"-80.0,0.0,0.0","-90.0,0.0,0.0","0.0,0.0,0.0","0.0,0.0,0.0","0,0,0"
1747092294.098891,"-69.0,0.0,0.0","-90.0,0.0,0.0","0.0,0.0,0.0","0.0,0.0,0.0","0,0,0"
1747092294.1493042,"-51.0,0.0,0.0","-90.0,0.0,0.0","0.0,0.0,0.0","0.0,0.0,0.0","0,0,0"
1747092294.200151,"-44.0,0.0,0.0","-89.0,0.0,0.0","-24.0,0.0,0.0","0.0,0.0,0.0","0,0,0"
1747092294.250246,"-33.0,0.0,0.0","-89.0,0.0,0.0","-24.0,0.0,0.0","0.0,0.0,0.0","0,0,0"
1747092294.3003612,"-24.0,0.0,0.0","-89.0,0.0,0.0","-24.0,0.0,0.0","0.0,0.0,0.0","0,0,0"
1747092294.3510516,"-14.0,0.0,0.0","-89.0,0.0,0.0","-24.0,0.0,0.0","0.0,0.0,0.0","0,0,0"
1747092294.4010873,"-5.0,0.0,0.0","-89.0,0.0,0.0","-24.0,0.0,0.0","0.0,0.0,0.0","0,0,0"
1747092294.451263,"-5.0,0.0,0.0","-89.0,0.0,0.0","-24.0,0.0,0.0","0.0,0.0,0.0","0,0,0"
1747092294.5018609,"-5.0,0.0,0.0","-89.0,0.0,0.0","-24.0,0.0,0.0","0.0,0.0,0.0","0,0,0"
1747092294.551987,"-5.0,0.0,0.0","-89.0,0.0,0.0","-24.0,0.0,0.0","0.0,0.0,0.0","0,0,0"
1747092294.6026738,"-5.0,0.0,0.0","-89.0,0.0,0.0","-24.0,0.0,0.0","0.0,0.0,0.0","0,0,0"
1747092294.6527853,"-6.0,0.0,0.0","-89.0,0.0,0.0","-24.0,0.0,0.0","0.0,0.0,0.0","0,0,0"
1747092294.7029333,"-18.0,0.0,0.0","-89.0,0.0,0.0","-24.0,0.0,0.0","0.0,0.0,0.0","0,0,0"
1747092294.753677,"-31.0,0.0,0.0","-89.0,0.0,0.0","-24.0,0.0,0.0","0.0,0.0,0.0","0,0,0"
1747092294.8047736,"-41.0,0.0,0.0","-89.0,0.0,0.0","-24.0,0.0,0.0","0.0,0.0,0.0","0,0,0"
1747092294.8556201,"-56.0,0.0,0.0","-89.0,0.0,0.0","0.0,0.0,0.0","0.0,0.0,0.0","0,0,0"
1747092294.9059296,"-60.0,0.0,0.0","-89.0,0.0,0.0","0.0,0.0,0.0","0.0,0.0,0.0","0,0,0"
1747092294.9560683,"-75.0,0.0,0.0","-89.0,0.0,0.0","0.0,0.0,0.0","0.0,0.0,0.0","0,0,0"
1747092295.0071368,"-93.0,0.0,0.0","-89.0,0.0,0.0","0.0,0.0,0.0","0.0,0.0,0.0","0,0,0"
1747092295.0581138,"-98.0,0.0,0.0","-89.0,0.0,0.0","0.0,0.0,0.0","0.0,0.0,0.0","0,0,0"
1747092295.1093569,"-100.0,0.0,0.0","-89.0,0.0,0.0","0.0,0.0,0.0","0.0,0.0,0.0","0,0,0"
1747092295.1599524,"-103.0,0.0,0.0","-89.0,0.0,0.0","0.0,0.0,0.0","0.0,0.0,0.0","0,0,0"
1747092295.2100623,"-103.0,0.0,0.0","-89.0,0.0,0.0","0.0,0.0,0.0","0.0,0.0,0.0","0,0,0"
1747092295.2607517,"-103.0,0.0,0.0","-89.0,0.0,0.0","0.0,0.0,0.0","0.0,0.0,0.0","0,0,0"
1747092295.311837,"-103.0,0.0,0.0","-88.0,0.0,0.0","0.0,0.0,0.0","0.0,0.0,0.0","0,0,0"
1747092295.3649325,"-100.0,0.0,0.0","-88.0,0.0,0.0","0.0,0.0,0.0","0.0,0.0,0.0","0,0,0"
1747092295.4149992,"-97.0,0.0,0.0","-88.0,0.0,0.0","0.0,0.0,0.0","0.0,0.0,0.0","0,0,0"
1747092295.465139,"-96.0,0.0,0.0","-89.0,0.0,0.0","0.0,0.0,0.0","0.0,0.0,0.0","0,0,0"
1747092295.5169597,"-96.0,0.0,0.0","-89.0,0.0,0.0","0.0,0.0,0.0","0.0,0.0,0.0","0,0,0"
1747092295.5678682,"-96.0,0.0,0.0","-88.0,0.0,0.0","0.0,0.0,0.0","0.0,0.0,0.0","0,0,0"
1747092295.6181974,"-96.0,0.0,0.0","-88.0,0.0,0.0","0.0,0.0,0.0","0.0,0.0,0.0","0,0,0"
1747092295.6688793,"-95.0,0.0,0.0","-88.0,0.0,0.0","0.0,0.0,0.0","0.0,0.0,0.0","0,0,0"
1747092295.7193627,"-95.0,0.0,0.0","-88.0,0.0,0.0","0.0,0.0,0.0","0.0,0.0,0.0","0,0,0"
1747092295.770033,"-95.0,0.0,0.0","-89.0,0.0,0.0","0.0,0.0,0.0","0.0,0.0,0.0","0,0,0"
1747092295.82112,"-95.0,0.0,0.0","-89.0,0.0,0.0","0.0,0.0,0.0","0.0,0.0,0.0","0,0,0"
1747092295.8711314,"-95.0,0.0,0.0","-89.0,0.0,0.0","0.0,0.0,0.0","0.0,0.0,0.0","0,0,0"
1747092295.9215481,"-95.0,0.0,0.0","-88.0,0.0,0.0","0.0,0.0,0.0","0.0,0.0,0.0","0,0,0"
1747092295.9721906,"-95.0,0.0,0.0","-88.0,0.0,0.0","0.0,0.0,0.0","0.0,0.0,0.0","0,0,0"
1747092296.0223296,"-95.0,0.0,0.0","-89.0,0.0,0.0","0.0,0.0,0.0","0.0,0.0,0.0","0,0,0"
1747092296.079509,"-94.0,0.0,0.0","-87.0,0.0,0.0","0.0,0.0,0.0","0.0,0.0,0.0","0,0,0"
1747092296.1300929,"-95.0,0.0,0.0","-87.0,0.0,0.0","0.0,0.0,0.0","0.0,0.0,0.0","0,0,0"
1747092296.1801674,"-94.0,0.0,0.0","-87.0,0.0,0.0","0.0,0.0,0.0","0.0,0.0,0.0","0,0,0"
1747092296.2308557,"-94.0,0.0,0.0","-86.0,0.0,0.0","0.0,0.0,0.0","0.0,0.0,0.0","0,0,0"
1747092296.2809365,"-94.0,0.0,0.0","-86.0,0.0,0.0","0.0,0.0,0.0","0.0,0.0,0.0","0,0,0"
1747092296.3310506,"-95.0,0.0,0.0","-86.0,0.0,0.0","0.0,0.0,0.0","0.0,0.0,0.0","0,0,0"
1747092296.382164,"-94.0,0.0,0.0","-86.0,0.0,0.0","0.0,0.0,0.0","0.0,0.0,0.0","0,0,0"
1747092296.4325037,"-94.0,0.0,0.0","-86.0,0.0,0.0","0.0,0.0,0.0","0.0,0.0,0.0","0,0,0"
1747092296.4830835,"-94.0,0.0,0.0","-86.0,0.0,0.0","0.0,0.0,0.0","0.0,0.0,0.0","0,0,0"
1747092296.5333836,"-94.0,0.0,0.0","-86.0,0.0,0.0","0.0,0.0,0.0","0.0,0.0,0.0","0,0,0"
1747092296.5836337,"-94.0,0.0,0.0","-86.0,0.0,0.0","0.0,0.0,0.0","0.0,0.0,0.0","0,0,0"
1747092296.6344693,"-94.0,0.0,0.0","-86.0,0.0,0.0","0.0,0.0,0.0","0.0,0.0,0.0","0,0,0"
1747092296.685081,"-94.0,0.0,0.0","-86.0,0.0,0.0","0.0,0.0,0.0","0.0,0.0,0.0","0,0,0"
1747092296.7351744,"-93.0,0.0,0.0","-87.0,0.0,0.0","0.0,0.0,0.0","0.0,0.0,0.0","0,0,0"
1747092296.7861125,"-94.0,0.0,0.0","-87.0,0.0,0.0","0.0,0.0,0.0","0.0,0.0,0.0","0,0,0"
1747092296.8364,"-94.0,0.0,0.0","-88.0,0.0,0.0","0.0,0.0,0.0","0.0,0.0,0.0","0,0,0"
1747092296.888744,"-94.0,0.0,0.0","-88.0,0.0,0.0","0.0,0.0,0.0","0.0,0.0,0.0","0,0,0"
1747092296.938943,"-93.0,0.0,0.0","-87.0,0.0,0.0","0.0,0.0,0.0","0.0,0.0,0.0","0,0,0"
1747092296.9890027,"-94.0,0.0,0.0","-88.0,0.0,0.0","0.0,0.0,0.0","0.0,0.0,0.0","0,0,0"
1747092297.0390859,"-93.0,0.0,0.0","-87.0,0.0,0.0","0.0,0.0,0.0","0.0,0.0,0.0","0,0,0"
1747092297.0917706,"-93.0,0.0,0.0","-87.0,0.0,0.0","0.0,0.0,0.0","0.0,0.0,0.0","0,0,0"
1747092297.1418977,"-93.0,0.0,0.0","-87.0,0.0,0.0","0.0,0.0,0.0","0.0,0.0,0.0","0,0,0"
1747092297.1929965,"-93.0,0.0,0.0","-87.0,0.0,0.0","0.0,0.0,0.0","0.0,0.0,0.0","0,0,0"
1747092297.24376,"-93.0,0.0,0.0","-87.0,0.0,0.0","0.0,0.0,0.0","0.0,0.0,0.0","0,0,0"
1747092297.2939687,"-93.0,0.0,0.0","-87.0,0.0,0.0","0.0,0.0,0.0","0.0,0.0,0.0","0,0,0"
1747092297.345282,"-93.0,0.0,0.0","-88.0,0.0,0.0","0.0,0.0,0.0","0.0,0.0,0.0","0,0,0"
1747092297.3964698,"-94.0,0.0,0.0","-89.0,0.0,0.0","0.0,0.0,0.0","0.0,0.0,0.0","0,0,0"
1747092297.4478772,"-94.0,0.0,0.0","-90.0,0.0,0.0","0.0,0.0,0.0","0.0,0.0,0.0","0,0,0"
1747092297.4981697,"-94.0,0.0,0.0","-90.0,0.0,0.0","0.0,0.0,0.0","0.0,0.0,0.0","0,0,0"
1747092297.5487418,"-96.0,0.0,0.0","-90.0,0.0,0.0","0.0,0.0,0.0","0.0,0.0,0.0","0,0,0"
1747092297.5988457,"-95.0,0.0,0.0","-90.0,0.0,0.0","0.0,0.0,0.0","0.0,0.0,0.0","0,0,0"
1747092297.6489525,"-95.0,0.0,0.0","-91.0,0.0,0.0","0.0,0.0,0.0","0.0,0.0,0.0","0,0,0"
1747092297.6990156,"-95.0,0.0,0.0","-91.0,0.0,0.0","0.0,0.0,0.0","0.0,0.0,0.0","0,0,0"
1747092297.7497947,"-95.0,0.0,0.0","-88.0,0.0,0.0","0.0,0.0,0.0","0.0,0.0,0.0","0,0,0"
1747092297.7999887,"-95.0,0.0,0.0","-87.0,0.0,0.0","0.0,0.0,0.0","0.0,0.0,0.0","0,0,0"
1747092297.850642,"-95.0,0.0,0.0","-87.0,0.0,0.0","0.0,0.0,0.0","0.0,0.0,0.0","0,0,0"
1747092297.9006832,"-95.0,0.0,0.0","-87.0,0.0,0.0","0.0,0.0,0.0","0.0,0.0,0.0","0,0,0"
1747092297.9516788,"-95.0,0.0,0.0","-87.0,0.0,0.0","0.0,0.0,0.0","0.0,0.0,0.0","0,0,0"
1747092298.0016866,"-95.0,0.0,0.0","-87.0,0.0,0.0","0.0,0.0,0.0","0.0,0.0,0.0","0,0,0"
1747092298.0524423,"-95.0,0.0,0.0","-87.0,0.0,0.0","0.0,0.0,0.0","0.0,0.0,0.0","0,0,0"
1747092298.1027648,"-94.0,0.0,0.0","-86.0,0.0,0.0","0.0,0.0,0.0","0.0,0.0,0.0","0,0,0"
1747092298.1534219,"-94.0,0.0,0.0","-86.0,0.0,0.0","0.0,0.0,0.0","0.0,0.0,0.0","0,0,0"
1747092298.2042868,"-94.0,0.0,0.0","-86.0,0.0,0.0","0.0,0.0,0.0","0.0,0.0,0.0","0,0,0"
1747092298.2545426,"-95.0,0.0,0.0","-87.0,0.0,0.0","0.0,0.0,0.0","0.0,0.0,0.0","0,0,0"
1747092298.3050773,"-95.0,0.0,0.0","-87.0,0.0,0.0","0.0,0.0,0.0","0.0,0.0,0.0","0,0,0"
1747092298.3556666,"-94.0,0.0,0.0","-86.0,0.0,0.0","0.0,0.0,0.0","0.0,0.0,0.0","0,0,0"
1747092298.4056776,"-94.0,0.0,0.0","-85.0,0.0,0.0","0.0,0.0,0.0","0.0,0.0,0.0","0,0,0"
1747092298.457096,"-95.0,0.0,0.0","-86.0,0.0,0.0","0.0,0.0,0.0","0.0,0.0,0.0","0,0,0"
1747092298.5077093,"-95.0,0.0,0.0","-86.0,0.0,0.0","0.0,0.0,0.0","0.0,0.0,0.0","0,0,0"
1747092298.558784,"-94.0,0.0,0.0","-86.0,0.0,0.0","0.0,0.0,0.0","0.0,0.0,0.0","0,0,0"
1747092298.609849,"-95.0,0.0,0.0","-87.0,0.0,0.0","0.0,0.0,0.0","0.0,0.0,0.0","0,0,0"
1747092298.6607287,"-93.0,0.0,0.0","-87.0,0.0,0.0","0.0,0.0,0.0","0.0,0.0,0.0","0,0,0"
1747092298.7107584,"-93.0,0.0,0.0","-86.0,0.0,0.0","0.0,0.0,0.0","0.0,0.0,0.0","0,0,0"
1747092298.7616944,"-93.0,0.0,0.0","-86.0,0.0,0.0","0.0,0.0,0.0","0.0,0.0,0.0","0,0,0"
1747092298.8121386,"-93.0,0.0,0.0","-86.0,0.0,0.0","0.0,0.0,0.0","0.0,0.0,0.0","0,0,0"
1747092298.8626134,"-93.0,0.0,0.0","-87.0,0.0,0.0","0.0,0.0,0.0","0.0,0.0,0.0","0,0,0"
1747092298.9147828,"-93.0,0.0,0.0","-87.0,0.0,0.0","0.0,0.0,0.0","0.0,0.0,0.0","0,0,0"
1747092298.9676714,"-92.0,0.0,0.0","-87.0,0.0,0.0","0.0,0.0,0.0","0.0,0.0,0.0","0,0,0"
1747092299.0180926,"-93.0,0.0,0.0","-87.0,0.0,0.0","0.0,0.0,0.0","0.0,0.0,0.0","0,0,0"
1747092299.068921,"-93.0,0.0,0.0","-87.0,0.0,0.0","0.0,0.0,0.0","0.0,0.0,0.0","0,0,0"
1747092299.119004,"-93.0,0.0,0.0","-88.0,0.0,0.0","0.0,0.0,0.0","0.0,0.0,0.0","0,0,0"
1747092299.1697762,"-93.0,0.0,0.0","-88.0,0.0,0.0","0.0,0.0,0.0","0.0,0.0,0.0","0,0,0"
1747092299.2198117,"-93.0,0.0,0.0","-89.0,0.0,0.0","0.0,0.0,0.0","0.0,0.0,0.0","0,0,0"
1747092299.2700083,"-94.0,0.0,0.0","-89.0,0.0,0.0","0.0,0.0,0.0","0.0,0.0,0.0","0,0,0"
1747092299.3207006,"-93.0,0.0,0.0","-89.0,0.0,0.0","0.0,0.0,0.0","0.0,0.0,0.0","0,0,0"
1747092299.3708622,"-94.0,0.0,0.0","-89.0,0.0,0.0","0.0,0.0,0.0","0.0,0.0,0.0","0,0,0"
1747092299.4209404,"-93.0,0.0,0.0","-88.0,0.0,0.0","0.0,0.0,0.0","0.0,0.0,0.0","0,0,0"
1747092299.4717522,"-93.0,0.0,0.0","-88.0,0.0,0.0","0.0,0.0,0.0","0.0,0.0,0.0","0,0,0"
1747092299.521843,"-93.0,0.0,0.0","-88.0,0.0,0.0","0.0,0.0,0.0","0.0,0.0,0.0","0,0,0"
1747092299.5727317,"-93.0,0.0,0.0","-88.0,0.0,0.0","0.0,0.0,0.0","0.0,0.0,0.0","0,0,0"
1747092299.623038,"-93.0,0.0,0.0","-88.0,0.0,0.0","0.0,0.0,0.0","0.0,0.0,0.0","0,0,0"
1747092299.673951,"-93.0,0.0,0.0","-86.0,0.0,0.0","0.0,0.0,0.0","0.0,0.0,0.0","0,0,0"
1747092299.7239656,"-93.0,0.0,0.0","-86.0,0.0,0.0","0.0,0.0,0.0","0.0,0.0,0.0","0,0,0"
1747092299.7746196,"-93.0,0.0,0.0","-86.0,0.0,0.0","0.0,0.0,0.0","0.0,0.0,0.0","0,0,0"
1747092299.8251436,"-94.0,0.0,0.0","-88.0,0.0,0.0","0.0,0.0,0.0","0.0,0.0,0.0","0,0,0"
1747092299.8756979,"-93.0,0.0,0.0","-88.0,0.0,0.0","0.0,0.0,0.0","0.0,0.0,0.0","0,0,0"
1747092299.9262722,"-94.0,0.0,0.0","-89.0,0.0,0.0","0.0,0.0,0.0","0.0,0.0,0.0","0,0,0"
1747092299.9768295,"-94.0,0.0,0.0","-89.0,0.0,0.0","0.0,0.0,0.0","0.0,0.0,0.0","0,0,0"
1747092300.0280635,"-93.0,0.0,0.0","-89.0,0.0,0.0","0.0,0.0,0.0","0.0,0.0,0.0","0,0,0"
1747092300.0780787,"-93.0,0.0,0.0","-89.0,0.0,0.0","0.0,0.0,0.0","0.0,0.0,0.0","0,0,0"
1747092300.1286948,"-94.0,0.0,0.0","-89.0,0.0,0.0","0.0,0.0,0.0","0.0,0.0,0.0","0,0,0"
1747092300.1799486,"-96.0,0.0,0.0","-90.0,0.0,0.0","0.0,0.0,0.0","0.0,0.0,0.0","0,0,0"
1747092300.2308898,"-97.0,0.0,0.0","-91.0,0.0,0.0","0.0,0.0,0.0","0.0,0.0,0.0","0,0,0"
1747092300.2810175,"-96.0,0.0,0.0","-90.0,0.0,0.0","0.0,0.0,0.0","0.0,0.0,0.0","0,0,0"
1747092300.3311017,"-96.0,0.0,0.0","-89.0,0.0,0.0","0.0,0.0,0.0","0.0,0.0,0.0","0,0,0"
1747092300.3817596,"-96.0,0.0,0.0","-89.0,0.0,0.0","0.0,0.0,0.0","0.0,0.0,0.0","0,0,0"
1747092300.4323633,"-95.0,0.0,0.0","-88.0,0.0,0.0","0.0,0.0,0.0","0.0,0.0,0.0","0,0,0"
1747092300.4827423,"-94.0,0.0,0.0","-88.0,0.0,0.0","0.0,0.0,0.0","0.0,0.0,0.0","0,0,0"
1747092300.5332303,"-95.0,0.0,0.0","-88.0,0.0,0.0","0.0,0.0,0.0","0.0,0.0,0.0","0,0,0"
1747092300.5840523,"-94.0,0.0,0.0","-88.0,0.0,0.0","0.0,0.0,0.0","0.0,0.0,0.0","0,0,0"
1747092300.6342344,"-94.0,0.0,0.0","-88.0,0.0,0.0","0.0,0.0,0.0","0.0,0.0,0.0","0,0,0"
1747092300.6851432,"-94.0,0.0,0.0","-87.0,0.0,0.0","0.0,0.0,0.0","0.0,0.0,0.0","0,0,0"
1747092300.735531,"-94.0,0.0,0.0","-87.0,0.0,0.0","0.0,0.0,0.0","0.0,0.0,0.0","0,0,0"
1747092300.7863321,"-94.0,0.0,0.0","-87.0,0.0,0.0","0.0,0.0,0.0","0.0,0.0,0.0","0,0,0"
1747092300.836767,"-94.0,0.0,0.0","-87.0,0.0,0.0","0.0,0.0,0.0","0.0,0.0,0.0","0,0,0"
1747092300.8870268,"-94.0,0.0,0.0","-87.0,0.0,0.0","0.0,0.0,0.0","0.0,0.0,0.0","0,0,0"
1747092300.93742,"-94.0,0.0,0.0","-87.0,0.0,0.0","0.0,0.0,0.0","0.0,0.0,0.0","0,0,0"
1747092300.987933,"-94.0,0.0,0.0","-86.0,0.0,0.0","0.0,0.0,0.0","0.0,0.0,0.0","0,0,0"
1747092301.0387802,"-94.0,0.0,0.0","-86.0,0.0,0.0","0.0,0.0,0.0","0.0,0.0,0.0","0,0,0"
1747092301.0889945,"-94.0,0.0,0.0","-86.0,0.0,0.0","0.0,0.0,0.0","0.0,0.0,0.0","0,0,0"
1747092301.1497574,"-93.0,0.0,0.0","-86.0,0.0,0.0","0.0,0.0,0.0","0.0,0.0,0.0","0,0,0"
1747092301.1998928,"-92.0,0.0,0.0","-86.0,0.0,0.0","0.0,0.0,0.0","0.0,0.0,0.0","0,0,0"
1747092301.2500877,"-92.0,0.0,0.0","-89.0,0.0,0.0","0.0,0.0,0.0","0.0,0.0,0.0","0,0,0"
1747092301.300861,"-92.0,0.0,0.0","-89.0,0.0,0.0","0.0,0.0,0.0","0.0,0.0,0.0","0,0,0"
1747092301.3509614,"-90.0,0.0,0.0","-86.0,0.0,0.0","0.0,0.0,0.0","0.0,0.0,0.0","0,0,0"
1747092301.4009728,"-90.0,0.0,0.0","-86.0,0.0,0.0","0.0,0.0,0.0","0.0,0.0,0.0","0,0,0"
1747092301.4513345,"-90.0,0.0,0.0","-87.0,0.0,0.0","0.0,0.0,0.0","0.0,0.0,0.0","0,0,0"
1747092301.5020509,"-91.0,0.0,0.0","-87.0,0.0,0.0","0.0,0.0,0.0","0.0,0.0,0.0","0,0,0"
1747092301.5560095,"-90.0,0.0,0.0","-87.0,0.0,0.0","0.0,0.0,0.0","0.0,0.0,0.0","0,0,0"
1747092301.6066916,"-91.0,0.0,0.0","-87.0,0.0,0.0","0.0,0.0,0.0","0.0,0.0,0.0","0,0,0"
1747092301.6576695,"-91.0,0.0,0.0","-87.0,0.0,0.0","0.0,0.0,0.0","0.0,0.0,0.0","0,0,0"
1747092301.7077675,"-91.0,0.0,0.0","-87.0,0.0,0.0","0.0,0.0,0.0","0.0,0.0,0.0","0,0,0"
1747092301.7579758,"-91.0,0.0,0.0","-87.0,0.0,0.0","0.0,0.0,0.0","0.0,0.0,0.0","0,0,0"
1747092301.808743,"-91.0,0.0,0.0","-88.0,0.0,0.0","0.0,0.0,0.0","0.0,0.0,0.0","0,0,0"
1747092301.860875,"-91.0,0.0,0.0","-88.0,0.0,0.0","0.0,0.0,0.0","0.0,0.0,0.0","0,0,0"
1747092301.9137516,"-92.0,0.0,0.0","-87.0,0.0,0.0","0.0,0.0,0.0","0.0,0.0,0.0","0,0,0"
1747092301.9639022,"-93.0,0.0,0.0","-87.0,0.0,0.0","0.0,0.0,0.0","0.0,0.0,0.0","0,0,0"
1747092302.0144925,"-93.0,0.0,0.0","-87.0,0.0,0.0","0.0,0.0,0.0","0.0,0.0,0.0","0,0,0"
1747092302.0651476,"-94.0,0.0,0.0","-87.0,0.0,0.0","0.0,0.0,0.0","0.0,0.0,0.0","0,0,0"
1747092302.115254,"-94.0,0.0,0.0","-87.0,0.0,0.0","0.0,0.0,0.0","0.0,0.0,0.0","0,0,0"
1747092302.1658614,"-93.0,0.0,0.0","-87.0,0.0,0.0","0.0,0.0,0.0","0.0,0.0,0.0","0,0,0"
1747092302.216516,"-93.0,0.0,0.0","-87.0,0.0,0.0","0.0,0.0,0.0","0.0,0.0,0.0","0,0,0"
1747092302.2665513,"-94.0,0.0,0.0","-86.0,0.0,0.0","0.0,0.0,0.0","0.0,0.0,0.0","0,0,0"
1747092302.3179348,"-93.0,0.0,0.0","-86.0,0.0,0.0","0.0,0.0,0.0","0.0,0.0,0.0","0,0,0"
1747092302.3689308,"-93.0,0.0,0.0","-86.0,0.0,0.0","0.0,0.0,0.0","0.0,0.0,0.0","0,0,0"
1747092302.4196773,"-93.0,0.0,0.0","-87.0,0.0,0.0","0.0,0.0,0.0","0.0,0.0,0.0","0,0,0"
1747092302.4698608,"-94.0,0.0,0.0","-88.0,0.0,0.0","0.0,0.0,0.0","0.0,0.0,0.0","0,0,0"
1747092302.5199568,"-94.0,0.0,0.0","-88.0,0.0,0.0","0.0,0.0,0.0","0.0,0.0,0.0","0,0,0"
1747092302.5708373,"-94.0,0.0,0.0","-89.0,0.0,0.0","0.0,0.0,0.0","0.0,0.0,0.0","0,0,0"
1747092302.6209636,"-95.0,0.0,0.0","-90.0,0.0,0.0","0.0,0.0,0.0","0.0,0.0,0.0","0,0,0"
1747092302.6717036,"-95.0,0.0,0.0","-90.0,0.0,0.0","0.0,0.0,0.0","0.0,0.0,0.0","0,0,0"
1747092302.7218757,"-95.0,0.0,0.0","-89.0,0.0,0.0","0.0,0.0,0.0","0.0,0.0,0.0","0,0,0"
1747092302.7720754,"-95.0,0.0,0.0","-90.0,0.0,0.0","0.0,0.0,0.0","0.0,0.0,0.0","0,0,0"
1747092302.8221116,"-95.0,0.0,0.0","-90.0,0.0,0.0","0.0,0.0,0.0","0.0,0.0,0.0","0,0,0"
1747092302.8757975,"-96.0,0.0,0.0","-90.0,0.0,0.0","0.0,0.0,0.0","0.0,0.0,0.0","0,0,0"
1747092302.9259124,"-95.0,0.0,0.0","-90.0,0.0,0.0","0.0,0.0,0.0","0.0,0.0,0.0","0,0,0"
1747092302.977018,"-95.0,0.0,0.0","-90.0,0.0,0.0","0.0,0.0,0.0","0.0,0.0,0.0","0,0,0"
1747092303.0270438,"-95.0,0.0,0.0","-89.0,0.0,0.0","0.0,0.0,0.0","0.0,0.0,0.0","0,0,0"
1747092303.0779407,"-95.0,0.0,0.0","-88.0,0.0,0.0","0.0,0.0,0.0","0.0,0.0,0.0","0,0,0"
1747092303.1287355,"-94.0,0.0,0.0","-88.0,0.0,0.0","0.0,0.0,0.0","0.0,0.0,0.0","0,0,0"
1747092303.1793873,"-94.0,0.0,0.0","-89.0,0.0,0.0","0.0,0.0,0.0","0.0,0.0,0.0","0,0,0"
1747092303.2301202,"-94.0,0.0,0.0","-88.0,0.0,0.0","0.0,0.0,0.0","0.0,0.0,0.0","0,0,0"
1747092303.2810214,"-94.0,0.0,0.0","-87.0,0.0,0.0","0.0,0.0,0.0","0.0,0.0,0.0","0,0,0"
1747092303.3315132,"-94.0,0.0,0.0","-87.0,0.0,0.0","0.0,0.0,0.0","0.0,0.0,0.0","0,0,0"
1747092303.3826768,"-92.0,0.0,0.0","-86.0,0.0,0.0","0.0,0.0,0.0","0.0,0.0,0.0","0,0,0"
1747092303.4327576,"-92.0,0.0,0.0","-86.0,0.0,0.0","0.0,0.0,0.0","0.0,0.0,0.0","0,0,0"
1747092303.4838505,"-92.0,0.0,0.0","-85.0,0.0,0.0","0.0,0.0,0.0","0.0,0.0,0.0","0,0,0"
1747092303.5339565,"-90.0,0.0,0.0","-84.0,0.0,0.0","0.0,0.0,0.0","0.0,0.0,0.0","0,0,0"
1747092303.5845664,"-86.0,0.0,0.0","-83.0,0.0,0.0","0.0,0.0,0.0","0.0,0.0,0.0","0,0,0"
1747092303.6351137,"-86.0,0.0,0.0","-82.0,0.0,0.0","0.0,0.0,0.0","0.0,0.0,0.0","0,0,0"
1747092303.6858954,"-84.0,0.0,0.0","-80.0,0.0,0.0","0.0,0.0,0.0","0.0,0.0,0.0","0,0,0"
1747092303.736082,"-82.0,0.0,0.0","-79.0,0.0,0.0","0.0,0.0,0.0","0.0,0.0,0.0","0,0,0"
1747092303.7864814,"-80.0,0.0,0.0","-78.0,0.0,0.0","0.0,0.0,0.0","0.0,0.0,0.0","0,0,0"
1747092303.837614,"-79.0,0.0,0.0","-77.0,0.0,0.0","0.0,0.0,0.0","0.0,0.0,0.0","0,0,0"
1747092303.8879063,"-78.0,0.0,0.0","-77.0,0.0,0.0","0.0,0.0,0.0","0.0,0.0,0.0","0,0,0"
1747092303.9380572,"-78.0,0.0,0.0","-77.0,0.0,0.0","0.0,0.0,0.0","0.0,0.0,0.0","0,0,0"
1747092303.9885616,"-76.0,0.0,0.0","-77.0,0.0,0.0","0.0,0.0,0.0","0.0,0.0,0.0","0,0,0"
1747092304.0391667,"-75.0,0.0,0.0","-77.0,0.0,0.0","0.0,0.0,0.0","0.0,0.0,0.0","0,0,0"
1747092304.0897675,"-75.0,0.0,0.0","-77.0,0.0,0.0","0.0,0.0,0.0","0.0,0.0,0.0","0,0,0"
1747092304.139862,"-75.0,0.0,0.0","-77.0,0.0,0.0","0.0,0.0,0.0","0.0,0.0,0.0","0,0,0"
1747092304.1898882,"-74.0,0.0,0.0","-77.0,0.0,0.0","0.0,0.0,0.0","0.0,0.0,0.0","0,0,0"
1747092304.2408242,"-72.0,0.0,0.0","-75.0,0.0,0.0","0.0,0.0,0.0","0.0,0.0,0.0","0,0,0"
1747092304.2908876,"-72.0,0.0,0.0","-75.0,0.0,0.0","0.0,0.0,0.0","0.0,0.0,0.0","0,0,0"
1747092304.342079,"-69.0,0.0,0.0","-74.0,0.0,0.0","0.0,0.0,0.0","0.0,0.0,0.0","0,0,0"
1747092304.3929777,"-68.0,0.0,0.0","-72.0,0.0,0.0","0.0,0.0,0.0","0.0,0.0,0.0","0,0,0"
1747092304.4433362,"-67.0,0.0,0.0","-71.0,0.0,0.0","0.0,0.0,0.0","0.0,0.0,0.0","0,0,0"
1747092304.4939115,"-66.0,0.0,0.0","-66.0,0.0,0.0","0.0,0.0,0.0","0.0,0.0,0.0","0,0,0"
1747092304.544503,"-57.0,0.0,0.0","-64.0,0.0,0.0","0.0,0.0,0.0","0.0,0.0,0.0","0,0,0"
1747092304.5952156,"-54.0,0.0,0.0","-58.0,0.0,0.0","0.0,0.0,0.0","0.0,0.0,0.0","0,0,0"
1747092304.6462615,"-49.0,0.0,0.0","-42.0,0.0,0.0","0.0,0.0,0.0","56.0,0.0,0.0","0,0,0"
1747092304.6964457,"-44.0,0.0,0.0","-34.0,0.0,0.0","-11.0,0.0,0.0","28.0,0.0,0.0","0,0,0"
1747092304.7470315,"-42.0,0.0,0.0","-30.0,0.0,0.0","-14.0,0.0,0.0","22.0,0.0,0.0","0,0,0"
1747092304.7984443,"-42.0,0.0,0.0","-30.0,0.0,0.0","-14.0,0.0,0.0","22.0,0.0,0.0","0,0,0"
1747092304.848642,"-36.0,0.0,0.0","-21.0,0.0,0.0","-25.0,0.0,0.0","17.0,0.0,0.0","0,0,0"
1747092304.8987772,"-34.0,0.0,0.0","-21.0,0.0,0.0","-30.0,0.0,0.0","15.0,0.0,0.0","0,0,0"
1747092304.9488142,"-30.0,0.0,0.0","-20.0,0.0,0.0","-35.0,0.0,0.0","11.0,0.0,0.0","0,0,0"
1747092304.999727,"-29.0,0.0,0.0","-20.0,0.0,0.0","-37.0,0.0,0.0","10.0,0.0,0.0","0,0,0"
1747092305.0503783,"-29.0,0.0,0.0","-20.0,0.0,0.0","-44.0,0.0,0.0","8.0,0.0,0.0","0,0,0"
1747092305.1006312,"-29.0,0.0,0.0","-20.0,0.0,0.0","-46.0,0.0,0.0","7.0,0.0,0.0","0,0,0"
1747092305.1507316,"-29.0,0.0,0.0","-21.0,0.0,0.0","-46.0,0.0,0.0","8.0,0.0,0.0","0,0,0"
1747092305.200812,"-30.0,0.0,0.0","-22.0,0.0,0.0","-46.0,0.0,0.0","9.0,0.0,0.0","0,0,0"
1747092305.250958,"-41.0,0.0,0.0","-32.0,0.0,0.0","-45.0,0.0,0.0","10.0,0.0,0.0","0,0,0"
1747092305.3017116,"-41.0,0.0,0.0","-32.0,0.0,0.0","-45.0,0.0,0.0","10.0,0.0,0.0","0,0,0"
1747092305.3517942,"-46.0,0.0,0.0","-45.0,0.0,0.0","0.0,0.0,0.0","0.0,0.0,0.0","0,0,0"
1747092305.4018066,"-56.0,0.0,0.0","-63.0,0.0,0.0","0.0,0.0,0.0","0.0,0.0,0.0","0,0,0"
1747092305.451945,"-65.0,0.0,0.0","-68.0,0.0,0.0","0.0,0.0,0.0","0.0,0.0,0.0","0,0,0"
1747092305.5025883,"-70.0,0.0,0.0","-80.0,0.0,0.0","0.0,0.0,0.0","0.0,0.0,0.0","0,0,0"
1747092305.5537758,"-75.0,0.0,0.0","-86.0,0.0,0.0","0.0,0.0,0.0","0.0,0.0,0.0","0,0,0"
1747092305.6047242,"-78.0,0.0,0.0","-92.0,0.0,0.0","0.0,0.0,0.0","0.0,0.0,0.0","0,0,0"
1747092305.6551242,"-78.0,0.0,0.0","-92.0,0.0,0.0","0.0,0.0,0.0","0.0,0.0,0.0","0,0,0"
1747092305.705673,"-78.0,0.0,0.0","-92.0,0.0,0.0","0.0,0.0,0.0","0.0,0.0,0.0","0,0,0"
1747092305.7557626,"-78.0,0.0,0.0","-92.0,0.0,0.0","0.0,0.0,0.0","0.0,0.0,0.0","0,0,0"
1747092305.8058941,"-79.0,0.0,0.0","-95.0,0.0,0.0","0.0,0.0,0.0","0.0,0.0,0.0","0,0,0"
1747092305.8560414,"-79.0,0.0,0.0","-95.0,0.0,0.0","0.0,0.0,0.0","0.0,0.0,0.0","0,0,0"
1747092305.9066038,"-78.0,0.0,0.0","-93.0,0.0,0.0","0.0,0.0,0.0","0.0,0.0,0.0","0,0,0"
1747092305.957554,"-77.0,0.0,0.0","-91.0,0.0,0.0","0.0,0.0,0.0","0.0,0.0,0.0","0,0,0"
1747092306.0078015,"-77.0,0.0,0.0","-90.0,0.0,0.0","0.0,0.0,0.0","0.0,0.0,0.0","0,0,0"
1747092306.0580323,"-76.0,0.0,0.0","-87.0,0.0,0.0","0.0,0.0,0.0","0.0,0.0,0.0","0,0,0"
1747092306.1086533,"-75.0,0.0,0.0","-83.0,0.0,0.0","0.0,0.0,0.0","0.0,0.0,0.0","0,0,0"
1747092306.1587486,"-73.0,0.0,0.0","-76.0,0.0,0.0","0.0,0.0,0.0","0.0,0.0,0.0","0,0,0"
1747092306.2198207,"-60.0,0.0,0.0","-66.0,0.0,0.0","0.0,0.0,0.0","0.0,0.0,0.0","0,0,0"
1747092306.2698898,"-48.0,0.0,0.0","-47.0,0.0,0.0","0.0,0.0,0.0","0.0,0.0,0.0","0,0,0"
1747092306.319939,"-43.0,0.0,0.0","-35.0,0.0,0.0","-36.0,0.0,0.0","9.0,0.0,0.0","0,0,0"
1747092306.3710535,"-36.0,0.0,0.0","-30.0,0.0,0.0","-41.0,0.0,0.0","7.0,0.0,0.0","0,0,0"
1747092306.4219131,"-35.0,0.0,0.0","-23.0,0.0,0.0","-42.0,0.0,0.0","5.0,0.0,0.0","0,0,0"
1747092306.4728909,"-33.0,0.0,0.0","-22.0,0.0,0.0","-42.0,0.0,0.0","5.0,0.0,0.0","0,0,0"
1747092306.522974,"-33.0,0.0,0.0","-22.0,0.0,0.0","-42.0,0.0,0.0","5.0,0.0,0.0","0,0,0"
1747092306.573394,"-33.0,0.0,0.0","-20.0,0.0,0.0","-42.0,0.0,0.0","5.0,0.0,0.0","0,0,0"
1747092306.6239812,"-33.0,0.0,0.0","-20.0,0.0,0.0","-42.0,0.0,0.0","4.0,0.0,0.0","0,0,0"
1747092306.6740987,"-32.0,0.0,0.0","-20.0,0.0,0.0","-46.0,0.0,0.0","4.0,0.0,0.0","0,0,0"
1747092306.7243404,"-32.0,0.0,0.0","-21.0,0.0,0.0","-49.0,0.0,0.0","3.0,0.0,0.0","0,0,0"
1747092306.774983,"-32.0,0.0,0.0","-22.0,0.0,0.0","-54.0,0.0,0.0","3.0,0.0,0.0","0,0,0"
1747092306.82583,"-31.0,0.0,0.0","-22.0,0.0,0.0","-55.0,0.0,0.0","3.0,0.0,0.0","0,0,0"
1747092306.876551,"-31.0,0.0,0.0","-22.0,0.0,0.0","-57.0,0.0,0.0","3.0,0.0,0.0","0,0,0"
1747092306.9265933,"-30.0,0.0,0.0","-22.0,0.0,0.0","-57.0,0.0,0.0","5.0,0.0,0.0","0,0,0"
1747092306.9767168,"-30.0,0.0,0.0","-22.0,0.0,0.0","-57.0,0.0,0.0","3.0,0.0,0.0","0,0,0"
1747092307.0276535,"-30.0,0.0,0.0","-21.0,0.0,0.0","-57.0,0.0,0.0","4.0,0.0,0.0","0,0,0"
1747092307.0777688,"-30.0,0.0,0.0","-21.0,0.0,0.0","-57.0,0.0,0.0","8.0,0.0,0.0","0,0,0"
1747092307.1280384,"-25.0,0.0,0.0","-15.0,0.0,0.0","-57.0,0.0,0.0","10.0,0.0,0.0","0,0,0"
1747092307.1783626,"-18.0,0.0,0.0","-9.0,0.0,0.0","-46.0,0.0,0.0","12.0,0.0,0.0","0,0,0"
1747092307.2305543,"-14.0,0.0,0.0","-1.0,0.0,0.0","-35.0,0.0,0.0","15.0,0.0,0.0","0,0,0"
1747092307.2807357,"-9.0,0.0,0.0","3.0,0.0,0.0","-24.0,0.0,0.0","54.0,0.0,0.0","0,0,0"
1747092307.330814,"-8.0,0.0,0.0","4.0,0.0,0.0","-24.0,0.0,0.0","55.0,0.0,0.0","0,0,0"
1747092307.3820028,"-8.0,0.0,0.0","5.0,0.0,0.0","-24.0,0.0,0.0","56.0,0.0,0.0","0,0,0"
1747092307.4321399,"-6.0,0.0,0.0","5.0,0.0,0.0","-24.0,0.0,0.0","56.0,0.0,0.0","0,0,0"
1747092307.4826949,"-5.0,0.0,0.0","5.0,0.0,0.0","-24.0,0.0,0.0","56.0,0.0,0.0","0,0,0"
1747092307.5333142,"-5.0,0.0,0.0","5.0,0.0,0.0","-24.0,0.0,0.0","56.0,0.0,0.0","0,0,0"
1747092307.5839393,"-6.0,0.0,0.0","5.0,0.0,0.0","-24.0,0.0,0.0","55.0,0.0,0.0","0,0,0"
1747092307.6425607,"-5.0,0.0,0.0","-1.0,0.0,0.0","11.0,0.0,0.0","55.0,0.0,0.0","0,0,0"
1747092307.693922,"-5.0,0.0,0.0","-1.0,0.0,0.0","46.0,0.0,0.0","55.0,0.0,0.0","0,0,0"
1747092307.7442122,"-5.0,0.0,0.0","-3.0,0.0,0.0","53.0,0.0,0.0","55.0,0.0,0.0","0,0,0"
1747092307.7947886,"-5.0,0.0,0.0","-6.0,0.0,0.0","61.0,0.0,0.0","55.0,0.0,0.0","0,0,0"
1747092307.8448243,"-4.0,0.0,0.0","-6.0,0.0,0.0","72.0,0.0,0.0","58.0,0.0,0.0","0,0,0"
1747092307.8948393,"-4.0,0.0,0.0","-6.0,0.0,0.0","72.0,0.0,0.0","58.0,0.0,0.0","0,0,0"
1747092307.9455562,"-4.0,0.0,0.0","-6.0,0.0,0.0","84.0,0.0,0.0","67.0,0.0,0.0","0,0,0"
1747092307.995869,"-1.0,0.0,0.0","-3.0,0.0,0.0","84.0,0.0,0.0","73.0,0.0,0.0","0,0,0"
1747092308.046727,"1.0,0.0,0.0","0.0,0.0,0.0","84.0,0.0,0.0","74.0,0.0,0.0","0,0,0"
1747092308.0977254,"2.0,0.0,0.0","13.0,0.0,0.0","84.0,0.0,0.0","74.0,0.0,0.0","0,0,0"
1747092308.1486151,"5.0,0.0,0.0","17.0,0.0,0.0","84.0,0.0,0.0","74.0,0.0,0.0","0,0,0"
1747092308.1987305,"22.0,0.0,0.0","34.0,0.0,0.0","83.0,0.0,0.0","72.0,0.0,0.0","0,0,0"
1747092308.2488818,"32.0,0.0,0.0","52.0,0.0,0.0","73.0,0.0,0.0","0.0,0.0,0.0","0,0,0"
1747092308.2996106,"51.0,0.0,0.0","58.0,0.0,0.0","0.0,0.0,0.0","0.0,0.0,0.0","0,0,0"
1747092308.3499875,"53.0,0.0,0.0","46.0,0.0,0.0","0.0,0.0,0.0","0.0,0.0,0.0","0,0,0"
1747092308.4001307,"64.0,0.0,0.0","53.0,0.0,0.0","0.0,0.0,0.0","0.0,0.0,0.0","0,0,0"
1747092308.4508,"71.0,0.0,0.0","61.0,0.0,0.0","0.0,0.0,0.0","0.0,0.0,0.0","0,0,0"
1747092308.5018604,"77.0,0.0,0.0","68.0,0.0,0.0","0.0,0.0,0.0","0.0,0.0,0.0","0,0,0"
1747092308.552765,"78.0,0.0,0.0","69.0,0.0,0.0","0.0,0.0,0.0","0.0,0.0,0.0","0,0,0"
1747092308.6028347,"80.0,0.0,0.0","71.0,0.0,0.0","0.0,0.0,0.0","0.0,0.0,0.0","0,0,0"
1747092308.6530223,"81.0,0.0,0.0","71.0,0.0,0.0","0.0,0.0,0.0","0.0,0.0,0.0","0,0,0"
1747092308.7031803,"81.0,0.0,0.0","71.0,0.0,0.0","0.0,0.0,0.0","0.0,0.0,0.0","0,0,0"
1747092308.7539008,"82.0,0.0,0.0","72.0,0.0,0.0","0.0,0.0,0.0","0.0,0.0,0.0","0,0,0"
1747092308.804718,"83.0,0.0,0.0","71.0,0.0,0.0","0.0,0.0,0.0","0.0,0.0,0.0","0,0,0"
1747092308.855322,"81.0,0.0,0.0","68.0,0.0,0.0","0.0,0.0,0.0","0.0,0.0,0.0","0,0,0"
1747092308.9062047,"81.0,0.0,0.0","68.0,0.0,0.0","0.0,0.0,0.0","0.0,0.0,0.0","0,0,0"
1747092308.9568799,"81.0,0.0,0.0","64.0,0.0,0.0","0.0,0.0,0.0","0.0,0.0,0.0","0,0,0"
1747092309.0085068,"77.0,0.0,0.0","60.0,0.0,0.0","0.0,0.0,0.0","0.0,0.0,0.0","0,0,0"
1747092309.0586512,"74.0,0.0,0.0","56.0,0.0,0.0","0.0,0.0,0.0","0.0,0.0,0.0","0,0,0"
1747092309.1092906,"66.0,0.0,0.0","53.0,0.0,0.0","0.0,0.0,0.0","0.0,0.0,0.0","0,0,0"
1747092309.1599882,"57.0,0.0,0.0","58.0,0.0,0.0","0.0,0.0,0.0","0.0,0.0,0.0","0,0,0"
1747092309.2106874,"47.0,0.0,0.0","54.0,0.0,0.0","0.0,0.0,0.0","0.0,0.0,0.0","0,0,0"
1747092309.2613213,"24.0,0.0,0.0","41.0,0.0,0.0","-24.0,0.0,0.0","70.0,0.0,0.0","0,0,0"
1747092309.3116648,"18.0,0.0,0.0","33.0,0.0,0.0","-24.0,0.0,0.0","71.0,0.0,0.0","0,0,0"
1747092309.3624978,"1.0,0.0,0.0","18.0,0.0,0.0","-24.0,0.0,0.0","72.0,0.0,0.0","0,0,0"
1747092309.4135644,"-9.0,0.0,0.0","8.0,0.0,0.0","95.0,0.0,0.0","78.0,0.0,0.0","0,0,0"
1747092309.4638345,"-15.0,0.0,0.0","-8.0,0.0,0.0","97.0,0.0,0.0","79.0,0.0,0.0","0,0,0"
1747092309.5146062,"-19.0,0.0,0.0","-15.0,0.0,0.0","97.0,0.0,0.0","79.0,0.0,0.0","0,0,0"
1747092309.5647705,"-21.0,0.0,0.0","-18.0,0.0,0.0","97.0,0.0,0.0","79.0,0.0,0.0","0,0,0"
1747092309.6148365,"-26.0,0.0,0.0","-21.0,0.0,0.0","97.0,0.0,0.0","79.0,0.0,0.0","0,0,0"
1747092309.6649675,"-28.0,0.0,0.0","-24.0,0.0,0.0","97.0,0.0,0.0","79.0,0.0,0.0","0,0,0"
1747092309.7150528,"-29.0,0.0,0.0","-25.0,0.0,0.0","97.0,0.0,0.0","79.0,0.0,0.0","0,0,0"
1747092309.7664952,"-29.0,0.0,0.0","-25.0,0.0,0.0","96.0,0.0,0.0","76.0,0.0,0.0","0,0,0"
1747092309.8165426,"-29.0,0.0,0.0","-25.0,0.0,0.0","96.0,0.0,0.0","71.0,0.0,0.0","0,0,0"
1747092309.8678555,"-29.0,0.0,0.0","-25.0,0.0,0.0","90.0,0.0,0.0","70.0,0.0,0.0","0,0,0"
1747092309.9179661,"-29.0,0.0,0.0","-26.0,0.0,0.0","79.0,0.0,0.0","68.0,0.0,0.0","0,0,0"
1747092309.9686196,"-29.0,0.0,0.0","-26.0,0.0,0.0","79.0,0.0,0.0","67.0,0.0,0.0","0,0,0"
1747092310.0186255,"-29.0,0.0,0.0","-26.0,0.0,0.0","79.0,0.0,0.0","67.0,0.0,0.0","0,0,0"
1747092310.0686574,"-29.0,0.0,0.0","-26.0,0.0,0.0","78.0,0.0,0.0","67.0,0.0,0.0","0,0,0"
1747092310.1187596,"-28.0,0.0,0.0","-25.0,0.0,0.0","76.0,0.0,0.0","67.0,0.0,0.0","0,0,0"
1747092310.1689062,"-27.0,0.0,0.0","-25.0,0.0,0.0","73.0,0.0,0.0","67.0,0.0,0.0","0,0,0"
1747092310.2225487,"-27.0,0.0,0.0","-24.0,0.0,0.0","73.0,0.0,0.0","67.0,0.0,0.0","0,0,0"
1747092310.2736013,"-26.0,0.0,0.0","-23.0,0.0,0.0","69.0,0.0,0.0","71.0,0.0,0.0","0,0,0"
1747092310.323812,"-25.0,0.0,0.0","-22.0,0.0,0.0","69.0,0.0,0.0","71.0,0.0,0.0","0,0,0"
1747092310.373855,"-24.0,0.0,0.0","-21.0,0.0,0.0","66.0,0.0,0.0","71.0,0.0,0.0","0,0,0"
1747092310.424517,"-22.0,0.0,0.0","-8.0,0.0,0.0","45.0,0.0,0.0","71.0,0.0,0.0","0,0,0"
1747092310.4754689,"-19.0,0.0,0.0","-6.0,0.0,0.0","31.0,0.0,0.0","71.0,0.0,0.0","0,0,0"
1747092310.5256717,"-18.0,0.0,0.0","-1.0,0.0,0.0","-15.0,0.0,0.0","57.0,0.0,0.0","0,0,0"
1747092310.576145,"-17.0,0.0,0.0","-1.0,0.0,0.0","-17.0,0.0,0.0","52.0,0.0,0.0","0,0,0"
1747092310.6265373,"-16.0,0.0,0.0","0.0,0.0,0.0","-19.0,0.0,0.0","31.0,0.0,0.0","0,0,0"
1747092310.6768293,"-14.0,0.0,0.0","1.0,0.0,0.0","-24.0,0.0,0.0","24.0,0.0,0.0","0,0,0"
1747092310.7268662,"-14.0,0.0,0.0","2.0,0.0,0.0","-27.0,0.0,0.0","22.0,0.0,0.0","0,0,0"
1747092310.777124,"-13.0,0.0,0.0","1.0,0.0,0.0","-28.0,0.0,0.0","22.0,0.0,0.0","0,0,0"
1747092310.8276439,"-12.0,0.0,0.0","0.0,0.0,0.0","-29.0,0.0,0.0","20.0,0.0,0.0","0,0,0"
1747092310.8777628,"-11.0,0.0,0.0","0.0,0.0,0.0","-30.0,0.0,0.0","20.0,0.0,0.0","0,0,0"
1747092310.9278865,"-10.0,0.0,0.0","-1.0,0.0,0.0","-30.0,0.0,0.0","19.0,0.0,0.0","0,0,0"
1747092310.978981,"-11.0,0.0,0.0","-1.0,0.0,0.0","-30.0,0.0,0.0","18.0,0.0,0.0","0,0,0"
1747092311.029388,"-11.0,0.0,0.0","-1.0,0.0,0.0","-30.0,0.0,0.0","18.0,0.0,0.0","0,0,0"
1747092311.0797005,"-11.0,0.0,0.0","-1.0,0.0,0.0","-32.0,0.0,0.0","17.0,0.0,0.0","0,0,0"
1747092311.1299794,"-11.0,0.0,0.0","-2.0,0.0,0.0","-32.0,0.0,0.0","17.0,0.0,0.0","0,0,0"
1747092311.1801672,"-11.0,0.0,0.0","-2.0,0.0,0.0","-32.0,0.0,0.0","16.0,0.0,0.0","0,0,0"
1747092311.2305984,"-12.0,0.0,0.0","-4.0,0.0,0.0","-34.0,0.0,0.0","10.0,0.0,0.0","0,0,0"
1747092311.2879508,"-14.0,0.0,0.0","-6.0,0.0,0.0","-36.0,0.0,0.0","8.0,0.0,0.0","0,0,0"
1747092311.3404255,"-15.0,0.0,0.0","-7.0,0.0,0.0","-37.0,0.0,0.0","7.0,0.0,0.0","0,0,0"
1747092311.3906662,"-17.0,0.0,0.0","-12.0,0.0,0.0","-40.0,0.0,0.0","4.0,0.0,0.0","0,0,0"
1747092311.4426665,"-19.0,0.0,0.0","-16.0,0.0,0.0","-42.0,0.0,0.0","0.0,0.0,0.0","0,0,0"
1747092311.492816,"-29.0,0.0,0.0","-25.0,0.0,0.0","-60.0,0.0,0.0","-11.0,0.0,0.0","0,0,0"
1747092311.5429237,"-31.0,0.0,0.0","-27.0,0.0,0.0","-61.0,0.0,0.0","-13.0,0.0,0.0","0,0,0"
1747092311.5940983,"-46.0,0.0,0.0","-49.0,0.0,0.0","0.0,0.0,0.0","0.0,0.0,0.0","0,0,0"
1747092311.6446807,"-62.0,0.0,0.0","-62.0,0.0,0.0","0.0,0.0,0.0","0.0,0.0,0.0","0,0,0"
1747092311.6947072,"-77.0,0.0,0.0","-77.0,0.0,0.0","0.0,0.0,0.0","0.0,0.0,0.0","0,0,0"
1747092311.7451763,"-82.0,0.0,0.0","-81.0,0.0,0.0","0.0,0.0,0.0","0.0,0.0,0.0","0,0,0"
1747092311.7956166,"-90.0,0.0,0.0","-92.0,0.0,0.0","0.0,0.0,0.0","0.0,0.0,0.0","0,0,0"
1747092311.8465967,"-90.0,0.0,0.0","-94.0,0.0,0.0","0.0,0.0,0.0","0.0,0.0,0.0","0,0,0"
1747092311.898916,"-92.0,0.0,0.0","-97.0,0.0,0.0","0.0,0.0,0.0","0.0,0.0,0.0","0,0,0"
1747092311.9495733,"-98.0,0.0,0.0","-97.0,0.0,0.0","0.0,0.0,0.0","0.0,0.0,0.0","0,0,0"
1747092312.0014365,"-99.0,0.0,0.0","-99.0,0.0,0.0","0.0,0.0,0.0","0.0,0.0,0.0","0,0,0"
1747092312.0518646,"-99.0,0.0,0.0","-98.0,0.0,0.0","0.0,0.0,0.0","0.0,0.0,0.0","0,0,0"
1747092312.1029778,"-99.0,0.0,0.0","-97.0,0.0,0.0","0.0,0.0,0.0","0.0,0.0,0.0","0,0,0"
1747092312.1536775,"-99.0,0.0,0.0","-97.0,0.0,0.0","0.0,0.0,0.0","0.0,0.0,0.0","0,0,0"
1747092312.2037663,"-98.0,0.0,0.0","-94.0,0.0,0.0","0.0,0.0,0.0","0.0,0.0,0.0","0,0,0"
1747092312.2541375,"-98.0,0.0,0.0","-92.0,0.0,0.0","0.0,0.0,0.0","0.0,0.0,0.0","0,0,0"
1747092312.3049104,"-98.0,0.0,0.0","-91.0,0.0,0.0","0.0,0.0,0.0","0.0,0.0,0.0","0,0,0"
1747092312.3557863,"-98.0,0.0,0.0","-91.0,0.0,0.0","0.0,0.0,0.0","0.0,0.0,0.0","0,0,0"
1747092312.4067268,"-98.0,0.0,0.0","-91.0,0.0,0.0","0.0,0.0,0.0","0.0,0.0,0.0","0,0,0"
1747092312.4575553,"-97.0,0.0,0.0","-91.0,0.0,0.0","0.0,0.0,0.0","0.0,0.0,0.0","0,0,0"
1747092312.5075617,"-97.0,0.0,0.0","-91.0,0.0,0.0","0.0,0.0,0.0","0.0,0.0,0.0","0,0,0"
1747092312.5580156,"-97.0,0.0,0.0","-92.0,0.0,0.0","0.0,0.0,0.0","0.0,0.0,0.0","0,0,0"
1747092312.6093004,"-98.0,0.0,0.0","-93.0,0.0,0.0","0.0,0.0,0.0","0.0,0.0,0.0","0,0,0"
1747092312.6598384,"-100.0,0.0,0.0","-95.0,0.0,0.0","0.0,0.0,0.0","0.0,0.0,0.0","0,0,0"
1747092312.7105932,"-100.0,0.0,0.0","-95.0,0.0,0.0","0.0,0.0,0.0","0.0,0.0,0.0","0,0,0"
1747092312.761631,"-100.0,0.0,0.0","-96.0,0.0,0.0","0.0,0.0,0.0","0.0,0.0,0.0","0,0,0"
1747092312.812711,"-101.0,0.0,0.0","-100.0,0.0,0.0","0.0,0.0,0.0","0.0,0.0,0.0","0,0,0"
1747092312.8639178,"-101.0,0.0,0.0","-100.0,0.0,0.0","0.0,0.0,0.0","0.0,0.0,0.0","0,0,0"
1747092312.9146936,"-101.0,0.0,0.0","-100.0,0.0,0.0","0.0,0.0,0.0","0.0,0.0,0.0","0,0,0"
1747092312.9646945,"-101.0,0.0,0.0","-100.0,0.0,0.0","0.0,0.0,0.0","0.0,0.0,0.0","0,0,0"
1747092313.0147815,"-101.0,0.0,0.0","-100.0,0.0,0.0","0.0,0.0,0.0","0.0,0.0,0.0","0,0,0"
1747092313.0657523,"-99.0,0.0,0.0","-100.0,0.0,0.0","0.0,0.0,0.0","0.0,0.0,0.0","0,0,0"
1747092313.1159186,"-95.0,0.0,0.0","-99.0,0.0,0.0","0.0,0.0,0.0","0.0,0.0,0.0","0,0,0"
1747092313.1665998,"-85.0,0.0,0.0","-86.0,0.0,0.0","0.0,0.0,0.0","0.0,0.0,0.0","0,0,0"
1747092313.2167273,"-68.0,0.0,0.0","-71.0,0.0,0.0","0.0,0.0,0.0","0.0,0.0,0.0","0,0,0"
1747092313.2679996,"-55.0,0.0,0.0","-58.0,0.0,0.0","0.0,0.0,0.0","0.0,0.0,0.0","0,0,0"
1747092313.318034,"-47.0,0.0,0.0","-43.0,0.0,0.0","0.0,0.0,0.0","-35.0,0.0,0.0","0,0,0"
1747092313.3688662,"-37.0,0.0,0.0","-29.0,0.0,0.0","-59.0,0.0,0.0","-21.0,0.0,0.0","0,0,0"
1747092313.4190197,"-29.0,0.0,0.0","-19.0,0.0,0.0","-54.0,0.0,0.0","-7.0,0.0,0.0","0,0,0"
1747092313.4699194,"-19.0,0.0,0.0","-5.0,0.0,0.0","-35.0,0.0,0.0","11.0,0.0,0.0","0,0,0"
1747092313.5206318,"-15.0,0.0,0.0","6.0,0.0,0.0","-28.0,0.0,0.0","23.0,0.0,0.0","0,0,0"
1747092313.5709257,"-14.0,0.0,0.0","11.0,0.0,0.0","-24.0,0.0,0.0","34.0,0.0,0.0","0,0,0"
1747092313.622496,"-14.0,0.0,0.0","11.0,0.0,0.0","-24.0,0.0,0.0","37.0,0.0,0.0","0,0,0"
1747092313.6726193,"-14.0,0.0,0.0","11.0,0.0,0.0","-24.0,0.0,0.0","38.0,0.0,0.0","0,0,0"
1747092313.722813,"-14.0,0.0,0.0","11.0,0.0,0.0","-24.0,0.0,0.0","38.0,0.0,0.0","0,0,0"
1747092313.7728868,"-14.0,0.0,0.0","11.0,0.0,0.0","-24.0,0.0,0.0","38.0,0.0,0.0","0,0,0"
1747092313.8236723,"-14.0,0.0,0.0","10.0,0.0,0.0","-24.0,0.0,0.0","39.0,0.0,0.0","0,0,0"
1747092313.8738213,"-14.0,0.0,0.0","9.0,0.0,0.0","-25.0,0.0,0.0","38.0,0.0,0.0","0,0,0"
1747092313.9239295,"-14.0,0.0,0.0","9.0,0.0,0.0","-25.0,0.0,0.0","38.0,0.0,0.0","0,0,0"
1747092313.9745598,"-14.0,0.0,0.0","9.0,0.0,0.0","-25.0,0.0,0.0","38.0,0.0,0.0","0,0,0"
1747092314.0246263,"-14.0,0.0,0.0","9.0,0.0,0.0","-25.0,0.0,0.0","38.0,0.0,0.0","0,0,0"
1747092314.0757356,"-14.0,0.0,0.0","9.0,0.0,0.0","-25.0,0.0,0.0","37.0,0.0,0.0","0,0,0"
1747092314.1258411,"-14.0,0.0,0.0","8.0,0.0,0.0","-25.0,0.0,0.0","37.0,0.0,0.0","0,0,0"
1747092314.1760907,"-14.0,0.0,0.0","8.0,0.0,0.0","-25.0,0.0,0.0","37.0,0.0,0.0","0,0,0"
1747092314.2262573,"-13.0,0.0,0.0","8.0,0.0,0.0","-24.0,0.0,0.0","36.0,0.0,0.0","0,0,0"
1747092314.2765977,"-13.0,0.0,0.0","8.0,0.0,0.0","-23.0,0.0,0.0","35.0,0.0,0.0","0,0,0"
1747092314.326777,"-12.0,0.0,0.0","8.0,0.0,0.0","-22.0,0.0,0.0","33.0,0.0,0.0","0,0,0"
1747092314.3772879,"-12.0,0.0,0.0","6.0,0.0,0.0","-21.0,0.0,0.0","28.0,0.0,0.0","0,0,0"
1747092314.4275963,"-12.0,0.0,0.0","3.0,0.0,0.0","-21.0,0.0,0.0","23.0,0.0,0.0","0,0,0"
1747092314.4780207,"-11.0,0.0,0.0","-3.0,0.0,0.0","-20.0,0.0,0.0","19.0,0.0,0.0","0,0,0"
1747092314.528758,"-10.0,0.0,0.0","-8.0,0.0,0.0","-18.0,0.0,0.0","13.0,0.0,0.0","0,0,0"
1747092314.579055,"-9.0,0.0,0.0","-21.0,0.0,0.0","-16.0,0.0,0.0","6.0,0.0,0.0","0,0,0"
1747092314.62978,"-9.0,0.0,0.0","-25.0,0.0,0.0","-16.0,0.0,0.0","4.0,0.0,0.0","0,0,0"
1747092314.6799452,"-6.0,0.0,0.0","-32.0,0.0,0.0","-13.0,0.0,0.0","1.0,0.0,0.0","0,0,0"
1747092314.730236,"-6.0,0.0,0.0","-33.0,0.0,0.0","-12.0,0.0,0.0","1.0,0.0,0.0","0,0,0"
1747092314.7808547,"-6.0,0.0,0.0","-34.0,0.0,0.0","-11.0,0.0,0.0","-1.0,0.0,0.0","0,0,0"
1747092314.8309755,"-6.0,0.0,0.0","-35.0,0.0,0.0","-10.0,0.0,0.0","-2.0,0.0,0.0","0,0,0"
1747092314.8815715,"-4.0,0.0,0.0","-35.0,0.0,0.0","-9.0,0.0,0.0","-4.0,0.0,0.0","0,0,0"
1747092314.9322422,"-4.0,0.0,0.0","-35.0,0.0,0.0","-9.0,0.0,0.0","-5.0,0.0,0.0","0,0,0"
1747092314.983205,"-4.0,0.0,0.0","-35.0,0.0,0.0","-9.0,0.0,0.0","-5.0,0.0,0.0","0,0,0"
1747092315.0336018,"-4.0,0.0,0.0","-35.0,0.0,0.0","-9.0,0.0,0.0","-6.0,0.0,0.0","0,0,0"
1747092315.0845268,"-4.0,0.0,0.0","-35.0,0.0,0.0","-9.0,0.0,0.0","-6.0,0.0,0.0","0,0,0"
1747092315.1346943,"-4.0,0.0,0.0","-35.0,0.0,0.0","-9.0,0.0,0.0","-6.0,0.0,0.0","0,0,0"
1747092315.1849558,"-4.0,0.0,0.0","-35.0,0.0,0.0","-9.0,0.0,0.0","-6.0,0.0,0.0","0,0,0"
1747092315.235097,"-4.0,0.0,0.0","-34.0,0.0,0.0","-9.0,0.0,0.0","-6.0,0.0,0.0","0,0,0"
1747092315.2869418,"-5.0,0.0,0.0","-33.0,0.0,0.0","-9.0,0.0,0.0","-6.0,0.0,0.0","0,0,0"
1747092315.337488,"-5.0,0.0,0.0","-33.0,0.0,0.0","-9.0,0.0,0.0","-6.0,0.0,0.0","0,0,0"
1747092315.3906367,"-5.0,0.0,0.0","-33.0,0.0,0.0","-10.0,0.0,0.0","-6.0,0.0,0.0","0,0,0"
1747092315.4416473,"-6.0,0.0,0.0","-32.0,0.0,0.0","-11.0,0.0,0.0","-5.0,0.0,0.0","0,0,0"
1747092315.4931912,"-7.0,0.0,0.0","-31.0,0.0,0.0","-13.0,0.0,0.0","-4.0,0.0,0.0","0,0,0"
1747092315.5439641,"-8.0,0.0,0.0","-30.0,0.0,0.0","-14.0,0.0,0.0","-4.0,0.0,0.0","0,0,0"
1747092315.5952141,"-9.0,0.0,0.0","-29.0,0.0,0.0","-15.0,0.0,0.0","-4.0,0.0,0.0","0,0,0"
1747092315.6476562,"-10.0,0.0,0.0","-28.0,0.0,0.0","-16.0,0.0,0.0","-3.0,0.0,0.0","0,0,0"
1747092315.6978643,"-11.0,0.0,0.0","-27.0,0.0,0.0","-19.0,0.0,0.0","-2.0,0.0,0.0","0,0,0"
1747092315.7485056,"-12.0,0.0,0.0","-27.0,0.0,0.0","-21.0,0.0,0.0","-1.0,0.0,0.0","0,0,0"
1747092315.7986069,"-15.0,0.0,0.0","-26.0,0.0,0.0","-26.0,0.0,0.0","2.0,0.0,0.0","0,0,0"
1747092315.8486936,"-18.0,0.0,0.0","-25.0,0.0,0.0","-28.0,0.0,0.0","4.0,0.0,0.0","0,0,0"
1747092315.8988304,"-20.0,0.0,0.0","-25.0,0.0,0.0","-28.0,0.0,0.0","6.0,0.0,0.0","0,0,0"
1747092315.9490569,"-20.0,0.0,0.0","-25.0,0.0,0.0","-28.0,0.0,0.0","6.0,0.0,0.0","0,0,0"
1747092315.999737,"-20.0,0.0,0.0","-24.0,0.0,0.0","-28.0,0.0,0.0","7.0,0.0,0.0","0,0,0"
1747092316.049776,"-20.0,0.0,0.0","-22.0,0.0,0.0","-28.0,0.0,0.0","7.0,0.0,0.0","0,0,0"
1747092316.0999486,"-20.0,0.0,0.0","-21.0,0.0,0.0","-28.0,0.0,0.0","8.0,0.0,0.0","0,0,0"
1747092316.1508405,"-20.0,0.0,0.0","-19.0,0.0,0.0","-28.0,0.0,0.0","9.0,0.0,0.0","0,0,0"
1747092316.2012844,"-20.0,0.0,0.0","-18.0,0.0,0.0","-28.0,0.0,0.0","9.0,0.0,0.0","0,0,0"
1747092316.2514532,"-20.0,0.0,0.0","-17.0,0.0,0.0","-28.0,0.0,0.0","9.0,0.0,0.0","0,0,0"
1747092316.3018467,"-19.0,0.0,0.0","-16.0,0.0,0.0","-27.0,0.0,0.0","9.0,0.0,0.0","0,0,0"
1747092316.359798,"-18.0,0.0,0.0","-16.0,0.0,0.0","-26.0,0.0,0.0","9.0,0.0,0.0","0,0,0"
1747092316.4104538,"-18.0,0.0,0.0","-16.0,0.0,0.0","-26.0,0.0,0.0","9.0,0.0,0.0","0,0,0"
1747092316.4613166,"-18.0,0.0,0.0","-16.0,0.0,0.0","-26.0,0.0,0.0","9.0,0.0,0.0","0,0,0"
1747092316.5124629,"-15.0,0.0,0.0","-16.0,0.0,0.0","-24.0,0.0,0.0","10.0,0.0,0.0","0,0,0"
1747092316.562598,"-13.0,0.0,0.0","-15.0,0.0,0.0","-22.0,0.0,0.0","10.0,0.0,0.0","0,0,0"
1747092316.612669,"-12.0,0.0,0.0","-14.0,0.0,0.0","-20.0,0.0,0.0","9.0,0.0,0.0","0,0,0"
1747092316.662888,"-12.0,0.0,0.0","-14.0,0.0,0.0","-20.0,0.0,0.0","9.0,0.0,0.0","0,0,0"
1747092316.713599,"-12.0,0.0,0.0","-14.0,0.0,0.0","-19.0,0.0,0.0","9.0,0.0,0.0","0,0,0"
1747092316.7637136,"-11.0,0.0,0.0","-14.0,0.0,0.0","-18.0,0.0,0.0","8.0,0.0,0.0","0,0,0"
1747092316.8138394,"-11.0,0.0,0.0","-16.0,0.0,0.0","-18.0,0.0,0.0","8.0,0.0,0.0","0,0,0"
1747092316.8639898,"-10.0,0.0,0.0","-17.0,0.0,0.0","-16.0,0.0,0.0","6.0,0.0,0.0","0,0,0"
1747092316.914818,"-9.0,0.0,0.0","-18.0,0.0,0.0","-13.0,0.0,0.0","6.0,0.0,0.0","0,0,0"
1747092316.964833,"-9.0,0.0,0.0","-19.0,0.0,0.0","-13.0,0.0,0.0","5.0,0.0,0.0","0,0,0"
1747092317.0150034,"-9.0,0.0,0.0","-21.0,0.0,0.0","-13.0,0.0,0.0","5.0,0.0,0.0","0,0,0"
1747092317.06538,"-9.0,0.0,0.0","-21.0,0.0,0.0","-13.0,0.0,0.0","5.0,0.0,0.0","0,0,0"
1747092317.1161947,"-9.0,0.0,0.0","-21.0,0.0,0.0","-13.0,0.0,0.0","4.0,0.0,0.0","0,0,0"
1747092317.166444,"-10.0,0.0,0.0","-21.0,0.0,0.0","-13.0,0.0,0.0","4.0,0.0,0.0","0,0,0"
1747092317.2176628,"-10.0,0.0,0.0","-21.0,0.0,0.0","-13.0,0.0,0.0","5.0,0.0,0.0","0,0,0"
1747092317.2686346,"-10.0,0.0,0.0","-21.0,0.0,0.0","-14.0,0.0,0.0","6.0,0.0,0.0","0,0,0"
1747092317.3195212,"-12.0,0.0,0.0","-18.0,0.0,0.0","-18.0,0.0,0.0","7.0,0.0,0.0","0,0,0"
1747092317.3695364,"-14.0,0.0,0.0","-13.0,0.0,0.0","-20.0,0.0,0.0","8.0,0.0,0.0","0,0,0"
1747092317.4200623,"-14.0,0.0,0.0","-13.0,0.0,0.0","-21.0,0.0,0.0","8.0,0.0,0.0","0,0,0"
1747092317.4707363,"-14.0,0.0,0.0","-13.0,0.0,0.0","-21.0,0.0,0.0","8.0,0.0,0.0","0,0,0"
1747092317.5209408,"-15.0,0.0,0.0","-13.0,0.0,0.0","-26.0,0.0,0.0","6.0,0.0,0.0","0,0,0"
1747092317.571765,"-19.0,0.0,0.0","-15.0,0.0,0.0","-39.0,0.0,0.0","-5.0,0.0,0.0","0,0,0"
1747092317.6219172,"-28.0,0.0,0.0","-27.0,0.0,0.0","-59.0,0.0,0.0","-23.0,0.0,0.0","0,0,0"
1747092317.6725376,"-36.0,0.0,0.0","-47.0,0.0,0.0","-84.0,0.0,0.0","0.0,0.0,0.0","0,0,0"
1747092317.7226698,"-48.0,0.0,0.0","-56.0,0.0,0.0","0.0,0.0,0.0","0.0,0.0,0.0","0,0,0"
1747092317.7727675,"-63.0,0.0,0.0","-64.0,0.0,0.0","0.0,0.0,0.0","0.0,0.0,0.0","0,0,0"
1747092317.8236303,"-67.0,0.0,0.0","-73.0,0.0,0.0","0.0,0.0,0.0","0.0,0.0,0.0","0,0,0"
1747092317.8740485,"-73.0,0.0,0.0","-78.0,0.0,0.0","0.0,0.0,0.0","0.0,0.0,0.0","0,0,0"
1747092317.9249642,"-84.0,0.0,0.0","-87.0,0.0,0.0","0.0,0.0,0.0","0.0,0.0,0.0","0,0,0"
1747092317.9754157,"-98.0,0.0,0.0","-100.0,0.0,0.0","0.0,0.0,0.0","0.0,0.0,0.0","0,0,0"
1747092318.0258853,"-102.0,0.0,0.0","-101.0,0.0,0.0","0.0,0.0,0.0","0.0,0.0,0.0","0,0,0"
1747092318.0759168,"-102.0,0.0,0.0","-101.0,0.0,0.0","0.0,0.0,0.0","0.0,0.0,0.0","0,0,0"
1747092318.126585,"-103.0,0.0,0.0","-103.0,0.0,0.0","0.0,0.0,0.0","0.0,0.0,0.0","0,0,0"
1747092318.1766663,"-104.0,0.0,0.0","-103.0,0.0,0.0","0.0,0.0,0.0","0.0,0.0,0.0","0,0,0"
1747092318.2267973,"-104.0,0.0,0.0","-103.0,0.0,0.0","0.0,0.0,0.0","0.0,0.0,0.0","0,0,0"
1747092318.2785625,"-104.0,0.0,0.0","-103.0,0.0,0.0","0.0,0.0,0.0","0.0,0.0,0.0","0,0,0"
1747092318.3294294,"-104.0,0.0,0.0","-103.0,0.0,0.0","0.0,0.0,0.0","0.0,0.0,0.0","0,0,0"
1747092318.3795204,"-104.0,0.0,0.0","-102.0,0.0,0.0","0.0,0.0,0.0","0.0,0.0,0.0","0,0,0"
1747092318.4296603,"-96.0,0.0,0.0","-89.0,0.0,0.0","0.0,0.0,0.0","0.0,0.0,0.0","0,0,0"
1747092318.4796684,"-96.0,0.0,0.0","-88.0,0.0,0.0","0.0,0.0,0.0","0.0,0.0,0.0","0,0,0"
1747092318.5307868,"-95.0,0.0,0.0","-88.0,0.0,0.0","0.0,0.0,0.0","0.0,0.0,0.0","0,0,0"
1747092318.5809422,"-94.0,0.0,0.0","-88.0,0.0,0.0","0.0,0.0,0.0","0.0,0.0,0.0","0,0,0"
1747092318.6315768,"-93.0,0.0,0.0","-88.0,0.0,0.0","0.0,0.0,0.0","0.0,0.0,0.0","0,0,0"
1747092318.6818373,"-93.0,0.0,0.0","-89.0,0.0,0.0","0.0,0.0,0.0","0.0,0.0,0.0","0,0,0"
1747092318.7326021,"-95.0,0.0,0.0","-89.0,0.0,0.0","0.0,0.0,0.0","0.0,0.0,0.0","0,0,0"
1747092318.7830827,"-97.0,0.0,0.0","-89.0,0.0,0.0","0.0,0.0,0.0","0.0,0.0,0.0","0,0,0"
1747092318.8344605,"-97.0,0.0,0.0","-89.0,0.0,0.0","0.0,0.0,0.0","0.0,0.0,0.0","0,0,0"
1747092318.8863125,"-97.0,0.0,0.0","-89.0,0.0,0.0","0.0,0.0,0.0","0.0,0.0,0.0","0,0,0"
1747092318.9366152,"-97.0,0.0,0.0","-89.0,0.0,0.0","0.0,0.0,0.0","0.0,0.0,0.0","0,0,0"
1747092318.9868824,"-97.0,0.0,0.0","-88.0,0.0,0.0","0.0,0.0,0.0","0.0,0.0,0.0","0,0,0"
1747092319.0377877,"-97.0,0.0,0.0","-88.0,0.0,0.0","0.0,0.0,0.0","0.0,0.0,0.0","0,0,0"
1747092319.0885203,"-97.0,0.0,0.0","-88.0,0.0,0.0","0.0,0.0,0.0","0.0,0.0,0.0","0,0,0"
1747092319.1386607,"-96.0,0.0,0.0","-87.0,0.0,0.0","0.0,0.0,0.0","0.0,0.0,0.0","0,0,0"
1747092319.1895754,"-96.0,0.0,0.0","-88.0,0.0,0.0","0.0,0.0,0.0","0.0,0.0,0.0","0,0,0"
1747092319.2398028,"-96.0,0.0,0.0","-88.0,0.0,0.0","0.0,0.0,0.0","0.0,0.0,0.0","0,0,0"
1747092319.2899923,"-96.0,0.0,0.0","-88.0,0.0,0.0","0.0,0.0,0.0","0.0,0.0,0.0","0,0,0"
1747092319.340678,"-96.0,0.0,0.0","-88.0,0.0,0.0","0.0,0.0,0.0","0.0,0.0,0.0","0,0,0"
1747092319.3907282,"-96.0,0.0,0.0","-88.0,0.0,0.0","0.0,0.0,0.0","0.0,0.0,0.0","0,0,0"
1747092319.4408965,"-97.0,0.0,0.0","-89.0,0.0,0.0","0.0,0.0,0.0","0.0,0.0,0.0","0,0,0"
1747092319.491626,"-98.0,0.0,0.0","-96.0,0.0,0.0","0.0,0.0,0.0","0.0,0.0,0.0","0,0,0"
1747092319.5418205,"-98.0,0.0,0.0","-97.0,0.0,0.0","0.0,0.0,0.0","0.0,0.0,0.0","0,0,0"
1747092319.5929008,"-99.0,0.0,0.0","-99.0,0.0,0.0","0.0,0.0,0.0","0.0,0.0,0.0","0,0,0"
1747092319.6445377,"-99.0,0.0,0.0","-100.0,0.0,0.0","0.0,0.0,0.0","0.0,0.0,0.0","0,0,0"
1747092319.6967387,"-99.0,0.0,0.0","-100.0,0.0,0.0","0.0,0.0,0.0","0.0,0.0,0.0","0,0,0"
1747092319.7476895,"-97.0,0.0,0.0","-99.0,0.0,0.0","0.0,0.0,0.0","0.0,0.0,0.0","0,0,0"
1747092319.7987986,"-86.0,0.0,0.0","-93.0,0.0,0.0","0.0,0.0,0.0","0.0,0.0,0.0","0,0,0"
1747092319.849531,"-62.0,0.0,0.0","-62.0,0.0,0.0","0.0,0.0,0.0","0.0,0.0,0.0","0,0,0"
1747092319.8997784,"-37.0,0.0,0.0","-28.0,0.0,0.0","-99.0,0.0,0.0","-45.0,0.0,0.0","0,0,0"
1747092319.9499226,"-21.0,0.0,0.0","-1.0,0.0,0.0","-78.0,0.0,0.0","-25.0,0.0,0.0","0,0,0"
1747092320.0002415,"0.0,0.0,0.0","26.0,0.0,0.0","-49.0,0.0,0.0","-5.0,0.0,0.0","0,0,0"
1747092320.0519314,"23.0,0.0,0.0","54.0,0.0,0.0","-24.0,0.0,0.0","0.0,0.0,0.0","0,0,0"
1747092320.1021948,"48.0,0.0,0.0","55.0,0.0,0.0","0.0,0.0,0.0","0.0,0.0,0.0","0,0,0"
1747092320.1522977,"61.0,0.0,0.0","66.0,0.0,0.0","0.0,0.0,0.0","0.0,0.0,0.0","0,0,0"
1747092320.2023973,"67.0,0.0,0.0","68.0,0.0,0.0","0.0,0.0,0.0","0.0,0.0,0.0","0,0,0"
1747092320.2528722,"67.0,0.0,0.0","68.0,0.0,0.0","0.0,0.0,0.0","0.0,0.0,0.0","0,0,0"
1747092320.3035562,"70.0,0.0,0.0","71.0,0.0,0.0","0.0,0.0,0.0","0.0,0.0,0.0","0,0,0"
1747092320.3537185,"72.0,0.0,0.0","74.0,0.0,0.0","0.0,0.0,0.0","0.0,0.0,0.0","0,0,0"
1747092320.40533,"74.0,0.0,0.0","76.0,0.0,0.0","0.0,0.0,0.0","0.0,0.0,0.0","0,0,0"
1747092320.4558797,"82.0,0.0,0.0","78.0,0.0,0.0","0.0,0.0,0.0","0.0,0.0,0.0","0,0,0"
1747092320.5062063,"88.0,0.0,0.0","79.0,0.0,0.0","0.0,0.0,0.0","0.0,0.0,0.0","0,0,0"
1747092320.5576475,"91.0,0.0,0.0","81.0,0.0,0.0","0.0,0.0,0.0","0.0,0.0,0.0","0,0,0"
1747092320.6077738,"94.0,0.0,0.0","82.0,0.0,0.0","0.0,0.0,0.0","0.0,0.0,0.0","0,0,0"
1747092320.659148,"94.0,0.0,0.0","82.0,0.0,0.0","0.0,0.0,0.0","0.0,0.0,0.0","0,0,0"
1747092320.7095556,"94.0,0.0,0.0","82.0,0.0,0.0","0.0,0.0,0.0","0.0,0.0,0.0","0,0,0"
1747092320.760531,"95.0,0.0,0.0","82.0,0.0,0.0","0.0,0.0,0.0","0.0,0.0,0.0","0,0,0"
1747092320.8107564,"95.0,0.0,0.0","82.0,0.0,0.0","0.0,0.0,0.0","0.0,0.0,0.0","0,0,0"
1747092320.8618479,"95.0,0.0,0.0","82.0,0.0,0.0","0.0,0.0,0.0","0.0,0.0,0.0","0,0,0"
1747092320.912416,"95.0,0.0,0.0","82.0,0.0,0.0","0.0,0.0,0.0","0.0,0.0,0.0","0,0,0"
1747092320.963736,"95.0,0.0,0.0","82.0,0.0,0.0","0.0,0.0,0.0","0.0,0.0,0.0","0,0,0"
1747092321.0139165,"95.0,0.0,0.0","82.0,0.0,0.0","0.0,0.0,0.0","0.0,0.0,0.0","0,0,0"
1747092321.06453,"95.0,0.0,0.0","82.0,0.0,0.0","0.0,0.0,0.0","0.0,0.0,0.0","0,0,0"
1747092321.1156137,"95.0,0.0,0.0","82.0,0.0,0.0","0.0,0.0,0.0","0.0,0.0,0.0","0,0,0"
1747092321.1658146,"95.0,0.0,0.0","82.0,0.0,0.0","0.0,0.0,0.0","0.0,0.0,0.0","0,0,0"
1747092321.2166564,"95.0,0.0,0.0","82.0,0.0,0.0","0.0,0.0,0.0","0.0,0.0,0.0","0,0,0"
1747092321.2676282,"95.0,0.0,0.0","82.0,0.0,0.0","0.0,0.0,0.0","0.0,0.0,0.0","0,0,0"
1747092321.3184795,"95.0,0.0,0.0","81.0,0.0,0.0","0.0,0.0,0.0","0.0,0.0,0.0","0,0,0"
1747092321.3694484,"95.0,0.0,0.0","81.0,0.0,0.0","0.0,0.0,0.0","0.0,0.0,0.0","0,0,0"
1747092321.429727,"95.0,0.0,0.0","81.0,0.0,0.0","0.0,0.0,0.0","0.0,0.0,0.0","0,0,0"
1747092321.4798937,"95.0,0.0,0.0","81.0,0.0,0.0","0.0,0.0,0.0","0.0,0.0,0.0","0,0,0"
1747092321.5306027,"95.0,0.0,0.0","81.0,0.0,0.0","0.0,0.0,0.0","0.0,0.0,0.0","0,0,0"
1747092321.5807652,"94.0,0.0,0.0","81.0,0.0,0.0","0.0,0.0,0.0","0.0,0.0,0.0","0,0,0"
1747092321.6319535,"94.0,0.0,0.0","81.0,0.0,0.0","0.0,0.0,0.0","0.0,0.0,0.0","0,0,0"
1747092321.682442,"95.0,0.0,0.0","81.0,0.0,0.0","0.0,0.0,0.0","0.0,0.0,0.0","0,0,0"
1747092321.7325857,"95.0,0.0,0.0","81.0,0.0,0.0","0.0,0.0,0.0","0.0,0.0,0.0","0,0,0"
1747092321.7828488,"95.0,0.0,0.0","81.0,0.0,0.0","0.0,0.0,0.0","0.0,0.0,0.0","0,0,0"
1747092321.83299,"95.0,0.0,0.0","81.0,0.0,0.0","0.0,0.0,0.0","0.0,0.0,0.0","0,0,0"
1747092321.8836043,"94.0,0.0,0.0","81.0,0.0,0.0","0.0,0.0,0.0","0.0,0.0,0.0","0,0,0"
1747092321.933632,"94.0,0.0,0.0","81.0,0.0,0.0","0.0,0.0,0.0","0.0,0.0,0.0","0,0,0"
1747092321.984266,"94.0,0.0,0.0","81.0,0.0,0.0","0.0,0.0,0.0","0.0,0.0,0.0","0,0,0"
1747092322.0347083,"94.0,0.0,0.0","81.0,0.0,0.0","0.0,0.0,0.0","0.0,0.0,0.0","0,0,0"
1747092322.0851762,"95.0,0.0,0.0","81.0,0.0,0.0","0.0,0.0,0.0","0.0,0.0,0.0","0,0,0"
1747092322.1359015,"95.0,0.0,0.0","81.0,0.0,0.0","0.0,0.0,0.0","0.0,0.0,0.0","0,0,0"
1747092322.186301,"93.0,0.0,0.0","82.0,0.0,0.0","0.0,0.0,0.0","0.0,0.0,0.0","0,0,0"
1747092322.2365494,"93.0,0.0,0.0","82.0,0.0,0.0","0.0,0.0,0.0","0.0,0.0,0.0","0,0,0"
1747092322.2868035,"93.0,0.0,0.0","82.0,0.0,0.0","0.0,0.0,0.0","0.0,0.0,0.0","0,0,0"
1747092322.337993,"92.0,0.0,0.0","82.0,0.0,0.0","0.0,0.0,0.0","0.0,0.0,0.0","0,0,0"
1747092322.3889356,"92.0,0.0,0.0","82.0,0.0,0.0","0.0,0.0,0.0","0.0,0.0,0.0","0,0,0"
1747092322.4396713,"92.0,0.0,0.0","82.0,0.0,0.0","0.0,0.0,0.0","0.0,0.0,0.0","0,0,0"
1747092322.4960678,"92.0,0.0,0.0","81.0,0.0,0.0","0.0,0.0,0.0","0.0,0.0,0.0","0,0,0"
1747092322.5462193,"92.0,0.0,0.0","81.0,0.0,0.0","0.0,0.0,0.0","0.0,0.0,0.0","0,0,0"
1747092322.5966446,"92.0,0.0,0.0","81.0,0.0,0.0","0.0,0.0,0.0","0.0,0.0,0.0","0,0,0"
1747092322.6484482,"92.0,0.0,0.0","81.0,0.0,0.0","0.0,0.0,0.0","0.0,0.0,0.0","0,0,0"
1747092322.698537,"92.0,0.0,0.0","80.0,0.0,0.0","0.0,0.0,0.0","0.0,0.0,0.0","0,0,0"
1747092322.751735,"92.0,0.0,0.0","80.0,0.0,0.0","0.0,0.0,0.0","0.0,0.0,0.0","0,0,0"
1747092322.8039463,"92.0,0.0,0.0","80.0,0.0,0.0","0.0,0.0,0.0","0.0,0.0,0.0","0,0,0"
1747092322.8545866,"92.0,0.0,0.0","79.0,0.0,0.0","0.0,0.0,0.0","0.0,0.0,0.0","0,0,0"
1747092322.9053311,"92.0,0.0,0.0","79.0,0.0,0.0","0.0,0.0,0.0","0.0,0.0,0.0","0,0,0"
1747092322.9560084,"92.0,0.0,0.0","79.0,0.0,0.0","0.0,0.0,0.0","0.0,0.0,0.0","0,0,0"
1747092323.0079336,"92.0,0.0,0.0","79.0,0.0,0.0","0.0,0.0,0.0","0.0,0.0,0.0","0,0,0"
1747092323.0585747,"92.0,0.0,0.0","79.0,0.0,0.0","0.0,0.0,0.0","0.0,0.0,0.0","0,0,0"
1747092323.109522,"92.0,0.0,0.0","79.0,0.0,0.0","0.0,0.0,0.0","0.0,0.0,0.0","0,0,0"
1747092323.1595314,"92.0,0.0,0.0","80.0,0.0,0.0","0.0,0.0,0.0","0.0,0.0,0.0","0,0,0"
1747092323.2104852,"92.0,0.0,0.0","79.0,0.0,0.0","0.0,0.0,0.0","0.0,0.0,0.0","0,0,0"
1747092323.2617013,"92.0,0.0,0.0","80.0,0.0,0.0","0.0,0.0,0.0","0.0,0.0,0.0","0,0,0"
1747092323.311849,"92.0,0.0,0.0","79.0,0.0,0.0","0.0,0.0,0.0","0.0,0.0,0.0","0,0,0"
1747092323.3624618,"91.0,0.0,0.0","79.0,0.0,0.0","0.0,0.0,0.0","0.0,0.0,0.0","0,0,0"
1747092323.4126208,"91.0,0.0,0.0","79.0,0.0,0.0","0.0,0.0,0.0","0.0,0.0,0.0","0,0,0"
1747092323.4637187,"91.0,0.0,0.0","79.0,0.0,0.0","0.0,0.0,0.0","0.0,0.0,0.0","0,0,0"
1747092323.5144885,"90.0,0.0,0.0","79.0,0.0,0.0","0.0,0.0,0.0","0.0,0.0,0.0","0,0,0"
1747092323.564532,"90.0,0.0,0.0","78.0,0.0,0.0","0.0,0.0,0.0","0.0,0.0,0.0","0,0,0"
1747092323.614678,"90.0,0.0,0.0","78.0,0.0,0.0","0.0,0.0,0.0","0.0,0.0,0.0","0,0,0"
1747092323.6648073,"90.0,0.0,0.0","78.0,0.0,0.0","0.0,0.0,0.0","0.0,0.0,0.0","0,0,0"
1747092323.7148793,"90.0,0.0,0.0","78.0,0.0,0.0","0.0,0.0,0.0","0.0,0.0,0.0","0,0,0"
1747092323.7650712,"90.0,0.0,0.0","78.0,0.0,0.0","0.0,0.0,0.0","0.0,0.0,0.0","0,0,0"
1747092323.8152926,"90.0,0.0,0.0","78.0,0.0,0.0","0.0,0.0,0.0","0.0,0.0,0.0","0,0,0"
1747092323.8659313,"89.0,0.0,0.0","77.0,0.0,0.0","0.0,0.0,0.0","0.0,0.0,0.0","0,0,0"
1747092323.9167976,"89.0,0.0,0.0","77.0,0.0,0.0","0.0,0.0,0.0","0.0,0.0,0.0","0,0,0"
1747092323.9676776,"89.0,0.0,0.0","76.0,0.0,0.0","0.0,0.0,0.0","0.0,0.0,0.0","0,0,0"
1747092324.0176947,"88.0,0.0,0.0","76.0,0.0,0.0","0.0,0.0,0.0","0.0,0.0,0.0","0,0,0"
1747092324.0684848,"88.0,0.0,0.0","76.0,0.0,0.0","0.0,0.0,0.0","0.0,0.0,0.0","0,0,0"
1747092324.1186404,"86.0,0.0,0.0","75.0,0.0,0.0","0.0,0.0,0.0","0.0,0.0,0.0","0,0,0"
1747092324.169447,"82.0,0.0,0.0","72.0,0.0,0.0","0.0,0.0,0.0","0.0,0.0,0.0","0,0,0"
1747092324.220079,"80.0,0.0,0.0","71.0,0.0,0.0","0.0,0.0,0.0","0.0,0.0,0.0","0,0,0"
1747092324.2703812,"78.0,0.0,0.0","71.0,0.0,0.0","0.0,0.0,0.0","0.0,0.0,0.0","0,0,0"
1747092324.320657,"74.0,0.0,0.0","68.0,0.0,0.0","0.0,0.0,0.0","0.0,0.0,0.0","0,0,0"
1747092324.3715103,"63.0,0.0,0.0","59.0,0.0,0.0","0.0,0.0,0.0","0.0,0.0,0.0","0,0,0"
1747092324.4216862,"49.0,0.0,0.0","49.0,0.0,0.0","0.0,0.0,0.0","0.0,0.0,0.0","0,0,0"
1747092324.4719074,"49.0,0.0,0.0","49.0,0.0,0.0","0.0,0.0,0.0","0.0,0.0,0.0","0,0,0"
1747092324.521952,"32.0,0.0,0.0","60.0,0.0,0.0","-24.0,0.0,0.0","0.0,0.0,0.0","0,0,0"
1747092324.5731153,"16.0,0.0,0.0","46.0,0.0,0.0","-24.0,0.0,0.0","0.0,0.0,0.0","0,0,0"
1747092324.6233513,"-3.0,0.0,0.0","18.0,0.0,0.0","-24.0,0.0,0.0","0.0,0.0,0.0","0,0,0"
1747092324.6736758,"-13.0,0.0,0.0","11.0,0.0,0.0","-24.0,0.0,0.0","-6.0,0.0,0.0","0,0,0"
1747092324.7245317,"-41.0,0.0,0.0","-24.0,0.0,0.0","-24.0,0.0,0.0","-37.0,0.0,0.0","0,0,0"
1747092324.7749822,"-54.0,0.0,0.0","-42.0,0.0,0.0","0.0,0.0,0.0","-52.0,0.0,0.0","0,0,0"
1747092324.8258953,"-88.0,0.0,0.0","-77.0,0.0,0.0","0.0,0.0,0.0","0.0,0.0,0.0","0,0,0"
1747092324.876527,"-109.0,0.0,0.0","-99.0,0.0,0.0","0.0,0.0,0.0","0.0,0.0,0.0","0,0,0"
1747092324.9314747,"-110.0,0.0,0.0","-104.0,0.0,0.0","0.0,0.0,0.0","0.0,0.0,0.0","0,0,0"
1747092324.9822772,"-110.0,0.0,0.0","-106.0,0.0,0.0","0.0,0.0,0.0","0.0,0.0,0.0","0,0,0"
1747092325.0328605,"-110.0,0.0,0.0","-106.0,0.0,0.0","0.0,0.0,0.0","0.0,0.0,0.0","0,0,0"
1747092325.0836973,"-110.0,0.0,0.0","-106.0,0.0,0.0","0.0,0.0,0.0","0.0,0.0,0.0","0,0,0"
1747092325.134458,"-107.0,0.0,0.0","-106.0,0.0,0.0","0.0,0.0,0.0","0.0,0.0,0.0","0,0,0"
1747092325.1847696,"-102.0,0.0,0.0","-104.0,0.0,0.0","0.0,0.0,0.0","0.0,0.0,0.0","0,0,0"
1747092325.2349203,"-97.0,0.0,0.0","-91.0,0.0,0.0","0.0,0.0,0.0","0.0,0.0,0.0","0,0,0"
1747092325.2850678,"-97.0,0.0,0.0","-90.0,0.0,0.0","0.0,0.0,0.0","0.0,0.0,0.0","0,0,0"
1747092325.3352325,"-96.0,0.0,0.0","-90.0,0.0,0.0","0.0,0.0,0.0","0.0,0.0,0.0","0,0,0"
1747092325.3855045,"-94.0,0.0,0.0","-89.0,0.0,0.0","0.0,0.0,0.0","0.0,0.0,0.0","0,0,0"
1747092325.435806,"-94.0,0.0,0.0","-89.0,0.0,0.0","0.0,0.0,0.0","0.0,0.0,0.0","0,0,0"
1747092325.4865627,"-93.0,0.0,0.0","-89.0,0.0,0.0","0.0,0.0,0.0","0.0,0.0,0.0","0,0,0"
1747092325.5366805,"-93.0,0.0,0.0","-89.0,0.0,0.0","0.0,0.0,0.0","0.0,0.0,0.0","0,0,0"
1747092325.5875893,"-93.0,0.0,0.0","-89.0,0.0,0.0","0.0,0.0,0.0","0.0,0.0,0.0","0,0,0"
1747092325.6378167,"-93.0,0.0,0.0","-89.0,0.0,0.0","0.0,0.0,0.0","0.0,0.0,0.0","0,0,0"
1747092325.687839,"-93.0,0.0,0.0","-90.0,0.0,0.0","0.0,0.0,0.0","0.0,0.0,0.0","0,0,0"
1747092325.7384562,"-93.0,0.0,0.0","-90.0,0.0,0.0","0.0,0.0,0.0","0.0,0.0,0.0","0,0,0"
1747092325.7891607,"-93.0,0.0,0.0","-90.0,0.0,0.0","0.0,0.0,0.0","0.0,0.0,0.0","0,0,0"
1747092325.8394394,"-94.0,0.0,0.0","-91.0,0.0,0.0","0.0,0.0,0.0","0.0,0.0,0.0","0,0,0"
1747092325.8897817,"-97.0,0.0,0.0","-93.0,0.0,0.0","0.0,0.0,0.0","0.0,0.0,0.0","0,0,0"
1747092325.9405963,"-104.0,0.0,0.0","-102.0,0.0,0.0","0.0,0.0,0.0","0.0,0.0,0.0","0,0,0"
1747092325.990759,"-104.0,0.0,0.0","-103.0,0.0,0.0","0.0,0.0,0.0","0.0,0.0,0.0","0,0,0"
1747092326.0416033,"-104.0,0.0,0.0","-103.0,0.0,0.0","0.0,0.0,0.0","0.0,0.0,0.0","0,0,0"
1747092326.0923865,"-104.0,0.0,0.0","-103.0,0.0,0.0","0.0,0.0,0.0","0.0,0.0,0.0","0,0,0"
1747092326.142629,"-103.0,0.0,0.0","-103.0,0.0,0.0","0.0,0.0,0.0","0.0,0.0,0.0","0,0,0"
1747092326.1935208,"-99.0,0.0,0.0","-100.0,0.0,0.0","0.0,0.0,0.0","0.0,0.0,0.0","0,0,0"
1747092326.2436378,"-93.0,0.0,0.0","-97.0,0.0,0.0","0.0,0.0,0.0","0.0,0.0,0.0","0,0,0"
1747092326.2941513,"-77.0,0.0,0.0","-85.0,0.0,0.0","0.0,0.0,0.0","0.0,0.0,0.0","0,0,0"
1747092326.3455925,"-77.0,0.0,0.0","-85.0,0.0,0.0","0.0,0.0,0.0","0.0,0.0,0.0","0,0,0"
1747092326.3957338,"-59.0,0.0,0.0","-66.0,0.0,0.0","0.0,0.0,0.0","0.0,0.0,0.0","0,0,0"
1747092326.4475484,"-44.0,0.0,0.0","-51.0,0.0,0.0","-24.0,0.0,0.0","0.0,0.0,0.0","0,0,0"
1747092326.510595,"-34.0,0.0,0.0","-26.0,0.0,0.0","-24.0,0.0,0.0","-13.0,0.0,0.0","0,0,0"
1747092326.560621,"-29.0,0.0,0.0","-18.0,0.0,0.0","-24.0,0.0,0.0","1.0,0.0,0.0","0,0,0"
1747092326.610761,"-26.0,0.0,0.0","-13.0,0.0,0.0","-24.0,0.0,0.0","5.0,0.0,0.0","0,0,0"
1747092326.6608274,"-25.0,0.0,0.0","-11.0,0.0,0.0","-24.0,0.0,0.0","8.0,0.0,0.0","0,0,0"
1747092326.711592,"-22.0,0.0,0.0","-3.0,0.0,0.0","-24.0,0.0,0.0","21.0,0.0,0.0","0,0,0"
1747092326.7616796,"-19.0,0.0,0.0","0.0,0.0,0.0","-24.0,0.0,0.0","28.0,0.0,0.0","0,0,0"
1747092326.8126056,"-19.0,0.0,0.0","0.0,0.0,0.0","-24.0,0.0,0.0","29.0,0.0,0.0","0,0,0"
1747092326.8628383,"-19.0,0.0,0.0","0.0,0.0,0.0","-24.0,0.0,0.0","30.0,0.0,0.0","0,0,0"
1747092326.9130094,"-18.0,0.0,0.0","0.0,0.0,0.0","-24.0,0.0,0.0","31.0,0.0,0.0","0,0,0"
1747092326.9635956,"-18.0,0.0,0.0","0.0,0.0,0.0","-24.0,0.0,0.0","31.0,0.0,0.0","0,0,0"
1747092327.0142646,"-18.0,0.0,0.0","-1.0,0.0,0.0","-24.0,0.0,0.0","30.0,0.0,0.0","0,0,0"
1747092327.0648425,"-18.0,0.0,0.0","-2.0,0.0,0.0","-24.0,0.0,0.0","30.0,0.0,0.0","0,0,0"
1747092327.115621,"-19.0,0.0,0.0","-2.0,0.0,0.0","-24.0,0.0,0.0","29.0,0.0,0.0","0,0,0"
1747092327.166424,"-18.0,0.0,0.0","-3.0,0.0,0.0","-24.0,0.0,0.0","28.0,0.0,0.0","0,0,0"
1747092327.217111,"-19.0,0.0,0.0","-3.0,0.0,0.0","-24.0,0.0,0.0","27.0,0.0,0.0","0,0,0"
1747092327.26744,"-19.0,0.0,0.0","-4.0,0.0,0.0","-24.0,0.0,0.0","26.0,0.0,0.0","0,0,0"
1747092327.3176935,"-19.0,0.0,0.0","-5.0,0.0,0.0","-24.0,0.0,0.0","23.0,0.0,0.0","0,0,0"
1747092327.367845,"-19.0,0.0,0.0","-10.0,0.0,0.0","-24.0,0.0,0.0","17.0,0.0,0.0","0,0,0"
1747092327.4183788,"-19.0,0.0,0.0","-16.0,0.0,0.0","-24.0,0.0,0.0","14.0,0.0,0.0","0,0,0"
1747092327.4684362,"-19.0,0.0,0.0","-20.0,0.0,0.0","-24.0,0.0,0.0","10.0,0.0,0.0","0,0,0"
1747092327.5185883,"-19.0,0.0,0.0","-25.0,0.0,0.0","-24.0,0.0,0.0","6.0,0.0,0.0","0,0,0"
1747092327.5687962,"-19.0,0.0,0.0","-28.0,0.0,0.0","-24.0,0.0,0.0","5.0,0.0,0.0","0,0,0"
1747092327.6194916,"-19.0,0.0,0.0","-30.0,0.0,0.0","-24.0,0.0,0.0","2.0,0.0,0.0","0,0,0"
1747092327.6704633,"-19.0,0.0,0.0","-33.0,0.0,0.0","-24.0,0.0,0.0","-1.0,0.0,0.0","0,0,0"
1747092327.7205875,"-19.0,0.0,0.0","-33.0,0.0,0.0","-24.0,0.0,0.0","-1.0,0.0,0.0","0,0,0"
1747092327.7711215,"-19.0,0.0,0.0","-33.0,0.0,0.0","-24.0,0.0,0.0","-2.0,0.0,0.0","0,0,0"
1747092327.8219802,"-19.0,0.0,0.0","-35.0,0.0,0.0","-24.0,0.0,0.0","-4.0,0.0,0.0","0,0,0"
1747092327.8725622,"-20.0,0.0,0.0","-35.0,0.0,0.0","-24.0,0.0,0.0","-5.0,0.0,0.0","0,0,0"
1747092327.9226635,"-20.0,0.0,0.0","-35.0,0.0,0.0","-24.0,0.0,0.0","-5.0,0.0,0.0","0,0,0"
1747092327.9736493,"-20.0,0.0,0.0","-35.0,0.0,0.0","-24.0,0.0,0.0","-5.0,0.0,0.0","0,0,0"
1747092328.0239305,"-20.0,0.0,0.0","-35.0,0.0,0.0","-24.0,0.0,0.0","-5.0,0.0,0.0","0,0,0"
1747092328.0740807,"-20.0,0.0,0.0","-35.0,0.0,0.0","-24.0,0.0,0.0","-6.0,0.0,0.0","0,0,0"
1747092328.1246195,"-20.0,0.0,0.0","-35.0,0.0,0.0","-24.0,0.0,0.0","-6.0,0.0,0.0","0,0,0"
1747092328.1746583,"-20.0,0.0,0.0","-35.0,0.0,0.0","-24.0,0.0,0.0","-6.0,0.0,0.0","0,0,0"
1747092328.2249591,"-20.0,0.0,0.0","-35.0,0.0,0.0","-24.0,0.0,0.0","-6.0,0.0,0.0","0,0,0"
1747092328.2756586,"-20.0,0.0,0.0","-35.0,0.0,0.0","-24.0,0.0,0.0","-5.0,0.0,0.0","0,0,0"
1747092328.3258424,"-20.0,0.0,0.0","-35.0,0.0,0.0","-24.0,0.0,0.0","-5.0,0.0,0.0","0,0,0"
1747092328.3777993,"-20.0,0.0,0.0","-34.0,0.0,0.0","-24.0,0.0,0.0","-5.0,0.0,0.0","0,0,0"
1747092328.4287484,"-20.0,0.0,0.0","-34.0,0.0,0.0","-24.0,0.0,0.0","-5.0,0.0,0.0","0,0,0"
1747092328.478965,"-20.0,0.0,0.0","-34.0,0.0,0.0","-24.0,0.0,0.0","-5.0,0.0,0.0","0,0,0"
1747092328.5293436,"-20.0,0.0,0.0","-34.0,0.0,0.0","-24.0,0.0,0.0","-4.0,0.0,0.0","0,0,0"
1747092328.579659,"-20.0,0.0,0.0","-33.0,0.0,0.0","-24.0,0.0,0.0","-4.0,0.0,0.0","0,0,0"
1747092328.6305404,"-20.0,0.0,0.0","-33.0,0.0,0.0","-24.0,0.0,0.0","-4.0,0.0,0.0","0,0,0"
1747092328.6808162,"-21.0,0.0,0.0","-33.0,0.0,0.0","-24.0,0.0,0.0","-4.0,0.0,0.0","0,0,0"
1747092328.7325366,"-21.0,0.0,0.0","-33.0,0.0,0.0","-24.0,0.0,0.0","-4.0,0.0,0.0","0,0,0"
1747092328.7827625,"-21.0,0.0,0.0","-33.0,0.0,0.0","-24.0,0.0,0.0","-4.0,0.0,0.0","0,0,0"
1747092328.832914,"-21.0,0.0,0.0","-32.0,0.0,0.0","-24.0,0.0,0.0","-4.0,0.0,0.0","0,0,0"
1747092328.8830085,"-21.0,0.0,0.0","-32.0,0.0,0.0","-24.0,0.0,0.0","-4.0,0.0,0.0","0,0,0"
1747092328.9337268,"-21.0,0.0,0.0","-32.0,0.0,0.0","-24.0,0.0,0.0","-4.0,0.0,0.0","0,0,0"
1747092328.9837878,"-21.0,0.0,0.0","-32.0,0.0,0.0","-24.0,0.0,0.0","-4.0,0.0,0.0","0,0,0"
1747092329.03441,"-21.0,0.0,0.0","-32.0,0.0,0.0","-24.0,0.0,0.0","-4.0,0.0,0.0","0,0,0"
1747092329.0849817,"-22.0,0.0,0.0","-33.0,0.0,0.0","-24.0,0.0,0.0","-5.0,0.0,0.0","0,0,0"
1747092329.1354957,"-22.0,0.0,0.0","-33.0,0.0,0.0","-24.0,0.0,0.0","-8.0,0.0,0.0","0,0,0"
1747092329.1860657,"-22.0,0.0,0.0","-33.0,0.0,0.0","-24.0,0.0,0.0","-8.0,0.0,0.0","0,0,0"
1747092329.2360873,"-24.0,0.0,0.0","-36.0,0.0,0.0","-24.0,0.0,0.0","-12.0,0.0,0.0","0,0,0"
1747092329.286703,"-27.0,0.0,0.0","-41.0,0.0,0.0","-24.0,0.0,0.0","-15.0,0.0,0.0","0,0,0"
1747092329.337492,"-32.0,0.0,0.0","-46.0,0.0,0.0","-24.0,0.0,0.0","0.0,0.0,0.0","0,0,0"
1747092329.3879094,"-38.0,0.0,0.0","-53.0,0.0,0.0","-24.0,0.0,0.0","0.0,0.0,0.0","0,0,0"
1747092329.4385285,"-38.0,0.0,0.0","-53.0,0.0,0.0","-24.0,0.0,0.0","0.0,0.0,0.0","0,0,0"
1747092329.488584,"-44.0,0.0,0.0","-57.0,0.0,0.0","-24.0,0.0,0.0","0.0,0.0,0.0","0,0,0"
1747092329.5385919,"-48.0,0.0,0.0","-57.0,0.0,0.0","0.0,0.0,0.0","0.0,0.0,0.0","0,0,0"
1747092329.5888398,"-58.0,0.0,0.0","-69.0,0.0,0.0","0.0,0.0,0.0","0.0,0.0,0.0","0,0,0"
1747092329.6396878,"-76.0,0.0,0.0","-82.0,0.0,0.0","0.0,0.0,0.0","0.0,0.0,0.0","0,0,0"
1747092329.6897964,"-81.0,0.0,0.0","-86.0,0.0,0.0","0.0,0.0,0.0","0.0,0.0,0.0","0,0,0"
1747092329.7405689,"-84.0,0.0,0.0","-89.0,0.0,0.0","0.0,0.0,0.0","0.0,0.0,0.0","0,0,0"
1747092329.7914062,"-86.0,0.0,0.0","-92.0,0.0,0.0","0.0,0.0,0.0","0.0,0.0,0.0","0,0,0"
1747092329.8417923,"-86.0,0.0,0.0","-92.0,0.0,0.0","0.0,0.0,0.0","0.0,0.0,0.0","0,0,0"
1747092329.8930743,"-86.0,0.0,0.0","-92.0,0.0,0.0","0.0,0.0,0.0","0.0,0.0,0.0","0,0,0"
1747092329.9441323,"-85.0,0.0,0.0","-92.0,0.0,0.0","0.0,0.0,0.0","0.0,0.0,0.0","0,0,0"
1747092329.9951046,"-85.0,0.0,0.0","-92.0,0.0,0.0","0.0,0.0,0.0","0.0,0.0,0.0","0,0,0"
1747092330.0459144,"-85.0,0.0,0.0","-91.0,0.0,0.0","0.0,0.0,0.0","0.0,0.0,0.0","0,0,0"
1747092330.0961335,"-80.0,0.0,0.0","-83.0,0.0,0.0","0.0,0.0,0.0","0.0,0.0,0.0","0,0,0"
1747092330.1473415,"-71.0,0.0,0.0","-74.0,0.0,0.0","0.0,0.0,0.0","0.0,0.0,0.0","0,0,0"
1747092330.1973796,"-67.0,0.0,0.0","-70.0,0.0,0.0","0.0,0.0,0.0","0.0,0.0,0.0","0,0,0"
1747092330.247586,"-56.0,0.0,0.0","-58.0,0.0,0.0","0.0,0.0,0.0","0.0,0.0,0.0","0,0,0"
1747092330.298557,"-45.0,0.0,0.0","-51.0,0.0,0.0","0.0,0.0,0.0","0.0,0.0,0.0","0,0,0"
1747092330.349352,"-36.0,0.0,0.0","-35.0,0.0,0.0","-24.0,0.0,0.0","-20.0,0.0,0.0","0,0,0"
1747092330.3995247,"-32.0,0.0,0.0","-29.0,0.0,0.0","-24.0,0.0,0.0","-11.0,0.0,0.0","0,0,0"
1747092330.450251,"-22.0,0.0,0.0","-19.0,0.0,0.0","-24.0,0.0,0.0","-1.0,0.0,0.0","0,0,0"
1747092330.5009968,"-22.0,0.0,0.0","-17.0,0.0,0.0","-24.0,0.0,0.0","4.0,0.0,0.0","0,0,0"
1747092330.5513773,"-22.0,0.0,0.0","-17.0,0.0,0.0","-24.0,0.0,0.0","4.0,0.0,0.0","0,0,0"
1747092330.6014626,"-22.0,0.0,0.0","-17.0,0.0,0.0","-24.0,0.0,0.0","4.0,0.0,0.0","0,0,0"
1747092330.6537757,"-22.0,0.0,0.0","-17.0,0.0,0.0","-24.0,0.0,0.0","4.0,0.0,0.0","0,0,0"
1747092330.7038434,"-22.0,0.0,0.0","-17.0,0.0,0.0","-24.0,0.0,0.0","4.0,0.0,0.0","0,0,0"
1747092330.753934,"-26.0,0.0,0.0","-21.0,0.0,0.0","-24.0,0.0,0.0","-3.0,0.0,0.0","0,0,0"
1747092330.8043506,"-29.0,0.0,0.0","-24.0,0.0,0.0","-24.0,0.0,0.0","-7.0,0.0,0.0","0,0,0"
1747092330.8544147,"-31.0,0.0,0.0","-32.0,0.0,0.0","-24.0,0.0,0.0","-14.0,0.0,0.0","0,0,0"
1747092330.9044597,"-37.0,0.0,0.0","-38.0,0.0,0.0","-24.0,0.0,0.0","-19.0,0.0,0.0","0,0,0"
1747092330.955146,"-44.0,0.0,0.0","-53.0,0.0,0.0","-24.0,0.0,0.0","0.0,0.0,0.0","0,0,0"
1747092331.0052233,"-58.0,0.0,0.0","-67.0,0.0,0.0","0.0,0.0,0.0","0.0,0.0,0.0","0,0,0"
1747092331.0555258,"-65.0,0.0,0.0","-74.0,0.0,0.0","0.0,0.0,0.0","0.0,0.0,0.0","0,0,0"
1747092331.1061192,"-68.0,0.0,0.0","-79.0,0.0,0.0","0.0,0.0,0.0","0.0,0.0,0.0","0,0,0"
1747092331.1574192,"-79.0,0.0,0.0","-98.0,0.0,0.0","0.0,0.0,0.0","0.0,0.0,0.0","0,0,0"
1747092331.207514,"-81.0,0.0,0.0","-98.0,0.0,0.0","0.0,0.0,0.0","0.0,0.0,0.0","0,0,0"
1747092331.2584064,"-81.0,0.0,0.0","-98.0,0.0,0.0","0.0,0.0,0.0","0.0,0.0,0.0","0,0,0"
1747092331.3085845,"-81.0,0.0,0.0","-98.0,0.0,0.0","0.0,0.0,0.0","0.0,0.0,0.0","0,0,0"
1747092331.359221,"-81.0,0.0,0.0","-98.0,0.0,0.0","0.0,0.0,0.0","0.0,0.0,0.0","0,0,0"
1747092331.4098725,"-81.0,0.0,0.0","-98.0,0.0,0.0","0.0,0.0,0.0","0.0,0.0,0.0","0,0,0"
1747092331.4601212,"-77.0,0.0,0.0","-89.0,0.0,0.0","0.0,0.0,0.0","0.0,0.0,0.0","0,0,0"
1747092331.5109985,"-67.0,0.0,0.0","-78.0,0.0,0.0","0.0,0.0,0.0","0.0,0.0,0.0","0,0,0"
1747092331.5696466,"-52.0,0.0,0.0","-62.0,0.0,0.0","0.0,0.0,0.0","0.0,0.0,0.0","0,0,0"
1747092331.6202962,"-38.0,0.0,0.0","-48.0,0.0,0.0","-24.0,0.0,0.0","0.0,0.0,0.0","0,0,0"
1747092331.6704006,"-33.0,0.0,0.0","-30.0,0.0,0.0","-24.0,0.0,0.0","-26.0,0.0,0.0","0,0,0"
1747092331.7206254,"-31.0,0.0,0.0","-30.0,0.0,0.0","-24.0,0.0,0.0","-26.0,0.0,0.0","0,0,0"
1747092331.772244,"-31.0,0.0,0.0","-30.0,0.0,0.0","-24.0,0.0,0.0","-26.0,0.0,0.0","0,0,0"
1747092331.8335006,"-31.0,0.0,0.0","-30.0,0.0,0.0","-24.0,0.0,0.0","-26.0,0.0,0.0","0,0,0"
1747092331.8846428,"-31.0,0.0,0.0","-30.0,0.0,0.0","-24.0,0.0,0.0","-27.0,0.0,0.0","0,0,0"
1747092331.9356003,"-40.0,0.0,0.0","-38.0,0.0,0.0","-24.0,0.0,0.0","-44.0,0.0,0.0","0,0,0"
1747092331.9865437,"-49.0,0.0,0.0","-45.0,0.0,0.0","0.0,0.0,0.0","0.0,0.0,0.0","0,0,0"
1747092332.0371964,"-63.0,0.0,0.0","-62.0,0.0,0.0","0.0,0.0,0.0","0.0,0.0,0.0","0,0,0"
1747092332.0874982,"-81.0,0.0,0.0","-85.0,0.0,0.0","0.0,0.0,0.0","0.0,0.0,0.0","0,0,0"
1747092332.138391,"-88.0,0.0,0.0","-102.0,0.0,0.0","0.0,0.0,0.0","0.0,0.0,0.0","0,0,0"
1747092332.1885173,"-88.0,0.0,0.0","-102.0,0.0,0.0","0.0,0.0,0.0","0.0,0.0,0.0","0,0,0"
1747092332.2393827,"-88.0,0.0,0.0","-102.0,0.0,0.0","0.0,0.0,0.0","0.0,0.0,0.0","0,0,0"
1747092332.2894707,"-88.0,0.0,0.0","-102.0,0.0,0.0","0.0,0.0,0.0","0.0,0.0,0.0","0,0,0"
1747092332.3395813,"-86.0,0.0,0.0","-101.0,0.0,0.0","0.0,0.0,0.0","0.0,0.0,0.0","0,0,0"
1747092332.3916137,"-81.0,0.0,0.0","-94.0,0.0,0.0","0.0,0.0,0.0","0.0,0.0,0.0","0,0,0"
1747092332.442598,"-81.0,0.0,0.0","-94.0,0.0,0.0","0.0,0.0,0.0","0.0,0.0,0.0","0,0,0"
1747092332.4926825,"-74.0,0.0,0.0","-85.0,0.0,0.0","0.0,0.0,0.0","0.0,0.0,0.0","0,0,0"
1747092332.5431223,"-53.0,0.0,0.0","-66.0,0.0,0.0","0.0,0.0,0.0","0.0,0.0,0.0","0,0,0"
1747092332.5931807,"-34.0,0.0,0.0","-42.0,0.0,0.0","-24.0,0.0,0.0","-42.0,0.0,0.0","0,0,0"
1747092332.6435397,"-34.0,0.0,0.0","-33.0,0.0,0.0","-24.0,0.0,0.0","-39.0,0.0,0.0","0,0,0"
1747092332.6936102,"-34.0,0.0,0.0","-33.0,0.0,0.0","-24.0,0.0,0.0","-39.0,0.0,0.0","0,0,0"
1747092332.743683,"-34.0,0.0,0.0","-33.0,0.0,0.0","-24.0,0.0,0.0","-39.0,0.0,0.0","0,0,0"
1747092332.793813,"-34.0,0.0,0.0","-33.0,0.0,0.0","-24.0,0.0,0.0","-39.0,0.0,0.0","0,0,0"
1747092332.8445067,"-34.0,0.0,0.0","-33.0,0.0,0.0","-24.0,0.0,0.0","-39.0,0.0,0.0","0,0,0"
1747092332.895108,"-34.0,0.0,0.0","-33.0,0.0,0.0","-24.0,0.0,0.0","-39.0,0.0,0.0","0,0,0"
1747092332.9457428,"-53.0,0.0,0.0","-55.0,0.0,0.0","0.0,0.0,0.0","0.0,0.0,0.0","0,0,0"
1747092332.996268,"-71.0,0.0,0.0","-70.0,0.0,0.0","0.0,0.0,0.0","0.0,0.0,0.0","0,0,0"
1747092333.046338,"-76.0,0.0,0.0","-75.0,0.0,0.0","0.0,0.0,0.0","0.0,0.0,0.0","0,0,0"
1747092333.0963838,"-86.0,0.0,0.0","-87.0,0.0,0.0","0.0,0.0,0.0","0.0,0.0,0.0","0,0,0"
1747092333.1466188,"-87.0,0.0,0.0","-96.0,0.0,0.0","0.0,0.0,0.0","0.0,0.0,0.0","0,0,0"
1747092333.196668,"-87.0,0.0,0.0","-96.0,0.0,0.0","0.0,0.0,0.0","0.0,0.0,0.0","0,0,0"
1747092333.2473507,"-87.0,0.0,0.0","-96.0,0.0,0.0","0.0,0.0,0.0","0.0,0.0,0.0","0,0,0"
1747092333.297388,"-78.0,0.0,0.0","-92.0,0.0,0.0","0.0,0.0,0.0","0.0,0.0,0.0","0,0,0"
1747092333.3478212,"-67.0,0.0,0.0","-79.0,0.0,0.0","0.0,0.0,0.0","0.0,0.0,0.0","0,0,0"
1747092333.398463,"-50.0,0.0,0.0","-59.0,0.0,0.0","0.0,0.0,0.0","0.0,0.0,0.0","0,0,0"
1747092333.4488196,"-30.0,0.0,0.0","-29.0,0.0,0.0","-24.0,0.0,0.0","-29.0,0.0,0.0","0,0,0"
1747092333.499386,"-22.0,0.0,0.0","-27.0,0.0,0.0","-24.0,0.0,0.0","-23.0,0.0,0.0","0,0,0"
1747092333.5494254,"-16.0,0.0,0.0","-25.0,0.0,0.0","-24.0,0.0,0.0","-22.0,0.0,0.0","0,0,0"
1747092333.5996826,"-14.0,0.0,0.0","-25.0,0.0,0.0","-24.0,0.0,0.0","-22.0,0.0,0.0","0,0,0"
1747092333.6505346,"-14.0,0.0,0.0","-25.0,0.0,0.0","-24.0,0.0,0.0","-22.0,0.0,0.0","0,0,0"
1747092333.7009847,"-14.0,0.0,0.0","-25.0,0.0,0.0","-24.0,0.0,0.0","-22.0,0.0,0.0","0,0,0"
1747092333.7520955,"-14.0,0.0,0.0","-28.0,0.0,0.0","-24.0,0.0,0.0","-31.0,0.0,0.0","0,0,0"
1747092333.802634,"-20.0,0.0,0.0","-38.0,0.0,0.0","-24.0,0.0,0.0","-47.0,0.0,0.0","0,0,0"
1747092333.8535464,"-43.0,0.0,0.0","-63.0,0.0,0.0","-24.0,0.0,0.0","0.0,0.0,0.0","0,0,0"
1747092333.9037917,"-64.0,0.0,0.0","-92.0,0.0,0.0","0.0,0.0,0.0","0.0,0.0,0.0","0,0,0"
1747092333.9541414,"-86.0,0.0,0.0","-98.0,0.0,0.0","0.0,0.0,0.0","0.0,0.0,0.0","0,0,0"
1747092334.0047216,"-87.0,0.0,0.0","-101.0,0.0,0.0","0.0,0.0,0.0","0.0,0.0,0.0","0,0,0"
1747092334.0559864,"-88.0,0.0,0.0","-102.0,0.0,0.0","0.0,0.0,0.0","0.0,0.0,0.0","0,0,0"
1747092334.1061523,"-88.0,0.0,0.0","-102.0,0.0,0.0","0.0,0.0,0.0","0.0,0.0,0.0","0,0,0"
1747092334.1575422,"-88.0,0.0,0.0","-102.0,0.0,0.0","0.0,0.0,0.0","0.0,0.0,0.0","0,0,0"
1747092334.207689,"-88.0,0.0,0.0","-102.0,0.0,0.0","0.0,0.0,0.0","0.0,0.0,0.0","0,0,0"
1747092334.2577512,"-87.0,0.0,0.0","-101.0,0.0,0.0","0.0,0.0,0.0","0.0,0.0,0.0","0,0,0"
1747092334.3087273,"-79.0,0.0,0.0","-96.0,0.0,0.0","0.0,0.0,0.0","0.0,0.0,0.0","0,0,0"
1747092334.3596134,"-76.0,0.0,0.0","-94.0,0.0,0.0","0.0,0.0,0.0","0.0,0.0,0.0","0,0,0"
1747092334.4101243,"-60.0,0.0,0.0","-83.0,0.0,0.0","0.0,0.0,0.0","0.0,0.0,0.0","0,0,0"
1747092334.4603894,"-47.0,0.0,0.0","-71.0,0.0,0.0","0.0,0.0,0.0","0.0,0.0,0.0","0,0,0"
1747092334.5104167,"-41.0,0.0,0.0","-64.0,0.0,0.0","-24.0,0.0,0.0","0.0,0.0,0.0","0,0,0"
1747092334.5605645,"-21.0,0.0,0.0","-40.0,0.0,0.0","-24.0,0.0,0.0","-45.0,0.0,0.0","0,0,0"
1747092334.6119227,"-18.0,0.0,0.0","-27.0,0.0,0.0","-24.0,0.0,0.0","-27.0,0.0,0.0","0,0,0"
1747092334.6624477,"-18.0,0.0,0.0","-27.0,0.0,0.0","-24.0,0.0,0.0","-27.0,0.0,0.0","0,0,0"
1747092334.7125075,"-18.0,0.0,0.0","-27.0,0.0,0.0","-24.0,0.0,0.0","-27.0,0.0,0.0","0,0,0"
1747092334.76324,"-18.0,0.0,0.0","-27.0,0.0,0.0","-24.0,0.0,0.0","-27.0,0.0,0.0","0,0,0"
1747092334.8140202,"-19.0,0.0,0.0","-27.0,0.0,0.0","-24.0,0.0,0.0","-27.0,0.0,0.0","0,0,0"
1747092334.8644907,"-22.0,0.0,0.0","-30.0,0.0,0.0","-24.0,0.0,0.0","-36.0,0.0,0.0","0,0,0"
1747092334.914992,"-44.0,0.0,0.0","-50.0,0.0,0.0","-24.0,0.0,0.0","0.0,0.0,0.0","0,0,0"
1747092334.9656801,"-75.0,0.0,0.0","-73.0,0.0,0.0","0.0,0.0,0.0","0.0,0.0,0.0","0,0,0"
1747092335.0161014,"-90.0,0.0,0.0","-86.0,0.0,0.0","0.0,0.0,0.0","0.0,0.0,0.0","0,0,0"
1747092335.0667458,"-99.0,0.0,0.0","-100.0,0.0,0.0","0.0,0.0,0.0","0.0,0.0,0.0","0,0,0"
1747092335.118648,"-99.0,0.0,0.0","-100.0,0.0,0.0","0.0,0.0,0.0","0.0,0.0,0.0","0,0,0"
1747092335.168705,"-99.0,0.0,0.0","-100.0,0.0,0.0","0.0,0.0,0.0","0.0,0.0,0.0","0,0,0"
1747092335.2188032,"-99.0,0.0,0.0","-100.0,0.0,0.0","0.0,0.0,0.0","0.0,0.0,0.0","0,0,0"
1747092335.2693415,"-98.0,0.0,0.0","-97.0,0.0,0.0","0.0,0.0,0.0","0.0,0.0,0.0","0,0,0"
1747092335.3195016,"-97.0,0.0,0.0","-92.0,0.0,0.0","0.0,0.0,0.0","0.0,0.0,0.0","0,0,0"
1747092335.3704438,"-96.0,0.0,0.0","-92.0,0.0,0.0","0.0,0.0,0.0","0.0,0.0,0.0","0,0,0"
1747092335.4213467,"-96.0,0.0,0.0","-90.0,0.0,0.0","0.0,0.0,0.0","0.0,0.0,0.0","0,0,0"
1747092335.4719417,"-96.0,0.0,0.0","-90.0,0.0,0.0","0.0,0.0,0.0","0.0,0.0,0.0","0,0,0"
1747092335.5226736,"-96.0,0.0,0.0","-89.0,0.0,0.0","0.0,0.0,0.0","0.0,0.0,0.0","0,0,0"
1747092335.5739083,"-96.0,0.0,0.0","-88.0,0.0,0.0","0.0,0.0,0.0","0.0,0.0,0.0","0,0,0"
1747092335.626023,"-95.0,0.0,0.0","-88.0,0.0,0.0","0.0,0.0,0.0","0.0,0.0,0.0","0,0,0"
1747092335.6766925,"-95.0,0.0,0.0","-88.0,0.0,0.0","0.0,0.0,0.0","0.0,0.0,0.0","0,0,0"
1747092335.7275612,"-95.0,0.0,0.0","-89.0,0.0,0.0","0.0,0.0,0.0","0.0,0.0,0.0","0,0,0"
1747092335.778025,"-95.0,0.0,0.0","-89.0,0.0,0.0","0.0,0.0,0.0","0.0,0.0,0.0","0,0,0"
1747092335.8287048,"-95.0,0.0,0.0","-89.0,0.0,0.0","0.0,0.0,0.0","0.0,0.0,0.0","0,0,0"
1747092335.8787405,"-95.0,0.0,0.0","-89.0,0.0,0.0","0.0,0.0,0.0","0.0,0.0,0.0","0,0,0"
1747092335.9293396,"-95.0,0.0,0.0","-89.0,0.0,0.0","0.0,0.0,0.0","0.0,0.0,0.0","0,0,0"
1747092335.9814825,"-95.0,0.0,0.0","-89.0,0.0,0.0","0.0,0.0,0.0","0.0,0.0,0.0","0,0,0"
1747092336.0342023,"-95.0,0.0,0.0","-89.0,0.0,0.0","0.0,0.0,0.0","0.0,0.0,0.0","0,0,0"
1747092336.0847762,"-96.0,0.0,0.0","-89.0,0.0,0.0","0.0,0.0,0.0","0.0,0.0,0.0","0,0,0"
1747092336.1354134,"-96.0,0.0,0.0","-89.0,0.0,0.0","0.0,0.0,0.0","0.0,0.0,0.0","0,0,0"
1747092336.1864142,"-96.0,0.0,0.0","-89.0,0.0,0.0","0.0,0.0,0.0","0.0,0.0,0.0","0,0,0"
1747092336.237711,"-96.0,0.0,0.0","-89.0,0.0,0.0","0.0,0.0,0.0","0.0,0.0,0.0","0,0,0"
1747092336.2883618,"-96.0,0.0,0.0","-89.0,0.0,0.0","0.0,0.0,0.0","0.0,0.0,0.0","0,0,0"
1747092336.3392456,"-96.0,0.0,0.0","-89.0,0.0,0.0","0.0,0.0,0.0","0.0,0.0,0.0","0,0,0"
1747092336.3899245,"-97.0,0.0,0.0","-89.0,0.0,0.0","0.0,0.0,0.0","0.0,0.0,0.0","0,0,0"
1747092336.4407854,"-97.0,0.0,0.0","-90.0,0.0,0.0","0.0,0.0,0.0","0.0,0.0,0.0","0,0,0"
1747092336.4915905,"-98.0,0.0,0.0","-91.0,0.0,0.0","0.0,0.0,0.0","0.0,0.0,0.0","0,0,0"
1747092336.5422826,"-98.0,0.0,0.0","-93.0,0.0,0.0","0.0,0.0,0.0","0.0,0.0,0.0","0,0,0"
1747092336.592369,"-99.0,0.0,0.0","-95.0,0.0,0.0","0.0,0.0,0.0","0.0,0.0,0.0","0,0,0"
1747092336.6494348,"-99.0,0.0,0.0","-98.0,0.0,0.0","0.0,0.0,0.0","0.0,0.0,0.0","0,0,0"
1747092336.7005079,"-98.0,0.0,0.0","-98.0,0.0,0.0","0.0,0.0,0.0","0.0,0.0,0.0","0,0,0"
1747092336.7508364,"-98.0,0.0,0.0","-98.0,0.0,0.0","0.0,0.0,0.0","0.0,0.0,0.0","0,0,0"
1747092336.8017292,"-98.0,0.0,0.0","-98.0,0.0,0.0","0.0,0.0,0.0","0.0,0.0,0.0","0,0,0"
1747092336.8519156,"-98.0,0.0,0.0","-98.0,0.0,0.0","0.0,0.0,0.0","0.0,0.0,0.0","0,0,0"
1747092336.9019787,"-97.0,0.0,0.0","-97.0,0.0,0.0","0.0,0.0,0.0","0.0,0.0,0.0","0,0,0"
1747092336.9520807,"-89.0,0.0,0.0","-96.0,0.0,0.0","0.0,0.0,0.0","0.0,0.0,0.0","0,0,0"
1747092337.0022035,"-78.0,0.0,0.0","-85.0,0.0,0.0","0.0,0.0,0.0","0.0,0.0,0.0","0,0,0"
1747092337.0524967,"-66.0,0.0,0.0","-70.0,0.0,0.0","0.0,0.0,0.0","0.0,0.0,0.0","0,0,0"
1747092337.102606,"-61.0,0.0,0.0","-65.0,0.0,0.0","0.0,0.0,0.0","0.0,0.0,0.0","0,0,0"
1747092337.1527765,"-45.0,0.0,0.0","-46.0,0.0,0.0","0.0,0.0,0.0","0.0,0.0,0.0","0,0,0"
1747092337.203689,"-37.0,0.0,0.0","-35.0,0.0,0.0","-24.0,0.0,0.0","-21.0,0.0,0.0","0,0,0"
1747092337.253884,"-29.0,0.0,0.0","-20.0,0.0,0.0","-24.0,0.0,0.0","-6.0,0.0,0.0","0,0,0"
1747092337.3047423,"-22.0,0.0,0.0","-10.0,0.0,0.0","-24.0,0.0,0.0","9.0,0.0,0.0","0,0,0"
1747092337.3554606,"-19.0,0.0,0.0","-5.0,0.0,0.0","-24.0,0.0,0.0","14.0,0.0,0.0","0,0,0"
1747092337.4056878,"-15.0,0.0,0.0","3.0,0.0,0.0","-24.0,0.0,0.0","29.0,0.0,0.0","0,0,0"
1747092337.455714,"-13.0,0.0,0.0","6.0,0.0,0.0","-24.0,0.0,0.0","34.0,0.0,0.0","0,0,0"
1747092337.5064862,"-12.0,0.0,0.0","7.0,0.0,0.0","-24.0,0.0,0.0","35.0,0.0,0.0","0,0,0"
1747092337.5574484,"-12.0,0.0,0.0","8.0,0.0,0.0","-24.0,0.0,0.0","36.0,0.0,0.0","0,0,0"
1747092337.6075482,"-10.0,0.0,0.0","10.0,0.0,0.0","-24.0,0.0,0.0","39.0,0.0,0.0","0,0,0"
1747092337.658732,"-10.0,0.0,0.0","10.0,0.0,0.0","-24.0,0.0,0.0","40.0,0.0,0.0","0,0,0"
1747092337.709316,"-9.0,0.0,0.0","10.0,0.0,0.0","-24.0,0.0,0.0","40.0,0.0,0.0","0,0,0"
1747092337.759649,"-9.0,0.0,0.0","10.0,0.0,0.0","-24.0,0.0,0.0","40.0,0.0,0.0","0,0,0"
1747092337.8106012,"-9.0,0.0,0.0","10.0,0.0,0.0","-24.0,0.0,0.0","40.0,0.0,0.0","0,0,0"
1747092337.8614385,"-9.0,0.0,0.0","10.0,0.0,0.0","-24.0,0.0,0.0","39.0,0.0,0.0","0,0,0"
1747092337.9117167,"-10.0,0.0,0.0","10.0,0.0,0.0","-24.0,0.0,0.0","34.0,0.0,0.0","0,0,0"
1747092337.9623315,"-10.0,0.0,0.0","9.0,0.0,0.0","-24.0,0.0,0.0","29.0,0.0,0.0","0,0,0"
1747092338.0123427,"-18.0,0.0,0.0","-1.0,0.0,0.0","-24.0,0.0,0.0","10.0,0.0,0.0","0,0,0"
1747092338.0624218,"-21.0,0.0,0.0","-8.0,0.0,0.0","-24.0,0.0,0.0","6.0,0.0,0.0","0,0,0"
1747092338.1133635,"-22.0,0.0,0.0","-13.0,0.0,0.0","-24.0,0.0,0.0","-1.0,0.0,0.0","0,0,0"
1747092338.1636302,"-34.0,0.0,0.0","-22.0,0.0,0.0","-24.0,0.0,0.0","-11.0,0.0,0.0","0,0,0"
1747092338.2154748,"-39.0,0.0,0.0","-30.0,0.0,0.0","-24.0,0.0,0.0","-19.0,0.0,0.0","0,0,0"
1747092338.266389,"-67.0,0.0,0.0","-66.0,0.0,0.0","0.0,0.0,0.0","0.0,0.0,0.0","0,0,0"
1747092338.3173664,"-84.0,0.0,0.0","-85.0,0.0,0.0","0.0,0.0,0.0","0.0,0.0,0.0","0,0,0"
1747092338.367485,"-90.0,0.0,0.0","-93.0,0.0,0.0","0.0,0.0,0.0","0.0,0.0,0.0","0,0,0"
1747092338.4175575,"-93.0,0.0,0.0","-95.0,0.0,0.0","0.0,0.0,0.0","0.0,0.0,0.0","0,0,0"
1747092338.4677417,"-96.0,0.0,0.0","-99.0,0.0,0.0","0.0,0.0,0.0","0.0,0.0,0.0","0,0,0"
1747092338.5185428,"-96.0,0.0,0.0","-100.0,0.0,0.0","0.0,0.0,0.0","0.0,0.0,0.0","0,0,0"
1747092338.5693285,"-96.0,0.0,0.0","-100.0,0.0,0.0","0.0,0.0,0.0","0.0,0.0,0.0","0,0,0"
1747092338.6205094,"-96.0,0.0,0.0","-100.0,0.0,0.0","0.0,0.0,0.0","0.0,0.0,0.0","0,0,0"
1747092338.6705647,"-96.0,0.0,0.0","-99.0,0.0,0.0","0.0,0.0,0.0","0.0,0.0,0.0","0,0,0"
1747092338.7207866,"-96.0,0.0,0.0","-98.0,0.0,0.0","0.0,0.0,0.0","0.0,0.0,0.0","0,0,0"
1747092338.7713647,"-96.0,0.0,0.0","-93.0,0.0,0.0","0.0,0.0,0.0","0.0,0.0,0.0","0,0,0"
1747092338.8223305,"-96.0,0.0,0.0","-92.0,0.0,0.0","0.0,0.0,0.0","0.0,0.0,0.0","0,0,0"
1747092338.8726776,"-96.0,0.0,0.0","-91.0,0.0,0.0","0.0,0.0,0.0","0.0,0.0,0.0","0,0,0"
1747092338.923012,"-96.0,0.0,0.0","-91.0,0.0,0.0","0.0,0.0,0.0","0.0,0.0,0.0","0,0,0"
1747092338.9734182,"-96.0,0.0,0.0","-91.0,0.0,0.0","0.0,0.0,0.0","0.0,0.0,0.0","0,0,0"
1747092339.0240426,"-96.0,0.0,0.0","-91.0,0.0,0.0","0.0,0.0,0.0","0.0,0.0,0.0","0,0,0"
1747092339.0746222,"-96.0,0.0,0.0","-90.0,0.0,0.0","0.0,0.0,0.0","0.0,0.0,0.0","0,0,0"
1747092339.1252787,"-96.0,0.0,0.0","-89.0,0.0,0.0","0.0,0.0,0.0","0.0,0.0,0.0","0,0,0"
1747092339.1753337,"-96.0,0.0,0.0","-89.0,0.0,0.0","0.0,0.0,0.0","0.0,0.0,0.0","0,0,0"
1747092339.2258713,"-96.0,0.0,0.0","-89.0,0.0,0.0","0.0,0.0,0.0","0.0,0.0,0.0","0,0,0"
1747092339.2765663,"-96.0,0.0,0.0","-89.0,0.0,0.0","0.0,0.0,0.0","0.0,0.0,0.0","0,0,0"
1747092339.3272512,"-96.0,0.0,0.0","-89.0,0.0,0.0","0.0,0.0,0.0","0.0,0.0,0.0","0,0,0"
1747092339.377557,"-96.0,0.0,0.0","-89.0,0.0,0.0","0.0,0.0,0.0","0.0,0.0,0.0","0,0,0"
1747092339.4278548,"-96.0,0.0,0.0","-89.0,0.0,0.0","0.0,0.0,0.0","0.0,0.0,0.0","0,0,0"
1747092339.4786117,"-96.0,0.0,0.0","-89.0,0.0,0.0","0.0,0.0,0.0","0.0,0.0,0.0","0,0,0"
1747092339.529813,"-96.0,0.0,0.0","-89.0,0.0,0.0","0.0,0.0,0.0","0.0,0.0,0.0","0,0,0"
1747092339.580433,"-96.0,0.0,0.0","-89.0,0.0,0.0","0.0,0.0,0.0","0.0,0.0,0.0","0,0,0"
1747092339.6311216,"-96.0,0.0,0.0","-89.0,0.0,0.0","0.0,0.0,0.0","0.0,0.0,0.0","0,0,0"
1747092339.6817527,"-96.0,0.0,0.0","-89.0,0.0,0.0","0.0,0.0,0.0","0.0,0.0,0.0","0,0,0"
1747092339.7327247,"-95.0,0.0,0.0","-89.0,0.0,0.0","0.0,0.0,0.0","0.0,0.0,0.0","0,0,0"
1747092339.7828047,"-95.0,0.0,0.0","-89.0,0.0,0.0","0.0,0.0,0.0","0.0,0.0,0.0","0,0,0"
1747092339.8329968,"-95.0,0.0,0.0","-88.0,0.0,0.0","0.0,0.0,0.0","0.0,0.0,0.0","0,0,0"
1747092339.8835645,"-95.0,0.0,0.0","-88.0,0.0,0.0","0.0,0.0,0.0","0.0,0.0,0.0","0,0,0"
1747092339.9337025,"-96.0,0.0,0.0","-88.0,0.0,0.0","0.0,0.0,0.0","0.0,0.0,0.0","0,0,0"
1747092339.9846008,"-96.0,0.0,0.0","-89.0,0.0,0.0","0.0,0.0,0.0","0.0,0.0,0.0","0,0,0"
1747092340.0346518,"-96.0,0.0,0.0","-89.0,0.0,0.0","0.0,0.0,0.0","0.0,0.0,0.0","0,0,0"
1747092340.0851498,"-96.0,0.0,0.0","-89.0,0.0,0.0","0.0,0.0,0.0","0.0,0.0,0.0","0,0,0"
1747092340.1357524,"-96.0,0.0,0.0","-89.0,0.0,0.0","0.0,0.0,0.0","0.0,0.0,0.0","0,0,0"
1747092340.1863186,"-97.0,0.0,0.0","-89.0,0.0,0.0","0.0,0.0,0.0","0.0,0.0,0.0","0,0,0"
1747092340.2373083,"-97.0,0.0,0.0","-90.0,0.0,0.0","0.0,0.0,0.0","0.0,0.0,0.0","0,0,0"
1747092340.287366,"-98.0,0.0,0.0","-93.0,0.0,0.0","0.0,0.0,0.0","0.0,0.0,0.0","0,0,0"
1747092340.3373723,"-99.0,0.0,0.0","-98.0,0.0,0.0","0.0,0.0,0.0","0.0,0.0,0.0","0,0,0"
1747092340.388111,"-99.0,0.0,0.0","-98.0,0.0,0.0","0.0,0.0,0.0","0.0,0.0,0.0","0,0,0"
1747092340.440104,"-99.0,0.0,0.0","-98.0,0.0,0.0","0.0,0.0,0.0","0.0,0.0,0.0","0,0,0"
1747092340.491783,"-99.0,0.0,0.0","-98.0,0.0,0.0","0.0,0.0,0.0","0.0,0.0,0.0","0,0,0"
1747092340.5424273,"-94.0,0.0,0.0","-97.0,0.0,0.0","0.0,0.0,0.0","0.0,0.0,0.0","0,0,0"
1747092340.5932994,"-90.0,0.0,0.0","-95.0,0.0,0.0","0.0,0.0,0.0","0.0,0.0,0.0","0,0,0"
1747092340.6437173,"-80.0,0.0,0.0","-81.0,0.0,0.0","0.0,0.0,0.0","0.0,0.0,0.0","0,0,0"
1747092340.693893,"-66.0,0.0,0.0","-66.0,0.0,0.0","0.0,0.0,0.0","0.0,0.0,0.0","0,0,0"
1747092340.7448878,"-61.0,0.0,0.0","-58.0,0.0,0.0","0.0,0.0,0.0","0.0,0.0,0.0","0,0,0"
1747092340.795444,"-44.0,0.0,0.0","-36.0,0.0,0.0","-24.0,0.0,0.0","-36.0,0.0,0.0","0,0,0"
1747092340.8455925,"-38.0,0.0,0.0","-30.0,0.0,0.0","-24.0,0.0,0.0","-29.0,0.0,0.0","0,0,0"
1747092340.8965068,"-33.0,0.0,0.0","-22.0,0.0,0.0","-24.0,0.0,0.0","-22.0,0.0,0.0","0,0,0"
1747092340.9465392,"-28.0,0.0,0.0","-15.0,0.0,0.0","-24.0,0.0,0.0","-12.0,0.0,0.0","0,0,0"
1747092340.9973574,"-10.0,0.0,0.0","10.0,0.0,0.0","-24.0,0.0,0.0","12.0,0.0,0.0","0,0,0"
1747092341.0475154,"-2.0,0.0,0.0","20.0,0.0,0.0","-24.0,0.0,0.0","25.0,0.0,0.0","0,0,0"
1747092341.0975893,"11.0,0.0,0.0","36.0,0.0,0.0","-24.0,0.0,0.0","45.0,0.0,0.0","0,0,0"
1747092341.1476612,"22.0,0.0,0.0","53.0,0.0,0.0","-24.0,0.0,0.0","0.0,0.0,0.0","0,0,0"
1747092341.1988287,"27.0,0.0,0.0","59.0,0.0,0.0","-24.0,0.0,0.0","0.0,0.0,0.0","0,0,0"
1747092341.2489495,"31.0,0.0,0.0","48.0,0.0,0.0","-24.0,0.0,0.0","0.0,0.0,0.0","0,0,0"
1747092341.299437,"51.0,0.0,0.0","54.0,0.0,0.0","0.0,0.0,0.0","0.0,0.0,0.0","0,0,0"
1747092341.3494973,"56.0,0.0,0.0","57.0,0.0,0.0","0.0,0.0,0.0","0.0,0.0,0.0","0,0,0"
1747092341.401938,"62.0,0.0,0.0","60.0,0.0,0.0","0.0,0.0,0.0","0.0,0.0,0.0","0,0,0"
1747092341.4528766,"65.0,0.0,0.0","63.0,0.0,0.0","0.0,0.0,0.0","0.0,0.0,0.0","0,0,0"
1747092341.5045378,"66.0,0.0,0.0","64.0,0.0,0.0","0.0,0.0,0.0","0.0,0.0,0.0","0,0,0"
1747092341.555451,"66.0,0.0,0.0","64.0,0.0,0.0","0.0,0.0,0.0","0.0,0.0,0.0","0,0,0"
1747092341.606474,"69.0,0.0,0.0","65.0,0.0,0.0","0.0,0.0,0.0","0.0,0.0,0.0","0,0,0"
1747092341.657546,"70.0,0.0,0.0","67.0,0.0,0.0","0.0,0.0,0.0","0.0,0.0,0.0","0,0,0"
1747092341.7154262,"72.0,0.0,0.0","67.0,0.0,0.0","0.0,0.0,0.0","0.0,0.0,0.0","0,0,0"
1747092341.7662685,"76.0,0.0,0.0","70.0,0.0,0.0","0.0,0.0,0.0","0.0,0.0,0.0","0,0,0"
1747092341.8163507,"79.0,0.0,0.0","72.0,0.0,0.0","0.0,0.0,0.0","0.0,0.0,0.0","0,0,0"
1747092341.8664308,"80.0,0.0,0.0","75.0,0.0,0.0","0.0,0.0,0.0","0.0,0.0,0.0","0,0,0"
1747092341.916617,"81.0,0.0,0.0","76.0,0.0,0.0","0.0,0.0,0.0","0.0,0.0,0.0","0,0,0"
1747092341.9676697,"81.0,0.0,0.0","76.0,0.0,0.0","0.0,0.0,0.0","0.0,0.0,0.0","0,0,0"
1747092342.018685,"84.0,0.0,0.0","79.0,0.0,0.0","0.0,0.0,0.0","0.0,0.0,0.0","0,0,0"
1747092342.0694387,"85.0,0.0,0.0","80.0,0.0,0.0","0.0,0.0,0.0","0.0,0.0,0.0","0,0,0"
1747092342.119655,"85.0,0.0,0.0","80.0,0.0,0.0","0.0,0.0,0.0","0.0,0.0,0.0","0,0,0"
1747092342.1700513,"86.0,0.0,0.0","80.0,0.0,0.0","0.0,0.0,0.0","0.0,0.0,0.0","0,0,0"
1747092342.2204907,"86.0,0.0,0.0","80.0,0.0,0.0","0.0,0.0,0.0","0.0,0.0,0.0","0,0,0"
1747092342.2705612,"87.0,0.0,0.0","80.0,0.0,0.0","0.0,0.0,0.0","0.0,0.0,0.0","0,0,0"
1747092342.3229215,"87.0,0.0,0.0","80.0,0.0,0.0","0.0,0.0,0.0","0.0,0.0,0.0","0,0,0"
1747092342.3812935,"87.0,0.0,0.0","80.0,0.0,0.0","0.0,0.0,0.0","0.0,0.0,0.0","0,0,0"
1747092342.4319766,"87.0,0.0,0.0","80.0,0.0,0.0","0.0,0.0,0.0","0.0,0.0,0.0","0,0,0"
1747092342.4821818,"86.0,0.0,0.0","79.0,0.0,0.0","0.0,0.0,0.0","0.0,0.0,0.0","0,0,0"
1747092342.5329404,"86.0,0.0,0.0","79.0,0.0,0.0","0.0,0.0,0.0","0.0,0.0,0.0","0,0,0"
1747092342.5829926,"86.0,0.0,0.0","79.0,0.0,0.0","0.0,0.0,0.0","0.0,0.0,0.0","0,0,0"
1747092342.633168,"86.0,0.0,0.0","79.0,0.0,0.0","0.0,0.0,0.0","0.0,0.0,0.0","0,0,0"
1747092342.6834426,"85.0,0.0,0.0","78.0,0.0,0.0","0.0,0.0,0.0","0.0,0.0,0.0","0,0,0"
1747092342.7335627,"84.0,0.0,0.0","78.0,0.0,0.0","0.0,0.0,0.0","0.0,0.0,0.0","0,0,0"
1747092342.7875407,"82.0,0.0,0.0","77.0,0.0,0.0","0.0,0.0,0.0","0.0,0.0,0.0","0,0,0"
1747092342.8382962,"81.0,0.0,0.0","76.0,0.0,0.0","0.0,0.0,0.0","0.0,0.0,0.0","0,0,0"
1747092342.8890564,"78.0,0.0,0.0","75.0,0.0,0.0","0.0,0.0,0.0","0.0,0.0,0.0","0,0,0"
1747092342.9390593,"77.0,0.0,0.0","73.0,0.0,0.0","0.0,0.0,0.0","0.0,0.0,0.0","0,0,0"
1747092342.9893866,"76.0,0.0,0.0","72.0,0.0,0.0","0.0,0.0,0.0","0.0,0.0,0.0","0,0,0"
1747092343.0397236,"71.0,0.0,0.0","71.0,0.0,0.0","0.0,0.0,0.0","0.0,0.0,0.0","0,0,0"
1747092343.0906904,"68.0,0.0,0.0","61.0,0.0,0.0","0.0,0.0,0.0","0.0,0.0,0.0","0,0,0"
1747092343.1415246,"63.0,0.0,0.0","58.0,0.0,0.0","0.0,0.0,0.0","0.0,0.0,0.0","0,0,0"
1747092343.1923435,"57.0,0.0,0.0","49.0,0.0,0.0","0.0,0.0,0.0","0.0,0.0,0.0","0,0,0"
1747092343.2425487,"50.0,0.0,0.0","62.0,0.0,0.0","0.0,0.0,0.0","0.0,0.0,0.0","0,0,0"
1747092343.2927048,"34.0,0.0,0.0","54.0,0.0,0.0","-24.0,0.0,0.0","0.0,0.0,0.0","0,0,0"
1747092343.3433444,"31.0,0.0,0.0","52.0,0.0,0.0","-24.0,0.0,0.0","0.0,0.0,0.0","0,0,0"
1747092343.3934102,"31.0,0.0,0.0","51.0,0.0,0.0","27.0,0.0,0.0","0.0,0.0,0.0","0,0,0"
1747092343.443468,"31.0,0.0,0.0","51.0,0.0,0.0","27.0,0.0,0.0","0.0,0.0,0.0","0,0,0"
1747092343.493616,"31.0,0.0,0.0","51.0,0.0,0.0","28.0,0.0,0.0","0.0,0.0,0.0","0,0,0"
1747092343.5510187,"31.0,0.0,0.0","51.0,0.0,0.0","30.0,0.0,0.0","0.0,0.0,0.0","0,0,0"
1747092343.6016908,"31.0,0.0,0.0","51.0,0.0,0.0","30.0,0.0,0.0","0.0,0.0,0.0","0,0,0"
1747092343.6520195,"31.0,0.0,0.0","51.0,0.0,0.0","30.0,0.0,0.0","0.0,0.0,0.0","0,0,0"
1747092343.7022934,"31.0,0.0,0.0","51.0,0.0,0.0","29.0,0.0,0.0","0.0,0.0,0.0","0,0,0"
1747092343.7523756,"31.0,0.0,0.0","51.0,0.0,0.0","28.0,0.0,0.0","0.0,0.0,0.0","0,0,0"
1747092343.8024626,"32.0,0.0,0.0","52.0,0.0,0.0","28.0,0.0,0.0","0.0,0.0,0.0","0,0,0"
1747092343.8526456,"32.0,0.0,0.0","52.0,0.0,0.0","28.0,0.0,0.0","0.0,0.0,0.0","0,0,0"
1747092343.9026752,"32.0,0.0,0.0","52.0,0.0,0.0","28.0,0.0,0.0","0.0,0.0,0.0","0,0,0"
1747092343.9533947,"31.0,0.0,0.0","52.0,0.0,0.0","28.0,0.0,0.0","0.0,0.0,0.0","0,0,0"
1747092344.0043578,"31.0,0.0,0.0","52.0,0.0,0.0","27.0,0.0,0.0","0.0,0.0,0.0","0,0,0"
1747092344.0545413,"31.0,0.0,0.0","52.0,0.0,0.0","27.0,0.0,0.0","0.0,0.0,0.0","0,0,0"
1747092344.1051798,"31.0,0.0,0.0","53.0,0.0,0.0","27.0,0.0,0.0","0.0,0.0,0.0","0,0,0"
1747092344.1558242,"31.0,0.0,0.0","53.0,0.0,0.0","27.0,0.0,0.0","0.0,0.0,0.0","0,0,0"
1747092344.2070954,"31.0,0.0,0.0","53.0,0.0,0.0","27.0,0.0,0.0","0.0,0.0,0.0","0,0,0"
1747092344.2594917,"31.0,0.0,0.0","53.0,0.0,0.0","26.0,0.0,0.0","0.0,0.0,0.0","0,0,0"
1747092344.3095455,"31.0,0.0,0.0","53.0,0.0,0.0","26.0,0.0,0.0","0.0,0.0,0.0","0,0,0"
1747092344.3596568,"30.0,0.0,0.0","52.0,0.0,0.0","26.0,0.0,0.0","0.0,0.0,0.0","0,0,0"
1747092344.4113107,"30.0,0.0,0.0","52.0,0.0,0.0","26.0,0.0,0.0","0.0,0.0,0.0","0,0,0"
1747092344.4625828,"30.0,0.0,0.0","51.0,0.0,0.0","25.0,0.0,0.0","0.0,0.0,0.0","0,0,0"
1747092344.5137973,"29.0,0.0,0.0","51.0,0.0,0.0","24.0,0.0,0.0","0.0,0.0,0.0","0,0,0"
1747092344.565136,"29.0,0.0,0.0","50.0,0.0,0.0","24.0,0.0,0.0","0.0,0.0,0.0","0,0,0"
1747092344.6154723,"29.0,0.0,0.0","50.0,0.0,0.0","24.0,0.0,0.0","0.0,0.0,0.0","0,0,0"
1747092344.6655884,"29.0,0.0,0.0","49.0,0.0,0.0","24.0,0.0,0.0","0.0,0.0,0.0","0,0,0"
1747092344.71608,"28.0,0.0,0.0","49.0,0.0,0.0","23.0,0.0,0.0","0.0,0.0,0.0","0,0,0"
1747092344.7666874,"27.0,0.0,0.0","48.0,0.0,0.0","22.0,0.0,0.0","0.0,0.0,0.0","0,0,0"
1747092344.817256,"27.0,0.0,0.0","47.0,0.0,0.0","21.0,0.0,0.0","0.0,0.0,0.0","0,0,0"
1747092344.8673944,"22.0,0.0,0.0","44.0,0.0,0.0","19.0,0.0,0.0","55.0,0.0,0.0","0,0,0"
1747092344.9179468,"21.0,0.0,0.0","43.0,0.0,0.0","16.0,0.0,0.0","54.0,0.0,0.0","0,0,0"
1747092344.968831,"19.0,0.0,0.0","36.0,0.0,0.0","11.0,0.0,0.0","50.0,0.0,0.0","0,0,0"
1747092345.0204015,"16.0,0.0,0.0","29.0,0.0,0.0","9.0,0.0,0.0","49.0,0.0,0.0","0,0,0"
1747092345.070458,"6.0,0.0,0.0","19.0,0.0,0.0","-2.0,0.0,0.0","45.0,0.0,0.0","0,0,0"
1747092345.1207328,"3.0,0.0,0.0","16.0,0.0,0.0","-3.0,0.0,0.0","45.0,0.0,0.0","0,0,0"
1747092345.1713657,"-2.0,0.0,0.0","7.0,0.0,0.0","-7.0,0.0,0.0","41.0,0.0,0.0","0,0,0"
1747092345.2218518,"-2.0,0.0,0.0","7.0,0.0,0.0","-7.0,0.0,0.0","41.0,0.0,0.0","0,0,0"
1747092345.2725258,"-3.0,0.0,0.0","5.0,0.0,0.0","-11.0,0.0,0.0","40.0,0.0,0.0","0,0,0"
1747092345.3229434,"-3.0,0.0,0.0","5.0,0.0,0.0","-10.0,0.0,0.0","38.0,0.0,0.0","0,0,0"
1747092345.3735297,"-3.0,0.0,0.0","5.0,0.0,0.0","-10.0,0.0,0.0","38.0,0.0,0.0","0,0,0"
1747092345.4241316,"-3.0,0.0,0.0","4.0,0.0,0.0","-10.0,0.0,0.0","38.0,0.0,0.0","0,0,0"
1747092345.4747038,"-3.0,0.0,0.0","5.0,0.0,0.0","-9.0,0.0,0.0","38.0,0.0,0.0","0,0,0"
1747092345.5288923,"-2.0,0.0,0.0","6.0,0.0,0.0","-8.0,0.0,0.0","38.0,0.0,0.0","0,0,0"
1747092345.5806146,"-2.0,0.0,0.0","7.0,0.0,0.0","-8.0,0.0,0.0","44.0,0.0,0.0","0,0,0"
1747092345.6315646,"-1.0,0.0,0.0","8.0,0.0,0.0","-7.0,0.0,0.0","45.0,0.0,0.0","0,0,0"
1747092345.6832297,"0.0,0.0,0.0","9.0,0.0,0.0","-6.0,0.0,0.0","46.0,0.0,0.0","0,0,0"
1747092345.733823,"2.0,0.0,0.0","11.0,0.0,0.0","-6.0,0.0,0.0","47.0,0.0,0.0","0,0,0"
1747092345.784417,"6.0,0.0,0.0","19.0,0.0,0.0","-3.0,0.0,0.0","48.0,0.0,0.0","0,0,0"
1747092345.834693,"12.0,0.0,0.0","27.0,0.0,0.0","2.0,0.0,0.0","49.0,0.0,0.0","0,0,0"
1747092345.884873,"13.0,0.0,0.0","30.0,0.0,0.0","3.0,0.0,0.0","51.0,0.0,0.0","0,0,0"
1747092345.9352508,"15.0,0.0,0.0","31.0,0.0,0.0","5.0,0.0,0.0","51.0,0.0,0.0","0,0,0"
1747092345.9853125,"24.0,0.0,0.0","50.0,0.0,0.0","18.0,0.0,0.0","0.0,0.0,0.0","0,0,0"
1747092346.0353818,"25.0,0.0,0.0","54.0,0.0,0.0","25.0,0.0,0.0","0.0,0.0,0.0","0,0,0"
1747092346.08548,"28.0,0.0,0.0","58.0,0.0,0.0","28.0,0.0,0.0","0.0,0.0,0.0","0,0,0"
1747092346.1361527,"28.0,0.0,0.0","59.0,0.0,0.0","28.0,0.0,0.0","0.0,0.0,0.0","0,0,0"
1747092346.186523,"28.0,0.0,0.0","59.0,0.0,0.0","28.0,0.0,0.0","0.0,0.0,0.0","0,0,0"
1747092346.2366703,"28.0,0.0,0.0","59.0,0.0,0.0","28.0,0.0,0.0","0.0,0.0,0.0","0,0,0"
1747092346.2874804,"28.0,0.0,0.0","59.0,0.0,0.0","28.0,0.0,0.0","0.0,0.0,0.0","0,0,0"
1747092346.3375497,"28.0,0.0,0.0","59.0,0.0,0.0","28.0,0.0,0.0","0.0,0.0,0.0","0,0,0"
1747092346.3883417,"28.0,0.0,0.0","59.0,0.0,0.0","28.0,0.0,0.0","0.0,0.0,0.0","0,0,0"
1747092346.4386985,"28.0,0.0,0.0","59.0,0.0,0.0","28.0,0.0,0.0","0.0,0.0,0.0","0,0,0"
1747092346.4894335,"27.0,0.0,0.0","59.0,0.0,0.0","26.0,0.0,0.0","0.0,0.0,0.0","0,0,0"
1747092346.540423,"25.0,0.0,0.0","57.0,0.0,0.0","24.0,0.0,0.0","0.0,0.0,0.0","0,0,0"
1747092346.5904617,"25.0,0.0,0.0","57.0,0.0,0.0","24.0,0.0,0.0","0.0,0.0,0.0","0,0,0"
1747092346.640586,"24.0,0.0,0.0","55.0,0.0,0.0","23.0,0.0,0.0","0.0,0.0,0.0","0,0,0"
1747092346.6914163,"23.0,0.0,0.0","54.0,0.0,0.0","17.0,0.0,0.0","0.0,0.0,0.0","0,0,0"
1747092346.7416594,"22.0,0.0,0.0","53.0,0.0,0.0","13.0,0.0,0.0","0.0,0.0,0.0","0,0,0"
1747092346.8007605,"21.0,0.0,0.0","51.0,0.0,0.0","-24.0,0.0,0.0","0.0,0.0,0.0","0,0,0"
1747092346.8508573,"20.0,0.0,0.0","49.0,0.0,0.0","-24.0,0.0,0.0","0.0,0.0,0.0","0,0,0"
1747092346.9014342,"20.0,0.0,0.0","48.0,0.0,0.0","-24.0,0.0,0.0","0.0,0.0,0.0","0,0,0"
1747092346.9515657,"18.0,0.0,0.0","47.0,0.0,0.0","-24.0,0.0,0.0","0.0,0.0,0.0","0,0,0"
1747092347.0035932,"18.0,0.0,0.0","46.0,0.0,0.0","-24.0,0.0,0.0","0.0,0.0,0.0","0,0,0"
1747092347.0549073,"17.0,0.0,0.0","44.0,0.0,0.0","-24.0,0.0,0.0","74.0,0.0,0.0","0,0,0"
1747092347.1053946,"17.0,0.0,0.0","42.0,0.0,0.0","-24.0,0.0,0.0","68.0,0.0,0.0","0,0,0"
1747092347.1561723,"16.0,0.0,0.0","40.0,0.0,0.0","-24.0,0.0,0.0","68.0,0.0,0.0","0,0,0"
1747092347.2064424,"16.0,0.0,0.0","38.0,0.0,0.0","-24.0,0.0,0.0","68.0,0.0,0.0","0,0,0"
1747092347.256813,"16.0,0.0,0.0","37.0,0.0,0.0","-24.0,0.0,0.0","68.0,0.0,0.0","0,0,0"
1747092347.3070111,"16.0,0.0,0.0","36.0,0.0,0.0","-24.0,0.0,0.0","69.0,0.0,0.0","0,0,0"
1747092347.3575985,"16.0,0.0,0.0","36.0,0.0,0.0","-24.0,0.0,0.0","71.0,0.0,0.0","0,0,0"
1747092347.4076636,"16.0,0.0,0.0","35.0,0.0,0.0","-24.0,0.0,0.0","72.0,0.0,0.0","0,0,0"
1747092347.458314,"16.0,0.0,0.0","35.0,0.0,0.0","63.0,0.0,0.0","73.0,0.0,0.0","0,0,0"
1747092347.5093005,"16.0,0.0,0.0","35.0,0.0,0.0","63.0,0.0,0.0","73.0,0.0,0.0","0,0,0"
1747092347.5594237,"17.0,0.0,0.0","35.0,0.0,0.0","63.0,0.0,0.0","73.0,0.0,0.0","0,0,0"
1747092347.6094623,"17.0,0.0,0.0","35.0,0.0,0.0","64.0,0.0,0.0","73.0,0.0,0.0","0,0,0"
1747092347.6602967,"17.0,0.0,0.0","35.0,0.0,0.0","65.0,0.0,0.0","74.0,0.0,0.0","0,0,0"
1747092347.710456,"17.0,0.0,0.0","35.0,0.0,0.0","66.0,0.0,0.0","74.0,0.0,0.0","0,0,0"
1747092347.7612283,"17.0,0.0,0.0","35.0,0.0,0.0","66.0,0.0,0.0","74.0,0.0,0.0","0,0,0"
1747092347.8114963,"17.0,0.0,0.0","35.0,0.0,0.0","66.0,0.0,0.0","74.0,0.0,0.0","0,0,0"
1747092347.861674,"18.0,0.0,0.0","35.0,0.0,0.0","66.0,0.0,0.0","74.0,0.0,0.0","0,0,0"
1747092347.9117079,"20.0,0.0,0.0","38.0,0.0,0.0","66.0,0.0,0.0","74.0,0.0,0.0","0,0,0"
1747092347.96234,"21.0,0.0,0.0","39.0,0.0,0.0","66.0,0.0,0.0","74.0,0.0,0.0","0,0,0"
1747092348.013066,"24.0,0.0,0.0","41.0,0.0,0.0","64.0,0.0,0.0","74.0,0.0,0.0","0,0,0"
1747092348.0636404,"26.0,0.0,0.0","42.0,0.0,0.0","42.0,0.0,0.0","55.0,0.0,0.0","0,0,0"
1747092348.1140292,"28.0,0.0,0.0","44.0,0.0,0.0","29.0,0.0,0.0","34.0,0.0,0.0","0,0,0"
1747092348.1655352,"31.0,0.0,0.0","45.0,0.0,0.0","0.0,0.0,0.0","0.0,0.0,0.0","0,0,0"
1747092348.2156625,"35.0,0.0,0.0","46.0,0.0,0.0","-4.0,0.0,0.0","0.0,0.0,0.0","0,0,0"
1747092348.2660894,"51.0,0.0,0.0","55.0,0.0,0.0","0.0,0.0,0.0","0.0,0.0,0.0","0,0,0"
1747092348.317288,"52.0,0.0,0.0","56.0,0.0,0.0","0.0,0.0,0.0","0.0,0.0,0.0","0,0,0"
1747092348.367453,"55.0,0.0,0.0","57.0,0.0,0.0","0.0,0.0,0.0","0.0,0.0,0.0","0,0,0"
1747092348.417492,"57.0,0.0,0.0","58.0,0.0,0.0","0.0,0.0,0.0","0.0,0.0,0.0","0,0,0"
1747092348.4676476,"58.0,0.0,0.0","59.0,0.0,0.0","0.0,0.0,0.0","0.0,0.0,0.0","0,0,0"
1747092348.5185814,"59.0,0.0,0.0","60.0,0.0,0.0","0.0,0.0,0.0","0.0,0.0,0.0","0,0,0"
1747092348.5687184,"59.0,0.0,0.0","60.0,0.0,0.0","0.0,0.0,0.0","0.0,0.0,0.0","0,0,0"
1747092348.6189566,"60.0,0.0,0.0","61.0,0.0,0.0","0.0,0.0,0.0","0.0,0.0,0.0","0,0,0"
1747092348.6703577,"60.0,0.0,0.0","61.0,0.0,0.0","0.0,0.0,0.0","0.0,0.0,0.0","0,0,0"
1747092348.7206433,"60.0,0.0,0.0","61.0,0.0,0.0","0.0,0.0,0.0","0.0,0.0,0.0","0,0,0"
1747092348.771899,"60.0,0.0,0.0","62.0,0.0,0.0","0.0,0.0,0.0","0.0,0.0,0.0","0,0,0"
1747092348.8222792,"61.0,0.0,0.0","62.0,0.0,0.0","0.0,0.0,0.0","0.0,0.0,0.0","0,0,0"
1747092348.8729444,"61.0,0.0,0.0","62.0,0.0,0.0","0.0,0.0,0.0","0.0,0.0,0.0","0,0,0"
1747092348.9231544,"61.0,0.0,0.0","61.0,0.0,0.0","0.0,0.0,0.0","0.0,0.0,0.0","0,0,0"
1747092348.9735892,"61.0,0.0,0.0","61.0,0.0,0.0","0.0,0.0,0.0","0.0,0.0,0.0","0,0,0"
1747092349.0238347,"60.0,0.0,0.0","61.0,0.0,0.0","0.0,0.0,0.0","0.0,0.0,0.0","0,0,0"
1747092349.0740883,"60.0,0.0,0.0","61.0,0.0,0.0","0.0,0.0,0.0","0.0,0.0,0.0","0,0,0"
1747092349.1250834,"59.0,0.0,0.0","59.0,0.0,0.0","0.0,0.0,0.0","0.0,0.0,0.0","0,0,0"
1747092349.175774,"56.0,0.0,0.0","58.0,0.0,0.0","0.0,0.0,0.0","0.0,0.0,0.0","0,0,0"
1747092349.2264059,"54.0,0.0,0.0","55.0,0.0,0.0","0.0,0.0,0.0","0.0,0.0,0.0","0,0,0"
1747092349.276489,"47.0,0.0,0.0","50.0,0.0,0.0","0.0,0.0,0.0","0.0,0.0,0.0","0,0,0"
1747092349.326572,"34.0,0.0,0.0","47.0,0.0,0.0","-7.0,0.0,0.0","0.0,0.0,0.0","0,0,0"
1747092349.3776667,"25.0,0.0,0.0","40.0,0.0,0.0","-10.0,0.0,0.0","-16.0,0.0,0.0","0,0,0"
1747092349.4283245,"9.0,0.0,0.0","21.0,0.0,0.0","-14.0,0.0,0.0","-8.0,0.0,0.0","0,0,0"
1747092349.478535,"5.0,0.0,0.0","17.0,0.0,0.0","-15.0,0.0,0.0","-8.0,0.0,0.0","0,0,0"
1747092349.533338,"-15.0,0.0,0.0","-5.0,0.0,0.0","-16.0,0.0,0.0","-8.0,0.0,0.0","0,0,0"
1747092349.5841587,"-30.0,0.0,0.0","-32.0,0.0,0.0","-24.0,0.0,0.0","-8.0,0.0,0.0","0,0,0"
1747092349.6347992,"-52.0,0.0,0.0","-63.0,0.0,0.0","0.0,0.0,0.0","0.0,0.0,0.0","0,0,0"
1747092349.6849642,"-53.0,0.0,0.0","-70.0,0.0,0.0","0.0,0.0,0.0","0.0,0.0,0.0","0,0,0"
1747092349.735503,"-57.0,0.0,0.0","-84.0,0.0,0.0","0.0,0.0,0.0","0.0,0.0,0.0","0,0,0"
1747092349.7861624,"-60.0,0.0,0.0","-86.0,0.0,0.0","0.0,0.0,0.0","0.0,0.0,0.0","0,0,0"
1747092349.8373005,"-61.0,0.0,0.0","-87.0,0.0,0.0","0.0,0.0,0.0","0.0,0.0,0.0","0,0,0"
1747092349.8873577,"-67.0,0.0,0.0","-87.0,0.0,0.0","0.0,0.0,0.0","0.0,0.0,0.0","0,0,0"
1747092349.938331,"-69.0,0.0,0.0","-89.0,0.0,0.0","0.0,0.0,0.0","0.0,0.0,0.0","0,0,0"
1747092349.9884815,"-71.0,0.0,0.0","-89.0,0.0,0.0","0.0,0.0,0.0","0.0,0.0,0.0","0,0,0"
1747092350.0387466,"-71.0,0.0,0.0","-88.0,0.0,0.0","0.0,0.0,0.0","0.0,0.0,0.0","0,0,0"
1747092350.0902483,"-71.0,0.0,0.0","-87.0,0.0,0.0","0.0,0.0,0.0","0.0,0.0,0.0","0,0,0"
1747092350.140422,"-71.0,0.0,0.0","-84.0,0.0,0.0","0.0,0.0,0.0","0.0,0.0,0.0","0,0,0"
1747092350.1913319,"-71.0,0.0,0.0","-83.0,0.0,0.0","0.0,0.0,0.0","0.0,0.0,0.0","0,0,0"
1747092350.2414038,"-71.0,0.0,0.0","-82.0,0.0,0.0","0.0,0.0,0.0","0.0,0.0,0.0","0,0,0"
1747092350.291918,"-71.0,0.0,0.0","-82.0,0.0,0.0","0.0,0.0,0.0","0.0,0.0,0.0","0,0,0"
1747092350.3426373,"-71.0,0.0,0.0","-82.0,0.0,0.0","0.0,0.0,0.0","0.0,0.0,0.0","0,0,0"
1747092350.392677,"-71.0,0.0,0.0","-80.0,0.0,0.0","0.0,0.0,0.0","0.0,0.0,0.0","0,0,0"
1747092350.4433725,"-72.0,0.0,0.0","-80.0,0.0,0.0","0.0,0.0,0.0","0.0,0.0,0.0","0,0,0"
1747092350.4934955,"-73.0,0.0,0.0","-80.0,0.0,0.0","0.0,0.0,0.0","0.0,0.0,0.0","0,0,0"
1747092350.5435927,"-78.0,0.0,0.0","-80.0,0.0,0.0","0.0,0.0,0.0","0.0,0.0,0.0","0,0,0"
1747092350.5936024,"-79.0,0.0,0.0","-82.0,0.0,0.0","0.0,0.0,0.0","0.0,0.0,0.0","0,0,0"
1747092350.6444101,"-79.0,0.0,0.0","-82.0,0.0,0.0","0.0,0.0,0.0","0.0,0.0,0.0","0,0,0"
1747092350.6945019,"-79.0,0.0,0.0","-83.0,0.0,0.0","0.0,0.0,0.0","0.0,0.0,0.0","0,0,0"
1747092350.7453182,"-79.0,0.0,0.0","-84.0,0.0,0.0","0.0,0.0,0.0","0.0,0.0,0.0","0,0,0"
1747092350.7954304,"-78.0,0.0,0.0","-84.0,0.0,0.0","0.0,0.0,0.0","0.0,0.0,0.0","0,0,0"
1747092350.8456194,"-78.0,0.0,0.0","-84.0,0.0,0.0","0.0,0.0,0.0","0.0,0.0,0.0","0,0,0"
1747092350.897509,"-77.0,0.0,0.0","-85.0,0.0,0.0","0.0,0.0,0.0","0.0,0.0,0.0","0,0,0"
1747092350.9475834,"-77.0,0.0,0.0","-85.0,0.0,0.0","0.0,0.0,0.0","0.0,0.0,0.0","0,0,0"
1747092350.9977238,"-77.0,0.0,0.0","-85.0,0.0,0.0","0.0,0.0,0.0","0.0,0.0,0.0","0,0,0"
1747092351.0482385,"-77.0,0.0,0.0","-85.0,0.0,0.0","0.0,0.0,0.0","0.0,0.0,0.0","0,0,0"
1747092351.0992823,"-77.0,0.0,0.0","-85.0,0.0,0.0","0.0,0.0,0.0","0.0,0.0,0.0","0,0,0"
1747092351.149375,"-77.0,0.0,0.0","-85.0,0.0,0.0","0.0,0.0,0.0","0.0,0.0,0.0","0,0,0"
1747092351.199465,"-77.0,0.0,0.0","-85.0,0.0,0.0","0.0,0.0,0.0","0.0,0.0,0.0","0,0,0"
1747092351.251639,"-77.0,0.0,0.0","-85.0,0.0,0.0","0.0,0.0,0.0","0.0,0.0,0.0","0,0,0"
1747092351.3020346,"-77.0,0.0,0.0","-85.0,0.0,0.0","0.0,0.0,0.0","0.0,0.0,0.0","0,0,0"
1747092351.3522594,"-77.0,0.0,0.0","-85.0,0.0,0.0","0.0,0.0,0.0","0.0,0.0,0.0","0,0,0"
1747092351.402637,"-77.0,0.0,0.0","-85.0,0.0,0.0","0.0,0.0,0.0","0.0,0.0,0.0","0,0,0"
1747092351.453231,"-77.0,0.0,0.0","-85.0,0.0,0.0","0.0,0.0,0.0","0.0,0.0,0.0","0,0,0"
1747092351.5034635,"-78.0,0.0,0.0","-85.0,0.0,0.0","0.0,0.0,0.0","0.0,0.0,0.0","0,0,0"
1747092351.553493,"-78.0,0.0,0.0","-85.0,0.0,0.0","0.0,0.0,0.0","0.0,0.0,0.0","0,0,0"
1747092351.60419,"-78.0,0.0,0.0","-84.0,0.0,0.0","0.0,0.0,0.0","0.0,0.0,0.0","0,0,0"
1747092351.6548116,"-77.0,0.0,0.0","-84.0,0.0,0.0","0.0,0.0,0.0","0.0,0.0,0.0","0,0,0"
1747092351.7056613,"-78.0,0.0,0.0","-84.0,0.0,0.0","0.0,0.0,0.0","0.0,0.0,0.0","0,0,0"
1747092351.7563071,"-78.0,0.0,0.0","-84.0,0.0,0.0","0.0,0.0,0.0","0.0,0.0,0.0","0,0,0"
1747092351.8073008,"-78.0,0.0,0.0","-84.0,0.0,0.0","0.0,0.0,0.0","0.0,0.0,0.0","0,0,0"
1747092351.862355,"-78.0,0.0,0.0","-85.0,0.0,0.0","0.0,0.0,0.0","0.0,0.0,0.0","0,0,0"
1747092351.9125016,"-78.0,0.0,0.0","-85.0,0.0,0.0","0.0,0.0,0.0","0.0,0.0,0.0","0,0,0"
1747092351.9630048,"-78.0,0.0,0.0","-85.0,0.0,0.0","0.0,0.0,0.0","0.0,0.0,0.0","0,0,0"
1747092352.0131705,"-78.0,0.0,0.0","-85.0,0.0,0.0","0.0,0.0,0.0","0.0,0.0,0.0","0,0,0"
1747092352.0635624,"-78.0,0.0,0.0","-85.0,0.0,0.0","0.0,0.0,0.0","0.0,0.0,0.0","0,0,0"
1747092352.114487,"-78.0,0.0,0.0","-85.0,0.0,0.0","0.0,0.0,0.0","0.0,0.0,0.0","0,0,0"
1747092352.165271,"-78.0,0.0,0.0","-86.0,0.0,0.0","0.0,0.0,0.0","0.0,0.0,0.0","0,0,0"
1747092352.215418,"-78.0,0.0,0.0","-86.0,0.0,0.0","0.0,0.0,0.0","0.0,0.0,0.0","0,0,0"
1747092352.2660658,"-78.0,0.0,0.0","-86.0,0.0,0.0","0.0,0.0,0.0","0.0,0.0,0.0","0,0,0"
1747092352.3172119,"-78.0,0.0,0.0","-86.0,0.0,0.0","0.0,0.0,0.0","0.0,0.0,0.0","0,0,0"
1747092352.3676264,"-78.0,0.0,0.0","-86.0,0.0,0.0","0.0,0.0,0.0","0.0,0.0,0.0","0,0,0"
1747092352.4183576,"-77.0,0.0,0.0","-86.0,0.0,0.0","0.0,0.0,0.0","0.0,0.0,0.0","0,0,0"
1747092352.4688816,"-76.0,0.0,0.0","-86.0,0.0,0.0","0.0,0.0,0.0","0.0,0.0,0.0","0,0,0"
1747092352.5192225,"-75.0,0.0,0.0","-86.0,0.0,0.0","0.0,0.0,0.0","0.0,0.0,0.0","0,0,0"
1747092352.569584,"-74.0,0.0,0.0","-83.0,0.0,0.0","0.0,0.0,0.0","0.0,0.0,0.0","0,0,0"
1747092352.620501,"-72.0,0.0,0.0","-77.0,0.0,0.0","0.0,0.0,0.0","0.0,0.0,0.0","0,0,0"
1747092352.6706314,"-71.0,0.0,0.0","-75.0,0.0,0.0","0.0,0.0,0.0","0.0,0.0,0.0","0,0,0"
1747092352.722197,"-70.0,0.0,0.0","-75.0,0.0,0.0","0.0,0.0,0.0","0.0,0.0,0.0","0,0,0"
1747092352.7732966,"-67.0,0.0,0.0","-73.0,0.0,0.0","0.0,0.0,0.0","0.0,0.0,0.0","0,0,0"
1747092352.8234556,"-69.0,0.0,0.0","-73.0,0.0,0.0","0.0,0.0,0.0","0.0,0.0,0.0","0,0,0"
1747092352.8744173,"-70.0,0.0,0.0","-73.0,0.0,0.0","0.0,0.0,0.0","0.0,0.0,0.0","0,0,0"
1747092352.9256954,"-70.0,0.0,0.0","-73.0,0.0,0.0","0.0,0.0,0.0","0.0,0.0,0.0","0,0,0"
1747092352.977136,"-70.0,0.0,0.0","-74.0,0.0,0.0","0.0,0.0,0.0","0.0,0.0,0.0","0,0,0"
1747092353.0272925,"-71.0,0.0,0.0","-75.0,0.0,0.0","0.0,0.0,0.0","0.0,0.0,0.0","0,0,0"
1747092353.0782182,"-71.0,0.0,0.0","-78.0,0.0,0.0","0.0,0.0,0.0","0.0,0.0,0.0","0,0,0"
1747092353.1284196,"-71.0,0.0,0.0","-80.0,0.0,0.0","0.0,0.0,0.0","0.0,0.0,0.0","0,0,0"
1747092353.178663,"-73.0,0.0,0.0","-87.0,0.0,0.0","0.0,0.0,0.0","0.0,0.0,0.0","0,0,0"
1747092353.2290804,"-73.0,0.0,0.0","-87.0,0.0,0.0","0.0,0.0,0.0","0.0,0.0,0.0","0,0,0"
1747092353.2794363,"-74.0,0.0,0.0","-88.0,0.0,0.0","0.0,0.0,0.0","0.0,0.0,0.0","0,0,0"
1747092353.3294938,"-73.0,0.0,0.0","-88.0,0.0,0.0","0.0,0.0,0.0","0.0,0.0,0.0","0,0,0"
1747092353.3819108,"-73.0,0.0,0.0","-87.0,0.0,0.0","0.0,0.0,0.0","0.0,0.0,0.0","0,0,0"
1747092353.4324503,"-72.0,0.0,0.0","-87.0,0.0,0.0","0.0,0.0,0.0","0.0,0.0,0.0","0,0,0"
1747092353.4826393,"-72.0,0.0,0.0","-86.0,0.0,0.0","0.0,0.0,0.0","0.0,0.0,0.0","0,0,0"
1747092353.5328474,"-72.0,0.0,0.0","-87.0,0.0,0.0","0.0,0.0,0.0","0.0,0.0,0.0","0,0,0"
1747092353.583377,"-73.0,0.0,0.0","-87.0,0.0,0.0","0.0,0.0,0.0","0.0,0.0,0.0","0,0,0"
1747092353.634354,"-72.0,0.0,0.0","-87.0,0.0,0.0","0.0,0.0,0.0","0.0,0.0,0.0","0,0,0"
1747092353.6844382,"-72.0,0.0,0.0","-87.0,0.0,0.0","0.0,0.0,0.0","0.0,0.0,0.0","0,0,0"
1747092353.7348669,"-72.0,0.0,0.0","-87.0,0.0,0.0","0.0,0.0,0.0","0.0,0.0,0.0","0,0,0"
1747092353.7856154,"-72.0,0.0,0.0","-86.0,0.0,0.0","0.0,0.0,0.0","0.0,0.0,0.0","0,0,0"
1747092353.835912,"-73.0,0.0,0.0","-86.0,0.0,0.0","0.0,0.0,0.0","0.0,0.0,0.0","0,0,0"
1747092353.8884935,"-73.0,0.0,0.0","-87.0,0.0,0.0","0.0,0.0,0.0","0.0,0.0,0.0","0,0,0"
1747092353.9385264,"-73.0,0.0,0.0","-87.0,0.0,0.0","0.0,0.0,0.0","0.0,0.0,0.0","0,0,0"
1747092353.9886234,"-73.0,0.0,0.0","-87.0,0.0,0.0","0.0,0.0,0.0","0.0,0.0,0.0","0,0,0"
1747092354.0387766,"-73.0,0.0,0.0","-87.0,0.0,0.0","0.0,0.0,0.0","0.0,0.0,0.0","0,0,0"
1747092354.0895894,"-73.0,0.0,0.0","-86.0,0.0,0.0","0.0,0.0,0.0","0.0,0.0,0.0","0,0,0"
1747092354.1404166,"-73.0,0.0,0.0","-86.0,0.0,0.0","0.0,0.0,0.0","0.0,0.0,0.0","0,0,0"
1747092354.1904173,"-73.0,0.0,0.0","-86.0,0.0,0.0","0.0,0.0,0.0","0.0,0.0,0.0","0,0,0"
1747092354.2411203,"-72.0,0.0,0.0","-84.0,0.0,0.0","0.0,0.0,0.0","0.0,0.0,0.0","0,0,0"
1747092354.292878,"-72.0,0.0,0.0","-84.0,0.0,0.0","0.0,0.0,0.0","0.0,0.0,0.0","0,0,0"
1747092354.3430657,"-71.0,0.0,0.0","-84.0,0.0,0.0","0.0,0.0,0.0","0.0,0.0,0.0","0,0,0"
1747092354.3937187,"-71.0,0.0,0.0","-84.0,0.0,0.0","0.0,0.0,0.0","0.0,0.0,0.0","0,0,0"
1747092354.4441574,"-71.0,0.0,0.0","-82.0,0.0,0.0","0.0,0.0,0.0","0.0,0.0,0.0","0,0,0"
1747092354.5028465,"-70.0,0.0,0.0","-81.0,0.0,0.0","0.0,0.0,0.0","0.0,0.0,0.0","0,0,0"
1747092354.5535054,"-70.0,0.0,0.0","-80.0,0.0,0.0","0.0,0.0,0.0","0.0,0.0,0.0","0,0,0"
1747092354.6036339,"-70.0,0.0,0.0","-80.0,0.0,0.0","0.0,0.0,0.0","0.0,0.0,0.0","0,0,0"
1747092354.6540318,"-70.0,0.0,0.0","-79.0,0.0,0.0","0.0,0.0,0.0","0.0,0.0,0.0","0,0,0"
1747092354.704168,"-70.0,0.0,0.0","-76.0,0.0,0.0","0.0,0.0,0.0","0.0,0.0,0.0","0,0,0"
1747092354.7548347,"-69.0,0.0,0.0","-72.0,0.0,0.0","0.0,0.0,0.0","0.0,0.0,0.0","0,0,0"
1747092354.805443,"-69.0,0.0,0.0","-69.0,0.0,0.0","0.0,0.0,0.0","0.0,0.0,0.0","0,0,0"
1747092354.856359,"-69.0,0.0,0.0","-68.0,0.0,0.0","0.0,0.0,0.0","0.0,0.0,0.0","0,0,0"
1747092354.9064739,"-69.0,0.0,0.0","-68.0,0.0,0.0","0.0,0.0,0.0","0.0,0.0,0.0","0,0,0"
1747092354.957653,"-69.0,0.0,0.0","-68.0,0.0,0.0","0.0,0.0,0.0","0.0,0.0,0.0","0,0,0"
1747092355.0089433,"-70.0,0.0,0.0","-68.0,0.0,0.0","0.0,0.0,0.0","0.0,0.0,0.0","0,0,0"
1747092355.0595598,"-70.0,0.0,0.0","-69.0,0.0,0.0","0.0,0.0,0.0","0.0,0.0,0.0","0,0,0"
1747092355.1106539,"-71.0,0.0,0.0","-72.0,0.0,0.0","0.0,0.0,0.0","0.0,0.0,0.0","0,0,0"
1747092355.161275,"-71.0,0.0,0.0","-74.0,0.0,0.0","0.0,0.0,0.0","0.0,0.0,0.0","0,0,0"
1747092355.2118657,"-72.0,0.0,0.0","-81.0,0.0,0.0","0.0,0.0,0.0","0.0,0.0,0.0","0,0,0"
1747092355.262605,"-73.0,0.0,0.0","-82.0,0.0,0.0","0.0,0.0,0.0","0.0,0.0,0.0","0,0,0"
1747092355.3131986,"-73.0,0.0,0.0","-84.0,0.0,0.0","0.0,0.0,0.0","0.0,0.0,0.0","0,0,0"
1747092355.3635764,"-73.0,0.0,0.0","-87.0,0.0,0.0","0.0,0.0,0.0","0.0,0.0,0.0","0,0,0"
1747092355.4136074,"-73.0,0.0,0.0","-88.0,0.0,0.0","0.0,0.0,0.0","0.0,0.0,0.0","0,0,0"
1747092355.4642823,"-73.0,0.0,0.0","-88.0,0.0,0.0","0.0,0.0,0.0","0.0,0.0,0.0","0,0,0"
1747092355.515086,"-72.0,0.0,0.0","-86.0,0.0,0.0","0.0,0.0,0.0","0.0,0.0,0.0","0,0,0"
1747092355.567575,"-70.0,0.0,0.0","-85.0,0.0,0.0","0.0,0.0,0.0","0.0,0.0,0.0","0,0,0"
1747092355.6183949,"-60.0,0.0,0.0","-84.0,0.0,0.0","0.0,0.0,0.0","0.0,0.0,0.0","0,0,0"
1747092355.6692064,"-53.0,0.0,0.0","-83.0,0.0,0.0","0.0,0.0,0.0","0.0,0.0,0.0","0,0,0"
1747092355.7192402,"-45.0,0.0,0.0","-83.0,0.0,0.0","0.0,0.0,0.0","0.0,0.0,0.0","0,0,0"
1747092355.7692857,"-42.0,0.0,0.0","-83.0,0.0,0.0","-107.0,0.0,0.0","0.0,0.0,0.0","0,0,0"
1747092355.8201742,"-41.0,0.0,0.0","-82.0,0.0,0.0","-107.0,0.0,0.0","0.0,0.0,0.0","0,0,0"
1747092355.870262,"-40.0,0.0,0.0","-82.0,0.0,0.0","-107.0,0.0,0.0","0.0,0.0,0.0","0,0,0"
1747092355.9204588,"-40.0,0.0,0.0","-82.0,0.0,0.0","-107.0,0.0,0.0","0.0,0.0,0.0","0,0,0"
1747092355.9746387,"-40.0,0.0,0.0","-82.0,0.0,0.0","-108.0,0.0,0.0","0.0,0.0,0.0","0,0,0"
1747092356.0255451,"-40.0,0.0,0.0","-81.0,0.0,0.0","-113.0,0.0,0.0","0.0,0.0,0.0","0,0,0"
1747092356.0761912,"-40.0,0.0,0.0","-81.0,0.0,0.0","-113.0,0.0,0.0","0.0,0.0,0.0","0,0,0"
1747092356.1273232,"-41.0,0.0,0.0","-80.0,0.0,0.0","-116.0,0.0,0.0","0.0,0.0,0.0","0,0,0"
1747092356.1774316,"-41.0,0.0,0.0","-80.0,0.0,0.0","-116.0,0.0,0.0","0.0,0.0,0.0","0,0,0"
1747092356.2275991,"-42.0,0.0,0.0","-80.0,0.0,0.0","-116.0,0.0,0.0","0.0,0.0,0.0","0,0,0"
1747092356.2782528,"-42.0,0.0,0.0","-79.0,0.0,0.0","-114.0,0.0,0.0","0.0,0.0,0.0","0,0,0"
1747092356.3286505,"-43.0,0.0,0.0","-79.0,0.0,0.0","-112.0,0.0,0.0","0.0,0.0,0.0","0,0,0"
1747092356.3792484,"-43.0,0.0,0.0","-78.0,0.0,0.0","-111.0,0.0,0.0","0.0,0.0,0.0","0,0,0"
1747092356.4295897,"-43.0,0.0,0.0","-78.0,0.0,0.0","-111.0,0.0,0.0","0.0,0.0,0.0","0,0,0"
1747092356.4804006,"-44.0,0.0,0.0","-79.0,0.0,0.0","-111.0,0.0,0.0","0.0,0.0,0.0","0,0,0"
1747092356.5306652,"-45.0,0.0,0.0","-80.0,0.0,0.0","0.0,0.0,0.0","0.0,0.0,0.0","0,0,0"
1747092356.581291,"-47.0,0.0,0.0","-80.0,0.0,0.0","0.0,0.0,0.0","0.0,0.0,0.0","0,0,0"
1747092356.6313403,"-52.0,0.0,0.0","-80.0,0.0,0.0","0.0,0.0,0.0","0.0,0.0,0.0","0,0,0"
1747092356.6814382,"-52.0,0.0,0.0","-81.0,0.0,0.0","0.0,0.0,0.0","0.0,0.0,0.0","0,0,0"
1747092356.7314875,"-52.0,0.0,0.0","-81.0,0.0,0.0","0.0,0.0,0.0","0.0,0.0,0.0","0,0,0"
1747092356.7820482,"-54.0,0.0,0.0","-82.0,0.0,0.0","0.0,0.0,0.0","0.0,0.0,0.0","0,0,0"
1747092356.8326957,"-55.0,0.0,0.0","-82.0,0.0,0.0","0.0,0.0,0.0","0.0,0.0,0.0","0,0,0"
1747092356.8838384,"-55.0,0.0,0.0","-82.0,0.0,0.0","0.0,0.0,0.0","0.0,0.0,0.0","0,0,0"
1747092356.945195,"-54.0,0.0,0.0","-82.0,0.0,0.0","0.0,0.0,0.0","0.0,0.0,0.0","0,0,0"
1747092356.9953473,"-53.0,0.0,0.0","-82.0,0.0,0.0","0.0,0.0,0.0","0.0,0.0,0.0","0,0,0"
1747092357.0454738,"-53.0,0.0,0.0","-82.0,0.0,0.0","0.0,0.0,0.0","0.0,0.0,0.0","0,0,0"
1747092357.0961673,"-51.0,0.0,0.0","-82.0,0.0,0.0","0.0,0.0,0.0","0.0,0.0,0.0","0,0,0"
1747092357.1469383,"-50.0,0.0,0.0","-82.0,0.0,0.0","0.0,0.0,0.0","0.0,0.0,0.0","0,0,0"
1747092357.1975005,"-49.0,0.0,0.0","-82.0,0.0,0.0","0.0,0.0,0.0","0.0,0.0,0.0","0,0,0"
1747092357.2475233,"-48.0,0.0,0.0","-83.0,0.0,0.0","0.0,0.0,0.0","0.0,0.0,0.0","0,0,0"
1747092357.2995071,"-46.0,0.0,0.0","-83.0,0.0,0.0","0.0,0.0,0.0","0.0,0.0,0.0","0,0,0"
1747092357.3503842,"-45.0,0.0,0.0","-83.0,0.0,0.0","0.0,0.0,0.0","0.0,0.0,0.0","0,0,0"
1747092357.4004138,"-45.0,0.0,0.0","-83.0,0.0,0.0","0.0,0.0,0.0","0.0,0.0,0.0","0,0,0"
1747092357.450447,"-44.0,0.0,0.0","-83.0,0.0,0.0","-129.0,0.0,0.0","0.0,0.0,0.0","0,0,0"
1747092357.5020647,"-44.0,0.0,0.0","-83.0,0.0,0.0","-129.0,0.0,0.0","0.0,0.0,0.0","0,0,0"
1747092357.5522096,"-44.0,0.0,0.0","-83.0,0.0,0.0","-130.0,0.0,0.0","0.0,0.0,0.0","0,0,0"
1747092357.6029606,"-43.0,0.0,0.0","-84.0,0.0,0.0","-131.0,0.0,0.0","0.0,0.0,0.0","0,0,0"
1747092357.6531136,"-43.0,0.0,0.0","-84.0,0.0,0.0","-133.0,0.0,0.0","0.0,0.0,0.0","0,0,0"
1747092357.7031884,"-43.0,0.0,0.0","-84.0,0.0,0.0","-133.0,0.0,0.0","0.0,0.0,0.0","0,0,0"
1747092357.7534966,"-44.0,0.0,0.0","-85.0,0.0,0.0","-135.0,0.0,0.0","0.0,0.0,0.0","0,0,0"
1747092357.8035922,"-44.0,0.0,0.0","-85.0,0.0,0.0","-138.0,0.0,0.0","0.0,0.0,0.0","0,0,0"
1747092357.85458,"-47.0,0.0,0.0","-86.0,0.0,0.0","0.0,0.0,0.0","0.0,0.0,0.0","0,0,0"
1747092357.9052646,"-51.0,0.0,0.0","-85.0,0.0,0.0","0.0,0.0,0.0","0.0,0.0,0.0","0,0,0"
1747092357.9558473,"-60.0,0.0,0.0","-85.0,0.0,0.0","0.0,0.0,0.0","0.0,0.0,0.0","0,0,0"
1747092358.0064285,"-63.0,0.0,0.0","-85.0,0.0,0.0","0.0,0.0,0.0","0.0,0.0,0.0","0,0,0"
1747092358.0583334,"-63.0,0.0,0.0","-85.0,0.0,0.0","0.0,0.0,0.0","0.0,0.0,0.0","0,0,0"
1747092358.1083968,"-63.0,0.0,0.0","-85.0,0.0,0.0","0.0,0.0,0.0","0.0,0.0,0.0","0,0,0"
1747092358.1585057,"-64.0,0.0,0.0","-85.0,0.0,0.0","0.0,0.0,0.0","0.0,0.0,0.0","0,0,0"
1747092358.2093809,"-64.0,0.0,0.0","-86.0,0.0,0.0","0.0,0.0,0.0","0.0,0.0,0.0","0,0,0"
1747092358.259619,"-64.0,0.0,0.0","-85.0,0.0,0.0","0.0,0.0,0.0","0.0,0.0,0.0","0,0,0"
1747092358.3103232,"-62.0,0.0,0.0","-85.0,0.0,0.0","0.0,0.0,0.0","0.0,0.0,0.0","0,0,0"
1747092358.3608181,"-62.0,0.0,0.0","-84.0,0.0,0.0","0.0,0.0,0.0","0.0,0.0,0.0","0,0,0"
1747092358.4109302,"-58.0,0.0,0.0","-84.0,0.0,0.0","0.0,0.0,0.0","0.0,0.0,0.0","0,0,0"
1747092358.4615448,"-55.0,0.0,0.0","-84.0,0.0,0.0","0.0,0.0,0.0","0.0,0.0,0.0","0,0,0"
1747092358.5122046,"-53.0,0.0,0.0","-84.0,0.0,0.0","0.0,0.0,0.0","0.0,0.0,0.0","0,0,0"
1747092358.5631795,"-52.0,0.0,0.0","-84.0,0.0,0.0","0.0,0.0,0.0","0.0,0.0,0.0","0,0,0"
1747092358.6134531,"-51.0,0.0,0.0","-84.0,0.0,0.0","0.0,0.0,0.0","0.0,0.0,0.0","0,0,0"
1747092358.6642792,"-49.0,0.0,0.0","-84.0,0.0,0.0","0.0,0.0,0.0","0.0,0.0,0.0","0,0,0"
1747092358.715936,"-47.0,0.0,0.0","-84.0,0.0,0.0","0.0,0.0,0.0","0.0,0.0,0.0","0,0,0"
1747092358.7662725,"-45.0,0.0,0.0","-84.0,0.0,0.0","0.0,0.0,0.0","0.0,0.0,0.0","0,0,0"
1747092358.8163779,"-44.0,0.0,0.0","-86.0,0.0,0.0","-24.0,0.0,0.0","0.0,0.0,0.0","0,0,0"
1747092358.866519,"-44.0,0.0,0.0","-86.0,0.0,0.0","-24.0,0.0,0.0","0.0,0.0,0.0","0,0,0"
1747092358.9172065,"-44.0,0.0,0.0","-87.0,0.0,0.0","-142.0,0.0,0.0","0.0,0.0,0.0","0,0,0"
1747092358.9672859,"-44.0,0.0,0.0","-87.0,0.0,0.0","-144.0,0.0,0.0","0.0,0.0,0.0","0,0,0"
1747092359.0174057,"-47.0,0.0,0.0","-87.0,0.0,0.0","0.0,0.0,0.0","0.0,0.0,0.0","0,0,0"
1747092359.0683074,"-56.0,0.0,0.0","-87.0,0.0,0.0","0.0,0.0,0.0","0.0,0.0,0.0","0,0,0"
1747092359.1192372,"-61.0,0.0,0.0","-87.0,0.0,0.0","0.0,0.0,0.0","0.0,0.0,0.0","0,0,0"
1747092359.1694322,"-61.0,0.0,0.0","-87.0,0.0,0.0","0.0,0.0,0.0","0.0,0.0,0.0","0,0,0"
1747092359.219468,"-61.0,0.0,0.0","-86.0,0.0,0.0","0.0,0.0,0.0","0.0,0.0,0.0","0,0,0"
1747092359.270152,"-61.0,0.0,0.0","-86.0,0.0,0.0","0.0,0.0,0.0","0.0,0.0,0.0","0,0,0"
1747092359.3202329,"-62.0,0.0,0.0","-86.0,0.0,0.0","0.0,0.0,0.0","0.0,0.0,0.0","0,0,0"
1747092359.3707876,"-63.0,0.0,0.0","-86.0,0.0,0.0","0.0,0.0,0.0","0.0,0.0,0.0","0,0,0"
1747092359.4213262,"-62.0,0.0,0.0","-85.0,0.0,0.0","0.0,0.0,0.0","0.0,0.0,0.0","0,0,0"
1747092359.472022,"-59.0,0.0,0.0","-84.0,0.0,0.0","0.0,0.0,0.0","0.0,0.0,0.0","0,0,0"
1747092359.5222325,"-58.0,0.0,0.0","-84.0,0.0,0.0","0.0,0.0,0.0","0.0,0.0,0.0","0,0,0"
1747092359.5722427,"-52.0,0.0,0.0","-84.0,0.0,0.0","0.0,0.0,0.0","0.0,0.0,0.0","0,0,0"
1747092359.6224518,"-52.0,0.0,0.0","-84.0,0.0,0.0","0.0,0.0,0.0","0.0,0.0,0.0","0,0,0"
1747092359.676358,"-52.0,0.0,0.0","-85.0,0.0,0.0","0.0,0.0,0.0","0.0,0.0,0.0","0,0,0"
1747092359.7274623,"-52.0,0.0,0.0","-85.0,0.0,0.0","0.0,0.0,0.0","0.0,0.0,0.0","0,0,0"
1747092359.7775493,"-51.0,0.0,0.0","-85.0,0.0,0.0","0.0,0.0,0.0","0.0,0.0,0.0","0,0,0"
1747092359.8281815,"-50.0,0.0,0.0","-85.0,0.0,0.0","0.0,0.0,0.0","0.0,0.0,0.0","0,0,0"
1747092359.8783476,"-49.0,0.0,0.0","-85.0,0.0,0.0","0.0,0.0,0.0","0.0,0.0,0.0","0,0,0"
1747092359.9284515,"-47.0,0.0,0.0","-87.0,0.0,0.0","0.0,0.0,0.0","0.0,0.0,0.0","0,0,0"
1747092359.9794464,"-47.0,0.0,0.0","-88.0,0.0,0.0","0.0,0.0,0.0","0.0,0.0,0.0","0,0,0"
1747092360.0302005,"-49.0,0.0,0.0","-88.0,0.0,0.0","0.0,0.0,0.0","0.0,0.0,0.0","0,0,0"
1747092360.0802908,"-49.0,0.0,0.0","-88.0,0.0,0.0","0.0,0.0,0.0","0.0,0.0,0.0","0,0,0"
1747092360.1312973,"-51.0,0.0,0.0","-87.0,0.0,0.0","0.0,0.0,0.0","0.0,0.0,0.0","0,0,0"
1747092360.1821563,"-60.0,0.0,0.0","-87.0,0.0,0.0","0.0,0.0,0.0","0.0,0.0,0.0","0,0,0"
1747092360.232231,"-61.0,0.0,0.0","-87.0,0.0,0.0","0.0,0.0,0.0","0.0,0.0,0.0","0,0,0"
1747092360.2823098,"-61.0,0.0,0.0","-87.0,0.0,0.0","0.0,0.0,0.0","0.0,0.0,0.0","0,0,0"
1747092360.3325756,"-61.0,0.0,0.0","-87.0,0.0,0.0","0.0,0.0,0.0","0.0,0.0,0.0","0,0,0"
1747092360.383393,"-61.0,0.0,0.0","-87.0,0.0,0.0","0.0,0.0,0.0","0.0,0.0,0.0","0,0,0"
1747092360.4334755,"-61.0,0.0,0.0","-86.0,0.0,0.0","0.0,0.0,0.0","0.0,0.0,0.0","0,0,0"
1747092360.4838507,"-61.0,0.0,0.0","-86.0,0.0,0.0","0.0,0.0,0.0","0.0,0.0,0.0","0,0,0"
1747092360.5344462,"-61.0,0.0,0.0","-86.0,0.0,0.0","0.0,0.0,0.0","0.0,0.0,0.0","0,0,0"
1747092360.585035,"-59.0,0.0,0.0","-86.0,0.0,0.0","0.0,0.0,0.0","0.0,0.0,0.0","0,0,0"
1747092360.635416,"-58.0,0.0,0.0","-86.0,0.0,0.0","0.0,0.0,0.0","0.0,0.0,0.0","0,0,0"
1747092360.685502,"-56.0,0.0,0.0","-86.0,0.0,0.0","0.0,0.0,0.0","0.0,0.0,0.0","0,0,0"
1747092360.7364163,"-55.0,0.0,0.0","-86.0,0.0,0.0","0.0,0.0,0.0","0.0,0.0,0.0","0,0,0"
1747092360.7875092,"-52.0,0.0,0.0","-86.0,0.0,0.0","0.0,0.0,0.0","0.0,0.0,0.0","0,0,0"
1747092360.8381927,"-50.0,0.0,0.0","-86.0,0.0,0.0","0.0,0.0,0.0","0.0,0.0,0.0","0,0,0"
1747092360.8884516,"-51.0,0.0,0.0","-86.0,0.0,0.0","0.0,0.0,0.0","0.0,0.0,0.0","0,0,0"
1747092360.9393063,"-51.0,0.0,0.0","-87.0,0.0,0.0","0.0,0.0,0.0","0.0,0.0,0.0","0,0,0"
1747092360.9894094,"-50.0,0.0,0.0","-87.0,0.0,0.0","0.0,0.0,0.0","0.0,0.0,0.0","0,0,0"
1747092361.0406203,"-50.0,0.0,0.0","-87.0,0.0,0.0","0.0,0.0,0.0","0.0,0.0,0.0","0,0,0"
1747092361.0907001,"-50.0,0.0,0.0","-89.0,0.0,0.0","0.0,0.0,0.0","0.0,0.0,0.0","0,0,0"
1747092361.1411338,"-51.0,0.0,0.0","-89.0,0.0,0.0","0.0,0.0,0.0","0.0,0.0,0.0","0,0,0"
1747092361.1917093,"-51.0,0.0,0.0","-89.0,0.0,0.0","0.0,0.0,0.0","0.0,0.0,0.0","0,0,0"
1747092361.2432973,"-53.0,0.0,0.0","-89.0,0.0,0.0","0.0,0.0,0.0","0.0,0.0,0.0","0,0,0"
1747092361.2941282,"-58.0,0.0,0.0","-89.0,0.0,0.0","0.0,0.0,0.0","0.0,0.0,0.0","0,0,0"
1747092361.345067,"-60.0,0.0,0.0","-89.0,0.0,0.0","0.0,0.0,0.0","0.0,0.0,0.0","0,0,0"
1747092361.3954437,"-63.0,0.0,0.0","-88.0,0.0,0.0","0.0,0.0,0.0","0.0,0.0,0.0","0,0,0"
1747092361.4454753,"-67.0,0.0,0.0","-86.0,0.0,0.0","0.0,0.0,0.0","0.0,0.0,0.0","0,0,0"
1747092361.4961386,"-67.0,0.0,0.0","-86.0,0.0,0.0","0.0,0.0,0.0","0.0,0.0,0.0","0,0,0"
1747092361.5462763,"-68.0,0.0,0.0","-85.0,0.0,0.0","0.0,0.0,0.0","0.0,0.0,0.0","0,0,0"
1747092361.5964835,"-69.0,0.0,0.0","-85.0,0.0,0.0","0.0,0.0,0.0","0.0,0.0,0.0","0,0,0"
1747092361.6474314,"-70.0,0.0,0.0","-85.0,0.0,0.0","0.0,0.0,0.0","0.0,0.0,0.0","0,0,0"
1747092361.6983695,"-71.0,0.0,0.0","-85.0,0.0,0.0","0.0,0.0,0.0","0.0,0.0,0.0","0,0,0"
1747092361.7485752,"-75.0,0.0,0.0","-85.0,0.0,0.0","0.0,0.0,0.0","0.0,0.0,0.0","0,0,0"
1747092361.7992752,"-76.0,0.0,0.0","-84.0,0.0,0.0","0.0,0.0,0.0","0.0,0.0,0.0","0,0,0"
1747092361.849466,"-79.0,0.0,0.0","-82.0,0.0,0.0","0.0,0.0,0.0","0.0,0.0,0.0","0,0,0"
1747092361.900078,"-79.0,0.0,0.0","-82.0,0.0,0.0","0.0,0.0,0.0","0.0,0.0,0.0","0,0,0"
1747092361.950805,"-79.0,0.0,0.0","-81.0,0.0,0.0","0.0,0.0,0.0","0.0,0.0,0.0","0,0,0"
1747092362.0083513,"-79.0,0.0,0.0","-78.0,0.0,0.0","0.0,0.0,0.0","0.0,0.0,0.0","0,0,0"
1747092362.0595517,"-78.0,0.0,0.0","-76.0,0.0,0.0","0.0,0.0,0.0","0.0,0.0,0.0","0,0,0"
1747092362.1104727,"-76.0,0.0,0.0","-72.0,0.0,0.0","0.0,0.0,0.0","0.0,0.0,0.0","0,0,0"
1747092362.1612396,"-74.0,0.0,0.0","-70.0,0.0,0.0","0.0,0.0,0.0","0.0,0.0,0.0","0,0,0"
1747092362.2112856,"-74.0,0.0,0.0","-70.0,0.0,0.0","0.0,0.0,0.0","0.0,0.0,0.0","0,0,0"
1747092362.2619045,"-74.0,0.0,0.0","-69.0,0.0,0.0","0.0,0.0,0.0","0.0,0.0,0.0","0,0,0"
1747092362.3122735,"-74.0,0.0,0.0","-69.0,0.0,0.0","0.0,0.0,0.0","0.0,0.0,0.0","0,0,0"
1747092362.362397,"-74.0,0.0,0.0","-67.0,0.0,0.0","0.0,0.0,0.0","0.0,0.0,0.0","0,0,0"
1747092362.4133475,"-74.0,0.0,0.0","-66.0,0.0,0.0","0.0,0.0,0.0","0.0,0.0,0.0","0,0,0"
1747092362.4639206,"-75.0,0.0,0.0","-65.0,0.0,0.0","0.0,0.0,0.0","0.0,0.0,0.0","0,0,0"
1747092362.514081,"-75.0,0.0,0.0","-65.0,0.0,0.0","0.0,0.0,0.0","0.0,0.0,0.0","0,0,0"
1747092362.564624,"-75.0,0.0,0.0","-65.0,0.0,0.0","0.0,0.0,0.0","0.0,0.0,0.0","0,0,0"
1747092362.6182084,"-76.0,0.0,0.0","-66.0,0.0,0.0","0.0,0.0,0.0","0.0,0.0,0.0","0,0,0"
1747092362.6683,"-76.0,0.0,0.0","-67.0,0.0,0.0","0.0,0.0,0.0","0.0,0.0,0.0","0,0,0"
1747092362.7187016,"-76.0,0.0,0.0","-70.0,0.0,0.0","0.0,0.0,0.0","0.0,0.0,0.0","0,0,0"
1747092362.7693517,"-76.0,0.0,0.0","-73.0,0.0,0.0","0.0,0.0,0.0","0.0,0.0,0.0","0,0,0"
1747092362.8194804,"-76.0,0.0,0.0","-76.0,0.0,0.0","0.0,0.0,0.0","0.0,0.0,0.0","0,0,0"
1747092362.8702888,"-75.0,0.0,0.0","-78.0,0.0,0.0","0.0,0.0,0.0","0.0,0.0,0.0","0,0,0"
1747092362.920964,"-75.0,0.0,0.0","-78.0,0.0,0.0","0.0,0.0,0.0","0.0,0.0,0.0","0,0,0"
1747092362.9724627,"-75.0,0.0,0.0","-78.0,0.0,0.0","0.0,0.0,0.0","0.0,0.0,0.0","0,0,0"
1747092363.0226126,"-75.0,0.0,0.0","-78.0,0.0,0.0","0.0,0.0,0.0","0.0,0.0,0.0","0,0,0"
1747092363.072883,"-75.0,0.0,0.0","-77.0,0.0,0.0","0.0,0.0,0.0","0.0,0.0,0.0","0,0,0"
1747092363.1237345,"-76.0,0.0,0.0","-76.0,0.0,0.0","0.0,0.0,0.0","0.0,0.0,0.0","0,0,0"
1747092363.174471,"-76.0,0.0,0.0","-75.0,0.0,0.0","0.0,0.0,0.0","0.0,0.0,0.0","0,0,0"
1747092363.224553,"-76.0,0.0,0.0","-75.0,0.0,0.0","0.0,0.0,0.0","0.0,0.0,0.0","0,0,0"
1747092363.2754176,"-76.0,0.0,0.0","-74.0,0.0,0.0","0.0,0.0,0.0","0.0,0.0,0.0","0,0,0"
1747092363.3260643,"-76.0,0.0,0.0","-72.0,0.0,0.0","0.0,0.0,0.0","0.0,0.0,0.0","0,0,0"
1747092363.3773072,"-76.0,0.0,0.0","-72.0,0.0,0.0","0.0,0.0,0.0","0.0,0.0,0.0","0,0,0"
1747092363.4273803,"-76.0,0.0,0.0","-72.0,0.0,0.0","0.0,0.0,0.0","0.0,0.0,0.0","0,0,0"
1747092363.4774864,"-76.0,0.0,0.0","-73.0,0.0,0.0","0.0,0.0,0.0","0.0,0.0,0.0","0,0,0"
1747092363.5284612,"-76.0,0.0,0.0","-72.0,0.0,0.0","0.0,0.0,0.0","0.0,0.0,0.0","0,0,0"
1747092363.5791183,"-76.0,0.0,0.0","-72.0,0.0,0.0","0.0,0.0,0.0","0.0,0.0,0.0","0,0,0"
1747092363.6293275,"-76.0,0.0,0.0","-70.0,0.0,0.0","0.0,0.0,0.0","0.0,0.0,0.0","0,0,0"
1747092363.6794415,"-76.0,0.0,0.0","-69.0,0.0,0.0","0.0,0.0,0.0","0.0,0.0,0.0","0,0,0"
1747092363.7300797,"-77.0,0.0,0.0","-69.0,0.0,0.0","0.0,0.0,0.0","0.0,0.0,0.0","0,0,0"
1747092363.7802565,"-77.0,0.0,0.0","-70.0,0.0,0.0","0.0,0.0,0.0","0.0,0.0,0.0","0,0,0"
1747092363.8315156,"-78.0,0.0,0.0","-70.0,0.0,0.0","0.0,0.0,0.0","0.0,0.0,0.0","0,0,0"
1747092363.8820832,"-78.0,0.0,0.0","-70.0,0.0,0.0","0.0,0.0,0.0","0.0,0.0,0.0","0,0,0"
1747092363.9322836,"-78.0,0.0,0.0","-71.0,0.0,0.0","0.0,0.0,0.0","0.0,0.0,0.0","0,0,0"
1747092363.9823964,"-78.0,0.0,0.0","-72.0,0.0,0.0","0.0,0.0,0.0","0.0,0.0,0.0","0,0,0"
1747092364.0330887,"-78.0,0.0,0.0","-76.0,0.0,0.0","0.0,0.0,0.0","0.0,0.0,0.0","0,0,0"
1747092364.083909,"-77.0,0.0,0.0","-78.0,0.0,0.0","0.0,0.0,0.0","0.0,0.0,0.0","0,0,0"
1747092364.1345015,"-76.0,0.0,0.0","-79.0,0.0,0.0","0.0,0.0,0.0","0.0,0.0,0.0","0,0,0"
1747092364.1845074,"-76.0,0.0,0.0","-79.0,0.0,0.0","0.0,0.0,0.0","0.0,0.0,0.0","0,0,0"
1747092364.2353573,"-76.0,0.0,0.0","-79.0,0.0,0.0","0.0,0.0,0.0","0.0,0.0,0.0","0,0,0"
1747092364.2855055,"-76.0,0.0,0.0","-79.0,0.0,0.0","0.0,0.0,0.0","0.0,0.0,0.0","0,0,0"
1747092364.336078,"-76.0,0.0,0.0","-80.0,0.0,0.0","0.0,0.0,0.0","0.0,0.0,0.0","0,0,0"
1747092364.386222,"-76.0,0.0,0.0","-80.0,0.0,0.0","0.0,0.0,0.0","0.0,0.0,0.0","0,0,0"
1747092364.436255,"-76.0,0.0,0.0","-79.0,0.0,0.0","0.0,0.0,0.0","0.0,0.0,0.0","0,0,0"
1747092364.4874709,"-77.0,0.0,0.0","-79.0,0.0,0.0","0.0,0.0,0.0","0.0,0.0,0.0","0,0,0"
1747092364.5379205,"-77.0,0.0,0.0","-79.0,0.0,0.0","0.0,0.0,0.0","0.0,0.0,0.0","0,0,0"
1747092364.588316,"-77.0,0.0,0.0","-77.0,0.0,0.0","0.0,0.0,0.0","0.0,0.0,0.0","0,0,0"
1747092364.6384945,"-77.0,0.0,0.0","-76.0,0.0,0.0","0.0,0.0,0.0","0.0,0.0,0.0","0,0,0"
1747092364.6891253,"-77.0,0.0,0.0","-74.0,0.0,0.0","0.0,0.0,0.0","0.0,0.0,0.0","0,0,0"
1747092364.739435,"-77.0,0.0,0.0","-73.0,0.0,0.0","0.0,0.0,0.0","0.0,0.0,0.0","0,0,0"
1747092364.7903924,"-76.0,0.0,0.0","-73.0,0.0,0.0","0.0,0.0,0.0","0.0,0.0,0.0","0,0,0"
1747092364.8415916,"-76.0,0.0,0.0","-70.0,0.0,0.0","0.0,0.0,0.0","0.0,0.0,0.0","0,0,0"
1747092364.892262,"-76.0,0.0,0.0","-70.0,0.0,0.0","0.0,0.0,0.0","0.0,0.0,0.0","0,0,0"
1747092364.9457784,"-77.0,0.0,0.0","-70.0,0.0,0.0","0.0,0.0,0.0","0.0,0.0,0.0","0,0,0"
1747092364.9958985,"-77.0,0.0,0.0","-70.0,0.0,0.0","0.0,0.0,0.0","0.0,0.0,0.0","0,0,0"
1747092365.047092,"-77.0,0.0,0.0","-68.0,0.0,0.0","0.0,0.0,0.0","0.0,0.0,0.0","0,0,0"
1747092365.0974019,"-78.0,0.0,0.0","-68.0,0.0,0.0","0.0,0.0,0.0","0.0,0.0,0.0","0,0,0"
1747092365.147451,"-78.0,0.0,0.0","-69.0,0.0,0.0","0.0,0.0,0.0","0.0,0.0,0.0","0,0,0"
1747092365.1981375,"-79.0,0.0,0.0","-70.0,0.0,0.0","0.0,0.0,0.0","0.0,0.0,0.0","0,0,0"
1747092365.248388,"-79.0,0.0,0.0","-72.0,0.0,0.0","0.0,0.0,0.0","0.0,0.0,0.0","0,0,0"
1747092365.2992237,"-79.0,0.0,0.0","-75.0,0.0,0.0","0.0,0.0,0.0","0.0,0.0,0.0","0,0,0"
1747092365.3501112,"-78.0,0.0,0.0","-81.0,0.0,0.0","0.0,0.0,0.0","0.0,0.0,0.0","0,0,0"
1747092365.4004538,"-78.0,0.0,0.0","-81.0,0.0,0.0","0.0,0.0,0.0","0.0,0.0,0.0","0,0,0"
1747092365.4505947,"-76.0,0.0,0.0","-82.0,0.0,0.0","0.0,0.0,0.0","0.0,0.0,0.0","0,0,0"
1747092365.5011935,"-76.0,0.0,0.0","-82.0,0.0,0.0","0.0,0.0,0.0","0.0,0.0,0.0","0,0,0"
1747092365.551235,"-74.0,0.0,0.0","-82.0,0.0,0.0","0.0,0.0,0.0","0.0,0.0,0.0","0,0,0"
1747092365.6013546,"-74.0,0.0,0.0","-83.0,0.0,0.0","0.0,0.0,0.0","0.0,0.0,0.0","0,0,0"
1747092365.6519065,"-74.0,0.0,0.0","-84.0,0.0,0.0","0.0,0.0,0.0","0.0,0.0,0.0","0,0,0"
1747092365.7024317,"-74.0,0.0,0.0","-86.0,0.0,0.0","0.0,0.0,0.0","0.0,0.0,0.0","0,0,0"
1747092365.7534134,"-74.0,0.0,0.0","-86.0,0.0,0.0","0.0,0.0,0.0","0.0,0.0,0.0","0,0,0"
1747092365.8047578,"-74.0,0.0,0.0","-86.0,0.0,0.0","0.0,0.0,0.0","0.0,0.0,0.0","0,0,0"
1747092365.8554258,"-74.0,0.0,0.0","-84.0,0.0,0.0","0.0,0.0,0.0","0.0,0.0,0.0","0,0,0"
1747092365.9054651,"-74.0,0.0,0.0","-86.0,0.0,0.0","0.0,0.0,0.0","0.0,0.0,0.0","0,0,0"
1747092365.956235,"-74.0,0.0,0.0","-86.0,0.0,0.0","0.0,0.0,0.0","0.0,0.0,0.0","0,0,0"
1747092366.0073767,"-74.0,0.0,0.0","-86.0,0.0,0.0","0.0,0.0,0.0","0.0,0.0,0.0","0,0,0"
1747092366.0585246,"-74.0,0.0,0.0","-86.0,0.0,0.0","0.0,0.0,0.0","0.0,0.0,0.0","0,0,0"
1747092366.1094706,"-74.0,0.0,0.0","-84.0,0.0,0.0","0.0,0.0,0.0","0.0,0.0,0.0","0,0,0"
1747092366.1603885,"-74.0,0.0,0.0","-84.0,0.0,0.0","0.0,0.0,0.0","0.0,0.0,0.0","0,0,0"
1747092366.2110045,"-73.0,0.0,0.0","-83.0,0.0,0.0","0.0,0.0,0.0","0.0,0.0,0.0","0,0,0"
1747092366.2611241,"-72.0,0.0,0.0","-83.0,0.0,0.0","0.0,0.0,0.0","0.0,0.0,0.0","0,0,0"
1747092366.3114047,"-66.0,0.0,0.0","-83.0,0.0,0.0","0.0,0.0,0.0","0.0,0.0,0.0","0,0,0"
1747092366.3635,"-65.0,0.0,0.0","-83.0,0.0,0.0","0.0,0.0,0.0","0.0,0.0,0.0","0,0,0"
1747092366.4141302,"-64.0,0.0,0.0","-81.0,0.0,0.0","0.0,0.0,0.0","0.0,0.0,0.0","0,0,0"
1747092366.4651067,"-63.0,0.0,0.0","-81.0,0.0,0.0","0.0,0.0,0.0","0.0,0.0,0.0","0,0,0"
1747092366.5151772,"-61.0,0.0,0.0","-76.0,0.0,0.0","0.0,0.0,0.0","0.0,0.0,0.0","0,0,0"
1747092366.5661364,"-59.0,0.0,0.0","-75.0,0.0,0.0","0.0,0.0,0.0","0.0,0.0,0.0","0,0,0"
1747092366.6162486,"-59.0,0.0,0.0","-75.0,0.0,0.0","0.0,0.0,0.0","0.0,0.0,0.0","0,0,0"
1747092366.667312,"-56.0,0.0,0.0","-71.0,0.0,0.0","0.0,0.0,0.0","0.0,0.0,0.0","0,0,0"
1747092366.7174919,"-50.0,0.0,0.0","-66.0,0.0,0.0","0.0,0.0,0.0","0.0,0.0,0.0","0,0,0"
1747092366.767763,"-47.0,0.0,0.0","-66.0,0.0,0.0","0.0,0.0,0.0","0.0,0.0,0.0","0,0,0"
1747092366.818375,"-45.0,0.0,0.0","-61.0,0.0,0.0","0.0,0.0,0.0","0.0,0.0,0.0","0,0,0"
1747092366.869374,"-43.0,0.0,0.0","-56.0,0.0,0.0","-24.0,0.0,0.0","0.0,0.0,0.0","0,0,0"
1747092366.9195259,"-41.0,0.0,0.0","-52.0,0.0,0.0","-24.0,0.0,0.0","0.0,0.0,0.0","0,0,0"
1747092366.970406,"-39.0,0.0,0.0","-50.0,0.0,0.0","-24.0,0.0,0.0","0.0,0.0,0.0","0,0,0"
1747092367.020566,"-35.0,0.0,0.0","-42.0,0.0,0.0","-24.0,0.0,0.0","-14.0,0.0,0.0","0,0,0"
1747092367.077374,"-34.0,0.0,0.0","-34.0,0.0,0.0","-24.0,0.0,0.0","-4.0,0.0,0.0","0,0,0"
1747092367.1280167,"-32.0,0.0,0.0","-22.0,0.0,0.0","-24.0,0.0,0.0","1.0,0.0,0.0","0,0,0"
1747092367.1781201,"-31.0,0.0,0.0","-18.0,0.0,0.0","-24.0,0.0,0.0","12.0,0.0,0.0","0,0,0"
1747092367.2283425,"-31.0,0.0,0.0","-14.0,0.0,0.0","-24.0,0.0,0.0","16.0,0.0,0.0","0,0,0"
1747092367.2784812,"-31.0,0.0,0.0","-4.0,0.0,0.0","-24.0,0.0,0.0","20.0,0.0,0.0","0,0,0"
1747092367.329106,"-31.0,0.0,0.0","-3.0,0.0,0.0","-24.0,0.0,0.0","21.0,0.0,0.0","0,0,0"
1747092367.3794308,"-31.0,0.0,0.0","10.0,0.0,0.0","-24.0,0.0,0.0","31.0,0.0,0.0","0,0,0"
1747092367.4304068,"-31.0,0.0,0.0","13.0,0.0,0.0","-24.0,0.0,0.0","33.0,0.0,0.0","0,0,0"
1747092367.4807372,"-31.0,0.0,0.0","13.0,0.0,0.0","-24.0,0.0,0.0","33.0,0.0,0.0","0,0,0"
1747092367.5317168,"-31.0,0.0,0.0","13.0,0.0,0.0","-24.0,0.0,0.0","33.0,0.0,0.0","0,0,0"
1747092367.5827322,"-33.0,0.0,0.0","13.0,0.0,0.0","-24.0,0.0,0.0","33.0,0.0,0.0","0,0,0"
1747092367.6333117,"-34.0,0.0,0.0","12.0,0.0,0.0","-24.0,0.0,0.0","32.0,0.0,0.0","0,0,0"
1747092367.6837025,"-34.0,0.0,0.0","5.0,0.0,0.0","-24.0,0.0,0.0","22.0,0.0,0.0","0,0,0"
1747092367.734274,"-34.0,0.0,0.0","0.0,0.0,0.0","-24.0,0.0,0.0","21.0,0.0,0.0","0,0,0"
1747092367.7843354,"-34.0,0.0,0.0","-6.0,0.0,0.0","-24.0,0.0,0.0","19.0,0.0,0.0","0,0,0"
1747092367.834561,"-35.0,0.0,0.0","-18.0,0.0,0.0","-24.0,0.0,0.0","13.0,0.0,0.0","0,0,0"
1747092367.8851836,"-34.0,0.0,0.0","-33.0,0.0,0.0","-24.0,0.0,0.0","7.0,0.0,0.0","0,0,0"
1747092367.9371345,"-34.0,0.0,0.0","-33.0,0.0,0.0","-24.0,0.0,0.0","7.0,0.0,0.0","0,0,0"
1747092367.987846,"-33.0,0.0,0.0","-36.0,0.0,0.0","-24.0,0.0,0.0","4.0,0.0,0.0","0,0,0"
1747092368.0393932,"-33.0,0.0,0.0","-36.0,0.0,0.0","-24.0,0.0,0.0","3.0,0.0,0.0","0,0,0"
1747092368.0901275,"-31.0,0.0,0.0","-36.0,0.0,0.0","-24.0,0.0,0.0","0.0,0.0,0.0","0,0,0"
1747092368.1404655,"-30.0,0.0,0.0","-36.0,0.0,0.0","-24.0,0.0,0.0","0.0,0.0,0.0","0,0,0"
1747092368.1906178,"-29.0,0.0,0.0","-34.0,0.0,0.0","-24.0,0.0,0.0","0.0,0.0,0.0","0,0,0"
1747092368.2410474,"-27.0,0.0,0.0","-33.0,0.0,0.0","-24.0,0.0,0.0","0.0,0.0,0.0","0,0,0"
1747092368.2916636,"-18.0,0.0,0.0","-33.0,0.0,0.0","-24.0,0.0,0.0","0.0,0.0,0.0","0,0,0"
1747092368.34268,"-13.0,0.0,0.0","-33.0,0.0,0.0","-24.0,0.0,0.0","0.0,0.0,0.0","0,0,0"
1747092368.3936007,"-9.0,0.0,0.0","-33.0,0.0,0.0","-24.0,0.0,0.0","0.0,0.0,0.0","0,0,0"
1747092368.4441876,"-2.0,0.0,0.0","-33.0,0.0,0.0","-24.0,0.0,0.0","0.0,0.0,0.0","0,0,0"
1747092368.494329,"2.0,0.0,0.0","-34.0,0.0,0.0","-24.0,0.0,0.0","-1.0,0.0,0.0","0,0,0"
1747092368.5443912,"2.0,0.0,0.0","-34.0,0.0,0.0","-24.0,0.0,0.0","-1.0,0.0,0.0","0,0,0"
1747092368.5945404,"2.0,0.0,0.0","-35.0,0.0,0.0","-24.0,0.0,0.0","-1.0,0.0,0.0","0,0,0"
1747092368.6454935,"2.0,0.0,0.0","-37.0,0.0,0.0","-24.0,0.0,0.0","-3.0,0.0,0.0","0,0,0"
1747092368.6961915,"2.0,0.0,0.0","-38.0,0.0,0.0","-24.0,0.0,0.0","-3.0,0.0,0.0","0,0,0"
1747092368.7462094,"2.0,0.0,0.0","-38.0,0.0,0.0","-24.0,0.0,0.0","-3.0,0.0,0.0","0,0,0"
1747092368.7968907,"2.0,0.0,0.0","-38.0,0.0,0.0","-24.0,0.0,0.0","-4.0,0.0,0.0","0,0,0"
1747092368.8473487,"2.0,0.0,0.0","-38.0,0.0,0.0","-24.0,0.0,0.0","-4.0,0.0,0.0","0,0,0"
1747092368.897679,"2.0,0.0,0.0","-38.0,0.0,0.0","-24.0,0.0,0.0","-5.0,0.0,0.0","0,0,0"
1747092368.9482932,"2.0,0.0,0.0","-38.0,0.0,0.0","-24.0,0.0,0.0","-5.0,0.0,0.0","0,0,0"
1747092368.999423,"1.0,0.0,0.0","-37.0,0.0,0.0","-24.0,0.0,0.0","-6.0,0.0,0.0","0,0,0"
1747092369.0500884,"1.0,0.0,0.0","-37.0,0.0,0.0","-24.0,0.0,0.0","-6.0,0.0,0.0","0,0,0"
1747092369.1003098,"1.0,0.0,0.0","-37.0,0.0,0.0","-24.0,0.0,0.0","-6.0,0.0,0.0","0,0,0"
1747092369.1504807,"0.0,0.0,0.0","-37.0,0.0,0.0","-24.0,0.0,0.0","-6.0,0.0,0.0","0,0,0"
1747092369.2010615,"0.0,0.0,0.0","-37.0,0.0,0.0","-24.0,0.0,0.0","-6.0,0.0,0.0","0,0,0"
1747092369.2511973,"-1.0,0.0,0.0","-37.0,0.0,0.0","-24.0,0.0,0.0","-6.0,0.0,0.0","0,0,0"
1747092369.302123,"-4.0,0.0,0.0","-37.0,0.0,0.0","-24.0,0.0,0.0","-7.0,0.0,0.0","0,0,0"
1747092369.3524532,"-7.0,0.0,0.0","-37.0,0.0,0.0","-24.0,0.0,0.0","-8.0,0.0,0.0","0,0,0"
1747092369.4033198,"-7.0,0.0,0.0","-37.0,0.0,0.0","-24.0,0.0,0.0","-8.0,0.0,0.0","0,0,0"
1747092369.4536912,"-9.0,0.0,0.0","-37.0,0.0,0.0","-24.0,0.0,0.0","-10.0,0.0,0.0","0,0,0"
1747092369.5042353,"-11.0,0.0,0.0","-37.0,0.0,0.0","-24.0,0.0,0.0","-12.0,0.0,0.0","0,0,0"
1747092369.5542965,"-13.0,0.0,0.0","-38.0,0.0,0.0","-24.0,0.0,0.0","-14.0,0.0,0.0","0,0,0"
1747092369.604549,"-18.0,0.0,0.0","-39.0,0.0,0.0","-24.0,0.0,0.0","-17.0,0.0,0.0","0,0,0"
1747092369.6558585,"-22.0,0.0,0.0","-40.0,0.0,0.0","-24.0,0.0,0.0","-20.0,0.0,0.0","0,0,0"
1747092369.7074568,"-23.0,0.0,0.0","-41.0,0.0,0.0","-24.0,0.0,0.0","-22.0,0.0,0.0","0,0,0"
1747092369.758129,"-36.0,0.0,0.0","-50.0,0.0,0.0","-24.0,0.0,0.0","0.0,0.0,0.0","0,0,0"
1747092369.809028,"-46.0,0.0,0.0","-57.0,0.0,0.0","0.0,0.0,0.0","0.0,0.0,0.0","0,0,0"
1747092369.8592825,"-48.0,0.0,0.0","-60.0,0.0,0.0","0.0,0.0,0.0","0.0,0.0,0.0","0,0,0"
1747092369.9100192,"-65.0,0.0,0.0","-67.0,0.0,0.0","0.0,0.0,0.0","0.0,0.0,0.0","0,0,0"
1747092369.9601846,"-65.0,0.0,0.0","-67.0,0.0,0.0","0.0,0.0,0.0","0.0,0.0,0.0","0,0,0"
1747092370.011233,"-79.0,0.0,0.0","-82.0,0.0,0.0","0.0,0.0,0.0","0.0,0.0,0.0","0,0,0"
1747092370.0626733,"-100.0,0.0,0.0","-98.0,0.0,0.0","0.0,0.0,0.0","0.0,0.0,0.0","0,0,0"
1747092370.1133795,"-101.0,0.0,0.0","-100.0,0.0,0.0","0.0,0.0,0.0","0.0,0.0,0.0","0,0,0"
1747092370.163647,"-102.0,0.0,0.0","-103.0,0.0,0.0","0.0,0.0,0.0","0.0,0.0,0.0","0,0,0"
1747092370.213909,"-101.0,0.0,0.0","-100.0,0.0,0.0","0.0,0.0,0.0","0.0,0.0,0.0","0,0,0"
1747092370.264647,"-99.0,0.0,0.0","-94.0,0.0,0.0","0.0,0.0,0.0","0.0,0.0,0.0","0,0,0"
1747092370.3153093,"-95.0,0.0,0.0","-89.0,0.0,0.0","0.0,0.0,0.0","0.0,0.0,0.0","0,0,0"
1747092370.365526,"-94.0,0.0,0.0","-89.0,0.0,0.0","0.0,0.0,0.0","0.0,0.0,0.0","0,0,0"
1747092370.4161243,"-94.0,0.0,0.0","-89.0,0.0,0.0","0.0,0.0,0.0","0.0,0.0,0.0","0,0,0"
1747092370.467199,"-94.0,0.0,0.0","-89.0,0.0,0.0","0.0,0.0,0.0","0.0,0.0,0.0","0,0,0"
1747092370.5173774,"-94.0,0.0,0.0","-89.0,0.0,0.0","0.0,0.0,0.0","0.0,0.0,0.0","0,0,0"
1747092370.5680547,"-94.0,0.0,0.0","-89.0,0.0,0.0","0.0,0.0,0.0","0.0,0.0,0.0","0,0,0"
1747092370.618135,"-94.0,0.0,0.0","-90.0,0.0,0.0","0.0,0.0,0.0","0.0,0.0,0.0","0,0,0"
1747092370.668167,"-95.0,0.0,0.0","-92.0,0.0,0.0","0.0,0.0,0.0","0.0,0.0,0.0","0,0,0"
1747092370.7197528,"-100.0,0.0,0.0","-95.0,0.0,0.0","0.0,0.0,0.0","0.0,0.0,0.0","0,0,0"
1747092370.7701817,"-101.0,0.0,0.0","-99.0,0.0,0.0","0.0,0.0,0.0","0.0,0.0,0.0","0,0,0"
1747092370.8205676,"-100.0,0.0,0.0","-101.0,0.0,0.0","0.0,0.0,0.0","0.0,0.0,0.0","0,0,0"
1747092370.8706386,"-100.0,0.0,0.0","-101.0,0.0,0.0","0.0,0.0,0.0","0.0,0.0,0.0","0,0,0"
1747092370.921287,"-100.0,0.0,0.0","-101.0,0.0,0.0","0.0,0.0,0.0","0.0,0.0,0.0","0,0,0"
1747092370.971414,"-100.0,0.0,0.0","-100.0,0.0,0.0","0.0,0.0,0.0","0.0,0.0,0.0","0,0,0"
1747092371.0222366,"-90.0,0.0,0.0","-98.0,0.0,0.0","0.0,0.0,0.0","0.0,0.0,0.0","0,0,0"
1747092371.0741224,"-84.0,0.0,0.0","-91.0,0.0,0.0","0.0,0.0,0.0","0.0,0.0,0.0","0,0,0"
1747092371.1247115,"-62.0,0.0,0.0","-66.0,0.0,0.0","0.0,0.0,0.0","0.0,0.0,0.0","0,0,0"
1747092371.175242,"-53.0,0.0,0.0","-50.0,0.0,0.0","0.0,0.0,0.0","0.0,0.0,0.0","0,0,0"
1747092371.2258236,"-49.0,0.0,0.0","-41.0,0.0,0.0","0.0,0.0,0.0","-50.0,0.0,0.0","0,0,0"
1747092371.277177,"-28.0,0.0,0.0","-12.0,0.0,0.0","-24.0,0.0,0.0","-24.0,0.0,0.0","0,0,0"
1747092371.3281002,"-25.0,0.0,0.0","-6.0,0.0,0.0","-24.0,0.0,0.0","-21.0,0.0,0.0","0,0,0"
1747092371.3781154,"0.0,0.0,0.0","29.0,0.0,0.0","-24.0,0.0,0.0","9.0,0.0,0.0","0,0,0"
1747092371.428314,"5.0,0.0,0.0","34.0,0.0,0.0","-24.0,0.0,0.0","12.0,0.0,0.0","0,0,0"
1747092371.4783378,"22.0,0.0,0.0","56.0,0.0,0.0","-24.0,0.0,0.0","0.0,0.0,0.0","0,0,0"
1747092371.528764,"27.0,0.0,0.0","59.0,0.0,0.0","-24.0,0.0,0.0","0.0,0.0,0.0","0,0,0"
1747092371.5803761,"54.0,0.0,0.0","56.0,0.0,0.0","0.0,0.0,0.0","0.0,0.0,0.0","0,0,0"
1747092371.6314247,"63.0,0.0,0.0","63.0,0.0,0.0","0.0,0.0,0.0","0.0,0.0,0.0","0,0,0"
1747092371.6825564,"67.0,0.0,0.0","68.0,0.0,0.0","0.0,0.0,0.0","0.0,0.0,0.0","0,0,0"
1747092371.7326567,"69.0,0.0,0.0","70.0,0.0,0.0","0.0,0.0,0.0","0.0,0.0,0.0","0,0,0"
1747092371.7834435,"72.0,0.0,0.0","72.0,0.0,0.0","0.0,0.0,0.0","0.0,0.0,0.0","0,0,0"
1747092371.8349164,"85.0,0.0,0.0","74.0,0.0,0.0","0.0,0.0,0.0","0.0,0.0,0.0","0,0,0"
1747092371.88571,"88.0,0.0,0.0","75.0,0.0,0.0","0.0,0.0,0.0","0.0,0.0,0.0","0,0,0"
1747092371.9363668,"88.0,0.0,0.0","75.0,0.0,0.0","0.0,0.0,0.0","0.0,0.0,0.0","0,0,0"
1747092371.9871993,"89.0,0.0,0.0","76.0,0.0,0.0","0.0,0.0,0.0","0.0,0.0,0.0","0,0,0"
1747092372.0373132,"89.0,0.0,0.0","76.0,0.0,0.0","0.0,0.0,0.0","0.0,0.0,0.0","0,0,0"
1747092372.0874975,"89.0,0.0,0.0","77.0,0.0,0.0","0.0,0.0,0.0","0.0,0.0,0.0","0,0,0"
1747092372.1454923,"89.0,0.0,0.0","77.0,0.0,0.0","0.0,0.0,0.0","0.0,0.0,0.0","0,0,0"
1747092372.1974747,"88.0,0.0,0.0","77.0,0.0,0.0","0.0,0.0,0.0","0.0,0.0,0.0","0,0,0"
1747092372.248224,"86.0,0.0,0.0","76.0,0.0,0.0","0.0,0.0,0.0","0.0,0.0,0.0","0,0,0"
1747092372.2983136,"85.0,0.0,0.0","76.0,0.0,0.0","0.0,0.0,0.0","0.0,0.0,0.0","0,0,0"
1747092372.349289,"81.0,0.0,0.0","75.0,0.0,0.0","0.0,0.0,0.0","0.0,0.0,0.0","0,0,0"
1747092372.400197,"78.0,0.0,0.0","73.0,0.0,0.0","0.0,0.0,0.0","0.0,0.0,0.0","0,0,0"
1747092372.4508877,"73.0,0.0,0.0","62.0,0.0,0.0","0.0,0.0,0.0","0.0,0.0,0.0","0,0,0"
1747092372.5018437,"63.0,0.0,0.0","50.0,0.0,0.0","0.0,0.0,0.0","0.0,0.0,0.0","0,0,0"
1747092372.5522964,"57.0,0.0,0.0","47.0,0.0,0.0","0.0,0.0,0.0","0.0,0.0,0.0","0,0,0"
1747092372.6029284,"35.0,0.0,0.0","44.0,0.0,0.0","-24.0,0.0,0.0","34.0,0.0,0.0","0,0,0"
1747092372.6534085,"22.0,0.0,0.0","32.0,0.0,0.0","-24.0,0.0,0.0","26.0,0.0,0.0","0,0,0"
1747092372.704374,"10.0,0.0,0.0","12.0,0.0,0.0","-24.0,0.0,0.0","11.0,0.0,0.0","0,0,0"
1747092372.7555342,"0.0,0.0,0.0","0.0,0.0,0.0","-24.0,0.0,0.0","1.0,0.0,0.0","0,0,0"
1747092372.806113,"-17.0,0.0,0.0","-18.0,0.0,0.0","-24.0,0.0,0.0","-13.0,0.0,0.0","0,0,0"
1747092372.8573866,"-26.0,0.0,0.0","-31.0,0.0,0.0","-24.0,0.0,0.0","-24.0,0.0,0.0","0,0,0"
1747092372.9102674,"-38.0,0.0,0.0","-49.0,0.0,0.0","-24.0,0.0,0.0","0.0,0.0,0.0","0,0,0"
1747092372.961232,"-52.0,0.0,0.0","-60.0,0.0,0.0","0.0,0.0,0.0","0.0,0.0,0.0","0,0,0"
1747092373.0112617,"-66.0,0.0,0.0","-77.0,0.0,0.0","0.0,0.0,0.0","0.0,0.0,0.0","0,0,0"
1747092373.0621982,"-86.0,0.0,0.0","-88.0,0.0,0.0","0.0,0.0,0.0","0.0,0.0,0.0","0,0,0"
1747092373.1128683,"-101.0,0.0,0.0","-101.0,0.0,0.0","0.0,0.0,0.0","0.0,0.0,0.0","0,0,0"
1747092373.1634042,"-102.0,0.0,0.0","-101.0,0.0,0.0","0.0,0.0,0.0","0.0,0.0,0.0","0,0,0"
1747092373.2135615,"-103.0,0.0,0.0","-106.0,0.0,0.0","0.0,0.0,0.0","0.0,0.0,0.0","0,0,0"
1747092373.2637725,"-103.0,0.0,0.0","-106.0,0.0,0.0","0.0,0.0,0.0","0.0,0.0,0.0","0,0,0"
1747092373.3145437,"-104.0,0.0,0.0","-107.0,0.0,0.0","0.0,0.0,0.0","0.0,0.0,0.0","0,0,0"
1747092373.3653917,"-105.0,0.0,0.0","-107.0,0.0,0.0","0.0,0.0,0.0","0.0,0.0,0.0","0,0,0"
1747092373.4159782,"-106.0,0.0,0.0","-107.0,0.0,0.0","0.0,0.0,0.0","0.0,0.0,0.0","0,0,0"
1747092373.466098,"-106.0,0.0,0.0","-106.0,0.0,0.0","0.0,0.0,0.0","0.0,0.0,0.0","0,0,0"
1747092373.5170565,"-105.0,0.0,0.0","-105.0,0.0,0.0","0.0,0.0,0.0","0.0,0.0,0.0","0,0,0"
1747092373.567364,"-104.0,0.0,0.0","-104.0,0.0,0.0","0.0,0.0,0.0","0.0,0.0,0.0","0,0,0"
1747092373.617424,"-103.0,0.0,0.0","-104.0,0.0,0.0","0.0,0.0,0.0","0.0,0.0,0.0","0,0,0"
1747092373.6682765,"-103.0,0.0,0.0","-102.0,0.0,0.0","0.0,0.0,0.0","0.0,0.0,0.0","0,0,0"
1747092373.7193966,"-102.0,0.0,0.0","-99.0,0.0,0.0","0.0,0.0,0.0","0.0,0.0,0.0","0,0,0"
1747092373.769563,"-91.0,0.0,0.0","-88.0,0.0,0.0","0.0,0.0,0.0","0.0,0.0,0.0","0,0,0"
1747092373.8202558,"-91.0,0.0,0.0","-88.0,0.0,0.0","0.0,0.0,0.0","0.0,0.0,0.0","0,0,0"
1747092373.8709679,"-85.0,0.0,0.0","-83.0,0.0,0.0","0.0,0.0,0.0","0.0,0.0,0.0","0,0,0"
1747092373.921071,"-69.0,0.0,0.0","-64.0,0.0,0.0","0.0,0.0,0.0","0.0,0.0,0.0","0,0,0"
1747092373.9720368,"-28.0,0.0,0.0","-15.0,0.0,0.0","-24.0,0.0,0.0","-31.0,0.0,0.0","0,0,0"
1747092374.0228894,"-21.0,0.0,0.0","-7.0,0.0,0.0","-24.0,0.0,0.0","-19.0,0.0,0.0","0,0,0"
1747092374.0736036,"-1.0,0.0,0.0","20.0,0.0,0.0","-24.0,0.0,0.0","0.0,0.0,0.0","0,0,0"
1747092374.1236968,"9.0,0.0,0.0","38.0,0.0,0.0","-24.0,0.0,0.0","15.0,0.0,0.0","0,0,0"
1747092374.1754777,"23.0,0.0,0.0","54.0,0.0,0.0","-24.0,0.0,0.0","0.0,0.0,0.0","0,0,0"
1747092374.2260895,"33.0,0.0,0.0","50.0,0.0,0.0","-24.0,0.0,0.0","0.0,0.0,0.0","0,0,0"
1747092374.2773087,"33.0,0.0,0.0","50.0,0.0,0.0","-24.0,0.0,0.0","0.0,0.0,0.0","0,0,0"
1747092374.3281841,"56.0,0.0,0.0","60.0,0.0,0.0","0.0,0.0,0.0","0.0,0.0,0.0","0,0,0"
1747092374.3790252,"66.0,0.0,0.0","65.0,0.0,0.0","0.0,0.0,0.0","0.0,0.0,0.0","0,0,0"
1747092374.4291096,"72.0,0.0,0.0","69.0,0.0,0.0","0.0,0.0,0.0","0.0,0.0,0.0","0,0,0"
1747092374.4791505,"74.0,0.0,0.0","72.0,0.0,0.0","0.0,0.0,0.0","0.0,0.0,0.0","0,0,0"
1747092374.529226,"76.0,0.0,0.0","74.0,0.0,0.0","0.0,0.0,0.0","0.0,0.0,0.0","0,0,0"
1747092374.580005,"78.0,0.0,0.0","76.0,0.0,0.0","0.0,0.0,0.0","0.0,0.0,0.0","0,0,0"
1747092374.6321273,"81.0,0.0,0.0","77.0,0.0,0.0","0.0,0.0,0.0","0.0,0.0,0.0","0,0,0"
1747092374.6842518,"81.0,0.0,0.0","77.0,0.0,0.0","0.0,0.0,0.0","0.0,0.0,0.0","0,0,0"
1747092374.7348187,"82.0,0.0,0.0","78.0,0.0,0.0","0.0,0.0,0.0","0.0,0.0,0.0","0,0,0"
1747092374.7850056,"82.0,0.0,0.0","78.0,0.0,0.0","0.0,0.0,0.0","0.0,0.0,0.0","0,0,0"
1747092374.8356817,"82.0,0.0,0.0","77.0,0.0,0.0","0.0,0.0,0.0","0.0,0.0,0.0","0,0,0"
1747092374.8863194,"82.0,0.0,0.0","77.0,0.0,0.0","0.0,0.0,0.0","0.0,0.0,0.0","0,0,0"
1747092374.9374056,"81.0,0.0,0.0","77.0,0.0,0.0","0.0,0.0,0.0","0.0,0.0,0.0","0,0,0"
1747092374.9880362,"78.0,0.0,0.0","75.0,0.0,0.0","0.0,0.0,0.0","0.0,0.0,0.0","0,0,0"
1747092375.0385234,"73.0,0.0,0.0","68.0,0.0,0.0","0.0,0.0,0.0","0.0,0.0,0.0","0,0,0"
1747092375.0892363,"66.0,0.0,0.0","65.0,0.0,0.0","0.0,0.0,0.0","0.0,0.0,0.0","0,0,0"
1747092375.1399384,"66.0,0.0,0.0","65.0,0.0,0.0","0.0,0.0,0.0","0.0,0.0,0.0","0,0,0"
1747092375.1900206,"57.0,0.0,0.0","56.0,0.0,0.0","0.0,0.0,0.0","0.0,0.0,0.0","0,0,0"
1747092375.241252,"52.0,0.0,0.0","55.0,0.0,0.0","0.0,0.0,0.0","0.0,0.0,0.0","0,0,0"
1747092375.2914355,"34.0,0.0,0.0","57.0,0.0,0.0","-24.0,0.0,0.0","0.0,0.0,0.0","0,0,0"
1747092375.342209,"28.0,0.0,0.0","50.0,0.0,0.0","-24.0,0.0,0.0","0.0,0.0,0.0","0,0,0"
1747092375.3922331,"9.0,0.0,0.0","25.0,0.0,0.0","-24.0,0.0,0.0","10.0,0.0,0.0","0,0,0"
1747092375.4425592,"-9.0,0.0,0.0","10.0,0.0,0.0","-24.0,0.0,0.0","1.0,0.0,0.0","0,0,0"
1747092375.4932194,"-36.0,0.0,0.0","-31.0,0.0,0.0","-24.0,0.0,0.0","-29.0,0.0,0.0","0,0,0"
1747092375.5433986,"-46.0,0.0,0.0","-48.0,0.0,0.0","0.0,0.0,0.0","0.0,0.0,0.0","0,0,0"
1747092375.5934377,"-64.0,0.0,0.0","-66.0,0.0,0.0","0.0,0.0,0.0","0.0,0.0,0.0","0,0,0"
1747092375.6442719,"-69.0,0.0,0.0","-75.0,0.0,0.0","0.0,0.0,0.0","0.0,0.0,0.0","0,0,0"
1747092375.6947505,"-86.0,0.0,0.0","-86.0,0.0,0.0","0.0,0.0,0.0","0.0,0.0,0.0","0,0,0"
1747092375.7448363,"-99.0,0.0,0.0","-103.0,0.0,0.0","0.0,0.0,0.0","0.0,0.0,0.0","0,0,0"
1747092375.795573,"-101.0,0.0,0.0","-103.0,0.0,0.0","0.0,0.0,0.0","0.0,0.0,0.0","0,0,0"
1747092375.8459427,"-102.0,0.0,0.0","-103.0,0.0,0.0","0.0,0.0,0.0","0.0,0.0,0.0","0,0,0"
1747092375.89601,"-102.0,0.0,0.0","-104.0,0.0,0.0","0.0,0.0,0.0","0.0,0.0,0.0","0,0,0"
1747092375.9473891,"-103.0,0.0,0.0","-105.0,0.0,0.0","0.0,0.0,0.0","0.0,0.0,0.0","0,0,0"
1747092375.998078,"-103.0,0.0,0.0","-105.0,0.0,0.0","0.0,0.0,0.0","0.0,0.0,0.0","0,0,0"
1747092376.0481443,"-103.0,0.0,0.0","-105.0,0.0,0.0","0.0,0.0,0.0","0.0,0.0,0.0","0,0,0"
1747092376.0982602,"-103.0,0.0,0.0","-104.0,0.0,0.0","0.0,0.0,0.0","0.0,0.0,0.0","0,0,0"
1747092376.1489787,"-103.0,0.0,0.0","-102.0,0.0,0.0","0.0,0.0,0.0","0.0,0.0,0.0","0,0,0"
1747092376.200966,"-103.0,0.0,0.0","-101.0,0.0,0.0","0.0,0.0,0.0","0.0,0.0,0.0","0,0,0"
1747092376.2529664,"-100.0,0.0,0.0","-100.0,0.0,0.0","0.0,0.0,0.0","0.0,0.0,0.0","0,0,0"
1747092376.3037415,"-98.0,0.0,0.0","-98.0,0.0,0.0","0.0,0.0,0.0","0.0,0.0,0.0","0,0,0"
1747092376.3540077,"-93.0,0.0,0.0","-93.0,0.0,0.0","0.0,0.0,0.0","0.0,0.0,0.0","0,0,0"
1747092376.4052565,"-80.0,0.0,0.0","-79.0,0.0,0.0","0.0,0.0,0.0","0.0,0.0,0.0","0,0,0"
1747092376.4562013,"-74.0,0.0,0.0","-67.0,0.0,0.0","0.0,0.0,0.0","0.0,0.0,0.0","0,0,0"
1747092376.5073633,"-66.0,0.0,0.0","-58.0,0.0,0.0","0.0,0.0,0.0","0.0,0.0,0.0","0,0,0"
1747092376.5582416,"-39.0,0.0,0.0","-28.0,0.0,0.0","-24.0,0.0,0.0","-31.0,0.0,0.0","0,0,0"
1747092376.609967,"-29.0,0.0,0.0","-13.0,0.0,0.0","-24.0,0.0,0.0","-14.0,0.0,0.0","0,0,0"
1747092376.6621337,"-17.0,0.0,0.0","7.0,0.0,0.0","-24.0,0.0,0.0","0.0,0.0,0.0","0,0,0"
1747092376.7122474,"-6.0,0.0,0.0","21.0,0.0,0.0","-24.0,0.0,0.0","13.0,0.0,0.0","0,0,0"
1747092376.7624772,"2.0,0.0,0.0","35.0,0.0,0.0","-24.0,0.0,0.0","26.0,0.0,0.0","0,0,0"
1747092376.8131487,"12.0,0.0,0.0","44.0,0.0,0.0","-24.0,0.0,0.0","33.0,0.0,0.0","0,0,0"
1747092376.8640022,"24.0,0.0,0.0","47.0,0.0,0.0","-24.0,0.0,0.0","0.0,0.0,0.0","0,0,0"
1747092376.9141526,"29.0,0.0,0.0","50.0,0.0,0.0","-24.0,0.0,0.0","0.0,0.0,0.0","0,0,0"
1747092376.9641762,"53.0,0.0,0.0","61.0,0.0,0.0","0.0,0.0,0.0","0.0,0.0,0.0","0,0,0"
1747092377.0142252,"57.0,0.0,0.0","65.0,0.0,0.0","0.0,0.0,0.0","0.0,0.0,0.0","0,0,0"
1747092377.0673416,"67.0,0.0,0.0","69.0,0.0,0.0","0.0,0.0,0.0","0.0,0.0,0.0","0,0,0"
1747092377.1174157,"74.0,0.0,0.0","72.0,0.0,0.0","0.0,0.0,0.0","0.0,0.0,0.0","0,0,0"
1747092377.169019,"79.0,0.0,0.0","75.0,0.0,0.0","0.0,0.0,0.0","0.0,0.0,0.0","0,0,0"
1747092377.2263005,"81.0,0.0,0.0","76.0,0.0,0.0","0.0,0.0,0.0","0.0,0.0,0.0","0,0,0"
1747092377.2773736,"81.0,0.0,0.0","76.0,0.0,0.0","0.0,0.0,0.0","0.0,0.0,0.0","0,0,0"
1747092377.328315,"84.0,0.0,0.0","76.0,0.0,0.0","0.0,0.0,0.0","0.0,0.0,0.0","0,0,0"
1747092377.3790367,"86.0,0.0,0.0","77.0,0.0,0.0","0.0,0.0,0.0","0.0,0.0,0.0","0,0,0"
1747092377.429135,"86.0,0.0,0.0","77.0,0.0,0.0","0.0,0.0,0.0","0.0,0.0,0.0","0,0,0"
1747092377.480191,"86.0,0.0,0.0","76.0,0.0,0.0","0.0,0.0,0.0","0.0,0.0,0.0","0,0,0"
1747092377.5310085,"86.0,0.0,0.0","76.0,0.0,0.0","0.0,0.0,0.0","0.0,0.0,0.0","0,0,0"
1747092377.5810785,"86.0,0.0,0.0","76.0,0.0,0.0","0.0,0.0,0.0","0.0,0.0,0.0","0,0,0"
1747092377.6313157,"86.0,0.0,0.0","76.0,0.0,0.0","0.0,0.0,0.0","0.0,0.0,0.0","0,0,0"
1747092377.6816838,"86.0,0.0,0.0","76.0,0.0,0.0","0.0,0.0,0.0","0.0,0.0,0.0","0,0,0"
1747092377.7347436,"86.0,0.0,0.0","74.0,0.0,0.0","0.0,0.0,0.0","0.0,0.0,0.0","0,0,0"
1747092377.7851195,"81.0,0.0,0.0","74.0,0.0,0.0","0.0,0.0,0.0","0.0,0.0,0.0","0,0,0"
1747092377.8354967,"81.0,0.0,0.0","74.0,0.0,0.0","0.0,0.0,0.0","0.0,0.0,0.0","0,0,0"
1747092377.886934,"77.0,0.0,0.0","73.0,0.0,0.0","0.0,0.0,0.0","0.0,0.0,0.0","0,0,0"
1747092377.9373634,"70.0,0.0,0.0","71.0,0.0,0.0","0.0,0.0,0.0","0.0,0.0,0.0","0,0,0"
1747092377.9881413,"63.0,0.0,0.0","64.0,0.0,0.0","0.0,0.0,0.0","0.0,0.0,0.0","0,0,0"
1747092378.0384376,"62.0,0.0,0.0","60.0,0.0,0.0","0.0,0.0,0.0","0.0,0.0,0.0","0,0,0"
1747092378.0893972,"47.0,0.0,0.0","62.0,0.0,0.0","0.0,0.0,0.0","0.0,0.0,0.0","0,0,0"
1747092378.1401243,"25.0,0.0,0.0","53.0,0.0,0.0","10.0,0.0,0.0","0.0,0.0,0.0","0,0,0"
1747092378.1914594,"-3.0,0.0,0.0","16.0,0.0,0.0","-24.0,0.0,0.0","20.0,0.0,0.0","0,0,0"
1747092378.2417982,"-10.0,0.0,0.0","12.0,0.0,0.0","-24.0,0.0,0.0","13.0,0.0,0.0","0,0,0"
1747092378.2932932,"-23.0,0.0,0.0","-7.0,0.0,0.0","-24.0,0.0,0.0","-8.0,0.0,0.0","0,0,0"
1747092378.3441343,"-45.0,0.0,0.0","-39.0,0.0,0.0","0.0,0.0,0.0","-37.0,0.0,0.0","0,0,0"
1747092378.3951018,"-61.0,0.0,0.0","-62.0,0.0,0.0","0.0,0.0,0.0","0.0,0.0,0.0","0,0,0"
1747092378.4472609,"-72.0,0.0,0.0","-66.0,0.0,0.0","0.0,0.0,0.0","0.0,0.0,0.0","0,0,0"
1747092378.497391,"-87.0,0.0,0.0","-82.0,0.0,0.0","0.0,0.0,0.0","0.0,0.0,0.0","0,0,0"
1747092378.548098,"-95.0,0.0,0.0","-98.0,0.0,0.0","0.0,0.0,0.0","0.0,0.0,0.0","0,0,0"
1747092378.5983174,"-100.0,0.0,0.0","-99.0,0.0,0.0","0.0,0.0,0.0","0.0,0.0,0.0","0,0,0"
1747092378.6489372,"-102.0,0.0,0.0","-103.0,0.0,0.0","0.0,0.0,0.0","0.0,0.0,0.0","0,0,0"
1747092378.6990864,"-103.0,0.0,0.0","-105.0,0.0,0.0","0.0,0.0,0.0","0.0,0.0,0.0","0,0,0"
1747092378.7495804,"-103.0,0.0,0.0","-106.0,0.0,0.0","0.0,0.0,0.0","0.0,0.0,0.0","0,0,0"
1747092378.8001995,"-104.0,0.0,0.0","-108.0,0.0,0.0","0.0,0.0,0.0","0.0,0.0,0.0","0,0,0"
1747092378.8544636,"-104.0,0.0,0.0","-107.0,0.0,0.0","0.0,0.0,0.0","0.0,0.0,0.0","0,0,0"
1747092378.904768,"-104.0,0.0,0.0","-105.0,0.0,0.0","0.0,0.0,0.0","0.0,0.0,0.0","0,0,0"
1747092378.9551353,"-103.0,0.0,0.0","-105.0,0.0,0.0","0.0,0.0,0.0","0.0,0.0,0.0","0,0,0"
1747092379.005381,"-103.0,0.0,0.0","-105.0,0.0,0.0","0.0,0.0,0.0","0.0,0.0,0.0","0,0,0"
1747092379.056081,"-103.0,0.0,0.0","-104.0,0.0,0.0","0.0,0.0,0.0","0.0,0.0,0.0","0,0,0"
1747092379.1072226,"-103.0,0.0,0.0","-104.0,0.0,0.0","0.0,0.0,0.0","0.0,0.0,0.0","0,0,0"
1747092379.1572692,"-102.0,0.0,0.0","-103.0,0.0,0.0","0.0,0.0,0.0","0.0,0.0,0.0","0,0,0"
1747092379.208051,"-101.0,0.0,0.0","-103.0,0.0,0.0","0.0,0.0,0.0","0.0,0.0,0.0","0,0,0"
1747092379.2580924,"-94.0,0.0,0.0","-98.0,0.0,0.0","0.0,0.0,0.0","0.0,0.0,0.0","0,0,0"
1747092379.3081439,"-80.0,0.0,0.0","-83.0,0.0,0.0","0.0,0.0,0.0","0.0,0.0,0.0","0,0,0"
1747092379.3593469,"-56.0,0.0,0.0","-53.0,0.0,0.0","0.0,0.0,0.0","0.0,0.0,0.0","0,0,0"
1747092379.41003,"-52.0,0.0,0.0","-47.0,0.0,0.0","0.0,0.0,0.0","0.0,0.0,0.0","0,0,0"
1747092379.4609473,"-33.0,0.0,0.0","-20.0,0.0,0.0","-24.0,0.0,0.0","-21.0,0.0,0.0","0,0,0"
1747092379.511409,"-22.0,0.0,0.0","1.0,0.0,0.0","-24.0,0.0,0.0","-8.0,0.0,0.0","0,0,0"
1747092379.5619524,"-22.0,0.0,0.0","1.0,0.0,0.0","-24.0,0.0,0.0","-8.0,0.0,0.0","0,0,0"
1747092379.6135888,"-4.0,0.0,0.0","24.0,0.0,0.0","-24.0,0.0,0.0","12.0,0.0,0.0","0,0,0"
1747092379.6653047,"8.0,0.0,0.0","38.0,0.0,0.0","-24.0,0.0,0.0","24.0,0.0,0.0","0,0,0"
1747092379.7161546,"23.0,0.0,0.0","61.0,0.0,0.0","-24.0,0.0,0.0","0.0,0.0,0.0","0,0,0"
1747092379.7665887,"34.0,0.0,0.0","56.0,0.0,0.0","-24.0,0.0,0.0","0.0,0.0,0.0","0,0,0"
1747092379.8172035,"47.0,0.0,0.0","60.0,0.0,0.0","0.0,0.0,0.0","0.0,0.0,0.0","0,0,0"
1747092379.868112,"52.0,0.0,0.0","62.0,0.0,0.0","0.0,0.0,0.0","0.0,0.0,0.0","0,0,0"
1747092379.9189346,"62.0,0.0,0.0","69.0,0.0,0.0","0.0,0.0,0.0","0.0,0.0,0.0","0,0,0"
1747092379.969204,"69.0,0.0,0.0","71.0,0.0,0.0","0.0,0.0,0.0","0.0,0.0,0.0","0,0,0"
1747092380.0200906,"73.0,0.0,0.0","75.0,0.0,0.0","0.0,0.0,0.0","0.0,0.0,0.0","0,0,0"
1747092380.070091,"77.0,0.0,0.0","76.0,0.0,0.0","0.0,0.0,0.0","0.0,0.0,0.0","0,0,0"
1747092380.120216,"81.0,0.0,0.0","80.0,0.0,0.0","0.0,0.0,0.0","0.0,0.0,0.0","0,0,0"
1747092380.1710474,"83.0,0.0,0.0","80.0,0.0,0.0","0.0,0.0,0.0","0.0,0.0,0.0","0,0,0"
1747092380.2215376,"85.0,0.0,0.0","81.0,0.0,0.0","0.0,0.0,0.0","0.0,0.0,0.0","0,0,0"
1747092380.2724543,"85.0,0.0,0.0","81.0,0.0,0.0","0.0,0.0,0.0","0.0,0.0,0.0","0,0,0"
1747092380.322873,"85.0,0.0,0.0","81.0,0.0,0.0","0.0,0.0,0.0","0.0,0.0,0.0","0,0,0"
1747092380.3733737,"85.0,0.0,0.0","81.0,0.0,0.0","0.0,0.0,0.0","0.0,0.0,0.0","0,0,0"
1747092380.4283204,"85.0,0.0,0.0","80.0,0.0,0.0","0.0,0.0,0.0","0.0,0.0,0.0","0,0,0"
1747092380.479118,"85.0,0.0,0.0","80.0,0.0,0.0","0.0,0.0,0.0","0.0,0.0,0.0","0,0,0"
1747092380.5299275,"85.0,0.0,0.0","79.0,0.0,0.0","0.0,0.0,0.0","0.0,0.0,0.0","0,0,0"
1747092380.5814953,"84.0,0.0,0.0","78.0,0.0,0.0","0.0,0.0,0.0","0.0,0.0,0.0","0,0,0"
1747092380.6318731,"79.0,0.0,0.0","75.0,0.0,0.0","0.0,0.0,0.0","0.0,0.0,0.0","0,0,0"
1747092380.682378,"76.0,0.0,0.0","73.0,0.0,0.0","0.0,0.0,0.0","0.0,0.0,0.0","0,0,0"
1747092380.733093,"69.0,0.0,0.0","69.0,0.0,0.0","0.0,0.0,0.0","0.0,0.0,0.0","0,0,0"
1747092380.7840414,"60.0,0.0,0.0","62.0,0.0,0.0","0.0,0.0,0.0","0.0,0.0,0.0","0,0,0"
1747092380.8340986,"60.0,0.0,0.0","62.0,0.0,0.0","0.0,0.0,0.0","0.0,0.0,0.0","0,0,0"
1747092380.884636,"50.0,0.0,0.0","49.0,0.0,0.0","0.0,0.0,0.0","0.0,0.0,0.0","0,0,0"
1747092380.9355817,"35.0,0.0,0.0","47.0,0.0,0.0","-24.0,0.0,0.0","0.0,0.0,0.0","0,0,0"
1747092380.9858217,"17.0,0.0,0.0","41.0,0.0,0.0","-24.0,0.0,0.0","27.0,0.0,0.0","0,0,0"
1747092381.0374696,"12.0,0.0,0.0","35.0,0.0,0.0","-24.0,0.0,0.0","24.0,0.0,0.0","0,0,0"
1747092381.0883112,"-9.0,0.0,0.0","7.0,0.0,0.0","-24.0,0.0,0.0","4.0,0.0,0.0","0,0,0"
1747092381.1392095,"-32.0,0.0,0.0","-21.0,0.0,0.0","-24.0,0.0,0.0","-15.0,0.0,0.0","0,0,0"
1747092381.1900764,"-39.0,0.0,0.0","-35.0,0.0,0.0","-24.0,0.0,0.0","-21.0,0.0,0.0","0,0,0"
1747092381.2404156,"-54.0,0.0,0.0","-54.0,0.0,0.0","0.0,0.0,0.0","0.0,0.0,0.0","0,0,0"
1747092381.2912476,"-70.0,0.0,0.0","-73.0,0.0,0.0","0.0,0.0,0.0","0.0,0.0,0.0","0,0,0"
1747092381.342306,"-75.0,0.0,0.0","-79.0,0.0,0.0","0.0,0.0,0.0","0.0,0.0,0.0","0,0,0"
1747092381.3932178,"-91.0,0.0,0.0","-91.0,0.0,0.0","0.0,0.0,0.0","0.0,0.0,0.0","0,0,0"
1747092381.4439373,"-94.0,0.0,0.0","-95.0,0.0,0.0","0.0,0.0,0.0","0.0,0.0,0.0","0,0,0"
1747092381.4946592,"-96.0,0.0,0.0","-98.0,0.0,0.0","0.0,0.0,0.0","0.0,0.0,0.0","0,0,0"
1747092381.5453,"-98.0,0.0,0.0","-100.0,0.0,0.0","0.0,0.0,0.0","0.0,0.0,0.0","0,0,0"
1747092381.595639,"-100.0,0.0,0.0","-100.0,0.0,0.0","0.0,0.0,0.0","0.0,0.0,0.0","0,0,0"
1747092381.6461928,"-100.0,0.0,0.0","-101.0,0.0,0.0","0.0,0.0,0.0","0.0,0.0,0.0","0,0,0"
1747092381.697163,"-100.0,0.0,0.0","-101.0,0.0,0.0","0.0,0.0,0.0","0.0,0.0,0.0","0,0,0"
1747092381.7479525,"-100.0,0.0,0.0","-99.0,0.0,0.0","0.0,0.0,0.0","0.0,0.0,0.0","0,0,0"
1747092381.798106,"-99.0,0.0,0.0","-98.0,0.0,0.0","0.0,0.0,0.0","0.0,0.0,0.0","0,0,0"
1747092381.848366,"-99.0,0.0,0.0","-97.0,0.0,0.0","0.0,0.0,0.0","0.0,0.0,0.0","0,0,0"
1747092381.8989537,"-99.0,0.0,0.0","-97.0,0.0,0.0","0.0,0.0,0.0","0.0,0.0,0.0","0,0,0"
1747092381.9526734,"-100.0,0.0,0.0","-98.0,0.0,0.0","0.0,0.0,0.0","0.0,0.0,0.0","0,0,0"
1747092382.003367,"-100.0,0.0,0.0","-98.0,0.0,0.0","0.0,0.0,0.0","0.0,0.0,0.0","0,0,0"
1747092382.056133,"-100.0,0.0,0.0","-98.0,0.0,0.0","0.0,0.0,0.0","0.0,0.0,0.0","0,0,0"
1747092382.107199,"-100.0,0.0,0.0","-98.0,0.0,0.0","0.0,0.0,0.0","0.0,0.0,0.0","0,0,0"
1747092382.1573782,"-100.0,0.0,0.0","-98.0,0.0,0.0","0.0,0.0,0.0","0.0,0.0,0.0","0,0,0"
1747092382.2080023,"-100.0,0.0,0.0","-98.0,0.0,0.0","0.0,0.0,0.0","0.0,0.0,0.0","0,0,0"
1747092382.2580683,"-100.0,0.0,0.0","-98.0,0.0,0.0","0.0,0.0,0.0","0.0,0.0,0.0","0,0,0"
1747092382.3141193,"-95.0,0.0,0.0","-96.0,0.0,0.0","0.0,0.0,0.0","0.0,0.0,0.0","0,0,0"
1747092382.3642344,"-88.0,0.0,0.0","-90.0,0.0,0.0","0.0,0.0,0.0","0.0,0.0,0.0","0,0,0"
1747092382.4143286,"-77.0,0.0,0.0","-78.0,0.0,0.0","0.0,0.0,0.0","0.0,0.0,0.0","0,0,0"
1747092382.4648688,"-69.0,0.0,0.0","-66.0,0.0,0.0","0.0,0.0,0.0","0.0,0.0,0.0","0,0,0"
1747092382.5155025,"-55.0,0.0,0.0","-51.0,0.0,0.0","0.0,0.0,0.0","0.0,0.0,0.0","0,0,0"
1747092382.5661492,"-48.0,0.0,0.0","-38.0,0.0,0.0","0.0,0.0,0.0","-30.0,0.0,0.0","0,0,0"
1747092382.6161509,"-32.0,0.0,0.0","-22.0,0.0,0.0","-24.0,0.0,0.0","-11.0,0.0,0.0","0,0,0"
1747092382.6670501,"-26.0,0.0,0.0","-5.0,0.0,0.0","-24.0,0.0,0.0","1.0,0.0,0.0","0,0,0"
1747092382.7171385,"-19.0,0.0,0.0","4.0,0.0,0.0","-24.0,0.0,0.0","17.0,0.0,0.0","0,0,0"
1747092382.7672446,"-12.0,0.0,0.0","18.0,0.0,0.0","-24.0,0.0,0.0","32.0,0.0,0.0","0,0,0"
1747092382.8182151,"-10.0,0.0,0.0","20.0,0.0,0.0","-24.0,0.0,0.0","34.0,0.0,0.0","0,0,0"
1747092382.8691308,"-8.0,0.0,0.0","29.0,0.0,0.0","-24.0,0.0,0.0","43.0,0.0,0.0","0,0,0"
1747092382.9197357,"-8.0,0.0,0.0","29.0,0.0,0.0","-24.0,0.0,0.0","43.0,0.0,0.0","0,0,0"
1747092382.9700809,"-8.0,0.0,0.0","32.0,0.0,0.0","-24.0,0.0,0.0","48.0,0.0,0.0","0,0,0"
1747092383.020155,"-8.0,0.0,0.0","33.0,0.0,0.0","-24.0,0.0,0.0","50.0,0.0,0.0","0,0,0"
1747092383.071226,"-8.0,0.0,0.0","33.0,0.0,0.0","-24.0,0.0,0.0","51.0,0.0,0.0","0,0,0"
1747092383.122337,"-9.0,0.0,0.0","33.0,0.0,0.0","-24.0,0.0,0.0","51.0,0.0,0.0","0,0,0"
1747092383.1742036,"-10.0,0.0,0.0","33.0,0.0,0.0","-24.0,0.0,0.0","51.0,0.0,0.0","0,0,0"
1747092383.224429,"-10.0,0.0,0.0","32.0,0.0,0.0","-24.0,0.0,0.0","51.0,0.0,0.0","0,0,0"
1747092383.275013,"-10.0,0.0,0.0","28.0,0.0,0.0","-24.0,0.0,0.0","48.0,0.0,0.0","0,0,0"
1747092383.3253171,"-10.0,0.0,0.0","27.0,0.0,0.0","-24.0,0.0,0.0","47.0,0.0,0.0","0,0,0"
1747092383.3754444,"-10.0,0.0,0.0","26.0,0.0,0.0","-24.0,0.0,0.0","45.0,0.0,0.0","0,0,0"
1747092383.4263248,"-10.0,0.0,0.0","21.0,0.0,0.0","-24.0,0.0,0.0","40.0,0.0,0.0","0,0,0"
1747092383.476907,"-10.0,0.0,0.0","16.0,0.0,0.0","-24.0,0.0,0.0","35.0,0.0,0.0","0,0,0"
1747092383.5269823,"-10.0,0.0,0.0","9.0,0.0,0.0","-24.0,0.0,0.0","30.0,0.0,0.0","0,0,0"
1747092383.5772574,"-10.0,0.0,0.0","6.0,0.0,0.0","-24.0,0.0,0.0","28.0,0.0,0.0","0,0,0"
1747092383.6272843,"-10.0,0.0,0.0","0.0,0.0,0.0","-24.0,0.0,0.0","25.0,0.0,0.0","0,0,0"
1747092383.6781943,"-10.0,0.0,0.0","-8.0,0.0,0.0","-24.0,0.0,0.0","21.0,0.0,0.0","0,0,0"
1747092383.7282221,"-9.0,0.0,0.0","-16.0,0.0,0.0","-24.0,0.0,0.0","17.0,0.0,0.0","0,0,0"
1747092383.7793748,"-9.0,0.0,0.0","-17.0,0.0,0.0","-24.0,0.0,0.0","17.0,0.0,0.0","0,0,0"
1747092383.8313427,"-9.0,0.0,0.0","-20.0,0.0,0.0","-24.0,0.0,0.0","15.0,0.0,0.0","0,0,0"
1747092383.8834805,"-9.0,0.0,0.0","-20.0,0.0,0.0","-24.0,0.0,0.0","14.0,0.0,0.0","0,0,0"
1747092383.9340403,"-9.0,0.0,0.0","-20.0,0.0,0.0","-24.0,0.0,0.0","11.0,0.0,0.0","0,0,0"
1747092383.9849253,"-8.0,0.0,0.0","-20.0,0.0,0.0","-24.0,0.0,0.0","11.0,0.0,0.0","0,0,0"
1747092384.0351992,"-8.0,0.0,0.0","-20.0,0.0,0.0","-24.0,0.0,0.0","11.0,0.0,0.0","0,0,0"
1747092384.085498,"-8.0,0.0,0.0","-19.0,0.0,0.0","-24.0,0.0,0.0","11.0,0.0,0.0","0,0,0"
1747092384.136302,"-8.0,0.0,0.0","-19.0,0.0,0.0","-24.0,0.0,0.0","11.0,0.0,0.0","0,0,0"
1747092384.1870477,"-8.0,0.0,0.0","-17.0,0.0,0.0","-24.0,0.0,0.0","11.0,0.0,0.0","0,0,0"
1747092384.2377954,"-9.0,0.0,0.0","-16.0,0.0,0.0","-24.0,0.0,0.0","10.0,0.0,0.0","0,0,0"
1747092384.2884634,"-9.0,0.0,0.0","-16.0,0.0,0.0","-24.0,0.0,0.0","10.0,0.0,0.0","0,0,0"
1747092384.33908,"-10.0,0.0,0.0","-16.0,0.0,0.0","-24.0,0.0,0.0","9.0,0.0,0.0","0,0,0"
1747092384.3900206,"-10.0,0.0,0.0","-16.0,0.0,0.0","-24.0,0.0,0.0","9.0,0.0,0.0","0,0,0"
1747092384.4411333,"-11.0,0.0,0.0","-16.0,0.0,0.0","-24.0,0.0,0.0","5.0,0.0,0.0","0,0,0"
1747092384.4916003,"-12.0,0.0,0.0","-16.0,0.0,0.0","-24.0,0.0,0.0","-3.0,0.0,0.0","0,0,0"
1747092384.5417185,"-15.0,0.0,0.0","-16.0,0.0,0.0","-24.0,0.0,0.0","-5.0,0.0,0.0","0,0,0"
1747092384.5923345,"-30.0,0.0,0.0","-40.0,0.0,0.0","-24.0,0.0,0.0","-30.0,0.0,0.0","0,0,0"
1747092384.6427634,"-38.0,0.0,0.0","-40.0,0.0,0.0","-24.0,0.0,0.0","-33.0,0.0,0.0","0,0,0"
1747092384.6929226,"-58.0,0.0,0.0","-60.0,0.0,0.0","0.0,0.0,0.0","0.0,0.0,0.0","0,0,0"
1747092384.7438445,"-73.0,0.0,0.0","-84.0,0.0,0.0","0.0,0.0,0.0","0.0,0.0,0.0","0,0,0"
1747092384.7938852,"-96.0,0.0,0.0","-98.0,0.0,0.0","0.0,0.0,0.0","0.0,0.0,0.0","0,0,0"
1747092384.8446345,"-101.0,0.0,0.0","-100.0,0.0,0.0","0.0,0.0,0.0","0.0,0.0,0.0","0,0,0"
1747092384.8948376,"-101.0,0.0,0.0","-100.0,0.0,0.0","0.0,0.0,0.0","0.0,0.0,0.0","0,0,0"
1747092384.9454968,"-101.0,0.0,0.0","-100.0,0.0,0.0","0.0,0.0,0.0","0.0,0.0,0.0","0,0,0"
1747092384.9955962,"-102.0,0.0,0.0","-100.0,0.0,0.0","0.0,0.0,0.0","0.0,0.0,0.0","0,0,0"
1747092385.0460954,"-103.0,0.0,0.0","-99.0,0.0,0.0","0.0,0.0,0.0","0.0,0.0,0.0","0,0,0"
1747092385.0978894,"-103.0,0.0,0.0","-99.0,0.0,0.0","0.0,0.0,0.0","0.0,0.0,0.0","0,0,0"
1747092385.1480193,"-102.0,0.0,0.0","-98.0,0.0,0.0","0.0,0.0,0.0","0.0,0.0,0.0","0,0,0"
1747092385.19815,"-101.0,0.0,0.0","-97.0,0.0,0.0","0.0,0.0,0.0","0.0,0.0,0.0","0,0,0"
1747092385.248235,"-101.0,0.0,0.0","-97.0,0.0,0.0","0.0,0.0,0.0","0.0,0.0,0.0","0,0,0"
1747092385.2983348,"-98.0,0.0,0.0","-96.0,0.0,0.0","0.0,0.0,0.0","0.0,0.0,0.0","0,0,0"
1747092385.3490098,"-96.0,0.0,0.0","-93.0,0.0,0.0","0.0,0.0,0.0","0.0,0.0,0.0","0,0,0"
1747092385.399062,"-96.0,0.0,0.0","-90.0,0.0,0.0","0.0,0.0,0.0","0.0,0.0,0.0","0,0,0"
1747092385.4493697,"-96.0,0.0,0.0","-89.0,0.0,0.0","0.0,0.0,0.0","0.0,0.0,0.0","0,0,0"
1747092385.502054,"-96.0,0.0,0.0","-89.0,0.0,0.0","0.0,0.0,0.0","0.0,0.0,0.0","0,0,0"
1747092385.5526767,"-96.0,0.0,0.0","-89.0,0.0,0.0","0.0,0.0,0.0","0.0,0.0,0.0","0,0,0"
1747092385.6053872,"-96.0,0.0,0.0","-89.0,0.0,0.0","0.0,0.0,0.0","0.0,0.0,0.0","0,0,0"
1747092385.655763,"-97.0,0.0,0.0","-90.0,0.0,0.0","0.0,0.0,0.0","0.0,0.0,0.0","0,0,0"
1747092385.7070384,"-97.0,0.0,0.0","-91.0,0.0,0.0","0.0,0.0,0.0","0.0,0.0,0.0","0,0,0"
1747092385.7580218,"-97.0,0.0,0.0","-91.0,0.0,0.0","0.0,0.0,0.0","0.0,0.0,0.0","0,0,0"
1747092385.8081422,"-98.0,0.0,0.0","-91.0,0.0,0.0","0.0,0.0,0.0","0.0,0.0,0.0","0,0,0"
1747092385.8585193,"-98.0,0.0,0.0","-92.0,0.0,0.0","0.0,0.0,0.0","0.0,0.0,0.0","0,0,0"
1747092385.9092667,"-98.0,0.0,0.0","-92.0,0.0,0.0","0.0,0.0,0.0","0.0,0.0,0.0","0,0,0"
1747092385.9599018,"-98.0,0.0,0.0","-94.0,0.0,0.0","0.0,0.0,0.0","0.0,0.0,0.0","0,0,0"
1747092386.010016,"-98.0,0.0,0.0","-95.0,0.0,0.0","0.0,0.0,0.0","0.0,0.0,0.0","0,0,0"
1747092386.0611103,"-98.0,0.0,0.0","-97.0,0.0,0.0","0.0,0.0,0.0","0.0,0.0,0.0","0,0,0"
1747092386.1113417,"-97.0,0.0,0.0","-97.0,0.0,0.0","0.0,0.0,0.0","0.0,0.0,0.0","0,0,0"
1747092386.165022,"-96.0,0.0,0.0","-97.0,0.0,0.0","0.0,0.0,0.0","0.0,0.0,0.0","0,0,0"
1747092386.215144,"-95.0,0.0,0.0","-97.0,0.0,0.0","0.0,0.0,0.0","0.0,0.0,0.0","0,0,0"
1747092386.2657793,"-94.0,0.0,0.0","-97.0,0.0,0.0","0.0,0.0,0.0","0.0,0.0,0.0","0,0,0"
1747092386.3162384,"-92.0,0.0,0.0","-96.0,0.0,0.0","0.0,0.0,0.0","0.0,0.0,0.0","0,0,0"
1747092386.3668673,"-86.0,0.0,0.0","-86.0,0.0,0.0","0.0,0.0,0.0","0.0,0.0,0.0","0,0,0"
1747092386.4177432,"-80.0,0.0,0.0","-79.0,0.0,0.0","0.0,0.0,0.0","0.0,0.0,0.0","0,0,0"
1747092386.46793,"-74.0,0.0,0.0","-73.0,0.0,0.0","0.0,0.0,0.0","0.0,0.0,0.0","0,0,0"
1747092386.518044,"-65.0,0.0,0.0","-67.0,0.0,0.0","0.0,0.0,0.0","0.0,0.0,0.0","0,0,0"
1747092386.5686302,"-55.0,0.0,0.0","-63.0,0.0,0.0","0.0,0.0,0.0","0.0,0.0,0.0","0,0,0"
1747092386.6189265,"-47.0,0.0,0.0","-53.0,0.0,0.0","0.0,0.0,0.0","0.0,0.0,0.0","0,0,0"
1747092386.669112,"-42.0,0.0,0.0","-47.0,0.0,0.0","-24.0,0.0,0.0","0.0,0.0,0.0","0,0,0"
1747092386.7212749,"-35.0,0.0,0.0","-34.0,0.0,0.0","-24.0,0.0,0.0","-10.0,0.0,0.0","0,0,0"
1747092386.7717545,"-29.0,0.0,0.0","-26.0,0.0,0.0","-24.0,0.0,0.0","-2.0,0.0,0.0","0,0,0"
1747092386.8226204,"-21.0,0.0,0.0","-17.0,0.0,0.0","-24.0,0.0,0.0","8.0,0.0,0.0","0,0,0"
1747092386.8740685,"-20.0,0.0,0.0","-13.0,0.0,0.0","-24.0,0.0,0.0","10.0,0.0,0.0","0,0,0"
1747092386.9248788,"-15.0,0.0,0.0","-6.0,0.0,0.0","-24.0,0.0,0.0","19.0,0.0,0.0","0,0,0"
1747092386.9750557,"-10.0,0.0,0.0","-3.0,0.0,0.0","-24.0,0.0,0.0","22.0,0.0,0.0","0,0,0"
1747092387.0258224,"-5.0,0.0,0.0","-2.0,0.0,0.0","-24.0,0.0,0.0","24.0,0.0,0.0","0,0,0"
1747092387.07621,"-3.0,0.0,0.0","-2.0,0.0,0.0","-24.0,0.0,0.0","24.0,0.0,0.0","0,0,0"
1747092387.126856,"3.0,0.0,0.0","-2.0,0.0,0.0","-24.0,0.0,0.0","25.0,0.0,0.0","0,0,0"
1747092387.177217,"4.0,0.0,0.0","-2.0,0.0,0.0","-24.0,0.0,0.0","25.0,0.0,0.0","0,0,0"
1747092387.2272747,"5.0,0.0,0.0","-2.0,0.0,0.0","-24.0,0.0,0.0","25.0,0.0,0.0","0,0,0"
1747092387.2778695,"9.0,0.0,0.0","-4.0,0.0,0.0","-24.0,0.0,0.0","24.0,0.0,0.0","0,0,0"
1747092387.329254,"11.0,0.0,0.0","-7.0,0.0,0.0","-24.0,0.0,0.0","21.0,0.0,0.0","0,0,0"
1747092387.386966,"12.0,0.0,0.0","-9.0,0.0,0.0","-24.0,0.0,0.0","19.0,0.0,0.0","0,0,0"
1747092387.4369724,"12.0,0.0,0.0","-9.0,0.0,0.0","-24.0,0.0,0.0","17.0,0.0,0.0","0,0,0"
1747092387.4880843,"13.0,0.0,0.0","-16.0,0.0,0.0","-24.0,0.0,0.0","14.0,0.0,0.0","0,0,0"
1747092387.538323,"13.0,0.0,0.0","-16.0,0.0,0.0","-24.0,0.0,0.0","14.0,0.0,0.0","0,0,0"
1747092387.589069,"13.0,0.0,0.0","-21.0,0.0,0.0","-24.0,0.0,0.0","11.0,0.0,0.0","0,0,0"
1747092387.6398032,"13.0,0.0,0.0","-22.0,0.0,0.0","-24.0,0.0,0.0","10.0,0.0,0.0","0,0,0"
1747092387.6899276,"13.0,0.0,0.0","-22.0,0.0,0.0","-24.0,0.0,0.0","10.0,0.0,0.0","0,0,0"
1747092387.7406032,"12.0,0.0,0.0","-22.0,0.0,0.0","-24.0,0.0,0.0","10.0,0.0,0.0","0,0,0"
1747092387.7913034,"12.0,0.0,0.0","-22.0,0.0,0.0","-24.0,0.0,0.0","9.0,0.0,0.0","0,0,0"
1747092387.8422463,"11.0,0.0,0.0","-21.0,0.0,0.0","-24.0,0.0,0.0","9.0,0.0,0.0","0,0,0"
1747092387.8923457,"11.0,0.0,0.0","-20.0,0.0,0.0","-24.0,0.0,0.0","9.0,0.0,0.0","0,0,0"
1747092387.9430964,"11.0,0.0,0.0","-20.0,0.0,0.0","-24.0,0.0,0.0","8.0,0.0,0.0","0,0,0"
1747092387.9937232,"9.0,0.0,0.0","-20.0,0.0,0.0","-24.0,0.0,0.0","7.0,0.0,0.0","0,0,0"
1747092388.0446885,"5.0,0.0,0.0","-20.0,0.0,0.0","-24.0,0.0,0.0","3.0,0.0,0.0","0,0,0"
1747092388.0953522,"0.0,0.0,0.0","-20.0,0.0,0.0","-24.0,0.0,0.0","0.0,0.0,0.0","0,0,0"
1747092388.1463115,"-3.0,0.0,0.0","-20.0,0.0,0.0","-24.0,0.0,0.0","-3.0,0.0,0.0","0,0,0"
1747092388.1968908,"-24.0,0.0,0.0","-36.0,0.0,0.0","-24.0,0.0,0.0","-23.0,0.0,0.0","0,0,0"
1747092388.247168,"-31.0,0.0,0.0","-42.0,0.0,0.0","-24.0,0.0,0.0","-30.0,0.0,0.0","0,0,0"
1747092388.2980547,"-39.0,0.0,0.0","-56.0,0.0,0.0","-24.0,0.0,0.0","0.0,0.0,0.0","0,0,0"
1747092388.3485348,"-64.0,0.0,0.0","-75.0,0.0,0.0","0.0,0.0,0.0","0.0,0.0,0.0","0,0,0"
1747092388.3991663,"-89.0,0.0,0.0","-87.0,0.0,0.0","0.0,0.0,0.0","0.0,0.0,0.0","0,0,0"
1747092388.449567,"-97.0,0.0,0.0","-99.0,0.0,0.0","0.0,0.0,0.0","0.0,0.0,0.0","0,0,0"
1747092388.5003908,"-99.0,0.0,0.0","-99.0,0.0,0.0","0.0,0.0,0.0","0.0,0.0,0.0","0,0,0"
1747092388.551088,"-101.0,0.0,0.0","-99.0,0.0,0.0","0.0,0.0,0.0","0.0,0.0,0.0","0,0,0"
1747092388.6014047,"-102.0,0.0,0.0","-99.0,0.0,0.0","0.0,0.0,0.0","0.0,0.0,0.0","0,0,0"
1747092388.6519892,"-102.0,0.0,0.0","-100.0,0.0,0.0","0.0,0.0,0.0","0.0,0.0,0.0","0,0,0"
1747092388.7025962,"-102.0,0.0,0.0","-99.0,0.0,0.0","0.0,0.0,0.0","0.0,0.0,0.0","0,0,0"
1747092388.7530825,"-102.0,0.0,0.0","-99.0,0.0,0.0","0.0,0.0,0.0","0.0,0.0,0.0","0,0,0"
1747092388.8039598,"-102.0,0.0,0.0","-97.0,0.0,0.0","0.0,0.0,0.0","0.0,0.0,0.0","0,0,0"
1747092388.8546221,"-101.0,0.0,0.0","-97.0,0.0,0.0","0.0,0.0,0.0","0.0,0.0,0.0","0,0,0"
1747092388.9053183,"-100.0,0.0,0.0","-96.0,0.0,0.0","0.0,0.0,0.0","0.0,0.0,0.0","0,0,0"
1747092388.9558032,"-100.0,0.0,0.0","-96.0,0.0,0.0","0.0,0.0,0.0","0.0,0.0,0.0","0,0,0"
1747092389.0062304,"-100.0,0.0,0.0","-96.0,0.0,0.0","0.0,0.0,0.0","0.0,0.0,0.0","0,0,0"
1747092389.0578754,"-100.0,0.0,0.0","-96.0,0.0,0.0","0.0,0.0,0.0","0.0,0.0,0.0","0,0,0"
1747092389.107925,"-100.0,0.0,0.0","-99.0,0.0,0.0","0.0,0.0,0.0","0.0,0.0,0.0","0,0,0"
1747092389.1583302,"-100.0,0.0,0.0","-100.0,0.0,0.0","0.0,0.0,0.0","0.0,0.0,0.0","0,0,0"
1747092389.2089288,"-100.0,0.0,0.0","-101.0,0.0,0.0","0.0,0.0,0.0","0.0,0.0,0.0","0,0,0"
1747092389.2590911,"-99.0,0.0,0.0","-101.0,0.0,0.0","0.0,0.0,0.0","0.0,0.0,0.0","0,0,0"
1747092389.3096116,"-99.0,0.0,0.0","-101.0,0.0,0.0","0.0,0.0,0.0","0.0,0.0,0.0","0,0,0"
1747092389.3602297,"-99.0,0.0,0.0","-101.0,0.0,0.0","0.0,0.0,0.0","0.0,0.0,0.0","0,0,0"
1747092389.4112017,"-89.0,0.0,0.0","-98.0,0.0,0.0","0.0,0.0,0.0","0.0,0.0,0.0","0,0,0"
1747092389.462186,"-83.0,0.0,0.0","-91.0,0.0,0.0","0.0,0.0,0.0","0.0,0.0,0.0","0,0,0"
1747092389.5122805,"-68.0,0.0,0.0","-74.0,0.0,0.0","0.0,0.0,0.0","0.0,0.0,0.0","0,0,0"
1747092389.5632474,"-61.0,0.0,0.0","-66.0,0.0,0.0","0.0,0.0,0.0","0.0,0.0,0.0","0,0,0"
1747092389.6140347,"-48.0,0.0,0.0","-51.0,0.0,0.0","0.0,0.0,0.0","0.0,0.0,0.0","0,0,0"
1747092389.6645336,"-37.0,0.0,0.0","-38.0,0.0,0.0","-24.0,0.0,0.0","-32.0,0.0,0.0","0,0,0"
1747092389.7201462,"-28.0,0.0,0.0","-22.0,0.0,0.0","-24.0,0.0,0.0","-13.0,0.0,0.0","0,0,0"
1747092389.771327,"-25.0,0.0,0.0","-18.0,0.0,0.0","-24.0,0.0,0.0","-8.0,0.0,0.0","0,0,0"
1747092389.8218067,"-18.0,0.0,0.0","-12.0,0.0,0.0","-24.0,0.0,0.0","6.0,0.0,0.0","0,0,0"
1747092389.8718822,"-13.0,0.0,0.0","-10.0,0.0,0.0","-24.0,0.0,0.0","13.0,0.0,0.0","0,0,0"
1747092389.9220881,"-11.0,0.0,0.0","-9.0,0.0,0.0","-24.0,0.0,0.0","14.0,0.0,0.0","0,0,0"
1747092389.9722033,"-7.0,0.0,0.0","-9.0,0.0,0.0","-24.0,0.0,0.0","15.0,0.0,0.0","0,0,0"
1747092390.0231776,"-6.0,0.0,0.0","-9.0,0.0,0.0","-24.0,0.0,0.0","15.0,0.0,0.0","0,0,0"
1747092390.0732584,"-6.0,0.0,0.0","-9.0,0.0,0.0","-24.0,0.0,0.0","15.0,0.0,0.0","0,0,0"
1747092390.1233025,"-5.0,0.0,0.0","-10.0,0.0,0.0","-24.0,0.0,0.0","15.0,0.0,0.0","0,0,0"
1747092390.1738062,"-5.0,0.0,0.0","-10.0,0.0,0.0","-24.0,0.0,0.0","15.0,0.0,0.0","0,0,0"
1747092390.225471,"-5.0,0.0,0.0","-10.0,0.0,0.0","-24.0,0.0,0.0","15.0,0.0,0.0","0,0,0"
1747092390.2761674,"-6.0,0.0,0.0","-11.0,0.0,0.0","-24.0,0.0,0.0","15.0,0.0,0.0","0,0,0"
1747092390.326837,"-7.0,0.0,0.0","-13.0,0.0,0.0","-24.0,0.0,0.0","16.0,0.0,0.0","0,0,0"
1747092390.3778887,"-7.0,0.0,0.0","-13.0,0.0,0.0","-24.0,0.0,0.0","20.0,0.0,0.0","0,0,0"
1747092390.4279995,"-8.0,0.0,0.0","-13.0,0.0,0.0","-24.0,0.0,0.0","21.0,0.0,0.0","0,0,0"
1747092390.4781756,"-8.0,0.0,0.0","-12.0,0.0,0.0","-24.0,0.0,0.0","24.0,0.0,0.0","0,0,0"
1747092390.5290737,"-8.0,0.0,0.0","-10.0,0.0,0.0","-24.0,0.0,0.0","31.0,0.0,0.0","0,0,0"
1747092390.579169,"-9.0,0.0,0.0","-9.0,0.0,0.0","-24.0,0.0,0.0","45.0,0.0,0.0","0,0,0"
1747092390.630015,"-9.0,0.0,0.0","-8.0,0.0,0.0","-24.0,0.0,0.0","55.0,0.0,0.0","0,0,0"
1747092390.6800938,"-9.0,0.0,0.0","-8.0,0.0,0.0","-24.0,0.0,0.0","66.0,0.0,0.0","0,0,0"
1747092390.7349064,"-10.0,0.0,0.0","-7.0,0.0,0.0","-24.0,0.0,0.0","74.0,0.0,0.0","0,0,0"
1747092390.7859936,"-10.0,0.0,0.0","-7.0,0.0,0.0","-24.0,0.0,0.0","75.0,0.0,0.0","0,0,0"
1747092390.8371756,"-13.0,0.0,0.0","-7.0,0.0,0.0","-24.0,0.0,0.0","76.0,0.0,0.0","0,0,0"
1747092390.8882291,"-14.0,0.0,0.0","-7.0,0.0,0.0","-24.0,0.0,0.0","76.0,0.0,0.0","0,0,0"
1747092390.9384873,"-16.0,0.0,0.0","-7.0,0.0,0.0","-24.0,0.0,0.0","77.0,0.0,0.0","0,0,0"
1747092390.9895644,"-18.0,0.0,0.0","-8.0,0.0,0.0","-24.0,0.0,0.0","79.0,0.0,0.0","0,0,0"
1747092391.040302,"-19.0,0.0,0.0","-8.0,0.0,0.0","-24.0,0.0,0.0","80.0,0.0,0.0","0,0,0"
1747092391.0909069,"-19.0,0.0,0.0","-9.0,0.0,0.0","-24.0,0.0,0.0","81.0,0.0,0.0","0,0,0"
1747092391.1411757,"-19.0,0.0,0.0","-11.0,0.0,0.0","-24.0,0.0,0.0","81.0,0.0,0.0","0,0,0"
1747092391.1921732,"-19.0,0.0,0.0","-11.0,0.0,0.0","-24.0,0.0,0.0","82.0,0.0,0.0","0,0,0"
1747092391.2422624,"-19.0,0.0,0.0","-11.0,0.0,0.0","-24.0,0.0,0.0","82.0,0.0,0.0","0,0,0"
1747092391.2929788,"-19.0,0.0,0.0","-13.0,0.0,0.0","-24.0,0.0,0.0","83.0,0.0,0.0","0,0,0"
1747092391.343894,"-19.0,0.0,0.0","-13.0,0.0,0.0","78.0,0.0,0.0","85.0,0.0,0.0","0,0,0"
1747092391.3942628,"-19.0,0.0,0.0","-14.0,0.0,0.0","79.0,0.0,0.0","89.0,0.0,0.0","0,0,0"
1747092391.4444685,"-19.0,0.0,0.0","-14.0,0.0,0.0","79.0,0.0,0.0","89.0,0.0,0.0","0,0,0"
1747092391.4945486,"-19.0,0.0,0.0","-14.0,0.0,0.0","79.0,0.0,0.0","89.0,0.0,0.0","0,0,0"
1747092391.5446265,"-19.0,0.0,0.0","-14.0,0.0,0.0","78.0,0.0,0.0","89.0,0.0,0.0","0,0,0"
1747092391.5952475,"-19.0,0.0,0.0","-14.0,0.0,0.0","78.0,0.0,0.0","89.0,0.0,0.0","0,0,0"
1747092391.6457963,"-19.0,0.0,0.0","-15.0,0.0,0.0","78.0,0.0,0.0","89.0,0.0,0.0","0,0,0"
1747092391.6959558,"-19.0,0.0,0.0","-15.0,0.0,0.0","78.0,0.0,0.0","89.0,0.0,0.0","0,0,0"
1747092391.7471538,"-19.0,0.0,0.0","-15.0,0.0,0.0","78.0,0.0,0.0","88.0,0.0,0.0","0,0,0"
1747092391.7971766,"-19.0,0.0,0.0","-16.0,0.0,0.0","78.0,0.0,0.0","88.0,0.0,0.0","0,0,0"
1747092391.847952,"-19.0,0.0,0.0","-16.0,0.0,0.0","78.0,0.0,0.0","88.0,0.0,0.0","0,0,0"
1747092391.8980432,"-19.0,0.0,0.0","-17.0,0.0,0.0","78.0,0.0,0.0","88.0,0.0,0.0","0,0,0"
1747092391.9491465,"-20.0,0.0,0.0","-17.0,0.0,0.0","78.0,0.0,0.0","88.0,0.0,0.0","0,0,0"
1747092392.000038,"-20.0,0.0,0.0","-18.0,0.0,0.0","78.0,0.0,0.0","88.0,0.0,0.0","0,0,0"
1747092392.0502012,"-20.0,0.0,0.0","-18.0,0.0,0.0","79.0,0.0,0.0","89.0,0.0,0.0","0,0,0"
1747092392.1009893,"-20.0,0.0,0.0","-18.0,0.0,0.0","79.0,0.0,0.0","89.0,0.0,0.0","0,0,0"
1747092392.1512344,"-20.0,0.0,0.0","-19.0,0.0,0.0","79.0,0.0,0.0","89.0,0.0,0.0","0,0,0"
1747092392.2015853,"-21.0,0.0,0.0","-19.0,0.0,0.0","79.0,0.0,0.0","89.0,0.0,0.0","0,0,0"
1747092392.2522414,"-21.0,0.0,0.0","-19.0,0.0,0.0","79.0,0.0,0.0","89.0,0.0,0.0","0,0,0"
1747092392.3027968,"-21.0,0.0,0.0","-19.0,0.0,0.0","79.0,0.0,0.0","89.0,0.0,0.0","0,0,0"
1747092392.3532317,"-21.0,0.0,0.0","-19.0,0.0,0.0","79.0,0.0,0.0","89.0,0.0,0.0","0,0,0"
1747092392.4046373,"-21.0,0.0,0.0","-19.0,0.0,0.0","79.0,0.0,0.0","89.0,0.0,0.0","0,0,0"
1747092392.4658175,"-21.0,0.0,0.0","-19.0,0.0,0.0","79.0,0.0,0.0","88.0,0.0,0.0","0,0,0"
1747092392.517224,"-21.0,0.0,0.0","-19.0,0.0,0.0","79.0,0.0,0.0","87.0,0.0,0.0","0,0,0"
1747092392.567985,"-21.0,0.0,0.0","-19.0,0.0,0.0","79.0,0.0,0.0","87.0,0.0,0.0","0,0,0"
1747092392.6189213,"-21.0,0.0,0.0","-19.0,0.0,0.0","76.0,0.0,0.0","84.0,0.0,0.0","0,0,0"
1747092392.6708658,"-21.0,0.0,0.0","-19.0,0.0,0.0","75.0,0.0,0.0","80.0,0.0,0.0","0,0,0"
1747092392.721333,"-21.0,0.0,0.0","-19.0,0.0,0.0","73.0,0.0,0.0","79.0,0.0,0.0","0,0,0"
1747092392.7721093,"-20.0,0.0,0.0","-18.0,0.0,0.0","72.0,0.0,0.0","77.0,0.0,0.0","0,0,0"
1747092392.8229609,"-20.0,0.0,0.0","-15.0,0.0,0.0","72.0,0.0,0.0","76.0,0.0,0.0","0,0,0"
1747092392.8731039,"-19.0,0.0,0.0","-14.0,0.0,0.0","66.0,0.0,0.0","74.0,0.0,0.0","0,0,0"
1747092392.9240024,"-19.0,0.0,0.0","-11.0,0.0,0.0","37.0,0.0,0.0","62.0,0.0,0.0","0,0,0"
1747092392.9748478,"-17.0,0.0,0.0","-7.0,0.0,0.0","-10.0,0.0,0.0","38.0,0.0,0.0","0,0,0"
1747092393.025205,"-17.0,0.0,0.0","-4.0,0.0,0.0","-33.0,0.0,0.0","25.0,0.0,0.0","0,0,0"
1747092393.0760841,"-17.0,0.0,0.0","-4.0,0.0,0.0","-56.0,0.0,0.0","14.0,0.0,0.0","0,0,0"
1747092393.1262214,"-18.0,0.0,0.0","-4.0,0.0,0.0","-59.0,0.0,0.0","13.0,0.0,0.0","0,0,0"
1747092393.176841,"-21.0,0.0,0.0","-7.0,0.0,0.0","-61.0,0.0,0.0","9.0,0.0,0.0","0,0,0"
1747092393.227109,"-21.0,0.0,0.0","-9.0,0.0,0.0","-61.0,0.0,0.0","8.0,0.0,0.0","0,0,0"
1747092393.2778792,"-21.0,0.0,0.0","-10.0,0.0,0.0","-61.0,0.0,0.0","9.0,0.0,0.0","0,0,0"
1747092393.3288467,"-21.0,0.0,0.0","-10.0,0.0,0.0","-60.0,0.0,0.0","10.0,0.0,0.0","0,0,0"
1747092393.3790646,"-21.0,0.0,0.0","-9.0,0.0,0.0","-60.0,0.0,0.0","11.0,0.0,0.0","0,0,0"
1747092393.4290955,"-21.0,0.0,0.0","-9.0,0.0,0.0","-59.0,0.0,0.0","13.0,0.0,0.0","0,0,0"
1747092393.4800146,"-21.0,0.0,0.0","-8.0,0.0,0.0","-58.0,0.0,0.0","12.0,0.0,0.0","0,0,0"
1747092393.5313113,"-21.0,0.0,0.0","-8.0,0.0,0.0","-58.0,0.0,0.0","13.0,0.0,0.0","0,0,0"
1747092393.5825596,"-19.0,0.0,0.0","-8.0,0.0,0.0","-56.0,0.0,0.0","17.0,0.0,0.0","0,0,0"
1747092393.6329072,"-19.0,0.0,0.0","-8.0,0.0,0.0","-48.0,0.0,0.0","19.0,0.0,0.0","0,0,0"
1747092393.6833937,"-19.0,0.0,0.0","-8.0,0.0,0.0","-34.0,0.0,0.0","19.0,0.0,0.0","0,0,0"
1747092393.733954,"-19.0,0.0,0.0","-8.0,0.0,0.0","-24.0,0.0,0.0","33.0,0.0,0.0","0,0,0"
1747092393.7841482,"-19.0,0.0,0.0","-8.0,0.0,0.0","-24.0,0.0,0.0","42.0,0.0,0.0","0,0,0"
1747092393.8350503,"-19.0,0.0,0.0","-9.0,0.0,0.0","-24.0,0.0,0.0","69.0,0.0,0.0","0,0,0"
1747092393.8858209,"-20.0,0.0,0.0","-9.0,0.0,0.0","-24.0,0.0,0.0","73.0,0.0,0.0","0,0,0"
1747092393.936919,"-23.0,0.0,0.0","-16.0,0.0,0.0","52.0,0.0,0.0","77.0,0.0,0.0","0,0,0"
1747092393.9879167,"-25.0,0.0,0.0","-18.0,0.0,0.0","88.0,0.0,0.0","79.0,0.0,0.0","0,0,0"
1747092394.0382888,"-25.0,0.0,0.0","-20.0,0.0,0.0","89.0,0.0,0.0","82.0,0.0,0.0","0,0,0"
1747092394.0887058,"-25.0,0.0,0.0","-20.0,0.0,0.0","90.0,0.0,0.0","86.0,0.0,0.0","0,0,0"
1747092394.139209,"-25.0,0.0,0.0","-20.0,0.0,0.0","96.0,0.0,0.0","91.0,0.0,0.0","0,0,0"
1747092394.1898484,"-25.0,0.0,0.0","-20.0,0.0,0.0","96.0,0.0,0.0","102.0,0.0,0.0","0,0,0"
1747092394.2399168,"-24.0,0.0,0.0","-18.0,0.0,0.0","96.0,0.0,0.0","102.0,0.0,0.0","0,0,0"
1747092394.2900085,"-23.0,0.0,0.0","-17.0,0.0,0.0","96.0,0.0,0.0","102.0,0.0,0.0","0,0,0"
1747092394.3400755,"-22.0,0.0,0.0","-14.0,0.0,0.0","96.0,0.0,0.0","102.0,0.0,0.0","0,0,0"
1747092394.3908107,"-18.0,0.0,0.0","-7.0,0.0,0.0","96.0,0.0,0.0","102.0,0.0,0.0","0,0,0"
1747092394.4409292,"1.0,0.0,0.0","18.0,0.0,0.0","73.0,0.0,0.0","81.0,0.0,0.0","0,0,0"
1747092394.4921243,"8.0,0.0,0.0","28.0,0.0,0.0","65.0,0.0,0.0","74.0,0.0,0.0","0,0,0"
1747092394.5430748,"28.0,0.0,0.0","47.0,0.0,0.0","65.0,0.0,0.0","0.0,0.0,0.0","0,0,0"
1747092394.5949087,"33.0,0.0,0.0","59.0,0.0,0.0","65.0,0.0,0.0","0.0,0.0,0.0","0,0,0"
1747092394.6472666,"56.0,0.0,0.0","47.0,0.0,0.0","0.0,0.0,0.0","0.0,0.0,0.0","0,0,0"
1747092394.6979115,"57.0,0.0,0.0","49.0,0.0,0.0","0.0,0.0,0.0","0.0,0.0,0.0","0,0,0"
1747092394.7481349,"57.0,0.0,0.0","49.0,0.0,0.0","0.0,0.0,0.0","0.0,0.0,0.0","0,0,0"
1747092394.7989068,"57.0,0.0,0.0","49.0,0.0,0.0","0.0,0.0,0.0","0.0,0.0,0.0","0,0,0"
1747092394.8492107,"57.0,0.0,0.0","49.0,0.0,0.0","0.0,0.0,0.0","0.0,0.0,0.0","0,0,0"
1747092394.8997788,"57.0,0.0,0.0","49.0,0.0,0.0","0.0,0.0,0.0","0.0,0.0,0.0","0,0,0"
1747092394.950324,"57.0,0.0,0.0","47.0,0.0,0.0","0.0,0.0,0.0","0.0,0.0,0.0","0,0,0"
1747092395.002076,"54.0,0.0,0.0","63.0,0.0,0.0","0.0,0.0,0.0","0.0,0.0,0.0","0,0,0"
1747092395.0521777,"45.0,0.0,0.0","51.0,0.0,0.0","0.0,0.0,0.0","0.0,0.0,0.0","0,0,0"
1747092395.1022332,"20.0,0.0,0.0","37.0,0.0,0.0","60.0,0.0,0.0","76.0,0.0,0.0","0,0,0"
1747092395.1533194,"19.0,0.0,0.0","32.0,0.0,0.0","60.0,0.0,0.0","76.0,0.0,0.0","0,0,0"
1747092395.2041228,"-18.0,0.0,0.0","-10.0,0.0,0.0","64.0,0.0,0.0","88.0,0.0,0.0","0,0,0"
1747092395.2543612,"-25.0,0.0,0.0","-16.0,0.0,0.0","86.0,0.0,0.0","103.0,0.0,0.0","0,0,0"
1747092395.3049552,"-28.0,0.0,0.0","-25.0,0.0,0.0","88.0,0.0,0.0","103.0,0.0,0.0","0,0,0"
1747092395.3553956,"-29.0,0.0,0.0","-30.0,0.0,0.0","88.0,0.0,0.0","103.0,0.0,0.0","0,0,0"
1747092395.4062223,"-36.0,0.0,0.0","-30.0,0.0,0.0","88.0,0.0,0.0","103.0,0.0,0.0","0,0,0"
1747092395.4568768,"-37.0,0.0,0.0","-32.0,0.0,0.0","89.0,0.0,0.0","103.0,0.0,0.0","0,0,0"
1747092395.5068955,"-37.0,0.0,0.0","-34.0,0.0,0.0","92.0,0.0,0.0","103.0,0.0,0.0","0,0,0"
1747092395.5573812,"-37.0,0.0,0.0","-33.0,0.0,0.0","91.0,0.0,0.0","101.0,0.0,0.0","0,0,0"
1747092395.6083102,"-35.0,0.0,0.0","-30.0,0.0,0.0","81.0,0.0,0.0","91.0,0.0,0.0","0,0,0"
1747092395.6595464,"-34.0,0.0,0.0","-29.0,0.0,0.0","75.0,0.0,0.0","85.0,0.0,0.0","0,0,0"
1747092395.7099073,"-33.0,0.0,0.0","-27.0,0.0,0.0","69.0,0.0,0.0","83.0,0.0,0.0","0,0,0"
1747092395.760122,"-29.0,0.0,0.0","-24.0,0.0,0.0","68.0,0.0,0.0","79.0,0.0,0.0","0,0,0"
1747092395.8102567,"-27.0,0.0,0.0","-24.0,0.0,0.0","51.0,0.0,0.0","78.0,0.0,0.0","0,0,0"
1747092395.8609226,"-19.0,0.0,0.0","-6.0,0.0,0.0","-24.0,0.0,0.0","60.0,0.0,0.0","0,0,0"
1747092395.9112387,"-17.0,0.0,0.0","-5.0,0.0,0.0","-25.0,0.0,0.0","42.0,0.0,0.0","0,0,0"
1747092395.961845,"-13.0,0.0,0.0","2.0,0.0,0.0","-32.0,0.0,0.0","29.0,0.0,0.0","0,0,0"
1747092396.012442,"-10.0,0.0,0.0","2.0,0.0,0.0","-34.0,0.0,0.0","26.0,0.0,0.0","0,0,0"
1747092396.0625887,"-10.0,0.0,0.0","3.0,0.0,0.0","-35.0,0.0,0.0","26.0,0.0,0.0","0,0,0"
1747092396.1131206,"-10.0,0.0,0.0","3.0,0.0,0.0","-36.0,0.0,0.0","26.0,0.0,0.0","0,0,0"
1747092396.163377,"-10.0,0.0,0.0","1.0,0.0,0.0","-34.0,0.0,0.0","26.0,0.0,0.0","0,0,0"
1747092396.2140107,"-11.0,0.0,0.0","1.0,0.0,0.0","-34.0,0.0,0.0","26.0,0.0,0.0","0,0,0"
1747092396.2646282,"-12.0,0.0,0.0","-5.0,0.0,0.0","-30.0,0.0,0.0","25.0,0.0,0.0","0,0,0"
1747092396.3154304,"-14.0,0.0,0.0","-11.0,0.0,0.0","-30.0,0.0,0.0","24.0,0.0,0.0","0,0,0"
1747092396.3660014,"-15.0,0.0,0.0","-16.0,0.0,0.0","-25.0,0.0,0.0","-1.0,0.0,0.0","0,0,0"
1747092396.4167259,"-16.0,0.0,0.0","-24.0,0.0,0.0","-24.0,0.0,0.0","-7.0,0.0,0.0","0,0,0"
1747092396.4670362,"-19.0,0.0,0.0","-33.0,0.0,0.0","-24.0,0.0,0.0","-26.0,0.0,0.0","0,0,0"
1747092396.5172384,"-24.0,0.0,0.0","-42.0,0.0,0.0","-24.0,0.0,0.0","-64.0,0.0,0.0","0,0,0"
1747092396.5678685,"-26.0,0.0,0.0","-48.0,0.0,0.0","-24.0,0.0,0.0","0.0,0.0,0.0","0,0,0"
1747092396.6180148,"-28.0,0.0,0.0","-52.0,0.0,0.0","-24.0,0.0,0.0","0.0,0.0,0.0","0,0,0"
1747092396.668137,"-29.0,0.0,0.0","-52.0,0.0,0.0","-24.0,0.0,0.0","0.0,0.0,0.0","0,0,0"
1747092396.7182045,"-31.0,0.0,0.0","-52.0,0.0,0.0","-24.0,0.0,0.0","0.0,0.0,0.0","0,0,0"
1747092396.7685027,"-37.0,0.0,0.0","-54.0,0.0,0.0","-24.0,0.0,0.0","0.0,0.0,0.0","0,0,0"
1747092396.8191617,"-38.0,0.0,0.0","-55.0,0.0,0.0","-24.0,0.0,0.0","0.0,0.0,0.0","0,0,0"
1747092396.8692188,"-39.0,0.0,0.0","-55.0,0.0,0.0","-24.0,0.0,0.0","0.0,0.0,0.0","0,0,0"
1747092396.9198165,"-40.0,0.0,0.0","-56.0,0.0,0.0","-24.0,0.0,0.0","0.0,0.0,0.0","0,0,0"
1747092396.9699438,"-40.0,0.0,0.0","-56.0,0.0,0.0","-24.0,0.0,0.0","0.0,0.0,0.0","0,0,0"
1747092397.0200007,"-38.0,0.0,0.0","-55.0,0.0,0.0","-24.0,0.0,0.0","0.0,0.0,0.0","0,0,0"
1747092397.0709417,"-38.0,0.0,0.0","-55.0,0.0,0.0","-24.0,0.0,0.0","0.0,0.0,0.0","0,0,0"
1747092397.1211696,"-37.0,0.0,0.0","-55.0,0.0,0.0","-24.0,0.0,0.0","0.0,0.0,0.0","0,0,0"
1747092397.1712744,"-37.0,0.0,0.0","-55.0,0.0,0.0","-24.0,0.0,0.0","0.0,0.0,0.0","0,0,0"
1747092397.2217941,"-35.0,0.0,0.0","-51.0,0.0,0.0","-24.0,0.0,0.0","0.0,0.0,0.0","0,0,0"
1747092397.2724607,"-35.0,0.0,0.0","-51.0,0.0,0.0","-24.0,0.0,0.0","0.0,0.0,0.0","0,0,0"
1747092397.3233733,"-35.0,0.0,0.0","-51.0,0.0,0.0","-24.0,0.0,0.0","0.0,0.0,0.0","0,0,0"
1747092397.3740363,"-35.0,0.0,0.0","-51.0,0.0,0.0","-24.0,0.0,0.0","0.0,0.0,0.0","0,0,0"
1747092397.424165,"-35.0,0.0,0.0","-51.0,0.0,0.0","-24.0,0.0,0.0","0.0,0.0,0.0","0,0,0"
1747092397.4747643,"-41.0,0.0,0.0","-51.0,0.0,0.0","-24.0,0.0,0.0","0.0,0.0,0.0","0,0,0"
1747092397.5354125,"-58.0,0.0,0.0","-72.0,0.0,0.0","0.0,0.0,0.0","0.0,0.0,0.0","0,0,0"
1747092397.5870802,"-71.0,0.0,0.0","-85.0,0.0,0.0","0.0,0.0,0.0","0.0,0.0,0.0","0,0,0"
1747092397.6371505,"-73.0,0.0,0.0","-85.0,0.0,0.0","0.0,0.0,0.0","0.0,0.0,0.0","0,0,0"
1747092397.6877732,"-73.0,0.0,0.0","-85.0,0.0,0.0","0.0,0.0,0.0","0.0,0.0,0.0","0,0,0"
1747092397.7379375,"-73.0,0.0,0.0","-85.0,0.0,0.0","0.0,0.0,0.0","0.0,0.0,0.0","0,0,0"
1747092397.7882059,"-73.0,0.0,0.0","-85.0,0.0,0.0","0.0,0.0,0.0","0.0,0.0,0.0","0,0,0"
1747092397.83883,"-73.0,0.0,0.0","-86.0,0.0,0.0","0.0,0.0,0.0","0.0,0.0,0.0","0,0,0"
1747092397.8889203,"-74.0,0.0,0.0","-86.0,0.0,0.0","0.0,0.0,0.0","0.0,0.0,0.0","0,0,0"
1747092397.9390125,"-74.0,0.0,0.0","-86.0,0.0,0.0","0.0,0.0,0.0","0.0,0.0,0.0","0,0,0"
1747092397.9900885,"-74.0,0.0,0.0","-86.0,0.0,0.0","0.0,0.0,0.0","0.0,0.0,0.0","0,0,0"
1747092398.0403008,"-74.0,0.0,0.0","-84.0,0.0,0.0","0.0,0.0,0.0","0.0,0.0,0.0","0,0,0"
1747092398.0907788,"-74.0,0.0,0.0","-84.0,0.0,0.0","0.0,0.0,0.0","0.0,0.0,0.0","0,0,0"
1747092398.1409757,"-79.0,0.0,0.0","-85.0,0.0,0.0","0.0,0.0,0.0","0.0,0.0,0.0","0,0,0"
1747092398.1916177,"-81.0,0.0,0.0","-86.0,0.0,0.0","0.0,0.0,0.0","0.0,0.0,0.0","0,0,0"
1747092398.2418003,"-81.0,0.0,0.0","-86.0,0.0,0.0","0.0,0.0,0.0","0.0,0.0,0.0","0,0,0"
1747092398.2924404,"-81.0,0.0,0.0","-86.0,0.0,0.0","0.0,0.0,0.0","0.0,0.0,0.0","0,0,0"
1747092398.3429413,"-81.0,0.0,0.0","-86.0,0.0,0.0","0.0,0.0,0.0","0.0,0.0,0.0","0,0,0"
1747092398.393967,"-81.0,0.0,0.0","-86.0,0.0,0.0","0.0,0.0,0.0","0.0,0.0,0.0","0,0,0"
1747092398.4441922,"-81.0,0.0,0.0","-86.0,0.0,0.0","0.0,0.0,0.0","0.0,0.0,0.0","0,0,0"
1747092398.4951186,"-81.0,0.0,0.0","-86.0,0.0,0.0","0.0,0.0,0.0","0.0,0.0,0.0","0,0,0"
1747092398.5451646,"-81.0,0.0,0.0","-86.0,0.0,0.0","0.0,0.0,0.0","0.0,0.0,0.0","0,0,0"
1747092398.5953112,"-81.0,0.0,0.0","-86.0,0.0,0.0","0.0,0.0,0.0","0.0,0.0,0.0","0,0,0"
1747092398.645943,"-81.0,0.0,0.0","-86.0,0.0,0.0","0.0,0.0,0.0","0.0,0.0,0.0","0,0,0"
1747092398.696112,"-81.0,0.0,0.0","-85.0,0.0,0.0","0.0,0.0,0.0","0.0,0.0,0.0","0,0,0"
1747092398.747089,"-81.0,0.0,0.0","-85.0,0.0,0.0","0.0,0.0,0.0","0.0,0.0,0.0","0,0,0"
1747092398.7978303,"-81.0,0.0,0.0","-84.0,0.0,0.0","0.0,0.0,0.0","0.0,0.0,0.0","0,0,0"
1747092398.8497996,"-81.0,0.0,0.0","-82.0,0.0,0.0","0.0,0.0,0.0","0.0,0.0,0.0","0,0,0"
1747092398.9009783,"-81.0,0.0,0.0","-80.0,0.0,0.0","0.0,0.0,0.0","0.0,0.0,0.0","0,0,0"
1747092398.951363,"-81.0,0.0,0.0","-80.0,0.0,0.0","0.0,0.0,0.0","0.0,0.0,0.0","0,0,0"
1747092399.001935,"-82.0,0.0,0.0","-80.0,0.0,0.0","0.0,0.0,0.0","0.0,0.0,0.0","0,0,0"
1747092399.0520139,"-82.0,0.0,0.0","-80.0,0.0,0.0","0.0,0.0,0.0","0.0,0.0,0.0","0,0,0"
1747092399.1021342,"-87.0,0.0,0.0","-80.0,0.0,0.0","0.0,0.0,0.0","0.0,0.0,0.0","0,0,0"
1747092399.1525388,"-101.0,0.0,0.0","-97.0,0.0,0.0","0.0,0.0,0.0","0.0,0.0,0.0","0,0,0"
1747092399.203263,"-101.0,0.0,0.0","-100.0,0.0,0.0","0.0,0.0,0.0","0.0,0.0,0.0","0,0,0"
1747092399.253349,"-101.0,0.0,0.0","-100.0,0.0,0.0","0.0,0.0,0.0","0.0,0.0,0.0","0,0,0"
1747092399.3038056,"-101.0,0.0,0.0","-100.0,0.0,0.0","0.0,0.0,0.0","0.0,0.0,0.0","0,0,0"
1747092399.3541358,"-101.0,0.0,0.0","-100.0,0.0,0.0","0.0,0.0,0.0","0.0,0.0,0.0","0,0,0"
1747092399.4048731,"-99.0,0.0,0.0","-99.0,0.0,0.0","0.0,0.0,0.0","0.0,0.0,0.0","0,0,0"
1747092399.4551601,"-97.0,0.0,0.0","-95.0,0.0,0.0","0.0,0.0,0.0","0.0,0.0,0.0","0,0,0"
1747092399.5053678,"-97.0,0.0,0.0","-92.0,0.0,0.0","0.0,0.0,0.0","0.0,0.0,0.0","0,0,0"
1747092399.5557284,"-96.0,0.0,0.0","-92.0,0.0,0.0","0.0,0.0,0.0","0.0,0.0,0.0","0,0,0"
1747092399.6061525,"-96.0,0.0,0.0","-92.0,0.0,0.0","0.0,0.0,0.0","0.0,0.0,0.0","0,0,0"
1747092399.656316,"-97.0,0.0,0.0","-92.0,0.0,0.0","0.0,0.0,0.0","0.0,0.0,0.0","0,0,0"
1747092399.706908,"-97.0,0.0,0.0","-92.0,0.0,0.0","0.0,0.0,0.0","0.0,0.0,0.0","0,0,0"
1747092399.7578373,"-98.0,0.0,0.0","-96.0,0.0,0.0","0.0,0.0,0.0","0.0,0.0,0.0","0,0,0"
1747092399.8080993,"-98.0,0.0,0.0","-96.0,0.0,0.0","0.0,0.0,0.0","0.0,0.0,0.0","0,0,0"
1747092399.8588896,"-100.0,0.0,0.0","-100.0,0.0,0.0","0.0,0.0,0.0","0.0,0.0,0.0","0,0,0"
1747092399.9089983,"-100.0,0.0,0.0","-101.0,0.0,0.0","0.0,0.0,0.0","0.0,0.0,0.0","0,0,0"
1747092399.9590847,"-100.0,0.0,0.0","-101.0,0.0,0.0","0.0,0.0,0.0","0.0,0.0,0.0","0,0,0"
1747092400.0098503,"-100.0,0.0,0.0","-101.0,0.0,0.0","0.0,0.0,0.0","0.0,0.0,0.0","0,0,0"
1747092400.060047,"-99.0,0.0,0.0","-101.0,0.0,0.0","0.0,0.0,0.0","0.0,0.0,0.0","0,0,0"
1747092400.1103606,"-97.0,0.0,0.0","-101.0,0.0,0.0","0.0,0.0,0.0","0.0,0.0,0.0","0,0,0"
1747092400.1610684,"-89.0,0.0,0.0","-93.0,0.0,0.0","0.0,0.0,0.0","0.0,0.0,0.0","0,0,0"
1747092400.2114418,"-80.0,0.0,0.0","-84.0,0.0,0.0","0.0,0.0,0.0","0.0,0.0,0.0","0,0,0"
1747092400.2618604,"-70.0,0.0,0.0","-73.0,0.0,0.0","0.0,0.0,0.0","0.0,0.0,0.0","0,0,0"
1747092400.3128572,"-57.0,0.0,0.0","-48.0,0.0,0.0","0.0,0.0,0.0","0.0,0.0,0.0","0,0,0"
1747092400.363052,"-53.0,0.0,0.0","-39.0,0.0,0.0","0.0,0.0,0.0","-37.0,0.0,0.0","0,0,0"
1747092400.413846,"-40.0,0.0,0.0","-25.0,0.0,0.0","-24.0,0.0,0.0","-15.0,0.0,0.0","0,0,0"
1747092400.464246,"-32.0,0.0,0.0","-9.0,0.0,0.0","-24.0,0.0,0.0","6.0,0.0,0.0","0,0,0"
1747092400.5142684,"-27.0,0.0,0.0","-3.0,0.0,0.0","-24.0,0.0,0.0","16.0,0.0,0.0","0,0,0"
1747092400.5649145,"-20.0,0.0,0.0","2.0,0.0,0.0","-24.0,0.0,0.0","22.0,0.0,0.0","0,0,0"
1747092400.6157186,"-12.0,0.0,0.0","10.0,0.0,0.0","-24.0,0.0,0.0","32.0,0.0,0.0","0,0,0"
1747092400.6662087,"-10.0,0.0,0.0","12.0,0.0,0.0","-24.0,0.0,0.0","35.0,0.0,0.0","0,0,0"
1747092400.716852,"-4.0,0.0,0.0","15.0,0.0,0.0","-24.0,0.0,0.0","39.0,0.0,0.0","0,0,0"
1747092400.7668557,"-1.0,0.0,0.0","16.0,0.0,0.0","-24.0,0.0,0.0","40.0,0.0,0.0","0,0,0"
1747092400.818718,"3.0,0.0,0.0","18.0,0.0,0.0","-24.0,0.0,0.0","40.0,0.0,0.0","0,0,0"
1747092400.8688242,"4.0,0.0,0.0","18.0,0.0,0.0","-24.0,0.0,0.0","40.0,0.0,0.0","0,0,0"
1747092400.919199,"6.0,0.0,0.0","18.0,0.0,0.0","-24.0,0.0,0.0","40.0,0.0,0.0","0,0,0"
1747092400.9699254,"7.0,0.0,0.0","18.0,0.0,0.0","-24.0,0.0,0.0","40.0,0.0,0.0","0,0,0"
1747092401.0199773,"8.0,0.0,0.0","18.0,0.0,0.0","-24.0,0.0,0.0","40.0,0.0,0.0","0,0,0"
1747092401.0699866,"10.0,0.0,0.0","17.0,0.0,0.0","-24.0,0.0,0.0","39.0,0.0,0.0","0,0,0"
1747092401.1201503,"11.0,0.0,0.0","15.0,0.0,0.0","-24.0,0.0,0.0","36.0,0.0,0.0","0,0,0"
1747092401.1705623,"13.0,0.0,0.0","9.0,0.0,0.0","-24.0,0.0,0.0","32.0,0.0,0.0","0,0,0"
1747092401.221356,"13.0,0.0,0.0","9.0,0.0,0.0","-24.0,0.0,0.0","32.0,0.0,0.0","0,0,0"
1747092401.2719476,"14.0,0.0,0.0","3.0,0.0,0.0","-24.0,0.0,0.0","26.0,0.0,0.0","0,0,0"
1747092401.3226016,"14.0,0.0,0.0","-2.0,0.0,0.0","-24.0,0.0,0.0","22.0,0.0,0.0","0,0,0"
1747092401.3731935,"14.0,0.0,0.0","-6.0,0.0,0.0","-24.0,0.0,0.0","18.0,0.0,0.0","0,0,0"
1747092401.4233263,"15.0,0.0,0.0","-9.0,0.0,0.0","-24.0,0.0,0.0","18.0,0.0,0.0","0,0,0"
1747092401.4740129,"15.0,0.0,0.0","-15.0,0.0,0.0","-24.0,0.0,0.0","13.0,0.0,0.0","0,0,0"
1747092401.5244417,"15.0,0.0,0.0","-16.0,0.0,0.0","-24.0,0.0,0.0","13.0,0.0,0.0","0,0,0"
1747092401.57497,"15.0,0.0,0.0","-19.0,0.0,0.0","-24.0,0.0,0.0","10.0,0.0,0.0","0,0,0"
1747092401.6250992,"15.0,0.0,0.0","-20.0,0.0,0.0","-24.0,0.0,0.0","10.0,0.0,0.0","0,0,0"
1747092401.676116,"15.0,0.0,0.0","-20.0,0.0,0.0","-24.0,0.0,0.0","7.0,0.0,0.0","0,0,0"
1747092401.7270813,"15.0,0.0,0.0","-20.0,0.0,0.0","-24.0,0.0,0.0","7.0,0.0,0.0","0,0,0"
1747092401.7777698,"15.0,0.0,0.0","-20.0,0.0,0.0","-24.0,0.0,0.0","6.0,0.0,0.0","0,0,0"
1747092401.8279696,"15.0,0.0,0.0","-21.0,0.0,0.0","-24.0,0.0,0.0","5.0,0.0,0.0","0,0,0"
1747092401.8789463,"15.0,0.0,0.0","-20.0,0.0,0.0","-24.0,0.0,0.0","5.0,0.0,0.0","0,0,0"
1747092401.929128,"15.0,0.0,0.0","-21.0,0.0,0.0","-24.0,0.0,0.0","4.0,0.0,0.0","0,0,0"
1747092401.9795084,"15.0,0.0,0.0","-21.0,0.0,0.0","-24.0,0.0,0.0","3.0,0.0,0.0","0,0,0"
1747092402.031302,"15.0,0.0,0.0","-21.0,0.0,0.0","-24.0,0.0,0.0","3.0,0.0,0.0","0,0,0"
1747092402.0820334,"14.0,0.0,0.0","-21.0,0.0,0.0","-24.0,0.0,0.0","2.0,0.0,0.0","0,0,0"
1747092402.1327562,"14.0,0.0,0.0","-22.0,0.0,0.0","-24.0,0.0,0.0","2.0,0.0,0.0","0,0,0"
1747092402.185877,"14.0,0.0,0.0","-23.0,0.0,0.0","-24.0,0.0,0.0","2.0,0.0,0.0","0,0,0"
1747092402.23611,"14.0,0.0,0.0","-24.0,0.0,0.0","-24.0,0.0,0.0","2.0,0.0,0.0","0,0,0"
1747092402.2867374,"12.0,0.0,0.0","-24.0,0.0,0.0","-24.0,0.0,0.0","2.0,0.0,0.0","0,0,0"
1747092402.337095,"11.0,0.0,0.0","-24.0,0.0,0.0","-24.0,0.0,0.0","2.0,0.0,0.0","0,0,0"
1747092402.3871882,"10.0,0.0,0.0","-24.0,0.0,0.0","-24.0,0.0,0.0","2.0,0.0,0.0","0,0,0"
1747092402.4379106,"9.0,0.0,0.0","-24.0,0.0,0.0","-24.0,0.0,0.0","2.0,0.0,0.0","0,0,0"
1747092402.4881804,"8.0,0.0,0.0","-22.0,0.0,0.0","-24.0,0.0,0.0","2.0,0.0,0.0","0,0,0"
1747092402.5392683,"7.0,0.0,0.0","-20.0,0.0,0.0","-24.0,0.0,0.0","3.0,0.0,0.0","0,0,0"
